/*******************************************************************************
 * Size: 32 px
 * Bpp: 4
 * Opts: --font custom_ui/assets/fonts/Roboto-Medium.ttf -r 0x20-0x7F,176,8226,37 --size 32 --format lvgl --bpp 4 --no-compress -o custom_ui/src/ui/staging/lv_font_roboto_32.c
 ******************************************************************************/

#ifdef LV_LVGL_H_INCLUDE_SIMPLE
#include "lvgl.h"
#else
#include "lvgl.h"
#endif

#ifndef LV_FONT_ROBOTO_32
#define LV_FONT_ROBOTO_32 1
#endif

#if LV_FONT_ROBOTO_32

/*-----------------
 *    BITMAPS
 *----------------*/

/*Store the image of the glyphs*/
static LV_ATTRIBUTE_LARGE_CONST const uint8_t glyph_bitmap[] = {
    /* U+0020 " " */

    /* U+0021 "!" */
    0xaf, 0xff, 0x5a, 0xff, 0xf4, 0x9f, 0xff, 0x49,
    0xff, 0xf4, 0x8f, 0xff, 0x38, 0xff, 0xf3, 0x8f,
    0xff, 0x37, 0xff, 0xf2, 0x7f, 0xff, 0x27, 0xff,
    0xf1, 0x6f, 0xff, 0x16, 0xff, 0xf1, 0x6f, 0xff,
    0x5, 0xff, 0xf0, 0x5f, 0xff, 0x4, 0xdd, 0xc0,
    0x0, 0x0, 0x0, 0x0, 0x0, 0x2d, 0xfb, 0xa,
    0xff, 0xf7, 0xaf, 0xff, 0x72, 0xcf, 0xb0,

    /* U+0022 "\"" */
    0x6f, 0xf4, 0xb, 0xff, 0x6f, 0xf4, 0xb, 0xff,
    0x6f, 0xf4, 0xb, 0xff, 0x6f, 0xf2, 0xb, 0xfd,
    0x6f, 0xf1, 0xb, 0xfc, 0x6f, 0xf0, 0xb, 0xfb,
    0x6f, 0xe0, 0xb, 0xf9, 0x6f, 0xc0, 0xb, 0xf8,
    0x1, 0x0, 0x0, 0x10,

    /* U+0023 "#" */
    0x0, 0x0, 0x0, 0xe, 0xfa, 0x0, 0xc, 0xfc,
    0x0, 0x0, 0x0, 0x0, 0x2f, 0xf7, 0x0, 0xf,
    0xf9, 0x0, 0x0, 0x0, 0x0, 0x5f, 0xf4, 0x0,
    0x3f, 0xf6, 0x0, 0x0, 0x0, 0x0, 0x8f, 0xf1,
    0x0, 0x6f, 0xf3, 0x0, 0x0, 0x0, 0x0, 0xbf,
    0xd0, 0x0, 0x9f, 0xf0, 0x0, 0x0, 0x0, 0x0,
    0xff, 0xa0, 0x0, 0xdf, 0xc0, 0x0, 0x5, 0xff,
    0xff, 0xff, 0xff, 0xff, 0xff, 0xff, 0xff, 0x5,
    0xff, 0xff, 0xff, 0xff, 0xff, 0xff, 0xff, 0xff,
    0x2, 0x77, 0x7c, 0xff, 0x77, 0x7b, 0xff, 0x87,
    0x76, 0x0, 0x0, 0xb, 0xfe, 0x0, 0x9, 0xff,
    0x0, 0x0, 0x0, 0x0, 0xe, 0xfb, 0x0, 0xc,
    0xfc, 0x0, 0x0, 0x0, 0x0, 0x1f, 0xf8, 0x0,
    0xf, 0xf9, 0x0, 0x0, 0x0, 0x0, 0x5f, 0xf4,
    0x0, 0x3f, 0xf6, 0x0, 0x0, 0x8f, 0xff, 0xff,
    0xff, 0xff, 0xff, 0xff, 0xff, 0xc0, 0x8f, 0xff,
    0xff, 0xff, 0xff, 0xff, 0xff, 0xff, 0xc0, 0x37,
    0x77, 0xff, 0xd7, 0x77, 0xef, 0xe7, 0x77, 0x50,
    0x0, 0x1, 0xff, 0x80, 0x0, 0xff, 0xa0, 0x0,
    0x0, 0x0, 0x4, 0xff, 0x50, 0x2, 0xff, 0x70,
    0x0, 0x0, 0x0, 0x7, 0xff, 0x20, 0x5, 0xff,
    0x40, 0x0, 0x0, 0x0, 0xa, 0xff, 0x0, 0x8,
    0xff, 0x10, 0x0, 0x0, 0x0, 0xc, 0xfd, 0x0,
    0xa, 0xfe, 0x0, 0x0, 0x0, 0x0, 0xf, 0xfa,
    0x0, 0xd, 0xfb, 0x0, 0x0, 0x0,

    /* U+0024 "$" */
    0x0, 0x0, 0x0, 0x4, 0x65, 0x0, 0x0, 0x0,
    0x0, 0x0, 0x0, 0xb, 0xfc, 0x0, 0x0, 0x0,
    0x0, 0x0, 0x0, 0xb, 0xfc, 0x0, 0x0, 0x0,
    0x0, 0x0, 0x0, 0xb, 0xfc, 0x0, 0x0, 0x0,
    0x0, 0x0, 0x3a, 0xef, 0xff, 0xd8, 0x10, 0x0,
    0x0, 0x7, 0xff, 0xff, 0xff, 0xff, 0xf4, 0x0,
    0x0, 0x6f, 0xff, 0xff, 0xff, 0xff, 0xff, 0x20,
    0x1, 0xff, 0xff, 0x82, 0x3, 0xcf, 0xff, 0xb0,
    0x5, 0xff, 0xfa, 0x0, 0x0, 0x1f, 0xff, 0xf1,
    0x8, 0xff, 0xf5, 0x0, 0x0, 0x8, 0xff, 0xf5,
    0x8, 0xff, 0xf4, 0x0, 0x0, 0x6, 0xff, 0xf7,
    0x6, 0xff, 0xf9, 0x0, 0x0, 0x1, 0x33, 0x31,
    0x1, 0xff, 0xff, 0x60, 0x0, 0x0, 0x0, 0x0,
    0x0, 0x9f, 0xff, 0xfc, 0x50, 0x0, 0x0, 0x0,
    0x0, 0xb, 0xff, 0xff, 0xfe, 0x81, 0x0, 0x0,
    0x0, 0x0, 0x7f, 0xff, 0xff, 0xff, 0x80, 0x0,
    0x0, 0x0, 0x1, 0x8e, 0xff, 0xff, 0xfc, 0x0,
    0x0, 0x0, 0x0, 0x0, 0x4b, 0xff, 0xff, 0xa0,
    0x0, 0x0, 0x0, 0x0, 0x0, 0x5f, 0xff, 0xf2,
    0x1, 0x11, 0x0, 0x0, 0x0, 0x8, 0xff, 0xf7,
    0x6f, 0xff, 0x70, 0x0, 0x0, 0x4, 0xff, 0xf9,
    0x4f, 0xff, 0x90, 0x0, 0x0, 0x5, 0xff, 0xf8,
    0x1f, 0xff, 0xf2, 0x0, 0x0, 0xb, 0xff, 0xf5,
    0xa, 0xff, 0xfd, 0x51, 0x13, 0xaf, 0xff, 0xf1,
    0x1, 0xef, 0xff, 0xff, 0xff, 0xff, 0xff, 0x60,
    0x0, 0x2d, 0xff, 0xff, 0xff, 0xff, 0xf7, 0x0,
    0x0, 0x0, 0x5b, 0xef, 0xff, 0xc8, 0x20, 0x0,
    0x0, 0x0, 0x0, 0xf, 0xf7, 0x0, 0x0, 0x0,
    0x0, 0x0, 0x0, 0xf, 0xf7, 0x0, 0x0, 0x0,
    0x0, 0x0, 0x0, 0xf, 0xf7, 0x0, 0x0, 0x0,

    /* U+0025 "%" */
    0x0, 0x4b, 0xef, 0xe9, 0x20, 0x0, 0x0, 0x0,
    0x0, 0x0, 0x0, 0x6, 0xff, 0xff, 0xff, 0xf3,
    0x0, 0x0, 0x0, 0x0, 0x0, 0x0, 0x1f, 0xfe,
    0x64, 0x8f, 0xfd, 0x0, 0x0, 0x6, 0x10, 0x0,
    0x0, 0x6f, 0xf5, 0x0, 0xa, 0xff, 0x10, 0x0,
    0x6f, 0xf1, 0x0, 0x0, 0x7f, 0xf3, 0x0, 0x7,
    0xff, 0x20, 0x2, 0xff, 0x70, 0x0, 0x0, 0x6f,
    0xf4, 0x0, 0x8, 0xff, 0x20, 0xc, 0xfc, 0x0,
    0x0, 0x0, 0x3f, 0xfc, 0x20, 0x4e, 0xfe, 0x0,
    0x6f, 0xf2, 0x0, 0x0, 0x0, 0xa, 0xff, 0xff,
    0xff, 0xf6, 0x2, 0xff, 0x70, 0x0, 0x0, 0x0,
    0x0, 0x7e, 0xff, 0xfd, 0x50, 0xc, 0xfc, 0x0,
    0x0, 0x0, 0x0, 0x0, 0x0, 0x23, 0x20, 0x0,
    0x7f, 0xf2, 0x0, 0x0, 0x0, 0x0, 0x0, 0x0,
    0x0, 0x0, 0x2, 0xff, 0x70, 0x0, 0x0, 0x0,
    0x0, 0x0, 0x0, 0x0, 0x0, 0xc, 0xfd, 0x0,
    0x2, 0x31, 0x0, 0x0, 0x0, 0x0, 0x0, 0x0,
    0x7f, 0xf3, 0x7, 0xef, 0xff, 0xc3, 0x0, 0x0,
    0x0, 0x0, 0x2, 0xff, 0x80, 0x9f, 0xff, 0xff,
    0xff, 0x30, 0x0, 0x0, 0x0, 0xc, 0xfd, 0x2,
    0xff, 0xd3, 0x6, 0xff, 0xc0, 0x0, 0x0, 0x0,
    0x7f, 0xf3, 0x6, 0xff, 0x40, 0x0, 0xaf, 0xf0,
    0x0, 0x0, 0x2, 0xff, 0x80, 0x8, 0xff, 0x20,
    0x0, 0x8f, 0xf2, 0x0, 0x0, 0xc, 0xfd, 0x0,
    0x8, 0xff, 0x20, 0x0, 0x8f, 0xf2, 0x0, 0x0,
    0x7f, 0xf3, 0x0, 0x6, 0xff, 0x60, 0x0, 0xbf,
    0xf0, 0x0, 0x0, 0x2a, 0x80, 0x0, 0x1, 0xff,
    0xe6, 0x49, 0xff, 0xa0, 0x0, 0x0, 0x0, 0x0,
    0x0, 0x0, 0x6f, 0xff, 0xff, 0xfe, 0x10, 0x0,
    0x0, 0x0, 0x0, 0x0, 0x0, 0x3, 0xbe, 0xfe,
    0x91, 0x0,

    /* U+0026 "&" */
    0x0, 0x0, 0x18, 0xcf, 0xfe, 0x92, 0x0, 0x0,
    0x0, 0x0, 0x0, 0x3, 0xef, 0xff, 0xff, 0xff,
    0x60, 0x0, 0x0, 0x0, 0x0, 0x1e, 0xff, 0xff,
    0xff, 0xff, 0xf3, 0x0, 0x0, 0x0, 0x0, 0x7f,
    0xff, 0xa2, 0x5, 0xff, 0xfa, 0x0, 0x0, 0x0,
    0x0, 0xbf, 0xff, 0x0, 0x0, 0x8f, 0xfd, 0x0,
    0x0, 0x0, 0x0, 0xcf, 0xfd, 0x0, 0x0, 0x8f,
    0xfc, 0x0, 0x0, 0x0, 0x0, 0x9f, 0xff, 0x10,
    0x1, 0xef, 0xf7, 0x0, 0x0, 0x0, 0x0, 0x3f,
    0xff, 0xb0, 0x5e, 0xff, 0xc0, 0x0, 0x0, 0x0,
    0x0, 0x9, 0xff, 0xfd, 0xff, 0xfc, 0x10, 0x0,
    0x0, 0x0, 0x0, 0x0, 0xdf, 0xff, 0xff, 0x80,
    0x0, 0x0, 0x0, 0x0, 0x0, 0x2, 0xdf, 0xff,
    0xf8, 0x0, 0x0, 0x0, 0x0, 0x0, 0x0, 0x5f,
    0xff, 0xff, 0xff, 0x40, 0x0, 0x5b, 0xb9, 0x0,
    0x5, 0xff, 0xfe, 0x7f, 0xff, 0xf3, 0x0, 0x8f,
    0xfc, 0x0, 0x1f, 0xff, 0xe1, 0x5, 0xff, 0xfe,
    0x20, 0xbf, 0xfb, 0x0, 0x6f, 0xff, 0x60, 0x0,
    0x7f, 0xff, 0xd2, 0xff, 0xf7, 0x0, 0x9f, 0xff,
    0x20, 0x0, 0x9, 0xff, 0xff, 0xff, 0xf2, 0x0,
    0x9f, 0xff, 0x40, 0x0, 0x0, 0xaf, 0xff, 0xff,
    0xb0, 0x0, 0x6f, 0xff, 0xb0, 0x0, 0x0, 0xd,
    0xff, 0xff, 0x20, 0x0, 0x1f, 0xff, 0xfb, 0x30,
    0x4, 0xaf, 0xff, 0xff, 0x70, 0x0, 0x6, 0xff,
    0xff, 0xff, 0xff, 0xff, 0xff, 0xff, 0xf4, 0x0,
    0x0, 0x5f, 0xff, 0xff, 0xff, 0xff, 0xe8, 0xff,
    0xfe, 0x20, 0x0, 0x1, 0x7b, 0xef, 0xfd, 0xa5,
    0x0, 0x8f, 0xff, 0xd0,

    /* U+0027 "'" */
    0xbf, 0xf2, 0xbf, 0xf2, 0xbf, 0xf2, 0xbf, 0xf1,
    0xbf, 0xf0, 0xbf, 0xe0, 0xbf, 0xd0, 0xaf, 0xc0,

    /* U+0028 "(" */
    0x0, 0x0, 0x0, 0x0, 0x0, 0x0, 0x0, 0x5,
    0xe0, 0x0, 0x0, 0x8, 0xff, 0x50, 0x0, 0x7,
    0xff, 0xd2, 0x0, 0x4, 0xff, 0xe2, 0x0, 0x0,
    0xdf, 0xf4, 0x0, 0x0, 0x7f, 0xfb, 0x0, 0x0,
    0xf, 0xff, 0x30, 0x0, 0x6, 0xff, 0xc0, 0x0,
    0x0, 0xcf, 0xf7, 0x0, 0x0, 0x1f, 0xff, 0x20,
    0x0, 0x5, 0xff, 0xf0, 0x0, 0x0, 0x9f, 0xfc,
    0x0, 0x0, 0xc, 0xff, 0xa0, 0x0, 0x0, 0xdf,
    0xf8, 0x0, 0x0, 0xe, 0xff, 0x70, 0x0, 0x0,
    0xff, 0xf7, 0x0, 0x0, 0xf, 0xff, 0x70, 0x0,
    0x0, 0xef, 0xf8, 0x0, 0x0, 0xd, 0xff, 0x80,
    0x0, 0x0, 0xbf, 0xfa, 0x0, 0x0, 0x8, 0xff,
    0xc0, 0x0, 0x0, 0x5f, 0xff, 0x0, 0x0, 0x1,
    0xff, 0xf3, 0x0, 0x0, 0xc, 0xff, 0x70, 0x0,
    0x0, 0x6f, 0xfc, 0x0, 0x0, 0x0, 0xff, 0xf3,
    0x0, 0x0, 0x7, 0xff, 0xb0, 0x0, 0x0, 0xd,
    0xff, 0x40, 0x0, 0x0, 0x4f, 0xfe, 0x10, 0x0,
    0x0, 0x7f, 0xfd, 0x10, 0x0, 0x0, 0x8f, 0xf5,
    0x0, 0x0, 0x0, 0x5e, 0x0, 0x0, 0x0, 0x0,
    0x0,

    /* U+0029 ")" */
    0x0, 0x0, 0x0, 0x0, 0x0, 0xd, 0x70, 0x0,
    0x0, 0x0, 0x3f, 0xfa, 0x0, 0x0, 0x0, 0xc,
    0xff, 0xa0, 0x0, 0x0, 0x0, 0xdf, 0xf6, 0x0,
    0x0, 0x0, 0x3f, 0xff, 0x10, 0x0, 0x0, 0x9,
    0xff, 0xb0, 0x0, 0x0, 0x1, 0xff, 0xf3, 0x0,
    0x0, 0x0, 0xbf, 0xf9, 0x0, 0x0, 0x0, 0x5f,
    0xff, 0x10, 0x0, 0x0, 0x1f, 0xff, 0x50, 0x0,
    0x0, 0xd, 0xff, 0x90, 0x0, 0x0, 0xa, 0xff,
    0xd0, 0x0, 0x0, 0x8, 0xff, 0xf0, 0x0, 0x0,
    0x6, 0xff, 0xf1, 0x0, 0x0, 0x5, 0xff, 0xf3,
    0x0, 0x0, 0x4, 0xff, 0xf4, 0x0, 0x0, 0x4,
    0xff, 0xf3, 0x0, 0x0, 0x5, 0xff, 0xf2, 0x0,
    0x0, 0x6, 0xff, 0xf1, 0x0, 0x0, 0x8, 0xff,
    0xf0, 0x0, 0x0, 0xa, 0xff, 0xc0, 0x0, 0x0,
    0xd, 0xff, 0x90, 0x0, 0x0, 0xf, 0xff, 0x50,
    0x0, 0x0, 0x5f, 0xff, 0x0, 0x0, 0x0, 0xaf,
    0xf9, 0x0, 0x0, 0x1, 0xff, 0xf3, 0x0, 0x0,
    0x8, 0xff, 0xa0, 0x0, 0x0, 0x2f, 0xff, 0x10,
    0x0, 0x0, 0xcf, 0xf6, 0x0, 0x0, 0xb, 0xff,
    0xa0, 0x0, 0x0, 0x3f, 0xfa, 0x0, 0x0, 0x0,
    0xd, 0x70, 0x0, 0x0, 0x0, 0x0, 0x0, 0x0,
    0x0, 0x0,

    /* U+002A "*" */
    0x0, 0x0, 0x3, 0xff, 0x80, 0x0, 0x0, 0x0,
    0x0, 0x2, 0xff, 0x70, 0x0, 0x0, 0x0, 0x0,
    0x2, 0xff, 0x70, 0x0, 0x0, 0x4, 0x10, 0x1,
    0xff, 0x60, 0x0, 0x30, 0x1f, 0xfa, 0x40, 0xff,
    0x51, 0x6d, 0xf3, 0x6f, 0xff, 0xfe, 0xff, 0xdf,
    0xff, 0xf9, 0x16, 0xbf, 0xff, 0xff, 0xff, 0xfe,
    0xa4, 0x0, 0x0, 0x4f, 0xff, 0xf8, 0x30, 0x0,
    0x0, 0x0, 0x9f, 0xff, 0xfa, 0x0, 0x0, 0x0,
    0x6, 0xff, 0xa9, 0xff, 0x60, 0x0, 0x0, 0x3f,
    0xfe, 0x11, 0xef, 0xf3, 0x0, 0x0, 0xcf, 0xf5,
    0x0, 0x5f, 0xfd, 0x0, 0x0, 0x1b, 0xb0, 0x0,
    0xb, 0xd3, 0x0, 0x0, 0x0, 0x0, 0x0, 0x1,
    0x0, 0x0,

    /* U+002B "+" */
    0x0, 0x0, 0x0, 0x55, 0x54, 0x0, 0x0, 0x0,
    0x0, 0x0, 0x0, 0xff, 0xfb, 0x0, 0x0, 0x0,
    0x0, 0x0, 0x0, 0xff, 0xfb, 0x0, 0x0, 0x0,
    0x0, 0x0, 0x0, 0xff, 0xfb, 0x0, 0x0, 0x0,
    0x0, 0x0, 0x0, 0xff, 0xfb, 0x0, 0x0, 0x0,
    0x0, 0x0, 0x0, 0xff, 0xfb, 0x0, 0x0, 0x0,
    0x0, 0x0, 0x0, 0xff, 0xfb, 0x0, 0x0, 0x0,
    0xff, 0xff, 0xff, 0xff, 0xff, 0xff, 0xff, 0xfa,
    0xff, 0xff, 0xff, 0xff, 0xff, 0xff, 0xff, 0xfa,
    0xff, 0xff, 0xff, 0xff, 0xff, 0xff, 0xff, 0xfa,
    0x66, 0x66, 0x66, 0xff, 0xfd, 0x66, 0x66, 0x64,
    0x0, 0x0, 0x0, 0xff, 0xfb, 0x0, 0x0, 0x0,
    0x0, 0x0, 0x0, 0xff, 0xfb, 0x0, 0x0, 0x0,
    0x0, 0x0, 0x0, 0xff, 0xfb, 0x0, 0x0, 0x0,
    0x0, 0x0, 0x0, 0xff, 0xfb, 0x0, 0x0, 0x0,
    0x0, 0x0, 0x0, 0xff, 0xfb, 0x0, 0x0, 0x0,
    0x0, 0x0, 0x0, 0xff, 0xfb, 0x0, 0x0, 0x0,

    /* U+002C "," */
    0x0, 0xff, 0xf7, 0x0, 0xff, 0xf7, 0x0, 0xff,
    0xf6, 0x0, 0xff, 0xf5, 0x3, 0xff, 0xf2, 0x8,
    0xff, 0xc0, 0x1e, 0xff, 0x40, 0x4f, 0xf9, 0x0,
    0x2, 0x70, 0x0,

    /* U+002D "-" */
    0x0, 0x0, 0x0, 0x0, 0xe, 0xff, 0xff, 0xff,
    0xf5, 0xef, 0xff, 0xff, 0xff, 0x5e, 0xff, 0xff,
    0xff, 0xf5,

    /* U+002E "." */
    0x0, 0x10, 0x4, 0xff, 0xc1, 0xcf, 0xff, 0x7c,
    0xff, 0xf6, 0x3d, 0xfa, 0x0,

    /* U+002F "/" */
    0x0, 0x0, 0x0, 0x0, 0x3f, 0xfc, 0x0, 0x0,
    0x0, 0x0, 0x9f, 0xf6, 0x0, 0x0, 0x0, 0x0,
    0xef, 0xf1, 0x0, 0x0, 0x0, 0x4, 0xff, 0xb0,
    0x0, 0x0, 0x0, 0xa, 0xff, 0x50, 0x0, 0x0,
    0x0, 0xf, 0xfe, 0x0, 0x0, 0x0, 0x0, 0x6f,
    0xf9, 0x0, 0x0, 0x0, 0x0, 0xcf, 0xf3, 0x0,
    0x0, 0x0, 0x2, 0xff, 0xd0, 0x0, 0x0, 0x0,
    0x7, 0xff, 0x70, 0x0, 0x0, 0x0, 0xd, 0xff,
    0x20, 0x0, 0x0, 0x0, 0x3f, 0xfc, 0x0, 0x0,
    0x0, 0x0, 0x9f, 0xf6, 0x0, 0x0, 0x0, 0x0,
    0xef, 0xf1, 0x0, 0x0, 0x0, 0x5, 0xff, 0xa0,
    0x0, 0x0, 0x0, 0xa, 0xff, 0x40, 0x0, 0x0,
    0x0, 0x1f, 0xfe, 0x0, 0x0, 0x0, 0x0, 0x6f,
    0xf9, 0x0, 0x0, 0x0, 0x0, 0xcf, 0xf3, 0x0,
    0x0, 0x0, 0x2, 0xff, 0xd0, 0x0, 0x0, 0x0,
    0x8, 0xff, 0x70, 0x0, 0x0, 0x0, 0xd, 0xff,
    0x10, 0x0, 0x0, 0x0, 0x3f, 0xfb, 0x0, 0x0,
    0x0, 0x0, 0x9f, 0xf6, 0x0, 0x0, 0x0, 0x0,
    0x78, 0x80, 0x0, 0x0, 0x0, 0x0,

    /* U+0030 "0" */
    0x0, 0x0, 0x49, 0xdf, 0xfe, 0xa5, 0x0, 0x0,
    0x0, 0xa, 0xff, 0xff, 0xff, 0xff, 0xc1, 0x0,
    0x0, 0xaf, 0xff, 0xff, 0xff, 0xff, 0xfc, 0x0,
    0x3, 0xff, 0xfe, 0x50, 0x4, 0xdf, 0xff, 0x60,
    0xa, 0xff, 0xf4, 0x0, 0x0, 0x2f, 0xff, 0xd0,
    0xf, 0xff, 0xd0, 0x0, 0x0, 0xa, 0xff, 0xf1,
    0x2f, 0xff, 0x90, 0x0, 0x0, 0x7, 0xff, 0xf5,
    0x4f, 0xff, 0x70, 0x0, 0x0, 0x5, 0xff, 0xf6,
    0x5f, 0xff, 0x60, 0x0, 0x0, 0x4, 0xff, 0xf7,
    0x5f, 0xff, 0x60, 0x0, 0x0, 0x4, 0xff, 0xf8,
    0x5f, 0xff, 0x60, 0x0, 0x0, 0x4, 0xff, 0xf8,
    0x5f, 0xff, 0x60, 0x0, 0x0, 0x4, 0xff, 0xf8,
    0x5f, 0xff, 0x60, 0x0, 0x0, 0x4, 0xff, 0xf8,
    0x5f, 0xff, 0x60, 0x0, 0x0, 0x4, 0xff, 0xf7,
    0x4f, 0xff, 0x70, 0x0, 0x0, 0x5, 0xff, 0xf6,
    0x2f, 0xff, 0x90, 0x0, 0x0, 0x7, 0xff, 0xf4,
    0xe, 0xff, 0xd0, 0x0, 0x0, 0xa, 0xff, 0xf1,
    0xa, 0xff, 0xf5, 0x0, 0x0, 0x2f, 0xff, 0xc0,
    0x3, 0xff, 0xff, 0x61, 0x4, 0xdf, 0xff, 0x60,
    0x0, 0x9f, 0xff, 0xff, 0xff, 0xff, 0xfc, 0x0,
    0x0, 0x9, 0xff, 0xff, 0xff, 0xff, 0xb0, 0x0,
    0x0, 0x0, 0x39, 0xdf, 0xfe, 0xa5, 0x0, 0x0,

    /* U+0031 "1" */
    0x0, 0x0, 0x0, 0x4, 0xaf, 0x0, 0x0, 0x39,
    0xef, 0xff, 0x2, 0x8d, 0xff, 0xff, 0xff, 0x5f,
    0xff, 0xff, 0xff, 0xff, 0x6f, 0xff, 0xea, 0xef,
    0xff, 0x6e, 0x94, 0x0, 0xcf, 0xff, 0x10, 0x0,
    0x0, 0xcf, 0xff, 0x0, 0x0, 0x0, 0xcf, 0xff,
    0x0, 0x0, 0x0, 0xcf, 0xff, 0x0, 0x0, 0x0,
    0xcf, 0xff, 0x0, 0x0, 0x0, 0xcf, 0xff, 0x0,
    0x0, 0x0, 0xcf, 0xff, 0x0, 0x0, 0x0, 0xcf,
    0xff, 0x0, 0x0, 0x0, 0xcf, 0xff, 0x0, 0x0,
    0x0, 0xcf, 0xff, 0x0, 0x0, 0x0, 0xcf, 0xff,
    0x0, 0x0, 0x0, 0xcf, 0xff, 0x0, 0x0, 0x0,
    0xcf, 0xff, 0x0, 0x0, 0x0, 0xcf, 0xff, 0x0,
    0x0, 0x0, 0xcf, 0xff, 0x0, 0x0, 0x0, 0xcf,
    0xff, 0x0, 0x0, 0x0, 0xcf, 0xff,

    /* U+0032 "2" */
    0x0, 0x0, 0x5a, 0xdf, 0xfe, 0xb5, 0x0, 0x0,
    0x0, 0x2c, 0xff, 0xff, 0xff, 0xff, 0xd2, 0x0,
    0x2, 0xff, 0xff, 0xff, 0xff, 0xff, 0xfe, 0x10,
    0xd, 0xff, 0xfb, 0x30, 0x16, 0xef, 0xff, 0x90,
    0x4f, 0xff, 0xc0, 0x0, 0x0, 0x4f, 0xff, 0xe0,
    0x8f, 0xff, 0x40, 0x0, 0x0, 0xd, 0xff, 0xf1,
    0xaf, 0xff, 0x10, 0x0, 0x0, 0xb, 0xff, 0xf0,
    0x0, 0x0, 0x0, 0x0, 0x0, 0xe, 0xff, 0xd0,
    0x0, 0x0, 0x0, 0x0, 0x0, 0x4f, 0xff, 0x70,
    0x0, 0x0, 0x0, 0x0, 0x0, 0xef, 0xff, 0x10,
    0x0, 0x0, 0x0, 0x0, 0xb, 0xff, 0xf6, 0x0,
    0x0, 0x0, 0x0, 0x0, 0x9f, 0xff, 0xa0, 0x0,
    0x0, 0x0, 0x0, 0x9, 0xff, 0xfc, 0x0, 0x0,
    0x0, 0x0, 0x0, 0x8f, 0xff, 0xc0, 0x0, 0x0,
    0x0, 0x0, 0x8, 0xff, 0xfc, 0x10, 0x0, 0x0,
    0x0, 0x0, 0x7f, 0xff, 0xd1, 0x0, 0x0, 0x0,
    0x0, 0x7, 0xff, 0xfd, 0x10, 0x0, 0x0, 0x0,
    0x0, 0x6f, 0xff, 0xd1, 0x0, 0x0, 0x0, 0x0,
    0x6, 0xff, 0xfd, 0x10, 0x0, 0x0, 0x0, 0x0,
    0x3f, 0xff, 0xff, 0xff, 0xff, 0xff, 0xff, 0xff,
    0x4f, 0xff, 0xff, 0xff, 0xff, 0xff, 0xff, 0xff,
    0x4f, 0xff, 0xff, 0xff, 0xff, 0xff, 0xff, 0xff,

    /* U+0033 "3" */
    0x0, 0x0, 0x6b, 0xef, 0xfd, 0xa4, 0x0, 0x0,
    0x0, 0x5e, 0xff, 0xff, 0xff, 0xff, 0xc1, 0x0,
    0x5, 0xff, 0xff, 0xff, 0xff, 0xff, 0xfd, 0x0,
    0xe, 0xff, 0xfa, 0x30, 0x15, 0xef, 0xff, 0x80,
    0x5f, 0xff, 0xa0, 0x0, 0x0, 0x2f, 0xff, 0xd0,
    0x6c, 0xcc, 0x40, 0x0, 0x0, 0xe, 0xff, 0xf0,
    0x0, 0x0, 0x0, 0x0, 0x0, 0xd, 0xff, 0xe0,
    0x0, 0x0, 0x0, 0x0, 0x0, 0x3f, 0xff, 0x90,
    0x0, 0x0, 0x0, 0x0, 0x27, 0xef, 0xfe, 0x10,
    0x0, 0x0, 0xe, 0xff, 0xff, 0xff, 0xd2, 0x0,
    0x0, 0x0, 0xe, 0xff, 0xff, 0xfd, 0x20, 0x0,
    0x0, 0x0, 0xd, 0xff, 0xff, 0xff, 0xf6, 0x0,
    0x0, 0x0, 0x0, 0x0, 0x5, 0xdf, 0xff, 0x50,
    0x0, 0x0, 0x0, 0x0, 0x0, 0x1e, 0xff, 0xe0,
    0x0, 0x0, 0x0, 0x0, 0x0, 0x9, 0xff, 0xf2,
    0x23, 0x33, 0x0, 0x0, 0x0, 0x7, 0xff, 0xf4,
    0xbf, 0xff, 0x20, 0x0, 0x0, 0x9, 0xff, 0xf3,
    0x8f, 0xff, 0x90, 0x0, 0x0, 0x1e, 0xff, 0xf0,
    0x2f, 0xff, 0xfa, 0x30, 0x15, 0xdf, 0xff, 0x90,
    0x7, 0xff, 0xff, 0xff, 0xff, 0xff, 0xfd, 0x10,
    0x0, 0x6f, 0xff, 0xff, 0xff, 0xff, 0xb1, 0x0,
    0x0, 0x1, 0x7c, 0xef, 0xfd, 0x94, 0x0, 0x0,

    /* U+0034 "4" */
    0x0, 0x0, 0x0, 0x0, 0x0, 0xbf, 0xff, 0x80,
    0x0, 0x0, 0x0, 0x0, 0x0, 0x6, 0xff, 0xff,
    0x80, 0x0, 0x0, 0x0, 0x0, 0x0, 0x1e, 0xff,
    0xff, 0x80, 0x0, 0x0, 0x0, 0x0, 0x0, 0xbf,
    0xff, 0xff, 0x80, 0x0, 0x0, 0x0, 0x0, 0x6,
    0xff, 0xff, 0xff, 0x80, 0x0, 0x0, 0x0, 0x0,
    0x1e, 0xff, 0xaf, 0xff, 0x80, 0x0, 0x0, 0x0,
    0x0, 0xbf, 0xfb, 0x4f, 0xff, 0x80, 0x0, 0x0,
    0x0, 0x6, 0xff, 0xf2, 0x4f, 0xff, 0x80, 0x0,
    0x0, 0x0, 0x1e, 0xff, 0x60, 0x4f, 0xff, 0x80,
    0x0, 0x0, 0x0, 0xbf, 0xfc, 0x0, 0x4f, 0xff,
    0x80, 0x0, 0x0, 0x6, 0xff, 0xf2, 0x0, 0x4f,
    0xff, 0x80, 0x0, 0x0, 0x1e, 0xff, 0x70, 0x0,
    0x4f, 0xff, 0x80, 0x0, 0x0, 0xbf, 0xfc, 0x0,
    0x0, 0x4f, 0xff, 0x80, 0x0, 0x6, 0xff, 0xf2,
    0x0, 0x0, 0x4f, 0xff, 0x80, 0x0, 0x1e, 0xff,
    0xff, 0xff, 0xff, 0xff, 0xff, 0xff, 0xf6, 0x2f,
    0xff, 0xff, 0xff, 0xff, 0xff, 0xff, 0xff, 0xf6,
    0x1f, 0xff, 0xff, 0xff, 0xff, 0xff, 0xff, 0xff,
    0xf6, 0x0, 0x0, 0x0, 0x0, 0x0, 0x4f, 0xff,
    0x80, 0x0, 0x0, 0x0, 0x0, 0x0, 0x0, 0x4f,
    0xff, 0x80, 0x0, 0x0, 0x0, 0x0, 0x0, 0x0,
    0x4f, 0xff, 0x80, 0x0, 0x0, 0x0, 0x0, 0x0,
    0x0, 0x4f, 0xff, 0x80, 0x0, 0x0, 0x0, 0x0,
    0x0, 0x0, 0x4f, 0xff, 0x80, 0x0,

    /* U+0035 "5" */
    0x1, 0xff, 0xff, 0xff, 0xff, 0xff, 0xff, 0x20,
    0x3f, 0xff, 0xff, 0xff, 0xff, 0xff, 0xf2, 0x5,
    0xff, 0xff, 0xff, 0xff, 0xff, 0xff, 0x20, 0x7f,
    0xff, 0x43, 0x33, 0x33, 0x33, 0x30, 0x9, 0xff,
    0xe0, 0x0, 0x0, 0x0, 0x0, 0x0, 0xbf, 0xfc,
    0x0, 0x0, 0x0, 0x0, 0x0, 0xc, 0xff, 0xa0,
    0x0, 0x0, 0x0, 0x0, 0x0, 0xef, 0xfa, 0x8d,
    0xff, 0xea, 0x30, 0x0, 0xf, 0xff, 0xff, 0xff,
    0xff, 0xff, 0x80, 0x2, 0xff, 0xff, 0xff, 0xff,
    0xff, 0xff, 0x70, 0x2c, 0xff, 0xb3, 0x0, 0x3b,
    0xff, 0xff, 0x10, 0x0, 0x30, 0x0, 0x0, 0xb,
    0xff, 0xf7, 0x0, 0x0, 0x0, 0x0, 0x0, 0x3f,
    0xff, 0xb0, 0x0, 0x0, 0x0, 0x0, 0x0, 0xff,
    0xfd, 0x0, 0x0, 0x0, 0x0, 0x0, 0xe, 0xff,
    0xe5, 0x55, 0x40, 0x0, 0x0, 0x0, 0xff, 0xfd,
    0xdf, 0xfe, 0x0, 0x0, 0x0, 0x3f, 0xff, 0xb9,
    0xff, 0xf6, 0x0, 0x0, 0xb, 0xff, 0xf6, 0x2f,
    0xff, 0xf7, 0x20, 0x2a, 0xff, 0xfe, 0x0, 0x7f,
    0xff, 0xff, 0xff, 0xff, 0xff, 0x40, 0x0, 0x7f,
    0xff, 0xff, 0xff, 0xff, 0x50, 0x0, 0x0, 0x18,
    0xcf, 0xfe, 0xc7, 0x10, 0x0,

    /* U+0036 "6" */
    0x0, 0x0, 0x0, 0x3, 0x8c, 0xdf, 0x80, 0x0,
    0x0, 0x0, 0x4, 0xcf, 0xff, 0xff, 0x80, 0x0,
    0x0, 0x0, 0x7f, 0xff, 0xff, 0xff, 0x80, 0x0,
    0x0, 0x7, 0xff, 0xff, 0xc7, 0x32, 0x10, 0x0,
    0x0, 0x3f, 0xff, 0xe4, 0x0, 0x0, 0x0, 0x0,
    0x0, 0xcf, 0xff, 0x20, 0x0, 0x0, 0x0, 0x0,
    0x3, 0xff, 0xf6, 0x0, 0x0, 0x0, 0x0, 0x0,
    0x8, 0xff, 0xf1, 0x6c, 0xff, 0xea, 0x30, 0x0,
    0xc, 0xff, 0xdc, 0xff, 0xff, 0xff, 0xf8, 0x0,
    0xf, 0xff, 0xff, 0xff, 0xff, 0xff, 0xff, 0x60,
    0x1f, 0xff, 0xff, 0x82, 0x2, 0xbf, 0xff, 0xf1,
    0x2f, 0xff, 0xf4, 0x0, 0x0, 0xc, 0xff, 0xf6,
    0x2f, 0xff, 0xb0, 0x0, 0x0, 0x4, 0xff, 0xfa,
    0x2f, 0xff, 0xa0, 0x0, 0x0, 0x0, 0xff, 0xfc,
    0x1f, 0xff, 0xa0, 0x0, 0x0, 0x0, 0xff, 0xfd,
    0xf, 0xff, 0xd0, 0x0, 0x0, 0x0, 0xff, 0xfc,
    0xb, 0xff, 0xf2, 0x0, 0x0, 0x4, 0xff, 0xf9,
    0x5, 0xff, 0xfb, 0x0, 0x0, 0xc, 0xff, 0xf4,
    0x0, 0xdf, 0xff, 0xa2, 0x3, 0xbf, 0xff, 0xd0,
    0x0, 0x2f, 0xff, 0xff, 0xff, 0xff, 0xff, 0x20,
    0x0, 0x3, 0xdf, 0xff, 0xff, 0xff, 0xe3, 0x0,
    0x0, 0x0, 0x6, 0xbe, 0xfe, 0xb6, 0x0, 0x0,

    /* U+0037 "7" */
    0xef, 0xff, 0xff, 0xff, 0xff, 0xff, 0xff, 0xfd,
    0xef, 0xff, 0xff, 0xff, 0xff, 0xff, 0xff, 0xfd,
    0xef, 0xff, 0xff, 0xff, 0xff, 0xff, 0xff, 0xfa,
    0x0, 0x0, 0x0, 0x0, 0x0, 0x6, 0xff, 0xf3,
    0x0, 0x0, 0x0, 0x0, 0x0, 0xd, 0xff, 0xb0,
    0x0, 0x0, 0x0, 0x0, 0x0, 0x5f, 0xff, 0x40,
    0x0, 0x0, 0x0, 0x0, 0x0, 0xdf, 0xfd, 0x0,
    0x0, 0x0, 0x0, 0x0, 0x4, 0xff, 0xf5, 0x0,
    0x0, 0x0, 0x0, 0x0, 0xc, 0xff, 0xe0, 0x0,
    0x0, 0x0, 0x0, 0x0, 0x4f, 0xff, 0x70, 0x0,
    0x0, 0x0, 0x0, 0x0, 0xbf, 0xff, 0x0, 0x0,
    0x0, 0x0, 0x0, 0x3, 0xff, 0xf8, 0x0, 0x0,
    0x0, 0x0, 0x0, 0xb, 0xff, 0xf1, 0x0, 0x0,
    0x0, 0x0, 0x0, 0x2f, 0xff, 0xa0, 0x0, 0x0,
    0x0, 0x0, 0x0, 0xaf, 0xff, 0x20, 0x0, 0x0,
    0x0, 0x0, 0x2, 0xff, 0xfb, 0x0, 0x0, 0x0,
    0x0, 0x0, 0x9, 0xff, 0xf4, 0x0, 0x0, 0x0,
    0x0, 0x0, 0x1f, 0xff, 0xc0, 0x0, 0x0, 0x0,
    0x0, 0x0, 0x9f, 0xff, 0x50, 0x0, 0x0, 0x0,
    0x0, 0x1, 0xff, 0xfd, 0x0, 0x0, 0x0, 0x0,
    0x0, 0x8, 0xff, 0xf6, 0x0, 0x0, 0x0, 0x0,
    0x0, 0xf, 0xff, 0xe0, 0x0, 0x0, 0x0, 0x0,

    /* U+0038 "8" */
    0x0, 0x0, 0x4a, 0xdf, 0xfe, 0xb5, 0x0, 0x0,
    0x0, 0x1b, 0xff, 0xff, 0xff, 0xff, 0xd2, 0x0,
    0x0, 0xcf, 0xff, 0xff, 0xff, 0xff, 0xfe, 0x10,
    0x6, 0xff, 0xfe, 0x61, 0x15, 0xef, 0xff, 0x80,
    0xb, 0xff, 0xf5, 0x0, 0x0, 0x3f, 0xff, 0xd0,
    0xd, 0xff, 0xf0, 0x0, 0x0, 0xd, 0xff, 0xf0,
    0xc, 0xff, 0xf0, 0x0, 0x0, 0xd, 0xff, 0xe0,
    0x8, 0xff, 0xf5, 0x0, 0x0, 0x2f, 0xff, 0xb0,
    0x1, 0xef, 0xfe, 0x61, 0x14, 0xdf, 0xff, 0x30,
    0x0, 0x3e, 0xff, 0xff, 0xff, 0xff, 0xf4, 0x0,
    0x0, 0x2, 0xff, 0xff, 0xff, 0xff, 0x40, 0x0,
    0x0, 0x5f, 0xff, 0xff, 0xff, 0xff, 0xf7, 0x0,
    0x4, 0xff, 0xfe, 0x51, 0x14, 0xdf, 0xff, 0x60,
    0xd, 0xff, 0xf1, 0x0, 0x0, 0xd, 0xff, 0xe0,
    0x3f, 0xff, 0x90, 0x0, 0x0, 0x6, 0xff, 0xf5,
    0x5f, 0xff, 0x70, 0x0, 0x0, 0x4, 0xff, 0xf7,
    0x4f, 0xff, 0x90, 0x0, 0x0, 0x6, 0xff, 0xf7,
    0x2f, 0xff, 0xe1, 0x0, 0x0, 0xd, 0xff, 0xf4,
    0xb, 0xff, 0xfd, 0x51, 0x3, 0xcf, 0xff, 0xe0,
    0x2, 0xef, 0xff, 0xff, 0xff, 0xff, 0xff, 0x40,
    0x0, 0x3d, 0xff, 0xff, 0xff, 0xff, 0xe4, 0x0,
    0x0, 0x0, 0x5a, 0xef, 0xfe, 0xb6, 0x0, 0x0,

    /* U+0039 "9" */
    0x0, 0x0, 0x4a, 0xdf, 0xec, 0x81, 0x0, 0x0,
    0x0, 0xa, 0xff, 0xff, 0xff, 0xff, 0x50, 0x0,
    0x0, 0xcf, 0xff, 0xff, 0xff, 0xff, 0xf4, 0x0,
    0x7, 0xff, 0xfd, 0x40, 0x18, 0xff, 0xfe, 0x0,
    0xe, 0xff, 0xf1, 0x0, 0x0, 0x8f, 0xff, 0x70,
    0x4f, 0xff, 0x90, 0x0, 0x0, 0xf, 0xff, 0xd0,
    0x6f, 0xff, 0x50, 0x0, 0x0, 0xb, 0xff, 0xf0,
    0x8f, 0xff, 0x30, 0x0, 0x0, 0x8, 0xff, 0xf2,
    0x7f, 0xff, 0x50, 0x0, 0x0, 0x8, 0xff, 0xf3,
    0x5f, 0xff, 0x80, 0x0, 0x0, 0x8, 0xff, 0xf4,
    0x1f, 0xff, 0xf1, 0x0, 0x0, 0x2f, 0xff, 0xf3,
    0xb, 0xff, 0xfd, 0x40, 0x16, 0xef, 0xff, 0xf2,
    0x2, 0xff, 0xff, 0xff, 0xff, 0xff, 0xff, 0xf1,
    0x0, 0x3e, 0xff, 0xff, 0xff, 0xba, 0xff, 0xe0,
    0x0, 0x0, 0x7c, 0xee, 0xb5, 0xc, 0xff, 0xb0,
    0x0, 0x0, 0x0, 0x0, 0x0, 0x2f, 0xff, 0x60,
    0x0, 0x0, 0x0, 0x0, 0x0, 0xbf, 0xff, 0x0,
    0x0, 0x0, 0x0, 0x0, 0xa, 0xff, 0xf8, 0x0,
    0x0, 0x0, 0x12, 0x59, 0xef, 0xff, 0xc0, 0x0,
    0x0, 0x4, 0xff, 0xff, 0xff, 0xfc, 0x10, 0x0,
    0x0, 0x4, 0xff, 0xff, 0xfe, 0x70, 0x0, 0x0,
    0x0, 0x4, 0xfe, 0xda, 0x50, 0x0, 0x0, 0x0,

    /* U+003A ":" */
    0x4d, 0xfa, 0xd, 0xff, 0xf5, 0xef, 0xff, 0x55,
    0xff, 0xc0, 0x0, 0x10, 0x0, 0x0, 0x0, 0x0,
    0x0, 0x0, 0x0, 0x0, 0x0, 0x0, 0x0, 0x0,
    0x0, 0x0, 0x0, 0x0, 0x0, 0x0, 0x0, 0x10,
    0x5, 0xff, 0xc0, 0xef, 0xff, 0x5d, 0xff, 0xf5,
    0x4d, 0xfa, 0x0,

    /* U+003B ";" */
    0x0, 0x8e, 0xe5, 0x0, 0x2f, 0xff, 0xf0, 0x3,
    0xff, 0xff, 0x0, 0xa, 0xff, 0x70, 0x0, 0x0,
    0x0, 0x0, 0x0, 0x0, 0x0, 0x0, 0x0, 0x0,
    0x0, 0x0, 0x0, 0x0, 0x0, 0x0, 0x0, 0x0,
    0x0, 0x0, 0x0, 0x0, 0x0, 0x0, 0x0, 0x0,
    0x0, 0x0, 0x0, 0x0, 0x0, 0x0, 0x4, 0x66,
    0x40, 0x0, 0xbf, 0xfb, 0x0, 0xb, 0xff, 0xb0,
    0x0, 0xbf, 0xfa, 0x0, 0xc, 0xff, 0x80, 0x0,
    0xff, 0xf4, 0x0, 0x6f, 0xfe, 0x0, 0xe, 0xff,
    0x50, 0x0, 0x9f, 0x80, 0x0, 0x0, 0x20, 0x0,
    0x0,

    /* U+003C "<" */
    0x0, 0x0, 0x0, 0x0, 0x0, 0x0, 0x5c, 0x0,
    0x0, 0x0, 0x0, 0x0, 0x6, 0xdf, 0xf1, 0x0,
    0x0, 0x0, 0x2, 0x8f, 0xff, 0xff, 0x10, 0x0,
    0x0, 0x3a, 0xff, 0xff, 0xff, 0xe0, 0x0, 0x5,
    0xcf, 0xff, 0xff, 0xfb, 0x50, 0x0, 0x7e, 0xff,
    0xff, 0xfd, 0x71, 0x0, 0x0, 0xf, 0xff, 0xff,
    0xa4, 0x0, 0x0, 0x0, 0x0, 0xff, 0xff, 0x81,
    0x0, 0x0, 0x0, 0x0, 0xe, 0xff, 0xff, 0xfb,
    0x50, 0x0, 0x0, 0x0, 0x6, 0xdf, 0xff, 0xff,
    0xf9, 0x30, 0x0, 0x0, 0x0, 0x4b, 0xff, 0xff,
    0xff, 0xd7, 0x0, 0x0, 0x0, 0x2, 0x9f, 0xff,
    0xff, 0xf1, 0x0, 0x0, 0x0, 0x0, 0x17, 0xef,
    0xff, 0x10, 0x0, 0x0, 0x0, 0x0, 0x0, 0x5c,
    0xf1, 0x0, 0x0, 0x0, 0x0, 0x0, 0x0, 0x3,
    0x0,

    /* U+003D "=" */
    0xbf, 0xff, 0xff, 0xff, 0xff, 0xff, 0xfb, 0xbf,
    0xff, 0xff, 0xff, 0xff, 0xff, 0xfb, 0xbf, 0xff,
    0xff, 0xff, 0xff, 0xff, 0xfb, 0x12, 0x22, 0x22,
    0x22, 0x22, 0x22, 0x21, 0x0, 0x0, 0x0, 0x0,
    0x0, 0x0, 0x0, 0x0, 0x0, 0x0, 0x0, 0x0,
    0x0, 0x0, 0x11, 0x11, 0x11, 0x11, 0x11, 0x11,
    0x11, 0xbf, 0xff, 0xff, 0xff, 0xff, 0xff, 0xfb,
    0xbf, 0xff, 0xff, 0xff, 0xff, 0xff, 0xfb, 0xbf,
    0xff, 0xff, 0xff, 0xff, 0xff, 0xfb,

    /* U+003E ">" */
    0xc5, 0x0, 0x0, 0x0, 0x0, 0x0, 0x0, 0xff,
    0xe8, 0x10, 0x0, 0x0, 0x0, 0x0, 0xff, 0xff,
    0xfa, 0x30, 0x0, 0x0, 0x0, 0xdf, 0xff, 0xff,
    0xfd, 0x60, 0x0, 0x0, 0x3, 0x9e, 0xff, 0xff,
    0xfe, 0x81, 0x0, 0x0, 0x0, 0x5a, 0xff, 0xff,
    0xff, 0xb2, 0x0, 0x0, 0x0, 0x16, 0xcf, 0xff,
    0xf8, 0x0, 0x0, 0x0, 0x0, 0x6d, 0xff, 0xf8,
    0x0, 0x0, 0x4, 0xaf, 0xff, 0xff, 0xf6, 0x0,
    0x28, 0xef, 0xff, 0xff, 0xf9, 0x20, 0x6c, 0xff,
    0xff, 0xff, 0xd6, 0x0, 0x0, 0xff, 0xff, 0xff,
    0xb4, 0x0, 0x0, 0x0, 0xff, 0xfe, 0x82, 0x0,
    0x0, 0x0, 0x0, 0xfd, 0x60, 0x0, 0x0, 0x0,
    0x0, 0x0, 0x30, 0x0, 0x0, 0x0, 0x0, 0x0,
    0x0,

    /* U+003F "?" */
    0x0, 0x0, 0x6b, 0xef, 0xfd, 0x93, 0x0, 0x0,
    0x3, 0xdf, 0xff, 0xff, 0xff, 0xf8, 0x0, 0x1,
    0xef, 0xff, 0xff, 0xff, 0xff, 0xf7, 0x0, 0x9f,
    0xff, 0xd5, 0x23, 0xaf, 0xff, 0xf0, 0xe, 0xff,
    0xf1, 0x0, 0x0, 0xcf, 0xff, 0x40, 0xbb, 0xb9,
    0x0, 0x0, 0x7, 0xff, 0xf5, 0x0, 0x0, 0x0,
    0x0, 0x0, 0x8f, 0xff, 0x40, 0x0, 0x0, 0x0,
    0x0, 0xd, 0xff, 0xf0, 0x0, 0x0, 0x0, 0x0,
    0x9, 0xff, 0xf8, 0x0, 0x0, 0x0, 0x0, 0xa,
    0xff, 0xfc, 0x0, 0x0, 0x0, 0x0, 0xa, 0xff,
    0xfc, 0x10, 0x0, 0x0, 0x0, 0x7, 0xff, 0xfb,
    0x0, 0x0, 0x0, 0x0, 0x1, 0xff, 0xfd, 0x0,
    0x0, 0x0, 0x0, 0x0, 0x5f, 0xff, 0x50, 0x0,
    0x0, 0x0, 0x0, 0x7, 0xff, 0xf2, 0x0, 0x0,
    0x0, 0x0, 0x0, 0x36, 0x66, 0x0, 0x0, 0x0,
    0x0, 0x0, 0x0, 0x0, 0x0, 0x0, 0x0, 0x0,
    0x0, 0x0, 0x0, 0x0, 0x0, 0x0, 0x0, 0x0,
    0x0, 0x3, 0xdf, 0xb0, 0x0, 0x0, 0x0, 0x0,
    0x0, 0xbf, 0xff, 0x60, 0x0, 0x0, 0x0, 0x0,
    0xb, 0xff, 0xf6, 0x0, 0x0, 0x0, 0x0, 0x0,
    0x3d, 0xfb, 0x0, 0x0, 0x0,

    /* U+0040 "@" */
    0x0, 0x0, 0x0, 0x0, 0x3, 0x8b, 0xef, 0xfe,
    0xc9, 0x40, 0x0, 0x0, 0x0, 0x0, 0x0, 0x0,
    0x0, 0x4c, 0xff, 0xff, 0xff, 0xff, 0xff, 0xe6,
    0x0, 0x0, 0x0, 0x0, 0x0, 0x0, 0x9f, 0xff,
    0xe9, 0x65, 0x56, 0x8d, 0xff, 0xfb, 0x10, 0x0,
    0x0, 0x0, 0x0, 0xbf, 0xfd, 0x50, 0x0, 0x0,
    0x0, 0x2, 0xbf, 0xfd, 0x10, 0x0, 0x0, 0x0,
    0xbf, 0xfa, 0x0, 0x0, 0x0, 0x0, 0x0, 0x0,
    0x6f, 0xfb, 0x0, 0x0, 0x0, 0x8f, 0xfa, 0x0,
    0x0, 0x0, 0x0, 0x0, 0x0, 0x0, 0x7f, 0xf5,
    0x0, 0x0, 0x2f, 0xfd, 0x0, 0x0, 0x0, 0x4,
    0x54, 0x10, 0x0, 0x0, 0xcf, 0xd0, 0x0, 0xa,
    0xff, 0x40, 0x0, 0x0, 0x7f, 0xff, 0xff, 0xb2,
    0x0, 0x4, 0xff, 0x40, 0x1, 0xff, 0xb0, 0x0,
    0x0, 0x9f, 0xff, 0xff, 0xff, 0xf0, 0x0, 0xe,
    0xf9, 0x0, 0x7f, 0xf5, 0x0, 0x0, 0x7f, 0xfd,
    0x40, 0x2e, 0xff, 0x0, 0x0, 0xaf, 0xd0, 0xc,
    0xff, 0x0, 0x0, 0x1f, 0xfe, 0x10, 0x0, 0xef,
    0xd0, 0x0, 0x7, 0xff, 0x0, 0xff, 0xb0, 0x0,
    0x8, 0xff, 0x70, 0x0, 0xf, 0xfc, 0x0, 0x0,
    0x5f, 0xf1, 0x2f, 0xf8, 0x0, 0x0, 0xef, 0xf1,
    0x0, 0x1, 0xff, 0xb0, 0x0, 0x4, 0xff, 0x34,
    0xff, 0x60, 0x0, 0x3f, 0xfc, 0x0, 0x0, 0x3f,
    0xf9, 0x0, 0x0, 0x4f, 0xf3, 0x6f, 0xf5, 0x0,
    0x6, 0xff, 0x90, 0x0, 0x4, 0xff, 0x80, 0x0,
    0x4, 0xff, 0x26, 0xff, 0x50, 0x0, 0x9f, 0xf7,
    0x0, 0x0, 0x5f, 0xf6, 0x0, 0x0, 0x5f, 0xf1,
    0x6f, 0xf5, 0x0, 0xa, 0xff, 0x60, 0x0, 0x7,
    0xff, 0x50, 0x0, 0x7, 0xff, 0x5, 0xff, 0x60,
    0x0, 0xaf, 0xf6, 0x0, 0x0, 0x9f, 0xf4, 0x0,
    0x0, 0xbf, 0xb0, 0x3f, 0xf8, 0x0, 0x9, 0xff,
    0x80, 0x0, 0xe, 0xff, 0x40, 0x0, 0x2f, 0xf6,
    0x0, 0xff, 0xb0, 0x0, 0x5f, 0xfe, 0x10, 0xa,
    0xff, 0xf6, 0x0, 0xa, 0xfe, 0x10, 0xd, 0xff,
    0x0, 0x0, 0xef, 0xfe, 0x9d, 0xfe, 0xff, 0xe5,
    0x4b, 0xff, 0x60, 0x0, 0x7f, 0xf6, 0x0, 0x6,
    0xff, 0xff, 0xfe, 0x2a, 0xff, 0xff, 0xff, 0x80,
    0x0, 0x1, 0xff, 0xd0, 0x0, 0x5, 0xcf, 0xe9,
    0x10, 0x8, 0xdf, 0xea, 0x40, 0x0, 0x0, 0x9,
    0xff, 0x90, 0x0, 0x0, 0x0, 0x0, 0x0, 0x0,
    0x0, 0x0, 0x0, 0x0, 0x0, 0x1e, 0xff, 0x90,
    0x0, 0x0, 0x0, 0x0, 0x0, 0x0, 0x0, 0x0,
    0x0, 0x0, 0x0, 0x3e, 0xff, 0xc4, 0x0, 0x0,
    0x0, 0x0, 0x11, 0x0, 0x0, 0x0, 0x0, 0x0,
    0x0, 0x2d, 0xff, 0xfd, 0x97, 0x56, 0x79, 0xcf,
    0x70, 0x0, 0x0, 0x0, 0x0, 0x0, 0x0, 0x8,
    0xff, 0xff, 0xff, 0xff, 0xff, 0xf9, 0x0, 0x0,
    0x0, 0x0, 0x0, 0x0, 0x0, 0x0, 0x59, 0xce,
    0xff, 0xec, 0x83, 0x0, 0x0, 0x0, 0x0, 0x0,

    /* U+0041 "A" */
    0x0, 0x0, 0x0, 0x0, 0x5f, 0xff, 0x90, 0x0,
    0x0, 0x0, 0x0, 0x0, 0x0, 0x0, 0x0, 0xbf,
    0xff, 0xf0, 0x0, 0x0, 0x0, 0x0, 0x0, 0x0,
    0x0, 0x1, 0xff, 0xff, 0xf6, 0x0, 0x0, 0x0,
    0x0, 0x0, 0x0, 0x0, 0x7, 0xff, 0xff, 0xfc,
    0x0, 0x0, 0x0, 0x0, 0x0, 0x0, 0x0, 0xe,
    0xff, 0xff, 0xff, 0x20, 0x0, 0x0, 0x0, 0x0,
    0x0, 0x0, 0x4f, 0xff, 0x6f, 0xff, 0x90, 0x0,
    0x0, 0x0, 0x0, 0x0, 0x0, 0xaf, 0xff, 0xb,
    0xff, 0xe0, 0x0, 0x0, 0x0, 0x0, 0x0, 0x1,
    0xff, 0xfa, 0x5, 0xff, 0xf5, 0x0, 0x0, 0x0,
    0x0, 0x0, 0x7, 0xff, 0xf4, 0x0, 0xff, 0xfb,
    0x0, 0x0, 0x0, 0x0, 0x0, 0xd, 0xff, 0xe0,
    0x0, 0xaf, 0xff, 0x20, 0x0, 0x0, 0x0, 0x0,
    0x3f, 0xff, 0x80, 0x0, 0x4f, 0xff, 0x80, 0x0,
    0x0, 0x0, 0x0, 0x9f, 0xff, 0x30, 0x0, 0xe,
    0xff, 0xe0, 0x0, 0x0, 0x0, 0x0, 0xff, 0xfd,
    0x0, 0x0, 0x8, 0xff, 0xf5, 0x0, 0x0, 0x0,
    0x6, 0xff, 0xf9, 0x22, 0x22, 0x25, 0xff, 0xfb,
    0x0, 0x0, 0x0, 0xc, 0xff, 0xff, 0xff, 0xff,
    0xff, 0xff, 0xff, 0x10, 0x0, 0x0, 0x2f, 0xff,
    0xff, 0xff, 0xff, 0xff, 0xff, 0xff, 0x70, 0x0,
    0x0, 0x9f, 0xff, 0xff, 0xff, 0xff, 0xff, 0xff,
    0xff, 0xd0, 0x0, 0x0, 0xef, 0xff, 0x10, 0x0,
    0x0, 0x0, 0xc, 0xff, 0xf4, 0x0, 0x5, 0xff,
    0xfa, 0x0, 0x0, 0x0, 0x0, 0x6, 0xff, 0xfa,
    0x0, 0xb, 0xff, 0xf4, 0x0, 0x0, 0x0, 0x0,
    0x0, 0xff, 0xff, 0x10, 0x2f, 0xff, 0xe0, 0x0,
    0x0, 0x0, 0x0, 0x0, 0xaf, 0xff, 0x70, 0x8f,
    0xff, 0x90, 0x0, 0x0, 0x0, 0x0, 0x0, 0x4f,
    0xff, 0xd0,

    /* U+0042 "B" */
    0xbf, 0xff, 0xff, 0xff, 0xfe, 0xc9, 0x40, 0x0,
    0xb, 0xff, 0xff, 0xff, 0xff, 0xff, 0xff, 0xc2,
    0x0, 0xbf, 0xff, 0xff, 0xff, 0xff, 0xff, 0xff,
    0xe1, 0xb, 0xff, 0xf5, 0x22, 0x22, 0x48, 0xff,
    0xff, 0x80, 0xbf, 0xff, 0x40, 0x0, 0x0, 0x6,
    0xff, 0xfd, 0xb, 0xff, 0xf4, 0x0, 0x0, 0x0,
    0xf, 0xff, 0xf0, 0xbf, 0xff, 0x40, 0x0, 0x0,
    0x0, 0xff, 0xfe, 0xb, 0xff, 0xf4, 0x0, 0x0,
    0x0, 0x5f, 0xff, 0xa0, 0xbf, 0xff, 0x40, 0x0,
    0x2, 0x8f, 0xff, 0xe2, 0xb, 0xff, 0xff, 0xff,
    0xff, 0xff, 0xff, 0xd3, 0x0, 0xbf, 0xff, 0xff,
    0xff, 0xff, 0xff, 0xf5, 0x0, 0xb, 0xff, 0xfe,
    0xee, 0xee, 0xff, 0xff, 0xfc, 0x0, 0xbf, 0xff,
    0x40, 0x0, 0x0, 0x2b, 0xff, 0xfb, 0xb, 0xff,
    0xf4, 0x0, 0x0, 0x0, 0xd, 0xff, 0xf3, 0xbf,
    0xff, 0x40, 0x0, 0x0, 0x0, 0x8f, 0xff, 0x7b,
    0xff, 0xf4, 0x0, 0x0, 0x0, 0x6, 0xff, 0xf8,
    0xbf, 0xff, 0x40, 0x0, 0x0, 0x0, 0x8f, 0xff,
    0x7b, 0xff, 0xf4, 0x0, 0x0, 0x0, 0x1e, 0xff,
    0xf3, 0xbf, 0xff, 0x51, 0x11, 0x13, 0x7e, 0xff,
    0xfd, 0xb, 0xff, 0xff, 0xff, 0xff, 0xff, 0xff,
    0xff, 0x40, 0xbf, 0xff, 0xff, 0xff, 0xff, 0xff,
    0xfe, 0x40, 0xb, 0xff, 0xff, 0xff, 0xff, 0xfd,
    0xa6, 0x0, 0x0,

    /* U+0043 "C" */
    0x0, 0x0, 0x0, 0x6b, 0xef, 0xfe, 0xb6, 0x10,
    0x0, 0x0, 0x0, 0x6, 0xef, 0xff, 0xff, 0xff,
    0xff, 0x60, 0x0, 0x0, 0x9, 0xff, 0xff, 0xff,
    0xff, 0xff, 0xff, 0x80, 0x0, 0x7, 0xff, 0xff,
    0xb5, 0x33, 0x5a, 0xff, 0xff, 0x50, 0x1, 0xff,
    0xff, 0x60, 0x0, 0x0, 0x6, 0xff, 0xfe, 0x0,
    0x8f, 0xff, 0x90, 0x0, 0x0, 0x0, 0xc, 0xff,
    0xf4, 0xe, 0xff, 0xf2, 0x0, 0x0, 0x0, 0x0,
    0x7f, 0xff, 0x82, 0xff, 0xfd, 0x0, 0x0, 0x0,
    0x0, 0x2, 0x66, 0x64, 0x4f, 0xff, 0xa0, 0x0,
    0x0, 0x0, 0x0, 0x0, 0x0, 0x6, 0xff, 0xf9,
    0x0, 0x0, 0x0, 0x0, 0x0, 0x0, 0x0, 0x6f,
    0xff, 0x90, 0x0, 0x0, 0x0, 0x0, 0x0, 0x0,
    0x6, 0xff, 0xf9, 0x0, 0x0, 0x0, 0x0, 0x0,
    0x0, 0x0, 0x6f, 0xff, 0x90, 0x0, 0x0, 0x0,
    0x0, 0x0, 0x0, 0x5, 0xff, 0xfa, 0x0, 0x0,
    0x0, 0x0, 0x0, 0x0, 0x0, 0x2f, 0xff, 0xd0,
    0x0, 0x0, 0x0, 0x0, 0x15, 0x55, 0x30, 0xef,
    0xff, 0x10, 0x0, 0x0, 0x0, 0x7, 0xff, 0xf8,
    0x9, 0xff, 0xf8, 0x0, 0x0, 0x0, 0x0, 0xcf,
    0xff, 0x40, 0x2f, 0xff, 0xf5, 0x0, 0x0, 0x0,
    0x6f, 0xff, 0xe0, 0x0, 0x8f, 0xff, 0xfa, 0x42,
    0x35, 0xaf, 0xff, 0xf5, 0x0, 0x0, 0xaf, 0xff,
    0xff, 0xff, 0xff, 0xff, 0xf8, 0x0, 0x0, 0x0,
    0x7f, 0xff, 0xff, 0xff, 0xff, 0xf6, 0x0, 0x0,
    0x0, 0x0, 0x17, 0xce, 0xff, 0xda, 0x60, 0x0,
    0x0,

    /* U+0044 "D" */
    0xbf, 0xff, 0xff, 0xff, 0xeb, 0x72, 0x0, 0x0,
    0x0, 0xbf, 0xff, 0xff, 0xff, 0xff, 0xff, 0x91,
    0x0, 0x0, 0xbf, 0xff, 0xff, 0xff, 0xff, 0xff,
    0xfd, 0x20, 0x0, 0xbf, 0xff, 0x52, 0x22, 0x48,
    0xff, 0xff, 0xe1, 0x0, 0xbf, 0xff, 0x40, 0x0,
    0x0, 0x1c, 0xff, 0xfb, 0x0, 0xbf, 0xff, 0x40,
    0x0, 0x0, 0x1, 0xef, 0xff, 0x30, 0xbf, 0xff,
    0x40, 0x0, 0x0, 0x0, 0x6f, 0xff, 0xa0, 0xbf,
    0xff, 0x40, 0x0, 0x0, 0x0, 0x1f, 0xff, 0xe0,
    0xbf, 0xff, 0x40, 0x0, 0x0, 0x0, 0xd, 0xff,
    0xf1, 0xbf, 0xff, 0x40, 0x0, 0x0, 0x0, 0xb,
    0xff, 0xf3, 0xbf, 0xff, 0x40, 0x0, 0x0, 0x0,
    0xb, 0xff, 0xf4, 0xbf, 0xff, 0x40, 0x0, 0x0,
    0x0, 0xb, 0xff, 0xf4, 0xbf, 0xff, 0x40, 0x0,
    0x0, 0x0, 0xc, 0xff, 0xf3, 0xbf, 0xff, 0x40,
    0x0, 0x0, 0x0, 0xd, 0xff, 0xf2, 0xbf, 0xff,
    0x40, 0x0, 0x0, 0x0, 0x1f, 0xff, 0xe0, 0xbf,
    0xff, 0x40, 0x0, 0x0, 0x0, 0x7f, 0xff, 0xa0,
    0xbf, 0xff, 0x40, 0x0, 0x0, 0x1, 0xef, 0xff,
    0x30, 0xbf, 0xff, 0x40, 0x0, 0x0, 0x1d, 0xff,
    0xfb, 0x0, 0xbf, 0xff, 0x51, 0x12, 0x49, 0xff,
    0xff, 0xe1, 0x0, 0xbf, 0xff, 0xff, 0xff, 0xff,
    0xff, 0xfd, 0x20, 0x0, 0xbf, 0xff, 0xff, 0xff,
    0xff, 0xff, 0x91, 0x0, 0x0, 0xbf, 0xff, 0xff,
    0xff, 0xeb, 0x71, 0x0, 0x0, 0x0,

    /* U+0045 "E" */
    0xbf, 0xff, 0xff, 0xff, 0xff, 0xff, 0xff, 0xf1,
    0xbf, 0xff, 0xff, 0xff, 0xff, 0xff, 0xff, 0xf1,
    0xbf, 0xff, 0xff, 0xff, 0xff, 0xff, 0xff, 0xf1,
    0xbf, 0xff, 0x52, 0x22, 0x22, 0x22, 0x22, 0x20,
    0xbf, 0xff, 0x40, 0x0, 0x0, 0x0, 0x0, 0x0,
    0xbf, 0xff, 0x40, 0x0, 0x0, 0x0, 0x0, 0x0,
    0xbf, 0xff, 0x40, 0x0, 0x0, 0x0, 0x0, 0x0,
    0xbf, 0xff, 0x40, 0x0, 0x0, 0x0, 0x0, 0x0,
    0xbf, 0xff, 0x51, 0x11, 0x11, 0x11, 0x10, 0x0,
    0xbf, 0xff, 0xff, 0xff, 0xff, 0xff, 0xf9, 0x0,
    0xbf, 0xff, 0xff, 0xff, 0xff, 0xff, 0xf9, 0x0,
    0xbf, 0xff, 0xff, 0xff, 0xff, 0xff, 0xf9, 0x0,
    0xbf, 0xff, 0x40, 0x0, 0x0, 0x0, 0x0, 0x0,
    0xbf, 0xff, 0x40, 0x0, 0x0, 0x0, 0x0, 0x0,
    0xbf, 0xff, 0x40, 0x0, 0x0, 0x0, 0x0, 0x0,
    0xbf, 0xff, 0x40, 0x0, 0x0, 0x0, 0x0, 0x0,
    0xbf, 0xff, 0x40, 0x0, 0x0, 0x0, 0x0, 0x0,
    0xbf, 0xff, 0x40, 0x0, 0x0, 0x0, 0x0, 0x0,
    0xbf, 0xff, 0x51, 0x11, 0x11, 0x11, 0x11, 0x10,
    0xbf, 0xff, 0xff, 0xff, 0xff, 0xff, 0xff, 0xf3,
    0xbf, 0xff, 0xff, 0xff, 0xff, 0xff, 0xff, 0xf3,
    0xbf, 0xff, 0xff, 0xff, 0xff, 0xff, 0xff, 0xf3,

    /* U+0046 "F" */
    0xbf, 0xff, 0xff, 0xff, 0xff, 0xff, 0xff, 0xcb,
    0xff, 0xff, 0xff, 0xff, 0xff, 0xff, 0xfc, 0xbf,
    0xff, 0xff, 0xff, 0xff, 0xff, 0xff, 0xcb, 0xff,
    0xf5, 0x22, 0x22, 0x22, 0x22, 0x21, 0xbf, 0xff,
    0x40, 0x0, 0x0, 0x0, 0x0, 0xb, 0xff, 0xf4,
    0x0, 0x0, 0x0, 0x0, 0x0, 0xbf, 0xff, 0x40,
    0x0, 0x0, 0x0, 0x0, 0xb, 0xff, 0xf4, 0x0,
    0x0, 0x0, 0x0, 0x0, 0xbf, 0xff, 0x40, 0x0,
    0x0, 0x0, 0x0, 0xb, 0xff, 0xff, 0xff, 0xff,
    0xff, 0xff, 0x60, 0xbf, 0xff, 0xff, 0xff, 0xff,
    0xff, 0xf6, 0xb, 0xff, 0xff, 0xff, 0xff, 0xff,
    0xff, 0x60, 0xbf, 0xff, 0x52, 0x22, 0x22, 0x22,
    0x20, 0xb, 0xff, 0xf4, 0x0, 0x0, 0x0, 0x0,
    0x0, 0xbf, 0xff, 0x40, 0x0, 0x0, 0x0, 0x0,
    0xb, 0xff, 0xf4, 0x0, 0x0, 0x0, 0x0, 0x0,
    0xbf, 0xff, 0x40, 0x0, 0x0, 0x0, 0x0, 0xb,
    0xff, 0xf4, 0x0, 0x0, 0x0, 0x0, 0x0, 0xbf,
    0xff, 0x40, 0x0, 0x0, 0x0, 0x0, 0xb, 0xff,
    0xf4, 0x0, 0x0, 0x0, 0x0, 0x0, 0xbf, 0xff,
    0x40, 0x0, 0x0, 0x0, 0x0, 0xb, 0xff, 0xf4,
    0x0, 0x0, 0x0, 0x0, 0x0,

    /* U+0047 "G" */
    0x0, 0x0, 0x1, 0x6b, 0xdf, 0xfe, 0xc8, 0x20,
    0x0, 0x0, 0x0, 0x6, 0xef, 0xff, 0xff, 0xff,
    0xff, 0xa0, 0x0, 0x0, 0x9, 0xff, 0xff, 0xff,
    0xff, 0xff, 0xff, 0xc1, 0x0, 0x6, 0xff, 0xff,
    0xb5, 0x22, 0x49, 0xff, 0xff, 0xa0, 0x1, 0xff,
    0xff, 0x70, 0x0, 0x0, 0x3, 0xff, 0xff, 0x20,
    0x8f, 0xff, 0xa0, 0x0, 0x0, 0x0, 0x8, 0xff,
    0xf7, 0xd, 0xff, 0xf3, 0x0, 0x0, 0x0, 0x0,
    0x29, 0x99, 0x61, 0xff, 0xfe, 0x0, 0x0, 0x0,
    0x0, 0x0, 0x0, 0x0, 0x3f, 0xff, 0xb0, 0x0,
    0x0, 0x0, 0x0, 0x0, 0x0, 0x4, 0xff, 0xfa,
    0x0, 0x0, 0x0, 0x0, 0x0, 0x0, 0x0, 0x5f,
    0xff, 0xa0, 0x0, 0x0, 0xdf, 0xff, 0xff, 0xff,
    0xb5, 0xff, 0xfa, 0x0, 0x0, 0xe, 0xff, 0xff,
    0xff, 0xfc, 0x5f, 0xff, 0xa0, 0x0, 0x0, 0xef,
    0xff, 0xff, 0xff, 0xc3, 0xff, 0xfc, 0x0, 0x0,
    0x0, 0x0, 0x3, 0xff, 0xfc, 0x1f, 0xff, 0xf0,
    0x0, 0x0, 0x0, 0x0, 0x3f, 0xff, 0xc0, 0xdf,
    0xff, 0x40, 0x0, 0x0, 0x0, 0x3, 0xff, 0xfc,
    0x7, 0xff, 0xfd, 0x0, 0x0, 0x0, 0x0, 0x3f,
    0xff, 0xc0, 0xe, 0xff, 0xfa, 0x0, 0x0, 0x0,
    0x5, 0xff, 0xfc, 0x0, 0x5f, 0xff, 0xfd, 0x73,
    0x22, 0x5a, 0xff, 0xff, 0xb0, 0x0, 0x6f, 0xff,
    0xff, 0xff, 0xff, 0xff, 0xff, 0xd1, 0x0, 0x0,
    0x4d, 0xff, 0xff, 0xff, 0xff, 0xff, 0x91, 0x0,
    0x0, 0x0, 0x5, 0xad, 0xff, 0xed, 0xa6, 0x10,
    0x0,

    /* U+0048 "H" */
    0xbf, 0xff, 0x40, 0x0, 0x0, 0x0, 0x0, 0x9f,
    0xff, 0x6b, 0xff, 0xf4, 0x0, 0x0, 0x0, 0x0,
    0x9, 0xff, 0xf6, 0xbf, 0xff, 0x40, 0x0, 0x0,
    0x0, 0x0, 0x9f, 0xff, 0x6b, 0xff, 0xf4, 0x0,
    0x0, 0x0, 0x0, 0x9, 0xff, 0xf6, 0xbf, 0xff,
    0x40, 0x0, 0x0, 0x0, 0x0, 0x9f, 0xff, 0x6b,
    0xff, 0xf4, 0x0, 0x0, 0x0, 0x0, 0x9, 0xff,
    0xf6, 0xbf, 0xff, 0x40, 0x0, 0x0, 0x0, 0x0,
    0x9f, 0xff, 0x6b, 0xff, 0xf4, 0x0, 0x0, 0x0,
    0x0, 0x9, 0xff, 0xf6, 0xbf, 0xff, 0x52, 0x22,
    0x22, 0x22, 0x22, 0x9f, 0xff, 0x6b, 0xff, 0xff,
    0xff, 0xff, 0xff, 0xff, 0xff, 0xff, 0xf6, 0xbf,
    0xff, 0xff, 0xff, 0xff, 0xff, 0xff, 0xff, 0xff,
    0x6b, 0xff, 0xff, 0xff, 0xff, 0xff, 0xff, 0xff,
    0xff, 0xf6, 0xbf, 0xff, 0x40, 0x0, 0x0, 0x0,
    0x0, 0x9f, 0xff, 0x6b, 0xff, 0xf4, 0x0, 0x0,
    0x0, 0x0, 0x9, 0xff, 0xf6, 0xbf, 0xff, 0x40,
    0x0, 0x0, 0x0, 0x0, 0x9f, 0xff, 0x6b, 0xff,
    0xf4, 0x0, 0x0, 0x0, 0x0, 0x9, 0xff, 0xf6,
    0xbf, 0xff, 0x40, 0x0, 0x0, 0x0, 0x0, 0x9f,
    0xff, 0x6b, 0xff, 0xf4, 0x0, 0x0, 0x0, 0x0,
    0x9, 0xff, 0xf6, 0xbf, 0xff, 0x40, 0x0, 0x0,
    0x0, 0x0, 0x9f, 0xff, 0x6b, 0xff, 0xf4, 0x0,
    0x0, 0x0, 0x0, 0x9, 0xff, 0xf6, 0xbf, 0xff,
    0x40, 0x0, 0x0, 0x0, 0x0, 0x9f, 0xff, 0x6b,
    0xff, 0xf4, 0x0, 0x0, 0x0, 0x0, 0x9, 0xff,
    0xf6,

    /* U+0049 "I" */
    0x7f, 0xff, 0x77, 0xff, 0xf7, 0x7f, 0xff, 0x77,
    0xff, 0xf7, 0x7f, 0xff, 0x77, 0xff, 0xf7, 0x7f,
    0xff, 0x77, 0xff, 0xf7, 0x7f, 0xff, 0x77, 0xff,
    0xf7, 0x7f, 0xff, 0x77, 0xff, 0xf7, 0x7f, 0xff,
    0x77, 0xff, 0xf7, 0x7f, 0xff, 0x77, 0xff, 0xf7,
    0x7f, 0xff, 0x77, 0xff, 0xf7, 0x7f, 0xff, 0x77,
    0xff, 0xf7, 0x7f, 0xff, 0x77, 0xff, 0xf7,

    /* U+004A "J" */
    0x0, 0x0, 0x0, 0x0, 0x0, 0x6, 0xff, 0xf9,
    0x0, 0x0, 0x0, 0x0, 0x0, 0x6, 0xff, 0xf9,
    0x0, 0x0, 0x0, 0x0, 0x0, 0x6, 0xff, 0xf9,
    0x0, 0x0, 0x0, 0x0, 0x0, 0x6, 0xff, 0xf9,
    0x0, 0x0, 0x0, 0x0, 0x0, 0x6, 0xff, 0xf9,
    0x0, 0x0, 0x0, 0x0, 0x0, 0x6, 0xff, 0xf9,
    0x0, 0x0, 0x0, 0x0, 0x0, 0x6, 0xff, 0xf9,
    0x0, 0x0, 0x0, 0x0, 0x0, 0x6, 0xff, 0xf9,
    0x0, 0x0, 0x0, 0x0, 0x0, 0x6, 0xff, 0xf9,
    0x0, 0x0, 0x0, 0x0, 0x0, 0x6, 0xff, 0xf9,
    0x0, 0x0, 0x0, 0x0, 0x0, 0x6, 0xff, 0xf9,
    0x0, 0x0, 0x0, 0x0, 0x0, 0x6, 0xff, 0xf9,
    0x0, 0x0, 0x0, 0x0, 0x0, 0x6, 0xff, 0xf9,
    0x0, 0x0, 0x0, 0x0, 0x0, 0x6, 0xff, 0xf9,
    0x0, 0x0, 0x0, 0x0, 0x0, 0x6, 0xff, 0xf9,
    0x29, 0x99, 0x60, 0x0, 0x0, 0x6, 0xff, 0xf8,
    0x3f, 0xff, 0xc0, 0x0, 0x0, 0x9, 0xff, 0xf7,
    0xf, 0xff, 0xf3, 0x0, 0x0, 0x2f, 0xff, 0xf3,
    0xa, 0xff, 0xfe, 0x73, 0x36, 0xef, 0xff, 0xc0,
    0x1, 0xef, 0xff, 0xff, 0xff, 0xff, 0xff, 0x20,
    0x0, 0x2d, 0xff, 0xff, 0xff, 0xff, 0xd3, 0x0,
    0x0, 0x0, 0x5a, 0xef, 0xfe, 0xb6, 0x0, 0x0,

    /* U+004B "K" */
    0xbf, 0xff, 0x40, 0x0, 0x0, 0x0, 0x5f, 0xff,
    0xf7, 0xb, 0xff, 0xf4, 0x0, 0x0, 0x0, 0x3f,
    0xff, 0xf9, 0x0, 0xbf, 0xff, 0x40, 0x0, 0x0,
    0x2e, 0xff, 0xfb, 0x0, 0xb, 0xff, 0xf4, 0x0,
    0x0, 0x1d, 0xff, 0xfc, 0x0, 0x0, 0xbf, 0xff,
    0x40, 0x0, 0xc, 0xff, 0xfe, 0x10, 0x0, 0xb,
    0xff, 0xf4, 0x0, 0xa, 0xff, 0xff, 0x20, 0x0,
    0x0, 0xbf, 0xff, 0x40, 0x8, 0xff, 0xff, 0x40,
    0x0, 0x0, 0xb, 0xff, 0xf4, 0x5, 0xff, 0xff,
    0x60, 0x0, 0x0, 0x0, 0xbf, 0xff, 0x43, 0xff,
    0xff, 0x80, 0x0, 0x0, 0x0, 0xb, 0xff, 0xf6,
    0xef, 0xff, 0xb0, 0x0, 0x0, 0x0, 0x0, 0xbf,
    0xff, 0xff, 0xff, 0xfe, 0x10, 0x0, 0x0, 0x0,
    0xb, 0xff, 0xff, 0xff, 0xff, 0xfb, 0x0, 0x0,
    0x0, 0x0, 0xbf, 0xff, 0xff, 0xcf, 0xff, 0xf7,
    0x0, 0x0, 0x0, 0xb, 0xff, 0xff, 0xc0, 0x6f,
    0xff, 0xf3, 0x0, 0x0, 0x0, 0xbf, 0xff, 0xc1,
    0x0, 0xaf, 0xff, 0xd0, 0x0, 0x0, 0xb, 0xff,
    0xf4, 0x0, 0x1, 0xef, 0xff, 0xa0, 0x0, 0x0,
    0xbf, 0xff, 0x40, 0x0, 0x4, 0xff, 0xff, 0x50,
    0x0, 0xb, 0xff, 0xf4, 0x0, 0x0, 0x8, 0xff,
    0xff, 0x20, 0x0, 0xbf, 0xff, 0x40, 0x0, 0x0,
    0xc, 0xff, 0xfc, 0x0, 0xb, 0xff, 0xf4, 0x0,
    0x0, 0x0, 0x2f, 0xff, 0xf8, 0x0, 0xbf, 0xff,
    0x40, 0x0, 0x0, 0x0, 0x6f, 0xff, 0xf4, 0xb,
    0xff, 0xf4, 0x0, 0x0, 0x0, 0x0, 0xaf, 0xff,
    0xe1,

    /* U+004C "L" */
    0xbf, 0xff, 0x40, 0x0, 0x0, 0x0, 0x0, 0xb,
    0xff, 0xf4, 0x0, 0x0, 0x0, 0x0, 0x0, 0xbf,
    0xff, 0x40, 0x0, 0x0, 0x0, 0x0, 0xb, 0xff,
    0xf4, 0x0, 0x0, 0x0, 0x0, 0x0, 0xbf, 0xff,
    0x40, 0x0, 0x0, 0x0, 0x0, 0xb, 0xff, 0xf4,
    0x0, 0x0, 0x0, 0x0, 0x0, 0xbf, 0xff, 0x40,
    0x0, 0x0, 0x0, 0x0, 0xb, 0xff, 0xf4, 0x0,
    0x0, 0x0, 0x0, 0x0, 0xbf, 0xff, 0x40, 0x0,
    0x0, 0x0, 0x0, 0xb, 0xff, 0xf4, 0x0, 0x0,
    0x0, 0x0, 0x0, 0xbf, 0xff, 0x40, 0x0, 0x0,
    0x0, 0x0, 0xb, 0xff, 0xf4, 0x0, 0x0, 0x0,
    0x0, 0x0, 0xbf, 0xff, 0x40, 0x0, 0x0, 0x0,
    0x0, 0xb, 0xff, 0xf4, 0x0, 0x0, 0x0, 0x0,
    0x0, 0xbf, 0xff, 0x40, 0x0, 0x0, 0x0, 0x0,
    0xb, 0xff, 0xf4, 0x0, 0x0, 0x0, 0x0, 0x0,
    0xbf, 0xff, 0x40, 0x0, 0x0, 0x0, 0x0, 0xb,
    0xff, 0xf4, 0x0, 0x0, 0x0, 0x0, 0x0, 0xbf,
    0xff, 0x51, 0x11, 0x11, 0x11, 0x11, 0x1b, 0xff,
    0xff, 0xff, 0xff, 0xff, 0xff, 0xf9, 0xbf, 0xff,
    0xff, 0xff, 0xff, 0xff, 0xff, 0x9b, 0xff, 0xff,
    0xff, 0xff, 0xff, 0xff, 0xf9,

    /* U+004D "M" */
    0xbf, 0xff, 0xfa, 0x0, 0x0, 0x0, 0x0, 0x0,
    0x0, 0xaf, 0xff, 0xfa, 0xbf, 0xff, 0xff, 0x0,
    0x0, 0x0, 0x0, 0x0, 0x1, 0xff, 0xff, 0xfa,
    0xbf, 0xff, 0xff, 0x60, 0x0, 0x0, 0x0, 0x0,
    0x6, 0xff, 0xff, 0xfa, 0xbf, 0xff, 0xff, 0xc0,
    0x0, 0x0, 0x0, 0x0, 0xd, 0xff, 0xff, 0xfa,
    0xbf, 0xff, 0xff, 0xf3, 0x0, 0x0, 0x0, 0x0,
    0x3f, 0xff, 0xff, 0xfa, 0xbf, 0xfe, 0xef, 0xf9,
    0x0, 0x0, 0x0, 0x0, 0x9f, 0xfe, 0xef, 0xfa,
    0xbf, 0xfe, 0x9f, 0xfe, 0x0, 0x0, 0x0, 0x0,
    0xff, 0xf8, 0xff, 0xfa, 0xbf, 0xff, 0x2f, 0xff,
    0x50, 0x0, 0x0, 0x5, 0xff, 0xf2, 0xff, 0xfa,
    0xbf, 0xff, 0xc, 0xff, 0xb0, 0x0, 0x0, 0xc,
    0xff, 0xb0, 0xff, 0xfa, 0xbf, 0xff, 0x6, 0xff,
    0xf2, 0x0, 0x0, 0x2f, 0xff, 0x51, 0xff, 0xfa,
    0xbf, 0xff, 0x10, 0xff, 0xf8, 0x0, 0x0, 0x8f,
    0xfe, 0x1, 0xff, 0xfa, 0xbf, 0xff, 0x10, 0x9f,
    0xfe, 0x0, 0x0, 0xef, 0xf8, 0x2, 0xff, 0xfa,
    0xbf, 0xff, 0x20, 0x3f, 0xff, 0x40, 0x4, 0xff,
    0xf2, 0x3, 0xff, 0xfa, 0xbf, 0xff, 0x30, 0xc,
    0xff, 0xb0, 0xb, 0xff, 0xc0, 0x3, 0xff, 0xfa,
    0xbf, 0xff, 0x30, 0x6, 0xff, 0xf1, 0x1f, 0xff,
    0x50, 0x4, 0xff, 0xfa, 0xbf, 0xff, 0x40, 0x0,
    0xff, 0xf7, 0x7f, 0xfe, 0x0, 0x4, 0xff, 0xfa,
    0xbf, 0xff, 0x40, 0x0, 0x9f, 0xfd, 0xdf, 0xf9,
    0x0, 0x4, 0xff, 0xfa, 0xbf, 0xff, 0x40, 0x0,
    0x3f, 0xff, 0xff, 0xf2, 0x0, 0x4, 0xff, 0xfa,
    0xbf, 0xff, 0x40, 0x0, 0xd, 0xff, 0xff, 0xc0,
    0x0, 0x4, 0xff, 0xfa, 0xbf, 0xff, 0x40, 0x0,
    0x6, 0xff, 0xff, 0x60, 0x0, 0x4, 0xff, 0xfa,
    0xbf, 0xff, 0x40, 0x0, 0x1, 0xff, 0xff, 0x0,
    0x0, 0x4, 0xff, 0xfa, 0xbf, 0xff, 0x40, 0x0,
    0x0, 0xaf, 0xf9, 0x0, 0x0, 0x4, 0xff, 0xfa,

    /* U+004E "N" */
    0xbf, 0xff, 0x90, 0x0, 0x0, 0x0, 0x0, 0x9f,
    0xff, 0x5b, 0xff, 0xff, 0x30, 0x0, 0x0, 0x0,
    0x9, 0xff, 0xf5, 0xbf, 0xff, 0xfd, 0x0, 0x0,
    0x0, 0x0, 0x9f, 0xff, 0x5b, 0xff, 0xff, 0xf8,
    0x0, 0x0, 0x0, 0x9, 0xff, 0xf5, 0xbf, 0xff,
    0xff, 0xf3, 0x0, 0x0, 0x0, 0x9f, 0xff, 0x5b,
    0xff, 0xff, 0xff, 0xd0, 0x0, 0x0, 0x9, 0xff,
    0xf5, 0xbf, 0xff, 0xef, 0xff, 0x70, 0x0, 0x0,
    0x9f, 0xff, 0x5b, 0xff, 0xf5, 0xef, 0xff, 0x20,
    0x0, 0x9, 0xff, 0xf5, 0xbf, 0xff, 0x45, 0xff,
    0xfc, 0x0, 0x0, 0x9f, 0xff, 0x5b, 0xff, 0xf4,
    0xb, 0xff, 0xf6, 0x0, 0x9, 0xff, 0xf5, 0xbf,
    0xff, 0x40, 0x1f, 0xff, 0xf1, 0x0, 0x9f, 0xff,
    0x5b, 0xff, 0xf4, 0x0, 0x6f, 0xff, 0xb0, 0x9,
    0xff, 0xf5, 0xbf, 0xff, 0x40, 0x0, 0xcf, 0xff,
    0x60, 0x9f, 0xff, 0x5b, 0xff, 0xf4, 0x0, 0x2,
    0xff, 0xfe, 0x19, 0xff, 0xf5, 0xbf, 0xff, 0x40,
    0x0, 0x7, 0xff, 0xfa, 0x9f, 0xff, 0x5b, 0xff,
    0xf4, 0x0, 0x0, 0xc, 0xff, 0xfd, 0xff, 0xf5,
    0xbf, 0xff, 0x40, 0x0, 0x0, 0x2f, 0xff, 0xff,
    0xff, 0x5b, 0xff, 0xf4, 0x0, 0x0, 0x0, 0x8f,
    0xff, 0xff, 0xf5, 0xbf, 0xff, 0x40, 0x0, 0x0,
    0x0, 0xdf, 0xff, 0xff, 0x5b, 0xff, 0xf4, 0x0,
    0x0, 0x0, 0x3, 0xff, 0xff, 0xf5, 0xbf, 0xff,
    0x40, 0x0, 0x0, 0x0, 0x9, 0xff, 0xff, 0x5b,
    0xff, 0xf4, 0x0, 0x0, 0x0, 0x0, 0xd, 0xff,
    0xf5,

    /* U+004F "O" */
    0x0, 0x0, 0x0, 0x5a, 0xef, 0xfe, 0xb6, 0x0,
    0x0, 0x0, 0x0, 0x0, 0x4e, 0xff, 0xff, 0xff,
    0xff, 0xe5, 0x0, 0x0, 0x0, 0x7, 0xff, 0xff,
    0xff, 0xff, 0xff, 0xff, 0x80, 0x0, 0x0, 0x5f,
    0xff, 0xfd, 0x74, 0x46, 0xcf, 0xff, 0xf6, 0x0,
    0x1, 0xef, 0xff, 0x90, 0x0, 0x0, 0x8, 0xff,
    0xff, 0x10, 0x7, 0xff, 0xfc, 0x0, 0x0, 0x0,
    0x0, 0xaf, 0xff, 0x80, 0xd, 0xff, 0xf3, 0x0,
    0x0, 0x0, 0x0, 0x2f, 0xff, 0xe0, 0x1f, 0xff,
    0xe0, 0x0, 0x0, 0x0, 0x0, 0xd, 0xff, 0xf2,
    0x4f, 0xff, 0xb0, 0x0, 0x0, 0x0, 0x0, 0xa,
    0xff, 0xf5, 0x5f, 0xff, 0x90, 0x0, 0x0, 0x0,
    0x0, 0x8, 0xff, 0xf6, 0x6f, 0xff, 0x80, 0x0,
    0x0, 0x0, 0x0, 0x7, 0xff, 0xf7, 0x6f, 0xff,
    0x80, 0x0, 0x0, 0x0, 0x0, 0x7, 0xff, 0xf7,
    0x5f, 0xff, 0x90, 0x0, 0x0, 0x0, 0x0, 0x8,
    0xff, 0xf6, 0x4f, 0xff, 0xb0, 0x0, 0x0, 0x0,
    0x0, 0xa, 0xff, 0xf5, 0x1f, 0xff, 0xe0, 0x0,
    0x0, 0x0, 0x0, 0xd, 0xff, 0xf2, 0xd, 0xff,
    0xf3, 0x0, 0x0, 0x0, 0x0, 0x2f, 0xff, 0xe0,
    0x7, 0xff, 0xfb, 0x0, 0x0, 0x0, 0x0, 0xaf,
    0xff, 0x80, 0x1, 0xef, 0xff, 0x90, 0x0, 0x0,
    0x7, 0xff, 0xff, 0x10, 0x0, 0x5f, 0xff, 0xfd,
    0x74, 0x46, 0xcf, 0xff, 0xf6, 0x0, 0x0, 0x7,
    0xff, 0xff, 0xff, 0xff, 0xff, 0xff, 0x90, 0x0,
    0x0, 0x0, 0x4e, 0xff, 0xff, 0xff, 0xff, 0xe6,
    0x0, 0x0, 0x0, 0x0, 0x0, 0x5a, 0xef, 0xfe,
    0xb6, 0x0, 0x0, 0x0,

    /* U+0050 "P" */
    0xbf, 0xff, 0xff, 0xff, 0xff, 0xeb, 0x71, 0x0,
    0x0, 0xbf, 0xff, 0xff, 0xff, 0xff, 0xff, 0xff,
    0x70, 0x0, 0xbf, 0xff, 0xff, 0xff, 0xff, 0xff,
    0xff, 0xf9, 0x0, 0xbf, 0xff, 0x62, 0x22, 0x22,
    0x5b, 0xff, 0xff, 0x50, 0xbf, 0xff, 0x40, 0x0,
    0x0, 0x0, 0x9f, 0xff, 0xd0, 0xbf, 0xff, 0x40,
    0x0, 0x0, 0x0, 0xe, 0xff, 0xf2, 0xbf, 0xff,
    0x40, 0x0, 0x0, 0x0, 0xb, 0xff, 0xf4, 0xbf,
    0xff, 0x40, 0x0, 0x0, 0x0, 0xb, 0xff, 0xf4,
    0xbf, 0xff, 0x40, 0x0, 0x0, 0x0, 0xe, 0xff,
    0xf2, 0xbf, 0xff, 0x40, 0x0, 0x0, 0x0, 0x6f,
    0xff, 0xe0, 0xbf, 0xff, 0x52, 0x22, 0x23, 0x5b,
    0xff, 0xff, 0x70, 0xbf, 0xff, 0xff, 0xff, 0xff,
    0xff, 0xff, 0xfb, 0x0, 0xbf, 0xff, 0xff, 0xff,
    0xff, 0xff, 0xff, 0x90, 0x0, 0xbf, 0xff, 0xff,
    0xff, 0xff, 0xec, 0x82, 0x0, 0x0, 0xbf, 0xff,
    0x40, 0x0, 0x0, 0x0, 0x0, 0x0, 0x0, 0xbf,
    0xff, 0x40, 0x0, 0x0, 0x0, 0x0, 0x0, 0x0,
    0xbf, 0xff, 0x40, 0x0, 0x0, 0x0, 0x0, 0x0,
    0x0, 0xbf, 0xff, 0x40, 0x0, 0x0, 0x0, 0x0,
    0x0, 0x0, 0xbf, 0xff, 0x40, 0x0, 0x0, 0x0,
    0x0, 0x0, 0x0, 0xbf, 0xff, 0x40, 0x0, 0x0,
    0x0, 0x0, 0x0, 0x0, 0xbf, 0xff, 0x40, 0x0,
    0x0, 0x0, 0x0, 0x0, 0x0, 0xbf, 0xff, 0x40,
    0x0, 0x0, 0x0, 0x0, 0x0, 0x0,

    /* U+0051 "Q" */
    0x0, 0x0, 0x0, 0x6b, 0xef, 0xfe, 0xa6, 0x0,
    0x0, 0x0, 0x0, 0x0, 0x5e, 0xff, 0xff, 0xff,
    0xff, 0xe5, 0x0, 0x0, 0x0, 0x8, 0xff, 0xff,
    0xff, 0xff, 0xff, 0xff, 0x70, 0x0, 0x0, 0x6f,
    0xff, 0xfc, 0x64, 0x47, 0xdf, 0xff, 0xf5, 0x0,
    0x1, 0xff, 0xff, 0x80, 0x0, 0x0, 0x9, 0xff,
    0xfe, 0x10, 0x9, 0xff, 0xfa, 0x0, 0x0, 0x0,
    0x0, 0xcf, 0xff, 0x70, 0xe, 0xff, 0xf2, 0x0,
    0x0, 0x0, 0x0, 0x3f, 0xff, 0xd0, 0x3f, 0xff,
    0xc0, 0x0, 0x0, 0x0, 0x0, 0xe, 0xff, 0xf1,
    0x5f, 0xff, 0x90, 0x0, 0x0, 0x0, 0x0, 0xb,
    0xff, 0xf4, 0x7f, 0xff, 0x80, 0x0, 0x0, 0x0,
    0x0, 0xa, 0xff, 0xf5, 0x7f, 0xff, 0x70, 0x0,
    0x0, 0x0, 0x0, 0x9, 0xff, 0xf6, 0x7f, 0xff,
    0x70, 0x0, 0x0, 0x0, 0x0, 0x9, 0xff, 0xf6,
    0x7f, 0xff, 0x80, 0x0, 0x0, 0x0, 0x0, 0xa,
    0xff, 0xf5, 0x5f, 0xff, 0x90, 0x0, 0x0, 0x0,
    0x0, 0xb, 0xff, 0xf4, 0x3f, 0xff, 0xc0, 0x0,
    0x0, 0x0, 0x0, 0xe, 0xff, 0xf1, 0xe, 0xff,
    0xf2, 0x0, 0x0, 0x0, 0x0, 0x3f, 0xff, 0xd0,
    0x9, 0xff, 0xfa, 0x0, 0x0, 0x0, 0x0, 0xbf,
    0xff, 0x70, 0x1, 0xff, 0xff, 0x80, 0x0, 0x0,
    0x8, 0xff, 0xfd, 0x0, 0x0, 0x6f, 0xff, 0xfc,
    0x64, 0x46, 0xcf, 0xff, 0xf4, 0x0, 0x0, 0x8,
    0xff, 0xff, 0xff, 0xff, 0xff, 0xff, 0x50, 0x0,
    0x0, 0x0, 0x5e, 0xff, 0xff, 0xff, 0xff, 0xfc,
    0x10, 0x0, 0x0, 0x0, 0x0, 0x6b, 0xef, 0xfd,
    0xff, 0xff, 0xd3, 0x0, 0x0, 0x0, 0x0, 0x0,
    0x0, 0x0, 0x3e, 0xff, 0xff, 0x60, 0x0, 0x0,
    0x0, 0x0, 0x0, 0x0, 0x1, 0xbf, 0xff, 0xe2,
    0x0, 0x0, 0x0, 0x0, 0x0, 0x0, 0x0, 0x8,
    0xfe, 0x20, 0x0, 0x0, 0x0, 0x0, 0x0, 0x0,
    0x0, 0x0, 0x41, 0x0,

    /* U+0052 "R" */
    0xbf, 0xff, 0xff, 0xff, 0xfe, 0xda, 0x50, 0x0,
    0x0, 0xbf, 0xff, 0xff, 0xff, 0xff, 0xff, 0xfd,
    0x30, 0x0, 0xbf, 0xff, 0xff, 0xff, 0xff, 0xff,
    0xff, 0xf3, 0x0, 0xbf, 0xff, 0x62, 0x22, 0x23,
    0x7e, 0xff, 0xfd, 0x0, 0xbf, 0xff, 0x40, 0x0,
    0x0, 0x2, 0xff, 0xff, 0x40, 0xbf, 0xff, 0x40,
    0x0, 0x0, 0x0, 0x9f, 0xff, 0x70, 0xbf, 0xff,
    0x40, 0x0, 0x0, 0x0, 0x7f, 0xff, 0x80, 0xbf,
    0xff, 0x40, 0x0, 0x0, 0x0, 0x8f, 0xff, 0x60,
    0xbf, 0xff, 0x40, 0x0, 0x0, 0x1, 0xef, 0xff,
    0x30, 0xbf, 0xff, 0x40, 0x0, 0x2, 0x6e, 0xff,
    0xfb, 0x0, 0xbf, 0xff, 0xff, 0xff, 0xff, 0xff,
    0xff, 0xd1, 0x0, 0xbf, 0xff, 0xff, 0xff, 0xff,
    0xff, 0xf9, 0x10, 0x0, 0xbf, 0xff, 0xff, 0xff,
    0xff, 0xff, 0x90, 0x0, 0x0, 0xbf, 0xff, 0x52,
    0x22, 0x3f, 0xff, 0xf1, 0x0, 0x0, 0xbf, 0xff,
    0x40, 0x0, 0x9, 0xff, 0xf8, 0x0, 0x0, 0xbf,
    0xff, 0x40, 0x0, 0x2, 0xff, 0xff, 0x10, 0x0,
    0xbf, 0xff, 0x40, 0x0, 0x0, 0x9f, 0xff, 0x90,
    0x0, 0xbf, 0xff, 0x40, 0x0, 0x0, 0x1f, 0xff,
    0xf2, 0x0, 0xbf, 0xff, 0x40, 0x0, 0x0, 0x9,
    0xff, 0xfa, 0x0, 0xbf, 0xff, 0x40, 0x0, 0x0,
    0x1, 0xff, 0xff, 0x20, 0xbf, 0xff, 0x40, 0x0,
    0x0, 0x0, 0x8f, 0xff, 0xa0, 0xbf, 0xff, 0x40,
    0x0, 0x0, 0x0, 0x1f, 0xff, 0xf3,

    /* U+0053 "S" */
    0x0, 0x0, 0x28, 0xbe, 0xff, 0xda, 0x60, 0x0,
    0x0, 0x0, 0x9, 0xff, 0xff, 0xff, 0xff, 0xfe,
    0x50, 0x0, 0x0, 0xcf, 0xff, 0xff, 0xff, 0xff,
    0xff, 0xf6, 0x0, 0x8, 0xff, 0xff, 0x94, 0x23,
    0x5b, 0xff, 0xff, 0x40, 0xe, 0xff, 0xf4, 0x0,
    0x0, 0x0, 0x8f, 0xff, 0xb0, 0x1f, 0xff, 0xe0,
    0x0, 0x0, 0x0, 0xf, 0xff, 0xf0, 0xf, 0xff,
    0xe0, 0x0, 0x0, 0x0, 0x8, 0xaa, 0xa1, 0xd,
    0xff, 0xf6, 0x0, 0x0, 0x0, 0x0, 0x0, 0x0,
    0x5, 0xff, 0xff, 0xb3, 0x0, 0x0, 0x0, 0x0,
    0x0, 0x0, 0x8f, 0xff, 0xff, 0xe9, 0x40, 0x0,
    0x0, 0x0, 0x0, 0x4, 0xef, 0xff, 0xff, 0xfe,
    0x81, 0x0, 0x0, 0x0, 0x0, 0x6, 0xcf, 0xff,
    0xff, 0xff, 0x70, 0x0, 0x0, 0x0, 0x0, 0x1,
    0x6b, 0xff, 0xff, 0xfa, 0x0, 0x0, 0x0, 0x0,
    0x0, 0x0, 0x18, 0xff, 0xff, 0x70, 0x0, 0x0,
    0x0, 0x0, 0x0, 0x0, 0x4f, 0xff, 0xe0, 0xad,
    0xdd, 0x20, 0x0, 0x0, 0x0, 0xd, 0xff, 0xf1,
    0xbf, 0xff, 0x50, 0x0, 0x0, 0x0, 0xd, 0xff,
    0xf1, 0x6f, 0xff, 0xd1, 0x0, 0x0, 0x0, 0x4f,
    0xff, 0xf0, 0xc, 0xff, 0xfe, 0x83, 0x11, 0x38,
    0xff, 0xff, 0x90, 0x1, 0xdf, 0xff, 0xff, 0xff,
    0xff, 0xff, 0xfd, 0x10, 0x0, 0x8, 0xff, 0xff,
    0xff, 0xff, 0xff, 0xb1, 0x0, 0x0, 0x0, 0x16,
    0xbd, 0xff, 0xec, 0x83, 0x0, 0x0,

    /* U+0054 "T" */
    0x4f, 0xff, 0xff, 0xff, 0xff, 0xff, 0xff, 0xff,
    0xff, 0xc4, 0xff, 0xff, 0xff, 0xff, 0xff, 0xff,
    0xff, 0xff, 0xfc, 0x4f, 0xff, 0xff, 0xff, 0xff,
    0xff, 0xff, 0xff, 0xff, 0xc0, 0x22, 0x22, 0x22,
    0x5f, 0xff, 0xb2, 0x22, 0x22, 0x21, 0x0, 0x0,
    0x0, 0x4, 0xff, 0xfa, 0x0, 0x0, 0x0, 0x0,
    0x0, 0x0, 0x0, 0x4f, 0xff, 0xa0, 0x0, 0x0,
    0x0, 0x0, 0x0, 0x0, 0x4, 0xff, 0xfa, 0x0,
    0x0, 0x0, 0x0, 0x0, 0x0, 0x0, 0x4f, 0xff,
    0xa0, 0x0, 0x0, 0x0, 0x0, 0x0, 0x0, 0x4,
    0xff, 0xfa, 0x0, 0x0, 0x0, 0x0, 0x0, 0x0,
    0x0, 0x4f, 0xff, 0xa0, 0x0, 0x0, 0x0, 0x0,
    0x0, 0x0, 0x4, 0xff, 0xfa, 0x0, 0x0, 0x0,
    0x0, 0x0, 0x0, 0x0, 0x4f, 0xff, 0xa0, 0x0,
    0x0, 0x0, 0x0, 0x0, 0x0, 0x4, 0xff, 0xfa,
    0x0, 0x0, 0x0, 0x0, 0x0, 0x0, 0x0, 0x4f,
    0xff, 0xa0, 0x0, 0x0, 0x0, 0x0, 0x0, 0x0,
    0x4, 0xff, 0xfa, 0x0, 0x0, 0x0, 0x0, 0x0,
    0x0, 0x0, 0x4f, 0xff, 0xa0, 0x0, 0x0, 0x0,
    0x0, 0x0, 0x0, 0x4, 0xff, 0xfa, 0x0, 0x0,
    0x0, 0x0, 0x0, 0x0, 0x0, 0x4f, 0xff, 0xa0,
    0x0, 0x0, 0x0, 0x0, 0x0, 0x0, 0x4, 0xff,
    0xfa, 0x0, 0x0, 0x0, 0x0, 0x0, 0x0, 0x0,
    0x4f, 0xff, 0xa0, 0x0, 0x0, 0x0, 0x0, 0x0,
    0x0, 0x4, 0xff, 0xfa, 0x0, 0x0, 0x0, 0x0,
    0x0, 0x0, 0x0, 0x4f, 0xff, 0xa0, 0x0, 0x0,
    0x0,

    /* U+0055 "U" */
    0xf, 0xff, 0xe0, 0x0, 0x0, 0x0, 0x0, 0xff,
    0xff, 0xf, 0xff, 0xe0, 0x0, 0x0, 0x0, 0x0,
    0xff, 0xff, 0xf, 0xff, 0xe0, 0x0, 0x0, 0x0,
    0x0, 0xff, 0xff, 0xf, 0xff, 0xe0, 0x0, 0x0,
    0x0, 0x0, 0xff, 0xff, 0xf, 0xff, 0xe0, 0x0,
    0x0, 0x0, 0x0, 0xff, 0xff, 0xf, 0xff, 0xe0,
    0x0, 0x0, 0x0, 0x0, 0xff, 0xff, 0xf, 0xff,
    0xe0, 0x0, 0x0, 0x0, 0x0, 0xff, 0xff, 0xf,
    0xff, 0xe0, 0x0, 0x0, 0x0, 0x0, 0xff, 0xff,
    0xf, 0xff, 0xe0, 0x0, 0x0, 0x0, 0x0, 0xff,
    0xff, 0xf, 0xff, 0xe0, 0x0, 0x0, 0x0, 0x0,
    0xff, 0xff, 0xf, 0xff, 0xe0, 0x0, 0x0, 0x0,
    0x0, 0xff, 0xff, 0xf, 0xff, 0xe0, 0x0, 0x0,
    0x0, 0x0, 0xff, 0xff, 0xf, 0xff, 0xe0, 0x0,
    0x0, 0x0, 0x0, 0xff, 0xff, 0xf, 0xff, 0xe0,
    0x0, 0x0, 0x0, 0x0, 0xff, 0xff, 0xf, 0xff,
    0xe0, 0x0, 0x0, 0x0, 0x0, 0xff, 0xff, 0xf,
    0xff, 0xf0, 0x0, 0x0, 0x0, 0x1, 0xff, 0xfd,
    0xc, 0xff, 0xf4, 0x0, 0x0, 0x0, 0x5, 0xff,
    0xfb, 0x7, 0xff, 0xfd, 0x0, 0x0, 0x0, 0x1d,
    0xff, 0xf6, 0x1, 0xef, 0xff, 0xd6, 0x32, 0x37,
    0xef, 0xff, 0xd0, 0x0, 0x4f, 0xff, 0xff, 0xff,
    0xff, 0xff, 0xfe, 0x20, 0x0, 0x3, 0xdf, 0xff,
    0xff, 0xff, 0xff, 0xc2, 0x0, 0x0, 0x0, 0x5,
    0xad, 0xff, 0xed, 0x93, 0x0, 0x0,

    /* U+0056 "V" */
    0x8f, 0xff, 0xc0, 0x0, 0x0, 0x0, 0x0, 0x1,
    0xff, 0xff, 0x42, 0xff, 0xff, 0x10, 0x0, 0x0,
    0x0, 0x0, 0x6f, 0xff, 0xe0, 0xc, 0xff, 0xf6,
    0x0, 0x0, 0x0, 0x0, 0xb, 0xff, 0xf8, 0x0,
    0x6f, 0xff, 0xb0, 0x0, 0x0, 0x0, 0x1, 0xff,
    0xff, 0x20, 0x1, 0xff, 0xff, 0x10, 0x0, 0x0,
    0x0, 0x6f, 0xff, 0xc0, 0x0, 0xa, 0xff, 0xf6,
    0x0, 0x0, 0x0, 0xb, 0xff, 0xf6, 0x0, 0x0,
    0x4f, 0xff, 0xb0, 0x0, 0x0, 0x0, 0xff, 0xff,
    0x10, 0x0, 0x0, 0xef, 0xff, 0x10, 0x0, 0x0,
    0x5f, 0xff, 0xa0, 0x0, 0x0, 0x9, 0xff, 0xf6,
    0x0, 0x0, 0xb, 0xff, 0xf4, 0x0, 0x0, 0x0,
    0x3f, 0xff, 0xb0, 0x0, 0x0, 0xff, 0xfe, 0x0,
    0x0, 0x0, 0x0, 0xdf, 0xff, 0x0, 0x0, 0x5f,
    0xff, 0x80, 0x0, 0x0, 0x0, 0x7, 0xff, 0xf5,
    0x0, 0xa, 0xff, 0xf2, 0x0, 0x0, 0x0, 0x0,
    0x1f, 0xff, 0xa0, 0x0, 0xff, 0xfc, 0x0, 0x0,
    0x0, 0x0, 0x0, 0xbf, 0xff, 0x0, 0x5f, 0xff,
    0x60, 0x0, 0x0, 0x0, 0x0, 0x5, 0xff, 0xf5,
    0xa, 0xff, 0xf1, 0x0, 0x0, 0x0, 0x0, 0x0,
    0xf, 0xff, 0xa0, 0xff, 0xfa, 0x0, 0x0, 0x0,
    0x0, 0x0, 0x0, 0x9f, 0xff, 0x5f, 0xff, 0x40,
    0x0, 0x0, 0x0, 0x0, 0x0, 0x3, 0xff, 0xfe,
    0xff, 0xe0, 0x0, 0x0, 0x0, 0x0, 0x0, 0x0,
    0xd, 0xff, 0xff, 0xf9, 0x0, 0x0, 0x0, 0x0,
    0x0, 0x0, 0x0, 0x7f, 0xff, 0xff, 0x30, 0x0,
    0x0, 0x0, 0x0, 0x0, 0x0, 0x1, 0xff, 0xff,
    0xd0, 0x0, 0x0, 0x0, 0x0, 0x0, 0x0, 0x0,
    0xb, 0xff, 0xf7, 0x0, 0x0, 0x0, 0x0,

    /* U+0057 "W" */
    0x2f, 0xff, 0xc0, 0x0, 0x0, 0x0, 0x9f, 0xff,
    0x0, 0x0, 0x0, 0x7, 0xff, 0xf7, 0xe, 0xff,
    0xf0, 0x0, 0x0, 0x0, 0xdf, 0xff, 0x30, 0x0,
    0x0, 0xa, 0xff, 0xf3, 0xa, 0xff, 0xf3, 0x0,
    0x0, 0x1, 0xff, 0xff, 0x70, 0x0, 0x0, 0xd,
    0xff, 0xf0, 0x6, 0xff, 0xf6, 0x0, 0x0, 0x6,
    0xff, 0xff, 0xb0, 0x0, 0x0, 0x1f, 0xff, 0xb0,
    0x2, 0xff, 0xfa, 0x0, 0x0, 0xa, 0xff, 0xff,
    0xf0, 0x0, 0x0, 0x4f, 0xff, 0x80, 0x0, 0xef,
    0xfd, 0x0, 0x0, 0xe, 0xff, 0xff, 0xf4, 0x0,
    0x0, 0x7f, 0xff, 0x40, 0x0, 0xbf, 0xff, 0x10,
    0x0, 0x2f, 0xff, 0xbf, 0xf8, 0x0, 0x0, 0xbf,
    0xff, 0x0, 0x0, 0x7f, 0xff, 0x40, 0x0, 0x6f,
    0xfc, 0x5f, 0xfc, 0x0, 0x0, 0xef, 0xfc, 0x0,
    0x0, 0x3f, 0xff, 0x70, 0x0, 0xbf, 0xf8, 0x1f,
    0xff, 0x0, 0x1, 0xff, 0xf8, 0x0, 0x0, 0xf,
    0xff, 0xb0, 0x0, 0xff, 0xf3, 0xd, 0xff, 0x40,
    0x4, 0xff, 0xf4, 0x0, 0x0, 0xb, 0xff, 0xe0,
    0x3, 0xff, 0xf0, 0x8, 0xff, 0x80, 0x8, 0xff,
    0xf1, 0x0, 0x0, 0x8, 0xff, 0xf2, 0x7, 0xff,
    0xa0, 0x4, 0xff, 0xc0, 0xb, 0xff, 0xd0, 0x0,
    0x0, 0x4, 0xff, 0xf5, 0xb, 0xff, 0x60, 0x0,
    0xff, 0xf0, 0xe, 0xff, 0x90, 0x0, 0x0, 0x0,
    0xff, 0xf8, 0xf, 0xff, 0x20, 0x0, 0xbf, 0xf4,
    0x2f, 0xff, 0x50, 0x0, 0x0, 0x0, 0xcf, 0xfc,
    0x4f, 0xfd, 0x0, 0x0, 0x7f, 0xf8, 0x5f, 0xff,
    0x10, 0x0, 0x0, 0x0, 0x8f, 0xff, 0x8f, 0xf9,
    0x0, 0x0, 0x3f, 0xfc, 0x8f, 0xfe, 0x0, 0x0,
    0x0, 0x0, 0x5f, 0xff, 0xef, 0xf4, 0x0, 0x0,
    0xe, 0xff, 0xdf, 0xfa, 0x0, 0x0, 0x0, 0x0,
    0x1f, 0xff, 0xff, 0xf0, 0x0, 0x0, 0xa, 0xff,
    0xff, 0xf6, 0x0, 0x0, 0x0, 0x0, 0xd, 0xff,
    0xff, 0xc0, 0x0, 0x0, 0x6, 0xff, 0xff, 0xf2,
    0x0, 0x0, 0x0, 0x0, 0x9, 0xff, 0xff, 0x70,
    0x0, 0x0, 0x2, 0xff, 0xff, 0xe0, 0x0, 0x0,
    0x0, 0x0, 0x5, 0xff, 0xff, 0x30, 0x0, 0x0,
    0x0, 0xdf, 0xff, 0xa0, 0x0, 0x0, 0x0, 0x0,
    0x1, 0xff, 0xfe, 0x0, 0x0, 0x0, 0x0, 0x9f,
    0xff, 0x70, 0x0, 0x0,

    /* U+0058 "X" */
    0xd, 0xff, 0xfa, 0x0, 0x0, 0x0, 0x0, 0x6f,
    0xff, 0xf2, 0x4, 0xff, 0xff, 0x30, 0x0, 0x0,
    0x0, 0xef, 0xff, 0x80, 0x0, 0xaf, 0xff, 0xd0,
    0x0, 0x0, 0x8, 0xff, 0xfd, 0x0, 0x0, 0x1e,
    0xff, 0xf6, 0x0, 0x0, 0x2f, 0xff, 0xf4, 0x0,
    0x0, 0x5, 0xff, 0xfe, 0x10, 0x0, 0xbf, 0xff,
    0xa0, 0x0, 0x0, 0x0, 0xbf, 0xff, 0x90, 0x5,
    0xff, 0xfe, 0x10, 0x0, 0x0, 0x0, 0x2f, 0xff,
    0xf3, 0xe, 0xff, 0xf6, 0x0, 0x0, 0x0, 0x0,
    0x7, 0xff, 0xfc, 0x8f, 0xff, 0xc0, 0x0, 0x0,
    0x0, 0x0, 0x0, 0xdf, 0xff, 0xff, 0xff, 0x20,
    0x0, 0x0, 0x0, 0x0, 0x0, 0x3f, 0xff, 0xff,
    0xf7, 0x0, 0x0, 0x0, 0x0, 0x0, 0x0, 0x9,
    0xff, 0xff, 0xd0, 0x0, 0x0, 0x0, 0x0, 0x0,
    0x0, 0xb, 0xff, 0xff, 0xe1, 0x0, 0x0, 0x0,
    0x0, 0x0, 0x0, 0x5f, 0xff, 0xff, 0xf9, 0x0,
    0x0, 0x0, 0x0, 0x0, 0x0, 0xef, 0xff, 0xff,
    0xff, 0x40, 0x0, 0x0, 0x0, 0x0, 0x9, 0xff,
    0xfc, 0x8f, 0xff, 0xd0, 0x0, 0x0, 0x0, 0x0,
    0x3f, 0xff, 0xf3, 0xd, 0xff, 0xf8, 0x0, 0x0,
    0x0, 0x0, 0xdf, 0xff, 0x90, 0x4, 0xff, 0xff,
    0x20, 0x0, 0x0, 0x8, 0xff, 0xfe, 0x0, 0x0,
    0xbf, 0xff, 0xc0, 0x0, 0x0, 0x2f, 0xff, 0xf5,
    0x0, 0x0, 0x2f, 0xff, 0xf6, 0x0, 0x0, 0xcf,
    0xff, 0xc0, 0x0, 0x0, 0x7, 0xff, 0xff, 0x10,
    0x6, 0xff, 0xff, 0x20, 0x0, 0x0, 0x0, 0xdf,
    0xff, 0xb0, 0x1f, 0xff, 0xf8, 0x0, 0x0, 0x0,
    0x0, 0x4f, 0xff, 0xf5,

    /* U+0059 "Y" */
    0x9f, 0xff, 0xb0, 0x0, 0x0, 0x0, 0x0, 0x4f,
    0xff, 0xf1, 0x1f, 0xff, 0xf3, 0x0, 0x0, 0x0,
    0x0, 0xcf, 0xff, 0x80, 0x8, 0xff, 0xfb, 0x0,
    0x0, 0x0, 0x4, 0xff, 0xfe, 0x0, 0x0, 0xef,
    0xff, 0x30, 0x0, 0x0, 0xc, 0xff, 0xf6, 0x0,
    0x0, 0x6f, 0xff, 0xb0, 0x0, 0x0, 0x3f, 0xff,
    0xd0, 0x0, 0x0, 0xd, 0xff, 0xf3, 0x0, 0x0,
    0xbf, 0xff, 0x50, 0x0, 0x0, 0x5, 0xff, 0xfb,
    0x0, 0x3, 0xff, 0xfc, 0x0, 0x0, 0x0, 0x0,
    0xcf, 0xff, 0x30, 0xb, 0xff, 0xf3, 0x0, 0x0,
    0x0, 0x0, 0x3f, 0xff, 0xa0, 0x3f, 0xff, 0xa0,
    0x0, 0x0, 0x0, 0x0, 0xa, 0xff, 0xf2, 0xbf,
    0xff, 0x20, 0x0, 0x0, 0x0, 0x0, 0x2, 0xff,
    0xfc, 0xff, 0xf9, 0x0, 0x0, 0x0, 0x0, 0x0,
    0x0, 0x9f, 0xff, 0xff, 0xf1, 0x0, 0x0, 0x0,
    0x0, 0x0, 0x0, 0x1f, 0xff, 0xff, 0x70, 0x0,
    0x0, 0x0, 0x0, 0x0, 0x0, 0x7, 0xff, 0xfe,
    0x0, 0x0, 0x0, 0x0, 0x0, 0x0, 0x0, 0x4,
    0xff, 0xfb, 0x0, 0x0, 0x0, 0x0, 0x0, 0x0,
    0x0, 0x4, 0xff, 0xfb, 0x0, 0x0, 0x0, 0x0,
    0x0, 0x0, 0x0, 0x4, 0xff, 0xfb, 0x0, 0x0,
    0x0, 0x0, 0x0, 0x0, 0x0, 0x4, 0xff, 0xfb,
    0x0, 0x0, 0x0, 0x0, 0x0, 0x0, 0x0, 0x4,
    0xff, 0xfb, 0x0, 0x0, 0x0, 0x0, 0x0, 0x0,
    0x0, 0x4, 0xff, 0xfb, 0x0, 0x0, 0x0, 0x0,
    0x0, 0x0, 0x0, 0x4, 0xff, 0xfb, 0x0, 0x0,
    0x0, 0x0, 0x0, 0x0, 0x0, 0x4, 0xff, 0xfb,
    0x0, 0x0, 0x0, 0x0,

    /* U+005A "Z" */
    0xaf, 0xff, 0xff, 0xff, 0xff, 0xff, 0xff, 0xff,
    0xd0, 0xaf, 0xff, 0xff, 0xff, 0xff, 0xff, 0xff,
    0xff, 0xd0, 0xaf, 0xff, 0xff, 0xff, 0xff, 0xff,
    0xff, 0xff, 0xb0, 0x12, 0x22, 0x22, 0x22, 0x22,
    0x26, 0xff, 0xff, 0x20, 0x0, 0x0, 0x0, 0x0,
    0x0, 0x1e, 0xff, 0xf5, 0x0, 0x0, 0x0, 0x0,
    0x0, 0x0, 0xaf, 0xff, 0xa0, 0x0, 0x0, 0x0,
    0x0, 0x0, 0x6, 0xff, 0xfd, 0x0, 0x0, 0x0,
    0x0, 0x0, 0x0, 0x2f, 0xff, 0xf3, 0x0, 0x0,
    0x0, 0x0, 0x0, 0x0, 0xdf, 0xff, 0x70, 0x0,
    0x0, 0x0, 0x0, 0x0, 0x9, 0xff, 0xfc, 0x0,
    0x0, 0x0, 0x0, 0x0, 0x0, 0x4f, 0xff, 0xe1,
    0x0, 0x0, 0x0, 0x0, 0x0, 0x1, 0xef, 0xff,
    0x50, 0x0, 0x0, 0x0, 0x0, 0x0, 0xb, 0xff,
    0xf9, 0x0, 0x0, 0x0, 0x0, 0x0, 0x0, 0x7f,
    0xff, 0xd0, 0x0, 0x0, 0x0, 0x0, 0x0, 0x3,
    0xff, 0xff, 0x30, 0x0, 0x0, 0x0, 0x0, 0x0,
    0xd, 0xff, 0xf7, 0x0, 0x0, 0x0, 0x0, 0x0,
    0x0, 0x9f, 0xff, 0xb0, 0x0, 0x0, 0x0, 0x0,
    0x0, 0x5, 0xff, 0xfe, 0x10, 0x0, 0x0, 0x0,
    0x0, 0x0, 0x1e, 0xff, 0xf6, 0x11, 0x11, 0x11,
    0x11, 0x11, 0x10, 0xaf, 0xff, 0xff, 0xff, 0xff,
    0xff, 0xff, 0xff, 0xf3, 0xcf, 0xff, 0xff, 0xff,
    0xff, 0xff, 0xff, 0xff, 0xf3, 0xcf, 0xff, 0xff,
    0xff, 0xff, 0xff, 0xff, 0xff, 0xf3,

    /* U+005B "[" */
    0xef, 0xff, 0xff, 0x6f, 0xff, 0xff, 0xf7, 0xff,
    0xff, 0xff, 0x7f, 0xff, 0xd0, 0x0, 0xff, 0xfd,
    0x0, 0xf, 0xff, 0xd0, 0x0, 0xff, 0xfd, 0x0,
    0xf, 0xff, 0xd0, 0x0, 0xff, 0xfd, 0x0, 0xf,
    0xff, 0xd0, 0x0, 0xff, 0xfd, 0x0, 0xf, 0xff,
    0xd0, 0x0, 0xff, 0xfd, 0x0, 0xf, 0xff, 0xd0,
    0x0, 0xff, 0xfd, 0x0, 0xf, 0xff, 0xd0, 0x0,
    0xff, 0xfd, 0x0, 0xf, 0xff, 0xd0, 0x0, 0xff,
    0xfd, 0x0, 0xf, 0xff, 0xd0, 0x0, 0xff, 0xfd,
    0x0, 0xf, 0xff, 0xd0, 0x0, 0xff, 0xfd, 0x0,
    0xf, 0xff, 0xd0, 0x0, 0xff, 0xfd, 0x0, 0xf,
    0xff, 0xd0, 0x0, 0xff, 0xfd, 0x0, 0xf, 0xff,
    0xd0, 0x0, 0xff, 0xff, 0xee, 0x6f, 0xff, 0xff,
    0xf7, 0xff, 0xff, 0xff, 0x70,

    /* U+005C "\\" */
    0x7f, 0xff, 0x40, 0x0, 0x0, 0x0, 0x0, 0x1f,
    0xff, 0xa0, 0x0, 0x0, 0x0, 0x0, 0xb, 0xff,
    0xf1, 0x0, 0x0, 0x0, 0x0, 0x5, 0xff, 0xf6,
    0x0, 0x0, 0x0, 0x0, 0x0, 0xef, 0xfc, 0x0,
    0x0, 0x0, 0x0, 0x0, 0x8f, 0xff, 0x30, 0x0,
    0x0, 0x0, 0x0, 0x2f, 0xff, 0x90, 0x0, 0x0,
    0x0, 0x0, 0xc, 0xff, 0xe0, 0x0, 0x0, 0x0,
    0x0, 0x6, 0xff, 0xf5, 0x0, 0x0, 0x0, 0x0,
    0x0, 0xff, 0xfb, 0x0, 0x0, 0x0, 0x0, 0x0,
    0x9f, 0xff, 0x20, 0x0, 0x0, 0x0, 0x0, 0x3f,
    0xff, 0x80, 0x0, 0x0, 0x0, 0x0, 0xd, 0xff,
    0xe0, 0x0, 0x0, 0x0, 0x0, 0x7, 0xff, 0xf4,
    0x0, 0x0, 0x0, 0x0, 0x1, 0xff, 0xfa, 0x0,
    0x0, 0x0, 0x0, 0x0, 0xaf, 0xff, 0x10, 0x0,
    0x0, 0x0, 0x0, 0x4f, 0xff, 0x70, 0x0, 0x0,
    0x0, 0x0, 0xe, 0xff, 0xd0, 0x0, 0x0, 0x0,
    0x0, 0x8, 0xff, 0xf3, 0x0, 0x0, 0x0, 0x0,
    0x2, 0xff, 0xf9, 0x0, 0x0, 0x0, 0x0, 0x0,
    0xbf, 0xff, 0x0, 0x0, 0x0, 0x0, 0x0, 0x5f,
    0xff, 0x60, 0x0, 0x0, 0x0, 0x0, 0xe, 0xff,
    0xc0, 0x0, 0x0, 0x0, 0x0, 0x9, 0xff, 0xf2,
    0x0, 0x0, 0x0, 0x0, 0x2, 0x88, 0x83,

    /* U+005D "]" */
    0xcf, 0xff, 0xff, 0x8d, 0xff, 0xff, 0xf9, 0xdf,
    0xff, 0xff, 0x90, 0x3, 0xff, 0xf9, 0x0, 0x3f,
    0xff, 0x90, 0x3, 0xff, 0xf9, 0x0, 0x3f, 0xff,
    0x90, 0x3, 0xff, 0xf9, 0x0, 0x3f, 0xff, 0x90,
    0x3, 0xff, 0xf9, 0x0, 0x3f, 0xff, 0x90, 0x3,
    0xff, 0xf9, 0x0, 0x3f, 0xff, 0x90, 0x3, 0xff,
    0xf9, 0x0, 0x3f, 0xff, 0x90, 0x3, 0xff, 0xf9,
    0x0, 0x3f, 0xff, 0x90, 0x3, 0xff, 0xf9, 0x0,
    0x3f, 0xff, 0x90, 0x3, 0xff, 0xf9, 0x0, 0x3f,
    0xff, 0x90, 0x3, 0xff, 0xf9, 0x0, 0x3f, 0xff,
    0x90, 0x3, 0xff, 0xf9, 0x0, 0x3f, 0xff, 0x90,
    0x3, 0xff, 0xf9, 0x0, 0x3f, 0xff, 0x90, 0x3,
    0xff, 0xf9, 0xbe, 0xff, 0xff, 0x9d, 0xff, 0xff,
    0xf9, 0xdf, 0xff, 0xff, 0x90,

    /* U+005E "^" */
    0x0, 0x0, 0xb, 0xff, 0x60, 0x0, 0x0, 0x0,
    0x2, 0xff, 0xfc, 0x0, 0x0, 0x0, 0x0, 0x9f,
    0xff, 0xf3, 0x0, 0x0, 0x0, 0xf, 0xff, 0xff,
    0xa0, 0x0, 0x0, 0x6, 0xff, 0x9e, 0xff, 0x10,
    0x0, 0x0, 0xdf, 0xf3, 0x8f, 0xf7, 0x0, 0x0,
    0x4f, 0xfc, 0x2, 0xff, 0xe0, 0x0, 0xb, 0xff,
    0x60, 0xc, 0xff, 0x50, 0x1, 0xff, 0xf0, 0x0,
    0x5f, 0xfc, 0x0, 0x8f, 0xfa, 0x0, 0x0, 0xef,
    0xf3, 0xe, 0xff, 0x30, 0x0, 0x9, 0xff, 0x90,

    /* U+005F "_" */
    0xef, 0xff, 0xff, 0xff, 0xff, 0xff, 0xff, 0x5f,
    0xff, 0xff, 0xff, 0xff, 0xff, 0xff, 0xf6, 0xff,
    0xff, 0xff, 0xff, 0xff, 0xff, 0xff, 0x60,

    /* U+0060 "`" */
    0x7, 0x88, 0x82, 0x0, 0x0, 0x5f, 0xff, 0xc0,
    0x0, 0x0, 0x5f, 0xff, 0x70, 0x0, 0x0, 0x6f,
    0xff, 0x20, 0x0, 0x0, 0x7f, 0xfc, 0x0,

    /* U+0061 "a" */
    0x0, 0x0, 0x6b, 0xef, 0xfd, 0x92, 0x0, 0x0,
    0x4, 0xef, 0xff, 0xff, 0xff, 0xf6, 0x0, 0x4,
    0xff, 0xff, 0xfe, 0xff, 0xff, 0xf5, 0x0, 0xdf,
    0xff, 0x70, 0x0, 0x7f, 0xff, 0xd0, 0x2f, 0xff,
    0xb0, 0x0, 0x0, 0xbf, 0xff, 0x20, 0x0, 0x0,
    0x0, 0x0, 0x8, 0xff, 0xf4, 0x0, 0x0, 0x1,
    0x45, 0x55, 0xbf, 0xff, 0x40, 0x1, 0x8e, 0xff,
    0xff, 0xff, 0xff, 0xf4, 0x3, 0xef, 0xff, 0xff,
    0xff, 0xff, 0xff, 0x40, 0xdf, 0xff, 0x93, 0x0,
    0x8, 0xff, 0xf4, 0x5f, 0xff, 0x80, 0x0, 0x0,
    0x8f, 0xff, 0x48, 0xff, 0xf3, 0x0, 0x0, 0x8,
    0xff, 0xf4, 0x8f, 0xff, 0x60, 0x0, 0x0, 0xdf,
    0xff, 0x45, 0xff, 0xfe, 0x51, 0x15, 0xdf, 0xff,
    0xf4, 0xd, 0xff, 0xff, 0xff, 0xff, 0xff, 0xff,
    0x50, 0x2e, 0xff, 0xff, 0xff, 0xfa, 0xff, 0xf7,
    0x0, 0x7, 0xcf, 0xfd, 0x92, 0x1f, 0xff, 0xc0,

    /* U+0062 "b" */
    0x1f, 0xff, 0xb0, 0x0, 0x0, 0x0, 0x0, 0x0,
    0x1f, 0xff, 0xb0, 0x0, 0x0, 0x0, 0x0, 0x0,
    0x1f, 0xff, 0xb0, 0x0, 0x0, 0x0, 0x0, 0x0,
    0x1f, 0xff, 0xb0, 0x0, 0x0, 0x0, 0x0, 0x0,
    0x1f, 0xff, 0xb0, 0x0, 0x0, 0x0, 0x0, 0x0,
    0x1f, 0xff, 0xb0, 0x0, 0x0, 0x0, 0x0, 0x0,
    0x1f, 0xff, 0xb0, 0x6c, 0xff, 0xd9, 0x10, 0x0,
    0x1f, 0xff, 0xcc, 0xff, 0xff, 0xff, 0xf4, 0x0,
    0x1f, 0xff, 0xff, 0xff, 0xff, 0xff, 0xff, 0x30,
    0x1f, 0xff, 0xfe, 0x62, 0x14, 0xdf, 0xff, 0xc0,
    0x1f, 0xff, 0xf2, 0x0, 0x0, 0x1e, 0xff, 0xf2,
    0x1f, 0xff, 0xb0, 0x0, 0x0, 0x7, 0xff, 0xf7,
    0x1f, 0xff, 0xb0, 0x0, 0x0, 0x2, 0xff, 0xfa,
    0x1f, 0xff, 0xb0, 0x0, 0x0, 0x0, 0xff, 0xfb,
    0x1f, 0xff, 0xb0, 0x0, 0x0, 0x0, 0xff, 0xfc,
    0x1f, 0xff, 0xb0, 0x0, 0x0, 0x0, 0xff, 0xfb,
    0x1f, 0xff, 0xb0, 0x0, 0x0, 0x2, 0xff, 0xfa,
    0x1f, 0xff, 0xb0, 0x0, 0x0, 0x6, 0xff, 0xf7,
    0x1f, 0xff, 0xf3, 0x0, 0x0, 0xe, 0xff, 0xf2,
    0x1f, 0xff, 0xff, 0x62, 0x14, 0xcf, 0xff, 0xc0,
    0x1f, 0xff, 0xff, 0xff, 0xff, 0xff, 0xff, 0x30,
    0x1f, 0xff, 0x9d, 0xff, 0xff, 0xff, 0xf4, 0x0,
    0x1f, 0xff, 0x60, 0x7c, 0xff, 0xd9, 0x20, 0x0,

    /* U+0063 "c" */
    0x0, 0x0, 0x4a, 0xef, 0xfd, 0x92, 0x0, 0x0,
    0x1, 0xbf, 0xff, 0xff, 0xff, 0xf8, 0x0, 0x0,
    0xdf, 0xff, 0xff, 0xff, 0xff, 0xf8, 0x0, 0x9f,
    0xff, 0xc4, 0x1, 0x7f, 0xff, 0xf2, 0x1f, 0xff,
    0xe0, 0x0, 0x0, 0x5f, 0xff, 0x86, 0xff, 0xf6,
    0x0, 0x0, 0x0, 0xef, 0xfb, 0x9f, 0xff, 0x20,
    0x0, 0x0, 0x2, 0x33, 0x2b, 0xff, 0xf1, 0x0,
    0x0, 0x0, 0x0, 0x0, 0xcf, 0xff, 0x0, 0x0,
    0x0, 0x0, 0x0, 0xb, 0xff, 0xf1, 0x0, 0x0,
    0x0, 0x0, 0x0, 0x9f, 0xff, 0x20, 0x0, 0x0,
    0x0, 0x0, 0x6, 0xff, 0xf6, 0x0, 0x0, 0x0,
    0xac, 0xc9, 0x1f, 0xff, 0xd0, 0x0, 0x0, 0x3f,
    0xff, 0x90, 0x9f, 0xff, 0xc3, 0x1, 0x5e, 0xff,
    0xf2, 0x0, 0xdf, 0xff, 0xff, 0xff, 0xff, 0xf7,
    0x0, 0x1, 0xbf, 0xff, 0xff, 0xff, 0xf7, 0x0,
    0x0, 0x0, 0x4a, 0xef, 0xfd, 0x82, 0x0, 0x0,

    /* U+0064 "d" */
    0x0, 0x0, 0x0, 0x0, 0x0, 0xc, 0xff, 0xf0,
    0x0, 0x0, 0x0, 0x0, 0x0, 0xc, 0xff, 0xf0,
    0x0, 0x0, 0x0, 0x0, 0x0, 0xc, 0xff, 0xf0,
    0x0, 0x0, 0x0, 0x0, 0x0, 0xc, 0xff, 0xf0,
    0x0, 0x0, 0x0, 0x0, 0x0, 0xc, 0xff, 0xf0,
    0x0, 0x0, 0x0, 0x0, 0x0, 0xc, 0xff, 0xf0,
    0x0, 0x1, 0x8d, 0xff, 0xc6, 0xc, 0xff, 0xf0,
    0x0, 0x3e, 0xff, 0xff, 0xff, 0xcd, 0xff, 0xf0,
    0x2, 0xff, 0xff, 0xff, 0xff, 0xff, 0xff, 0xf0,
    0xb, 0xff, 0xfd, 0x51, 0x26, 0xef, 0xff, 0xf0,
    0x2f, 0xff, 0xe1, 0x0, 0x0, 0x2f, 0xff, 0xf0,
    0x6f, 0xff, 0x80, 0x0, 0x0, 0xc, 0xff, 0xf0,
    0x9f, 0xff, 0x30, 0x0, 0x0, 0xc, 0xff, 0xf0,
    0xbf, 0xff, 0x10, 0x0, 0x0, 0xc, 0xff, 0xf0,
    0xcf, 0xff, 0x0, 0x0, 0x0, 0xc, 0xff, 0xf0,
    0xbf, 0xff, 0x10, 0x0, 0x0, 0xc, 0xff, 0xf0,
    0x9f, 0xff, 0x30, 0x0, 0x0, 0xc, 0xff, 0xf0,
    0x6f, 0xff, 0x70, 0x0, 0x0, 0xc, 0xff, 0xf0,
    0x1f, 0xff, 0xe1, 0x0, 0x0, 0x2f, 0xff, 0xf0,
    0xa, 0xff, 0xfd, 0x51, 0x26, 0xef, 0xff, 0xf0,
    0x1, 0xef, 0xff, 0xff, 0xff, 0xff, 0xff, 0xf0,
    0x0, 0x3e, 0xff, 0xff, 0xff, 0xda, 0xff, 0xf0,
    0x0, 0x1, 0x8d, 0xff, 0xc7, 0x7, 0xff, 0xf0,

    /* U+0065 "e" */
    0x0, 0x0, 0x29, 0xdf, 0xfd, 0x93, 0x0, 0x0,
    0x0, 0x7, 0xff, 0xff, 0xff, 0xff, 0x80, 0x0,
    0x0, 0x9f, 0xff, 0xff, 0xff, 0xff, 0xf8, 0x0,
    0x5, 0xff, 0xfe, 0x50, 0x16, 0xef, 0xff, 0x20,
    0xe, 0xff, 0xf2, 0x0, 0x0, 0x4f, 0xff, 0x90,
    0x3f, 0xff, 0x90, 0x0, 0x0, 0xd, 0xff, 0xd0,
    0x7f, 0xff, 0x50, 0x0, 0x0, 0xa, 0xff, 0xf0,
    0x9f, 0xff, 0xff, 0xff, 0xff, 0xff, 0xff, 0xf1,
    0xbf, 0xff, 0xff, 0xff, 0xff, 0xff, 0xff, 0xf2,
    0xaf, 0xff, 0xcc, 0xcc, 0xcc, 0xcc, 0xcc, 0xc2,
    0x9f, 0xff, 0x40, 0x0, 0x0, 0x0, 0x0, 0x0,
    0x5f, 0xff, 0x90, 0x0, 0x0, 0x0, 0x0, 0x0,
    0xf, 0xff, 0xf3, 0x0, 0x0, 0x0, 0x96, 0x0,
    0x7, 0xff, 0xff, 0x72, 0x1, 0x5c, 0xff, 0x70,
    0x0, 0xbf, 0xff, 0xff, 0xff, 0xff, 0xff, 0x50,
    0x0, 0x8, 0xff, 0xff, 0xff, 0xff, 0xe5, 0x0,
    0x0, 0x0, 0x28, 0xce, 0xfe, 0xb6, 0x10, 0x0,

    /* U+0066 "f" */
    0x0, 0x0, 0x1, 0x8d, 0xff, 0xe3, 0x0, 0x0,
    0x3e, 0xff, 0xff, 0xf4, 0x0, 0x0, 0xef, 0xff,
    0xff, 0xf4, 0x0, 0x6, 0xff, 0xfe, 0x51, 0x20,
    0x0, 0xa, 0xff, 0xf4, 0x0, 0x0, 0x0, 0xb,
    0xff, 0xf1, 0x0, 0x0, 0x0, 0xb, 0xff, 0xf1,
    0x0, 0x0, 0x4f, 0xff, 0xff, 0xff, 0xff, 0x80,
    0x4f, 0xff, 0xff, 0xff, 0xff, 0x80, 0x3c, 0xce,
    0xff, 0xfc, 0xcc, 0x60, 0x0, 0xb, 0xff, 0xf1,
    0x0, 0x0, 0x0, 0xb, 0xff, 0xf1, 0x0, 0x0,
    0x0, 0xb, 0xff, 0xf1, 0x0, 0x0, 0x0, 0xb,
    0xff, 0xf1, 0x0, 0x0, 0x0, 0xb, 0xff, 0xf1,
    0x0, 0x0, 0x0, 0xb, 0xff, 0xf1, 0x0, 0x0,
    0x0, 0xb, 0xff, 0xf1, 0x0, 0x0, 0x0, 0xb,
    0xff, 0xf1, 0x0, 0x0, 0x0, 0xb, 0xff, 0xf1,
    0x0, 0x0, 0x0, 0xb, 0xff, 0xf1, 0x0, 0x0,
    0x0, 0xb, 0xff, 0xf1, 0x0, 0x0, 0x0, 0xb,
    0xff, 0xf1, 0x0, 0x0, 0x0, 0xb, 0xff, 0xf1,
    0x0, 0x0, 0x0, 0xb, 0xff, 0xf1, 0x0, 0x0,

    /* U+0067 "g" */
    0x0, 0x0, 0x7c, 0xff, 0xd8, 0x14, 0xff, 0xf3,
    0x0, 0x2e, 0xff, 0xff, 0xff, 0xf9, 0xff, 0xf3,
    0x1, 0xef, 0xff, 0xff, 0xff, 0xff, 0xff, 0xf3,
    0xa, 0xff, 0xfe, 0x61, 0x15, 0xdf, 0xff, 0xf3,
    0x1f, 0xff, 0xf2, 0x0, 0x0, 0x1d, 0xff, 0xf3,
    0x6f, 0xff, 0x90, 0x0, 0x0, 0x9, 0xff, 0xf3,
    0x9f, 0xff, 0x40, 0x0, 0x0, 0x9, 0xff, 0xf3,
    0xaf, 0xff, 0x20, 0x0, 0x0, 0x9, 0xff, 0xf3,
    0xbf, 0xff, 0x10, 0x0, 0x0, 0x9, 0xff, 0xf3,
    0xaf, 0xff, 0x10, 0x0, 0x0, 0x9, 0xff, 0xf3,
    0x8f, 0xff, 0x30, 0x0, 0x0, 0x9, 0xff, 0xf3,
    0x5f, 0xff, 0x80, 0x0, 0x0, 0x9, 0xff, 0xf3,
    0x1f, 0xff, 0xf2, 0x0, 0x0, 0x1e, 0xff, 0xf3,
    0x9, 0xff, 0xfe, 0x51, 0x15, 0xdf, 0xff, 0xf3,
    0x1, 0xef, 0xff, 0xff, 0xff, 0xff, 0xff, 0xf3,
    0x0, 0x2e, 0xff, 0xff, 0xff, 0xec, 0xff, 0xf2,
    0x0, 0x0, 0x7c, 0xff, 0xd8, 0xa, 0xff, 0xf2,
    0x0, 0x0, 0x0, 0x0, 0x0, 0xc, 0xff, 0xf0,
    0x0, 0x56, 0x0, 0x0, 0x0, 0x3f, 0xff, 0xc0,
    0x3, 0xff, 0xb4, 0x0, 0x27, 0xff, 0xff, 0x50,
    0x7, 0xff, 0xff, 0xff, 0xff, 0xff, 0xfa, 0x0,
    0x0, 0x6e, 0xff, 0xff, 0xff, 0xff, 0x90, 0x0,
    0x0, 0x1, 0x6b, 0xef, 0xec, 0x92, 0x0, 0x0,

    /* U+0068 "h" */
    0x1f, 0xff, 0xb0, 0x0, 0x0, 0x0, 0x0, 0x1,
    0xff, 0xfb, 0x0, 0x0, 0x0, 0x0, 0x0, 0x1f,
    0xff, 0xb0, 0x0, 0x0, 0x0, 0x0, 0x1, 0xff,
    0xfb, 0x0, 0x0, 0x0, 0x0, 0x0, 0x1f, 0xff,
    0xb0, 0x0, 0x0, 0x0, 0x0, 0x1, 0xff, 0xfb,
    0x0, 0x0, 0x0, 0x0, 0x0, 0x1f, 0xff, 0xb0,
    0x4b, 0xef, 0xea, 0x30, 0x1, 0xff, 0xfb, 0x9f,
    0xff, 0xff, 0xff, 0x60, 0x1f, 0xff, 0xff, 0xff,
    0xff, 0xff, 0xff, 0x11, 0xff, 0xff, 0xe6, 0x21,
    0x5e, 0xff, 0xf7, 0x1f, 0xff, 0xf2, 0x0, 0x0,
    0x3f, 0xff, 0xb1, 0xff, 0xfb, 0x0, 0x0, 0x0,
    0xff, 0xfd, 0x1f, 0xff, 0xb0, 0x0, 0x0, 0xe,
    0xff, 0xd1, 0xff, 0xfb, 0x0, 0x0, 0x0, 0xef,
    0xfe, 0x1f, 0xff, 0xb0, 0x0, 0x0, 0xe, 0xff,
    0xe1, 0xff, 0xfb, 0x0, 0x0, 0x0, 0xef, 0xfe,
    0x1f, 0xff, 0xb0, 0x0, 0x0, 0xe, 0xff, 0xe1,
    0xff, 0xfb, 0x0, 0x0, 0x0, 0xef, 0xfe, 0x1f,
    0xff, 0xb0, 0x0, 0x0, 0xe, 0xff, 0xe1, 0xff,
    0xfb, 0x0, 0x0, 0x0, 0xef, 0xfe, 0x1f, 0xff,
    0xb0, 0x0, 0x0, 0xe, 0xff, 0xe1, 0xff, 0xfb,
    0x0, 0x0, 0x0, 0xef, 0xfe, 0x1f, 0xff, 0xb0,
    0x0, 0x0, 0xe, 0xff, 0xe0,

    /* U+0069 "i" */
    0x5, 0xee, 0x70, 0xf, 0xff, 0xf2, 0xf, 0xff,
    0xf2, 0x5, 0xee, 0x70, 0x0, 0x0, 0x0, 0xd,
    0xff, 0xf0, 0xd, 0xff, 0xf0, 0xd, 0xff, 0xf0,
    0xd, 0xff, 0xf0, 0xd, 0xff, 0xf0, 0xd, 0xff,
    0xf0, 0xd, 0xff, 0xf0, 0xd, 0xff, 0xf0, 0xd,
    0xff, 0xf0, 0xd, 0xff, 0xf0, 0xd, 0xff, 0xf0,
    0xd, 0xff, 0xf0, 0xd, 0xff, 0xf0, 0xd, 0xff,
    0xf0, 0xd, 0xff, 0xf0, 0xd, 0xff, 0xf0, 0xd,
    0xff, 0xf0,

    /* U+006A "j" */
    0x0, 0x0, 0x7e, 0xe5, 0x0, 0x0, 0x1f, 0xff,
    0xf0, 0x0, 0x1, 0xff, 0xff, 0x0, 0x0, 0x7,
    0xee, 0x50, 0x0, 0x0, 0x0, 0x0, 0x0, 0x0,
    0xe, 0xff, 0xe0, 0x0, 0x0, 0xef, 0xfe, 0x0,
    0x0, 0xe, 0xff, 0xe0, 0x0, 0x0, 0xef, 0xfe,
    0x0, 0x0, 0xe, 0xff, 0xe0, 0x0, 0x0, 0xef,
    0xfe, 0x0, 0x0, 0xe, 0xff, 0xe0, 0x0, 0x0,
    0xef, 0xfe, 0x0, 0x0, 0xe, 0xff, 0xe0, 0x0,
    0x0, 0xef, 0xfe, 0x0, 0x0, 0xe, 0xff, 0xe0,
    0x0, 0x0, 0xef, 0xfe, 0x0, 0x0, 0xe, 0xff,
    0xe0, 0x0, 0x0, 0xef, 0xfe, 0x0, 0x0, 0xe,
    0xff, 0xe0, 0x0, 0x0, 0xef, 0xfe, 0x0, 0x0,
    0xe, 0xff, 0xe0, 0x0, 0x0, 0xef, 0xfe, 0x0,
    0x0, 0xf, 0xff, 0xd0, 0x2, 0x29, 0xff, 0xfb,
    0x2, 0xff, 0xff, 0xff, 0x60, 0x2f, 0xff, 0xff,
    0xb0, 0x2, 0xdf, 0xfc, 0x70, 0x0,

    /* U+006B "k" */
    0xf, 0xff, 0xc0, 0x0, 0x0, 0x0, 0x0, 0x0,
    0xf, 0xff, 0xc0, 0x0, 0x0, 0x0, 0x0, 0x0,
    0xf, 0xff, 0xc0, 0x0, 0x0, 0x0, 0x0, 0x0,
    0xf, 0xff, 0xc0, 0x0, 0x0, 0x0, 0x0, 0x0,
    0xf, 0xff, 0xc0, 0x0, 0x0, 0x0, 0x0, 0x0,
    0xf, 0xff, 0xc0, 0x0, 0x0, 0x0, 0x0, 0x0,
    0xf, 0xff, 0xc0, 0x0, 0x0, 0xcf, 0xff, 0xb0,
    0xf, 0xff, 0xc0, 0x0, 0xb, 0xff, 0xfc, 0x0,
    0xf, 0xff, 0xc0, 0x0, 0x9f, 0xff, 0xd1, 0x0,
    0xf, 0xff, 0xc0, 0x7, 0xff, 0xfe, 0x20, 0x0,
    0xf, 0xff, 0xc0, 0x5f, 0xff, 0xf3, 0x0, 0x0,
    0xf, 0xff, 0xc4, 0xff, 0xff, 0x50, 0x0, 0x0,
    0xf, 0xff, 0xde, 0xff, 0xf6, 0x0, 0x0, 0x0,
    0xf, 0xff, 0xff, 0xff, 0xf3, 0x0, 0x0, 0x0,
    0xf, 0xff, 0xff, 0xff, 0xfd, 0x0, 0x0, 0x0,
    0xf, 0xff, 0xff, 0xff, 0xff, 0x90, 0x0, 0x0,
    0xf, 0xff, 0xfa, 0x2e, 0xff, 0xf4, 0x0, 0x0,
    0xf, 0xff, 0xd0, 0x5, 0xff, 0xfe, 0x10, 0x0,
    0xf, 0xff, 0xc0, 0x0, 0xaf, 0xff, 0xa0, 0x0,
    0xf, 0xff, 0xc0, 0x0, 0x1e, 0xff, 0xf6, 0x0,
    0xf, 0xff, 0xc0, 0x0, 0x4, 0xff, 0xff, 0x20,
    0xf, 0xff, 0xc0, 0x0, 0x0, 0x9f, 0xff, 0xc0,
    0xf, 0xff, 0xc0, 0x0, 0x0, 0xd, 0xff, 0xf7,

    /* U+006C "l" */
    0xdf, 0xff, 0xdf, 0xff, 0xdf, 0xff, 0xdf, 0xff,
    0xdf, 0xff, 0xdf, 0xff, 0xdf, 0xff, 0xdf, 0xff,
    0xdf, 0xff, 0xdf, 0xff, 0xdf, 0xff, 0xdf, 0xff,
    0xdf, 0xff, 0xdf, 0xff, 0xdf, 0xff, 0xdf, 0xff,
    0xdf, 0xff, 0xdf, 0xff, 0xdf, 0xff, 0xdf, 0xff,
    0xdf, 0xff, 0xdf, 0xff, 0xdf, 0xff,

    /* U+006D "m" */
    0x1f, 0xff, 0x80, 0x6b, 0xef, 0xea, 0x30, 0x0,
    0x6c, 0xef, 0xea, 0x30, 0x1, 0xff, 0xfa, 0xcf,
    0xff, 0xff, 0xff, 0x61, 0xcf, 0xff, 0xff, 0xff,
    0x60, 0x1f, 0xff, 0xff, 0xff, 0xff, 0xff, 0xff,
    0xdf, 0xff, 0xff, 0xff, 0xff, 0x21, 0xff, 0xff,
    0xd5, 0x12, 0x6e, 0xff, 0xff, 0xf7, 0x21, 0x5d,
    0xff, 0xf8, 0x1f, 0xff, 0xe1, 0x0, 0x0, 0x5f,
    0xff, 0xf5, 0x0, 0x0, 0x3f, 0xff, 0xb1, 0xff,
    0xfb, 0x0, 0x0, 0x1, 0xff, 0xfd, 0x0, 0x0,
    0x0, 0xff, 0xfd, 0x1f, 0xff, 0xb0, 0x0, 0x0,
    0xf, 0xff, 0xc0, 0x0, 0x0, 0xe, 0xff, 0xe1,
    0xff, 0xfb, 0x0, 0x0, 0x0, 0xff, 0xfc, 0x0,
    0x0, 0x0, 0xef, 0xfe, 0x1f, 0xff, 0xb0, 0x0,
    0x0, 0xf, 0xff, 0xc0, 0x0, 0x0, 0xe, 0xff,
    0xe1, 0xff, 0xfb, 0x0, 0x0, 0x0, 0xff, 0xfc,
    0x0, 0x0, 0x0, 0xef, 0xfe, 0x1f, 0xff, 0xb0,
    0x0, 0x0, 0xf, 0xff, 0xc0, 0x0, 0x0, 0xe,
    0xff, 0xe1, 0xff, 0xfb, 0x0, 0x0, 0x0, 0xff,
    0xfc, 0x0, 0x0, 0x0, 0xef, 0xfe, 0x1f, 0xff,
    0xb0, 0x0, 0x0, 0xf, 0xff, 0xc0, 0x0, 0x0,
    0xe, 0xff, 0xe1, 0xff, 0xfb, 0x0, 0x0, 0x0,
    0xff, 0xfc, 0x0, 0x0, 0x0, 0xef, 0xfe, 0x1f,
    0xff, 0xb0, 0x0, 0x0, 0xf, 0xff, 0xc0, 0x0,
    0x0, 0xe, 0xff, 0xe1, 0xff, 0xfb, 0x0, 0x0,
    0x0, 0xff, 0xfc, 0x0, 0x0, 0x0, 0xef, 0xfe,
    0x1f, 0xff, 0xb0, 0x0, 0x0, 0xf, 0xff, 0xc0,
    0x0, 0x0, 0xe, 0xff, 0xe0,

    /* U+006E "n" */
    0x1f, 0xff, 0x70, 0x5b, 0xef, 0xeb, 0x40, 0x1,
    0xff, 0xf9, 0xaf, 0xff, 0xff, 0xff, 0x60, 0x1f,
    0xff, 0xff, 0xff, 0xff, 0xff, 0xff, 0x21, 0xff,
    0xff, 0xe6, 0x21, 0x5e, 0xff, 0xf8, 0x1f, 0xff,
    0xf2, 0x0, 0x0, 0x4f, 0xff, 0xb1, 0xff, 0xfb,
    0x0, 0x0, 0x0, 0xff, 0xfd, 0x1f, 0xff, 0xb0,
    0x0, 0x0, 0xe, 0xff, 0xe1, 0xff, 0xfb, 0x0,
    0x0, 0x0, 0xef, 0xfe, 0x1f, 0xff, 0xb0, 0x0,
    0x0, 0xe, 0xff, 0xe1, 0xff, 0xfb, 0x0, 0x0,
    0x0, 0xef, 0xfe, 0x1f, 0xff, 0xb0, 0x0, 0x0,
    0xe, 0xff, 0xe1, 0xff, 0xfb, 0x0, 0x0, 0x0,
    0xef, 0xfe, 0x1f, 0xff, 0xb0, 0x0, 0x0, 0xe,
    0xff, 0xe1, 0xff, 0xfb, 0x0, 0x0, 0x0, 0xef,
    0xfe, 0x1f, 0xff, 0xb0, 0x0, 0x0, 0xe, 0xff,
    0xe1, 0xff, 0xfb, 0x0, 0x0, 0x0, 0xef, 0xfe,
    0x1f, 0xff, 0xb0, 0x0, 0x0, 0xe, 0xff, 0xe0,

    /* U+006F "o" */
    0x0, 0x0, 0x39, 0xdf, 0xfd, 0xa4, 0x0, 0x0,
    0x0, 0x9, 0xff, 0xff, 0xff, 0xff, 0xb1, 0x0,
    0x0, 0xbf, 0xff, 0xff, 0xff, 0xff, 0xfd, 0x10,
    0x6, 0xff, 0xfe, 0x51, 0x4, 0xdf, 0xff, 0xa0,
    0xe, 0xff, 0xf2, 0x0, 0x0, 0x1d, 0xff, 0xf3,
    0x5f, 0xff, 0x80, 0x0, 0x0, 0x5, 0xff, 0xf8,
    0x9f, 0xff, 0x40, 0x0, 0x0, 0x0, 0xff, 0xfc,
    0xaf, 0xff, 0x10, 0x0, 0x0, 0x0, 0xef, 0xfe,
    0xcf, 0xff, 0x0, 0x0, 0x0, 0x0, 0xdf, 0xff,
    0xbf, 0xff, 0x10, 0x0, 0x0, 0x0, 0xef, 0xfd,
    0x9f, 0xff, 0x30, 0x0, 0x0, 0x0, 0xff, 0xfc,
    0x5f, 0xff, 0x80, 0x0, 0x0, 0x5, 0xff, 0xf8,
    0xf, 0xff, 0xf2, 0x0, 0x0, 0xd, 0xff, 0xf2,
    0x7, 0xff, 0xfe, 0x50, 0x4, 0xcf, 0xff, 0xa0,
    0x0, 0xbf, 0xff, 0xff, 0xff, 0xff, 0xfd, 0x0,
    0x0, 0xa, 0xff, 0xff, 0xff, 0xff, 0xb1, 0x0,
    0x0, 0x0, 0x39, 0xdf, 0xfe, 0xa4, 0x0, 0x0,

    /* U+0070 "p" */
    0x1f, 0xff, 0x70, 0x7c, 0xff, 0xd9, 0x10, 0x0,
    0x1f, 0xff, 0xad, 0xff, 0xff, 0xff, 0xf4, 0x0,
    0x1f, 0xff, 0xff, 0xff, 0xff, 0xff, 0xff, 0x20,
    0x1f, 0xff, 0xfe, 0x52, 0x15, 0xef, 0xff, 0xb0,
    0x1f, 0xff, 0xe1, 0x0, 0x0, 0x2f, 0xff, 0xf2,
    0x1f, 0xff, 0xb0, 0x0, 0x0, 0x8, 0xff, 0xf6,
    0x1f, 0xff, 0xb0, 0x0, 0x0, 0x3, 0xff, 0xf9,
    0x1f, 0xff, 0xb0, 0x0, 0x0, 0x1, 0xff, 0xfb,
    0x1f, 0xff, 0xb0, 0x0, 0x0, 0x0, 0xff, 0xfb,
    0x1f, 0xff, 0xb0, 0x0, 0x0, 0x1, 0xff, 0xfb,
    0x1f, 0xff, 0xb0, 0x0, 0x0, 0x3, 0xff, 0xf9,
    0x1f, 0xff, 0xb0, 0x0, 0x0, 0x8, 0xff, 0xf6,
    0x1f, 0xff, 0xe1, 0x0, 0x0, 0x1e, 0xff, 0xf2,
    0x1f, 0xff, 0xfd, 0x51, 0x4, 0xdf, 0xff, 0xb0,
    0x1f, 0xff, 0xff, 0xff, 0xff, 0xff, 0xff, 0x20,
    0x1f, 0xff, 0xdc, 0xff, 0xff, 0xff, 0xf4, 0x0,
    0x1f, 0xff, 0xb0, 0x6c, 0xff, 0xd8, 0x10, 0x0,
    0x1f, 0xff, 0xb0, 0x0, 0x0, 0x0, 0x0, 0x0,
    0x1f, 0xff, 0xb0, 0x0, 0x0, 0x0, 0x0, 0x0,
    0x1f, 0xff, 0xb0, 0x0, 0x0, 0x0, 0x0, 0x0,
    0x1f, 0xff, 0xb0, 0x0, 0x0, 0x0, 0x0, 0x0,
    0x1f, 0xff, 0xb0, 0x0, 0x0, 0x0, 0x0, 0x0,
    0x1f, 0xff, 0xb0, 0x0, 0x0, 0x0, 0x0, 0x0,

    /* U+0071 "q" */
    0x0, 0x1, 0x8d, 0xff, 0xd7, 0x6, 0xff, 0xf0,
    0x0, 0x3e, 0xff, 0xff, 0xff, 0xea, 0xff, 0xf0,
    0x2, 0xff, 0xff, 0xff, 0xff, 0xff, 0xff, 0xf0,
    0xb, 0xff, 0xfd, 0x40, 0x15, 0xdf, 0xff, 0xf0,
    0x2f, 0xff, 0xe1, 0x0, 0x0, 0x1e, 0xff, 0xf0,
    0x7f, 0xff, 0x80, 0x0, 0x0, 0xc, 0xff, 0xf0,
    0xaf, 0xff, 0x30, 0x0, 0x0, 0xc, 0xff, 0xf0,
    0xbf, 0xff, 0x10, 0x0, 0x0, 0xc, 0xff, 0xf0,
    0xcf, 0xff, 0x0, 0x0, 0x0, 0xc, 0xff, 0xf0,
    0xbf, 0xff, 0x10, 0x0, 0x0, 0xc, 0xff, 0xf0,
    0x9f, 0xff, 0x30, 0x0, 0x0, 0xc, 0xff, 0xf0,
    0x6f, 0xff, 0x70, 0x0, 0x0, 0xc, 0xff, 0xf0,
    0x1f, 0xff, 0xe1, 0x0, 0x0, 0x1e, 0xff, 0xf0,
    0xa, 0xff, 0xfd, 0x40, 0x15, 0xef, 0xff, 0xf0,
    0x1, 0xef, 0xff, 0xff, 0xff, 0xff, 0xff, 0xf0,
    0x0, 0x3e, 0xff, 0xff, 0xff, 0xdd, 0xff, 0xf0,
    0x0, 0x1, 0x8d, 0xff, 0xc7, 0xc, 0xff, 0xf0,
    0x0, 0x0, 0x0, 0x0, 0x0, 0xc, 0xff, 0xf0,
    0x0, 0x0, 0x0, 0x0, 0x0, 0xc, 0xff, 0xf0,
    0x0, 0x0, 0x0, 0x0, 0x0, 0xc, 0xff, 0xf0,
    0x0, 0x0, 0x0, 0x0, 0x0, 0xc, 0xff, 0xf0,
    0x0, 0x0, 0x0, 0x0, 0x0, 0xc, 0xff, 0xf0,
    0x0, 0x0, 0x0, 0x0, 0x0, 0xc, 0xff, 0xf0,

    /* U+0072 "r" */
    0x1f, 0xff, 0x90, 0x8e, 0xfc, 0x1f, 0xff, 0xad,
    0xff, 0xfc, 0x1f, 0xff, 0xff, 0xff, 0xfc, 0x1f,
    0xff, 0xff, 0xeb, 0xa8, 0x1f, 0xff, 0xf9, 0x0,
    0x0, 0x1f, 0xff, 0xd0, 0x0, 0x0, 0x1f, 0xff,
    0xb0, 0x0, 0x0, 0x1f, 0xff, 0xb0, 0x0, 0x0,
    0x1f, 0xff, 0xb0, 0x0, 0x0, 0x1f, 0xff, 0xb0,
    0x0, 0x0, 0x1f, 0xff, 0xb0, 0x0, 0x0, 0x1f,
    0xff, 0xb0, 0x0, 0x0, 0x1f, 0xff, 0xb0, 0x0,
    0x0, 0x1f, 0xff, 0xb0, 0x0, 0x0, 0x1f, 0xff,
    0xb0, 0x0, 0x0, 0x1f, 0xff, 0xb0, 0x0, 0x0,
    0x1f, 0xff, 0xb0, 0x0, 0x0,

    /* U+0073 "s" */
    0x0, 0x2, 0x9d, 0xff, 0xeb, 0x60, 0x0, 0x0,
    0x7, 0xff, 0xff, 0xff, 0xff, 0xe3, 0x0, 0x7,
    0xff, 0xff, 0xed, 0xff, 0xff, 0xf2, 0x0, 0xff,
    0xfe, 0x40, 0x1, 0xaf, 0xff, 0xa0, 0x3f, 0xff,
    0x80, 0x0, 0x0, 0xef, 0xff, 0x3, 0xff, 0xfa,
    0x0, 0x0, 0x3, 0x44, 0x40, 0xe, 0xff, 0xfa,
    0x40, 0x0, 0x0, 0x0, 0x0, 0x4f, 0xff, 0xff,
    0xfc, 0x83, 0x0, 0x0, 0x0, 0x2b, 0xff, 0xff,
    0xff, 0xfc, 0x30, 0x0, 0x0, 0x2, 0x7b, 0xff,
    0xff, 0xff, 0x40, 0x0, 0x0, 0x0, 0x0, 0x3b,
    0xff, 0xfd, 0x6, 0x88, 0x70, 0x0, 0x0, 0xc,
    0xff, 0xf1, 0xaf, 0xff, 0x20, 0x0, 0x0, 0xaf,
    0xff, 0x15, 0xff, 0xfd, 0x30, 0x0, 0x5f, 0xff,
    0xe0, 0xa, 0xff, 0xff, 0xed, 0xef, 0xff, 0xf5,
    0x0, 0x9, 0xff, 0xff, 0xff, 0xff, 0xf6, 0x0,
    0x0, 0x2, 0x8d, 0xef, 0xec, 0x81, 0x0, 0x0,

    /* U+0074 "t" */
    0x0, 0x1f, 0xff, 0xb0, 0x0, 0x0, 0x1f, 0xff,
    0xb0, 0x0, 0x0, 0x1f, 0xff, 0xb0, 0x0, 0x0,
    0x1f, 0xff, 0xb0, 0x0, 0xef, 0xff, 0xff, 0xff,
    0xfb, 0xef, 0xff, 0xff, 0xff, 0xfb, 0xac, 0xcf,
    0xff, 0xec, 0xc8, 0x0, 0x1f, 0xff, 0xb0, 0x0,
    0x0, 0x1f, 0xff, 0xb0, 0x0, 0x0, 0x1f, 0xff,
    0xb0, 0x0, 0x0, 0x1f, 0xff, 0xb0, 0x0, 0x0,
    0x1f, 0xff, 0xb0, 0x0, 0x0, 0x1f, 0xff, 0xb0,
    0x0, 0x0, 0x1f, 0xff, 0xb0, 0x0, 0x0, 0x1f,
    0xff, 0xb0, 0x0, 0x0, 0x1f, 0xff, 0xb0, 0x0,
    0x0, 0x1f, 0xff, 0xc0, 0x0, 0x0, 0xf, 0xff,
    0xf5, 0x22, 0x0, 0xb, 0xff, 0xff, 0xfc, 0x0,
    0x3, 0xff, 0xff, 0xfc, 0x0, 0x0, 0x3b, 0xff,
    0xe9,

    /* U+0075 "u" */
    0x2f, 0xff, 0xa0, 0x0, 0x0, 0xf, 0xff, 0xd2,
    0xff, 0xfa, 0x0, 0x0, 0x0, 0xff, 0xfd, 0x2f,
    0xff, 0xa0, 0x0, 0x0, 0xf, 0xff, 0xd2, 0xff,
    0xfa, 0x0, 0x0, 0x0, 0xff, 0xfd, 0x2f, 0xff,
    0xa0, 0x0, 0x0, 0xf, 0xff, 0xd2, 0xff, 0xfa,
    0x0, 0x0, 0x0, 0xff, 0xfd, 0x2f, 0xff, 0xa0,
    0x0, 0x0, 0xf, 0xff, 0xd2, 0xff, 0xfa, 0x0,
    0x0, 0x0, 0xff, 0xfd, 0x2f, 0xff, 0xa0, 0x0,
    0x0, 0xf, 0xff, 0xd2, 0xff, 0xfa, 0x0, 0x0,
    0x0, 0xff, 0xfd, 0x2f, 0xff, 0xa0, 0x0, 0x0,
    0xf, 0xff, 0xd1, 0xff, 0xfb, 0x0, 0x0, 0x0,
    0xff, 0xfd, 0xf, 0xff, 0xf0, 0x0, 0x0, 0x4f,
    0xff, 0xd0, 0xcf, 0xff, 0xb3, 0x13, 0x8f, 0xff,
    0xfd, 0x5, 0xff, 0xff, 0xff, 0xff, 0xff, 0xff,
    0xd0, 0x9, 0xff, 0xff, 0xff, 0xfb, 0xdf, 0xfd,
    0x0, 0x5, 0xbe, 0xfe, 0xb5, 0xb, 0xff, 0xd0,

    /* U+0076 "v" */
    0x7f, 0xff, 0x60, 0x0, 0x0, 0xa, 0xff, 0xf3,
    0x2f, 0xff, 0xb0, 0x0, 0x0, 0xf, 0xff, 0xe0,
    0xc, 0xff, 0xf0, 0x0, 0x0, 0x4f, 0xff, 0x80,
    0x7, 0xff, 0xf5, 0x0, 0x0, 0x9f, 0xff, 0x30,
    0x1, 0xff, 0xfa, 0x0, 0x0, 0xdf, 0xfd, 0x0,
    0x0, 0xbf, 0xfe, 0x0, 0x2, 0xff, 0xf8, 0x0,
    0x0, 0x6f, 0xff, 0x40, 0x7, 0xff, 0xf2, 0x0,
    0x0, 0x1f, 0xff, 0x80, 0xc, 0xff, 0xd0, 0x0,
    0x0, 0xb, 0xff, 0xd0, 0x1f, 0xff, 0x70, 0x0,
    0x0, 0x5, 0xff, 0xf2, 0x5f, 0xff, 0x20, 0x0,
    0x0, 0x0, 0xff, 0xf7, 0xaf, 0xfc, 0x0, 0x0,
    0x0, 0x0, 0xaf, 0xfc, 0xff, 0xf7, 0x0, 0x0,
    0x0, 0x0, 0x5f, 0xff, 0xff, 0xf1, 0x0, 0x0,
    0x0, 0x0, 0xf, 0xff, 0xff, 0xc0, 0x0, 0x0,
    0x0, 0x0, 0x9, 0xff, 0xff, 0x60, 0x0, 0x0,
    0x0, 0x0, 0x4, 0xff, 0xff, 0x10, 0x0, 0x0,
    0x0, 0x0, 0x0, 0xef, 0xfb, 0x0, 0x0, 0x0,

    /* U+0077 "w" */
    0x5f, 0xff, 0x50, 0x0, 0x0, 0xbf, 0xf6, 0x0,
    0x0, 0xa, 0xff, 0xf1, 0x1f, 0xff, 0x90, 0x0,
    0x0, 0xff, 0xfb, 0x0, 0x0, 0xd, 0xff, 0xc0,
    0xc, 0xff, 0xc0, 0x0, 0x5, 0xff, 0xff, 0x10,
    0x0, 0x1f, 0xff, 0x80, 0x8, 0xff, 0xf0, 0x0,
    0xa, 0xff, 0xff, 0x50, 0x0, 0x5f, 0xff, 0x30,
    0x4, 0xff, 0xf4, 0x0, 0xe, 0xff, 0xff, 0xa0,
    0x0, 0x9f, 0xff, 0x0, 0x0, 0xff, 0xf8, 0x0,
    0x3f, 0xfd, 0xff, 0xf0, 0x0, 0xcf, 0xfb, 0x0,
    0x0, 0xbf, 0xfb, 0x0, 0x8f, 0xf7, 0xcf, 0xf4,
    0x0, 0xff, 0xf6, 0x0, 0x0, 0x7f, 0xff, 0x0,
    0xdf, 0xf2, 0x8f, 0xf9, 0x4, 0xff, 0xf2, 0x0,
    0x0, 0x2f, 0xff, 0x31, 0xff, 0xd0, 0x3f, 0xfd,
    0x8, 0xff, 0xe0, 0x0, 0x0, 0xe, 0xff, 0x76,
    0xff, 0x80, 0xe, 0xff, 0x2b, 0xff, 0x90, 0x0,
    0x0, 0xa, 0xff, 0xbb, 0xff, 0x30, 0x9, 0xff,
    0x7f, 0xff, 0x50, 0x0, 0x0, 0x5, 0xff, 0xef,
    0xfe, 0x0, 0x4, 0xff, 0xef, 0xff, 0x10, 0x0,
    0x0, 0x1, 0xff, 0xff, 0xfa, 0x0, 0x0, 0xef,
    0xff, 0xfc, 0x0, 0x0, 0x0, 0x0, 0xdf, 0xff,
    0xf5, 0x0, 0x0, 0xaf, 0xff, 0xf8, 0x0, 0x0,
    0x0, 0x0, 0x8f, 0xff, 0xf0, 0x0, 0x0, 0x5f,
    0xff, 0xf4, 0x0, 0x0, 0x0, 0x0, 0x4f, 0xff,
    0xb0, 0x0, 0x0, 0xf, 0xff, 0xf0, 0x0, 0x0,
    0x0, 0x0, 0xf, 0xff, 0x60, 0x0, 0x0, 0xb,
    0xff, 0xb0, 0x0, 0x0,

    /* U+0078 "x" */
    0x1e, 0xff, 0xf2, 0x0, 0x0, 0x1f, 0xff, 0xf2,
    0x6, 0xff, 0xfb, 0x0, 0x0, 0xaf, 0xff, 0x80,
    0x0, 0xcf, 0xff, 0x40, 0x3, 0xff, 0xfd, 0x0,
    0x0, 0x3f, 0xff, 0xd0, 0xc, 0xff, 0xf4, 0x0,
    0x0, 0x8, 0xff, 0xf7, 0x6f, 0xff, 0xa0, 0x0,
    0x0, 0x0, 0xef, 0xff, 0xef, 0xff, 0x10, 0x0,
    0x0, 0x0, 0x5f, 0xff, 0xff, 0xf7, 0x0, 0x0,
    0x0, 0x0, 0xb, 0xff, 0xff, 0xc0, 0x0, 0x0,
    0x0, 0x0, 0x5, 0xff, 0xff, 0x70, 0x0, 0x0,
    0x0, 0x0, 0xd, 0xff, 0xff, 0xe1, 0x0, 0x0,
    0x0, 0x0, 0x7f, 0xff, 0xff, 0xf9, 0x0, 0x0,
    0x0, 0x2, 0xff, 0xfd, 0xcf, 0xff, 0x30, 0x0,
    0x0, 0xb, 0xff, 0xf4, 0x3f, 0xff, 0xd0, 0x0,
    0x0, 0x5f, 0xff, 0xb0, 0x9, 0xff, 0xf7, 0x0,
    0x0, 0xef, 0xff, 0x20, 0x1, 0xef, 0xff, 0x10,
    0x9, 0xff, 0xf9, 0x0, 0x0, 0x6f, 0xff, 0xb0,
    0x3f, 0xff, 0xe1, 0x0, 0x0, 0xd, 0xff, 0xf5,

    /* U+0079 "y" */
    0xaf, 0xff, 0x60, 0x0, 0x0, 0xd, 0xff, 0xf2,
    0x4f, 0xff, 0xc0, 0x0, 0x0, 0x2f, 0xff, 0xc0,
    0xe, 0xff, 0xf1, 0x0, 0x0, 0x7f, 0xff, 0x70,
    0x8, 0xff, 0xf6, 0x0, 0x0, 0xcf, 0xff, 0x10,
    0x2, 0xff, 0xfb, 0x0, 0x1, 0xff, 0xfb, 0x0,
    0x0, 0xcf, 0xff, 0x0, 0x6, 0xff, 0xf6, 0x0,
    0x0, 0x7f, 0xff, 0x50, 0xa, 0xff, 0xf0, 0x0,
    0x0, 0x1f, 0xff, 0xa0, 0xf, 0xff, 0xa0, 0x0,
    0x0, 0xb, 0xff, 0xf0, 0x4f, 0xff, 0x50, 0x0,
    0x0, 0x5, 0xff, 0xf4, 0x9f, 0xfe, 0x0, 0x0,
    0x0, 0x0, 0xff, 0xf9, 0xef, 0xf9, 0x0, 0x0,
    0x0, 0x0, 0x9f, 0xff, 0xff, 0xf3, 0x0, 0x0,
    0x0, 0x0, 0x4f, 0xff, 0xff, 0xe0, 0x0, 0x0,
    0x0, 0x0, 0xe, 0xff, 0xff, 0x80, 0x0, 0x0,
    0x0, 0x0, 0x8, 0xff, 0xff, 0x20, 0x0, 0x0,
    0x0, 0x0, 0x2, 0xff, 0xfd, 0x0, 0x0, 0x0,
    0x0, 0x0, 0x0, 0xff, 0xf7, 0x0, 0x0, 0x0,
    0x0, 0x0, 0x5, 0xff, 0xf1, 0x0, 0x0, 0x0,
    0x0, 0x0, 0xd, 0xff, 0xc0, 0x0, 0x0, 0x0,
    0x1, 0x24, 0xbf, 0xff, 0x50, 0x0, 0x0, 0x0,
    0x7, 0xff, 0xff, 0xfc, 0x0, 0x0, 0x0, 0x0,
    0x7, 0xff, 0xff, 0xe2, 0x0, 0x0, 0x0, 0x0,
    0x5, 0xef, 0xe9, 0x10, 0x0, 0x0, 0x0, 0x0,

    /* U+007A "z" */
    0x9f, 0xff, 0xff, 0xff, 0xff, 0xff, 0xfa, 0x9f,
    0xff, 0xff, 0xff, 0xff, 0xff, 0xfa, 0x9f, 0xff,
    0xff, 0xff, 0xff, 0xff, 0xf8, 0x0, 0x0, 0x0,
    0x0, 0x8f, 0xff, 0xc0, 0x0, 0x0, 0x0, 0x4,
    0xff, 0xff, 0x20, 0x0, 0x0, 0x0, 0x1e, 0xff,
    0xf5, 0x0, 0x0, 0x0, 0x0, 0xbf, 0xff, 0x90,
    0x0, 0x0, 0x0, 0x7, 0xff, 0xfd, 0x0, 0x0,
    0x0, 0x0, 0x3f, 0xff, 0xf2, 0x0, 0x0, 0x0,
    0x1, 0xef, 0xff, 0x50, 0x0, 0x0, 0x0, 0xb,
    0xff, 0xf9, 0x0, 0x0, 0x0, 0x0, 0x7f, 0xff,
    0xd0, 0x0, 0x0, 0x0, 0x3, 0xff, 0xff, 0x20,
    0x0, 0x0, 0x0, 0x1d, 0xff, 0xf5, 0x0, 0x0,
    0x0, 0x0, 0x9f, 0xff, 0xff, 0xff, 0xff, 0xff,
    0xff, 0xbf, 0xff, 0xff, 0xff, 0xff, 0xff, 0xff,
    0xbf, 0xff, 0xff, 0xff, 0xff, 0xff, 0xff,

    /* U+007B "{" */
    0x0, 0x0, 0x0, 0x0, 0x23, 0x0, 0x0, 0x0,
    0x1, 0xaf, 0xd0, 0x0, 0x0, 0x3, 0xef, 0xff,
    0x10, 0x0, 0x1, 0xef, 0xfd, 0x10, 0x0, 0x0,
    0x8f, 0xff, 0x20, 0x0, 0x0, 0xd, 0xff, 0xc0,
    0x0, 0x0, 0x0, 0xff, 0xf9, 0x0, 0x0, 0x0,
    0x1f, 0xff, 0x70, 0x0, 0x0, 0x1, 0xff, 0xf7,
    0x0, 0x0, 0x0, 0x1f, 0xff, 0x70, 0x0, 0x0,
    0x1, 0xff, 0xf7, 0x0, 0x0, 0x0, 0x3f, 0xff,
    0x60, 0x0, 0x0, 0x6, 0xff, 0xf3, 0x0, 0x0,
    0x3, 0xef, 0xfd, 0x0, 0x0, 0x1d, 0xff, 0xff,
    0x30, 0x0, 0x2, 0xff, 0xff, 0x20, 0x0, 0x0,
    0x2f, 0xff, 0xfd, 0x10, 0x0, 0x0, 0x17, 0xff,
    0xfb, 0x0, 0x0, 0x0, 0x8, 0xff, 0xf2, 0x0,
    0x0, 0x0, 0x3f, 0xff, 0x50, 0x0, 0x0, 0x1,
    0xff, 0xf7, 0x0, 0x0, 0x0, 0x1f, 0xff, 0x70,
    0x0, 0x0, 0x1, 0xff, 0xf7, 0x0, 0x0, 0x0,
    0x1f, 0xff, 0x70, 0x0, 0x0, 0x0, 0xff, 0xf8,
    0x0, 0x0, 0x0, 0xe, 0xff, 0xb0, 0x0, 0x0,
    0x0, 0x9f, 0xff, 0x10, 0x0, 0x0, 0x2, 0xff,
    0xfb, 0x0, 0x0, 0x0, 0x5, 0xff, 0xfd, 0x10,
    0x0, 0x0, 0x4, 0xef, 0xe0, 0x0, 0x0, 0x0,
    0x0, 0x56, 0x0,

    /* U+007C "|" */
    0x4f, 0xf5, 0x4f, 0xf5, 0x4f, 0xf5, 0x4f, 0xf5,
    0x4f, 0xf5, 0x4f, 0xf5, 0x4f, 0xf5, 0x4f, 0xf5,
    0x4f, 0xf5, 0x4f, 0xf5, 0x4f, 0xf5, 0x4f, 0xf5,
    0x4f, 0xf5, 0x4f, 0xf5, 0x4f, 0xf5, 0x4f, 0xf5,
    0x4f, 0xf5, 0x4f, 0xf5, 0x4f, 0xf5, 0x4f, 0xf5,
    0x4f, 0xf5, 0x4f, 0xf5, 0x4f, 0xf5, 0x4f, 0xf5,
    0x4f, 0xf5, 0x4f, 0xf5, 0x2a, 0xa3,

    /* U+007D "}" */
    0x5, 0x0, 0x0, 0x0, 0x0, 0x2f, 0xf8, 0x0,
    0x0, 0x0, 0x6f, 0xff, 0xc0, 0x0, 0x0, 0x4,
    0xff, 0xfa, 0x0, 0x0, 0x0, 0x7f, 0xff, 0x30,
    0x0, 0x0, 0x1f, 0xff, 0x80, 0x0, 0x0, 0xe,
    0xff, 0xb0, 0x0, 0x0, 0xc, 0xff, 0xc0, 0x0,
    0x0, 0xc, 0xff, 0xc0, 0x0, 0x0, 0xc, 0xff,
    0xc0, 0x0, 0x0, 0xc, 0xff, 0xc0, 0x0, 0x0,
    0xa, 0xff, 0xe0, 0x0, 0x0, 0x8, 0xff, 0xf1,
    0x0, 0x0, 0x2, 0xff, 0xfb, 0x10, 0x0, 0x0,
    0x6f, 0xff, 0xfa, 0x0, 0x0, 0x5, 0xff, 0xfd,
    0x0, 0x0, 0x3e, 0xff, 0xfd, 0x0, 0x1, 0xef,
    0xfd, 0x40, 0x0, 0x7, 0xff, 0xf3, 0x0, 0x0,
    0xa, 0xff, 0xe0, 0x0, 0x0, 0xc, 0xff, 0xc0,
    0x0, 0x0, 0xc, 0xff, 0xc0, 0x0, 0x0, 0xc,
    0xff, 0xc0, 0x0, 0x0, 0xc, 0xff, 0xc0, 0x0,
    0x0, 0xd, 0xff, 0xb0, 0x0, 0x0, 0xf, 0xff,
    0x90, 0x0, 0x0, 0x5f, 0xff, 0x40, 0x0, 0x2,
    0xef, 0xfc, 0x0, 0x0, 0x5f, 0xff, 0xe2, 0x0,
    0x0, 0x3f, 0xfb, 0x10, 0x0, 0x0, 0x8, 0x30,
    0x0, 0x0, 0x0,

    /* U+007E "~" */
    0x0, 0x4, 0xcf, 0xfb, 0x40, 0x0, 0x0, 0x4,
    0x88, 0x30, 0x7, 0xff, 0xff, 0xff, 0x90, 0x0,
    0x0, 0xaf, 0xf5, 0x3, 0xff, 0xff, 0xff, 0xff,
    0xa0, 0x0, 0xe, 0xff, 0x30, 0xaf, 0xfd, 0x43,
    0xaf, 0xff, 0xc4, 0x3b, 0xff, 0xe0, 0xf, 0xff,
    0x30, 0x0, 0x7f, 0xff, 0xff, 0xff, 0xf6, 0x1,
    0xff, 0xf0, 0x0, 0x0, 0x5f, 0xff, 0xff, 0xf9,
    0x0, 0x16, 0x65, 0x0, 0x0, 0x0, 0x2a, 0xef,
    0xc6, 0x0, 0x0,

    /* U+00B0 "°" */
    0x0, 0x0, 0x11, 0x0, 0x0, 0x0, 0x3c, 0xff,
    0xe5, 0x0, 0x3, 0xff, 0xff, 0xff, 0x50, 0xb,
    0xfc, 0x21, 0xaf, 0xe0, 0xf, 0xf4, 0x0, 0x1f,
    0xf2, 0xf, 0xf4, 0x0, 0x1f, 0xf1, 0xa, 0xfd,
    0x43, 0xcf, 0xd0, 0x2, 0xef, 0xff, 0xff, 0x40,
    0x0, 0x2a, 0xff, 0xb3, 0x0,

    /* U+2022 "•" */
    0x0, 0x3, 0x10, 0x0, 0x9, 0xff, 0xfb, 0x10,
    0x7f, 0xff, 0xff, 0xa0, 0xcf, 0xff, 0xff, 0xf0,
    0xdf, 0xff, 0xff, 0xf0, 0xbf, 0xff, 0xff, 0xe0,
    0x5f, 0xff, 0xff, 0x80, 0x5, 0xdf, 0xd7, 0x0
};


/*---------------------
 *  GLYPH DESCRIPTION
 *--------------------*/

static const lv_font_fmt_txt_glyph_dsc_t glyph_dsc[] = {
    {.bitmap_index = 0, .adv_w = 0, .box_w = 0, .box_h = 0, .ofs_x = 0, .ofs_y = 0} /* id = 0 reserved */,
    {.bitmap_index = 0, .adv_w = 128, .box_w = 0, .box_h = 0, .ofs_x = 0, .ofs_y = 0},
    {.bitmap_index = 0, .adv_w = 137, .box_w = 5, .box_h = 22, .ofs_x = 2, .ofs_y = 0},
    {.bitmap_index = 55, .adv_w = 166, .box_w = 8, .box_h = 9, .ofs_x = 1, .ofs_y = 14},
    {.bitmap_index = 91, .adv_w = 313, .box_w = 18, .box_h = 22, .ofs_x = 1, .ofs_y = 0},
    {.bitmap_index = 289, .adv_w = 291, .box_w = 16, .box_h = 30, .ofs_x = 1, .ofs_y = -3},
    {.bitmap_index = 529, .adv_w = 376, .box_w = 22, .box_h = 22, .ofs_x = 1, .ofs_y = 0},
    {.bitmap_index = 771, .adv_w = 327, .box_w = 20, .box_h = 22, .ofs_x = 1, .ofs_y = 0},
    {.bitmap_index = 991, .adv_w = 87, .box_w = 4, .box_h = 8, .ofs_x = 1, .ofs_y = 15},
    {.bitmap_index = 1007, .adv_w = 179, .box_w = 9, .box_h = 34, .ofs_x = 2, .ofs_y = -8},
    {.bitmap_index = 1160, .adv_w = 181, .box_w = 10, .box_h = 34, .ofs_x = 0, .ofs_y = -8},
    {.bitmap_index = 1330, .adv_w = 226, .box_w = 14, .box_h = 14, .ofs_x = 0, .ofs_y = 8},
    {.bitmap_index = 1428, .adv_w = 285, .box_w = 16, .box_h = 17, .ofs_x = 1, .ofs_y = 2},
    {.bitmap_index = 1564, .adv_w = 113, .box_w = 6, .box_h = 9, .ofs_x = 0, .ofs_y = -5},
    {.bitmap_index = 1591, .adv_w = 168, .box_w = 9, .box_h = 4, .ofs_x = 1, .ofs_y = 8},
    {.bitmap_index = 1609, .adv_w = 143, .box_w = 5, .box_h = 5, .ofs_x = 2, .ofs_y = 0},
    {.bitmap_index = 1622, .adv_w = 203, .box_w = 12, .box_h = 25, .ofs_x = 0, .ofs_y = -3},
    {.bitmap_index = 1772, .adv_w = 291, .box_w = 16, .box_h = 22, .ofs_x = 1, .ofs_y = 0},
    {.bitmap_index = 1948, .adv_w = 291, .box_w = 10, .box_h = 22, .ofs_x = 2, .ofs_y = 0},
    {.bitmap_index = 2058, .adv_w = 291, .box_w = 16, .box_h = 22, .ofs_x = 1, .ofs_y = 0},
    {.bitmap_index = 2234, .adv_w = 291, .box_w = 16, .box_h = 22, .ofs_x = 1, .ofs_y = 0},
    {.bitmap_index = 2410, .adv_w = 291, .box_w = 18, .box_h = 22, .ofs_x = 0, .ofs_y = 0},
    {.bitmap_index = 2608, .adv_w = 291, .box_w = 15, .box_h = 22, .ofs_x = 2, .ofs_y = 0},
    {.bitmap_index = 2773, .adv_w = 291, .box_w = 16, .box_h = 22, .ofs_x = 1, .ofs_y = 0},
    {.bitmap_index = 2949, .adv_w = 291, .box_w = 16, .box_h = 22, .ofs_x = 1, .ofs_y = 0},
    {.bitmap_index = 3125, .adv_w = 291, .box_w = 16, .box_h = 22, .ofs_x = 1, .ofs_y = 0},
    {.bitmap_index = 3301, .adv_w = 291, .box_w = 16, .box_h = 22, .ofs_x = 1, .ofs_y = 0},
    {.bitmap_index = 3477, .adv_w = 136, .box_w = 5, .box_h = 17, .ofs_x = 2, .ofs_y = 0},
    {.bitmap_index = 3520, .adv_w = 122, .box_w = 7, .box_h = 23, .ofs_x = 0, .ofs_y = -6},
    {.bitmap_index = 3601, .adv_w = 260, .box_w = 15, .box_h = 15, .ofs_x = 0, .ofs_y = 2},
    {.bitmap_index = 3714, .adv_w = 287, .box_w = 14, .box_h = 10, .ofs_x = 2, .ofs_y = 5},
    {.bitmap_index = 3784, .adv_w = 267, .box_w = 14, .box_h = 15, .ofs_x = 2, .ofs_y = 2},
    {.bitmap_index = 3889, .adv_w = 249, .box_w = 15, .box_h = 22, .ofs_x = 0, .ofs_y = 0},
    {.bitmap_index = 4054, .adv_w = 458, .box_w = 27, .box_h = 29, .ofs_x = 1, .ofs_y = -6},
    {.bitmap_index = 4446, .adv_w = 341, .box_w = 22, .box_h = 22, .ofs_x = 0, .ofs_y = 0},
    {.bitmap_index = 4688, .adv_w = 323, .box_w = 17, .box_h = 22, .ofs_x = 2, .ofs_y = 0},
    {.bitmap_index = 4875, .adv_w = 334, .box_w = 19, .box_h = 22, .ofs_x = 1, .ofs_y = 0},
    {.bitmap_index = 5084, .adv_w = 335, .box_w = 18, .box_h = 22, .ofs_x = 2, .ofs_y = 0},
    {.bitmap_index = 5282, .adv_w = 290, .box_w = 16, .box_h = 22, .ofs_x = 2, .ofs_y = 0},
    {.bitmap_index = 5458, .adv_w = 281, .box_w = 15, .box_h = 22, .ofs_x = 2, .ofs_y = 0},
    {.bitmap_index = 5623, .adv_w = 349, .box_w = 19, .box_h = 22, .ofs_x = 1, .ofs_y = 0},
    {.bitmap_index = 5832, .adv_w = 364, .box_w = 19, .box_h = 22, .ofs_x = 2, .ofs_y = 0},
    {.bitmap_index = 6041, .adv_w = 145, .box_w = 5, .box_h = 22, .ofs_x = 2, .ofs_y = 0},
    {.bitmap_index = 6096, .adv_w = 284, .box_w = 16, .box_h = 22, .ofs_x = 0, .ofs_y = 0},
    {.bitmap_index = 6272, .adv_w = 323, .box_w = 19, .box_h = 22, .ofs_x = 2, .ofs_y = 0},
    {.bitmap_index = 6481, .adv_w = 277, .box_w = 15, .box_h = 22, .ofs_x = 2, .ofs_y = 0},
    {.bitmap_index = 6646, .adv_w = 448, .box_w = 24, .box_h = 22, .ofs_x = 2, .ofs_y = 0},
    {.bitmap_index = 6910, .adv_w = 364, .box_w = 19, .box_h = 22, .ofs_x = 2, .ofs_y = 0},
    {.bitmap_index = 7119, .adv_w = 354, .box_w = 20, .box_h = 22, .ofs_x = 1, .ofs_y = 0},
    {.bitmap_index = 7339, .adv_w = 327, .box_w = 18, .box_h = 22, .ofs_x = 2, .ofs_y = 0},
    {.bitmap_index = 7537, .adv_w = 354, .box_w = 20, .box_h = 26, .ofs_x = 1, .ofs_y = -4},
    {.bitmap_index = 7797, .adv_w = 320, .box_w = 18, .box_h = 22, .ofs_x = 2, .ofs_y = 0},
    {.bitmap_index = 7995, .adv_w = 309, .box_w = 18, .box_h = 22, .ofs_x = 1, .ofs_y = 0},
    {.bitmap_index = 8193, .adv_w = 311, .box_w = 19, .box_h = 22, .ofs_x = 0, .ofs_y = 0},
    {.bitmap_index = 8402, .adv_w = 334, .box_w = 18, .box_h = 22, .ofs_x = 1, .ofs_y = 0},
    {.bitmap_index = 8600, .adv_w = 331, .box_w = 21, .box_h = 22, .ofs_x = 0, .ofs_y = 0},
    {.bitmap_index = 8831, .adv_w = 451, .box_w = 28, .box_h = 22, .ofs_x = 0, .ofs_y = 0},
    {.bitmap_index = 9139, .adv_w = 324, .box_w = 20, .box_h = 22, .ofs_x = 0, .ofs_y = 0},
    {.bitmap_index = 9359, .adv_w = 312, .box_w = 20, .box_h = 22, .ofs_x = 0, .ofs_y = 0},
    {.bitmap_index = 9579, .adv_w = 308, .box_w = 18, .box_h = 22, .ofs_x = 1, .ofs_y = 0},
    {.bitmap_index = 9777, .adv_w = 140, .box_w = 7, .box_h = 31, .ofs_x = 2, .ofs_y = -5},
    {.bitmap_index = 9886, .adv_w = 214, .box_w = 14, .box_h = 25, .ofs_x = 0, .ofs_y = -3},
    {.bitmap_index = 10061, .adv_w = 140, .box_w = 7, .box_h = 31, .ofs_x = 0, .ofs_y = -5},
    {.bitmap_index = 10170, .adv_w = 219, .box_w = 13, .box_h = 11, .ofs_x = 0, .ofs_y = 11},
    {.bitmap_index = 10242, .adv_w = 231, .box_w = 15, .box_h = 3, .ofs_x = 0, .ofs_y = -3},
    {.bitmap_index = 10265, .adv_w = 165, .box_w = 9, .box_h = 5, .ofs_x = 0, .ofs_y = 19},
    {.bitmap_index = 10288, .adv_w = 277, .box_w = 15, .box_h = 17, .ofs_x = 1, .ofs_y = 0},
    {.bitmap_index = 10416, .adv_w = 288, .box_w = 16, .box_h = 23, .ofs_x = 1, .ofs_y = 0},
    {.bitmap_index = 10600, .adv_w = 268, .box_w = 15, .box_h = 17, .ofs_x = 1, .ofs_y = 0},
    {.bitmap_index = 10728, .adv_w = 289, .box_w = 16, .box_h = 23, .ofs_x = 1, .ofs_y = 0},
    {.bitmap_index = 10912, .adv_w = 275, .box_w = 16, .box_h = 17, .ofs_x = 1, .ofs_y = 0},
    {.bitmap_index = 11048, .adv_w = 182, .box_w = 12, .box_h = 24, .ofs_x = 0, .ofs_y = 0},
    {.bitmap_index = 11192, .adv_w = 290, .box_w = 16, .box_h = 23, .ofs_x = 1, .ofs_y = -6},
    {.bitmap_index = 11376, .adv_w = 284, .box_w = 15, .box_h = 23, .ofs_x = 1, .ofs_y = 0},
    {.bitmap_index = 11549, .adv_w = 131, .box_w = 6, .box_h = 22, .ofs_x = 1, .ofs_y = 0},
    {.bitmap_index = 11615, .adv_w = 128, .box_w = 9, .box_h = 28, .ofs_x = -2, .ofs_y = -6},
    {.bitmap_index = 11741, .adv_w = 267, .box_w = 16, .box_h = 23, .ofs_x = 1, .ofs_y = 0},
    {.bitmap_index = 11925, .adv_w = 131, .box_w = 4, .box_h = 23, .ofs_x = 2, .ofs_y = 0},
    {.bitmap_index = 11971, .adv_w = 446, .box_w = 25, .box_h = 17, .ofs_x = 1, .ofs_y = 0},
    {.bitmap_index = 12184, .adv_w = 285, .box_w = 15, .box_h = 17, .ofs_x = 1, .ofs_y = 0},
    {.bitmap_index = 12312, .adv_w = 292, .box_w = 16, .box_h = 17, .ofs_x = 1, .ofs_y = 0},
    {.bitmap_index = 12448, .adv_w = 288, .box_w = 16, .box_h = 23, .ofs_x = 1, .ofs_y = -6},
    {.bitmap_index = 12632, .adv_w = 291, .box_w = 16, .box_h = 23, .ofs_x = 1, .ofs_y = -6},
    {.bitmap_index = 12816, .adv_w = 180, .box_w = 10, .box_h = 17, .ofs_x = 1, .ofs_y = 0},
    {.bitmap_index = 12901, .adv_w = 264, .box_w = 15, .box_h = 17, .ofs_x = 1, .ofs_y = 0},
    {.bitmap_index = 13029, .adv_w = 170, .box_w = 10, .box_h = 21, .ofs_x = 0, .ofs_y = 0},
    {.bitmap_index = 13134, .adv_w = 285, .box_w = 15, .box_h = 17, .ofs_x = 1, .ofs_y = 0},
    {.bitmap_index = 13262, .adv_w = 253, .box_w = 16, .box_h = 17, .ofs_x = 0, .ofs_y = 0},
    {.bitmap_index = 13398, .adv_w = 381, .box_w = 24, .box_h = 17, .ofs_x = 0, .ofs_y = 0},
    {.bitmap_index = 13602, .adv_w = 258, .box_w = 16, .box_h = 17, .ofs_x = 0, .ofs_y = 0},
    {.bitmap_index = 13738, .adv_w = 249, .box_w = 16, .box_h = 23, .ofs_x = 0, .ofs_y = -6},
    {.bitmap_index = 13922, .adv_w = 258, .box_w = 14, .box_h = 17, .ofs_x = 1, .ofs_y = 0},
    {.bitmap_index = 14041, .adv_w = 172, .box_w = 11, .box_h = 31, .ofs_x = 0, .ofs_y = -6},
    {.bitmap_index = 14212, .adv_w = 129, .box_w = 4, .box_h = 27, .ofs_x = 2, .ofs_y = -5},
    {.bitmap_index = 14266, .adv_w = 172, .box_w = 10, .box_h = 31, .ofs_x = 0, .ofs_y = -6},
    {.bitmap_index = 14421, .adv_w = 340, .box_w = 19, .box_h = 7, .ofs_x = 1, .ofs_y = 6},
    {.bitmap_index = 14488, .adv_w = 195, .box_w = 10, .box_h = 9, .ofs_x = 1, .ofs_y = 15},
    {.bitmap_index = 14533, .adv_w = 179, .box_w = 8, .box_h = 8, .ofs_x = 2, .ofs_y = 8}
};

/*---------------------
 *  CHARACTER MAPPING
 *--------------------*/

static const uint16_t unicode_list_1[] = {
    0x0, 0x1f72
};

/*Collect the unicode lists and glyph_id offsets*/
static const lv_font_fmt_txt_cmap_t cmaps[] =
{
    {
        .range_start = 32, .range_length = 95, .glyph_id_start = 1,
        .unicode_list = NULL, .glyph_id_ofs_list = NULL, .list_length = 0, .type = LV_FONT_FMT_TXT_CMAP_FORMAT0_TINY
    },
    {
        .range_start = 176, .range_length = 8051, .glyph_id_start = 96,
        .unicode_list = unicode_list_1, .glyph_id_ofs_list = NULL, .list_length = 2, .type = LV_FONT_FMT_TXT_CMAP_SPARSE_TINY
    }
};

/*-----------------
 *    KERNING
 *----------------*/


/*Pair left and right glyphs for kerning*/
static const uint8_t kern_pair_glyph_ids[] =
{
    1, 53,
    3, 3,
    3, 8,
    3, 34,
    3, 66,
    3, 68,
    3, 79,
    3, 80,
    3, 84,
    3, 88,
    8, 3,
    8, 8,
    8, 34,
    8, 66,
    8, 68,
    8, 79,
    8, 80,
    8, 84,
    8, 88,
    9, 55,
    9, 56,
    9, 58,
    13, 3,
    13, 8,
    15, 3,
    15, 8,
    16, 16,
    34, 3,
    34, 8,
    34, 32,
    34, 48,
    34, 53,
    34, 54,
    34, 55,
    34, 56,
    34, 58,
    34, 79,
    34, 80,
    34, 85,
    34, 86,
    34, 87,
    34, 88,
    34, 91,
    35, 53,
    35, 55,
    35, 58,
    36, 10,
    36, 53,
    36, 62,
    36, 94,
    38, 53,
    38, 68,
    38, 71,
    38, 80,
    38, 86,
    38, 87,
    38, 88,
    39, 13,
    39, 15,
    39, 34,
    39, 43,
    39, 53,
    39, 66,
    39, 68,
    39, 80,
    39, 83,
    39, 86,
    39, 87,
    41, 34,
    41, 53,
    41, 57,
    41, 58,
    44, 14,
    44, 48,
    44, 68,
    44, 80,
    44, 86,
    44, 87,
    44, 88,
    45, 3,
    45, 8,
    45, 34,
    45, 48,
    45, 53,
    45, 54,
    45, 55,
    45, 56,
    45, 58,
    45, 86,
    45, 87,
    45, 88,
    48, 13,
    48, 15,
    48, 34,
    48, 53,
    48, 55,
    48, 57,
    48, 58,
    48, 59,
    49, 13,
    49, 15,
    49, 34,
    49, 43,
    49, 57,
    49, 59,
    49, 66,
    49, 68,
    49, 80,
    49, 85,
    49, 87,
    50, 53,
    50, 55,
    50, 56,
    50, 58,
    51, 53,
    51, 55,
    51, 58,
    53, 1,
    53, 13,
    53, 14,
    53, 15,
    53, 34,
    53, 43,
    53, 48,
    53, 52,
    53, 53,
    53, 55,
    53, 56,
    53, 58,
    53, 66,
    53, 68,
    53, 79,
    53, 80,
    53, 83,
    53, 84,
    53, 86,
    53, 87,
    53, 88,
    53, 89,
    53, 91,
    54, 34,
    55, 10,
    55, 13,
    55, 14,
    55, 15,
    55, 34,
    55, 48,
    55, 62,
    55, 66,
    55, 68,
    55, 80,
    55, 83,
    55, 86,
    55, 87,
    55, 94,
    56, 10,
    56, 13,
    56, 14,
    56, 15,
    56, 34,
    56, 53,
    56, 62,
    56, 66,
    56, 68,
    56, 80,
    56, 83,
    56, 86,
    56, 94,
    57, 14,
    57, 48,
    57, 55,
    57, 68,
    57, 80,
    57, 86,
    57, 87,
    58, 7,
    58, 10,
    58, 11,
    58, 13,
    58, 14,
    58, 15,
    58, 34,
    58, 43,
    58, 48,
    58, 52,
    58, 53,
    58, 54,
    58, 55,
    58, 56,
    58, 57,
    58, 58,
    58, 62,
    58, 66,
    58, 68,
    58, 71,
    58, 79,
    58, 80,
    58, 83,
    58, 84,
    58, 85,
    58, 86,
    58, 87,
    58, 89,
    58, 91,
    58, 94,
    58, 97,
    59, 34,
    59, 48,
    59, 68,
    59, 80,
    59, 86,
    59, 87,
    59, 88,
    60, 43,
    60, 54,
    66, 3,
    66, 8,
    66, 87,
    67, 3,
    67, 8,
    67, 87,
    67, 89,
    67, 91,
    68, 3,
    68, 8,
    70, 3,
    70, 8,
    70, 87,
    71, 3,
    71, 8,
    71, 10,
    71, 62,
    71, 68,
    71, 94,
    76, 68,
    79, 3,
    79, 8,
    80, 3,
    80, 8,
    80, 87,
    80, 89,
    80, 91,
    83, 3,
    83, 8,
    83, 13,
    83, 15,
    83, 66,
    83, 68,
    83, 71,
    83, 80,
    83, 85,
    83, 87,
    83, 88,
    85, 80,
    87, 3,
    87, 8,
    87, 13,
    87, 15,
    87, 66,
    87, 68,
    87, 71,
    87, 80,
    88, 13,
    88, 15,
    89, 68,
    89, 80,
    91, 68,
    91, 80,
    92, 43,
    92, 54
};

/* Kerning between the respective left and right glyphs
 * 4.4 format which needs to scaled with `kern_scale`*/
static const int8_t kern_pair_values[] =
{
    -15, -9, -9, -30, -12, -15, -5, -23,
    -23, 3, -9, -9, -30, -12, -15, -5,
    -23, -23, 3, 5, 10, 6, -71, -71,
    -71, -71, -62, -30, -30, -20, -5, -30,
    -4, -19, -10, -37, -12, -3, -4, -3,
    -12, -8, 3, -7, -6, -14, -6, -7,
    -3, -4, 5, -5, -4, -5, -4, -6,
    -5, -68, -68, -48, -52, 5, -8, -5,
    -5, -6, -5, -6, 5, -7, 4, -7,
    -41, -8, -6, -7, -6, -10, -16, -72,
    -72, 5, -16, -51, -6, -51, -23, -70,
    -3, -31, -13, -30, -30, -5, -21, -5,
    -5, -11, -6, -101, -101, -44, -46, -13,
    -9, -3, -3, -3, 4, 4, -8, -7,
    -5, -9, -12, -5, -12, -15, -64, -68,
    -64, -30, -54, -7, -4, 4, 4, 4,
    4, -42, -22, -22, -52, -16, -19, -16,
    -20, -12, -19, -15, -5, 5, -54, -39,
    -54, -19, -3, 4, -11, -11, -11, -7,
    -7, -3, 5, 4, -36, -15, -36, -11,
    4, 3, -8, -8, -8, -5, -5, 4,
    -39, -6, 4, -6, -5, -5, -8, -7,
    5, -12, -58, -38, -58, -37, -24, -7,
    -4, 4, -24, 5, 4, 3, 5, 5,
    -16, -16, -5, -10, -16, -10, -14, -5,
    -10, -5, -6, -7, 5, -11, 3, -6,
    -5, -5, -5, -7, -7, -4, -4, -4,
    -4, -4, -7, -7, -3, -4, -4, -3,
    -3, -3, -3, -3, 4, 4, 5, 5,
    -6, 5, -5, -20, -20, -22, -22, -4,
    -5, -4, 4, 4, -43, -43, -7, -5,
    5, -9, 13, 5, 4, -7, 4, 4,
    -42, -42, -4, -3, 3, -4, -31, -31,
    -5, -10, -4, -4, -5, -5
};

/*Collect the kern pair's data in one place*/
static const lv_font_fmt_txt_kern_pair_t kern_pairs =
{
    .glyph_ids = kern_pair_glyph_ids,
    .values = kern_pair_values,
    .pair_cnt = 270,
    .glyph_ids_size = 0
};

/*--------------------
 *  ALL CUSTOM DATA
 *--------------------*/

#if LVGL_VERSION_MAJOR == 8
/*Store all the custom data of the font*/
static  lv_font_fmt_txt_glyph_cache_t cache;
#endif

#if LVGL_VERSION_MAJOR >= 8
static const lv_font_fmt_txt_dsc_t font_dsc = {
#else
static lv_font_fmt_txt_dsc_t font_dsc = {
#endif
    .glyph_bitmap = glyph_bitmap,
    .glyph_dsc = glyph_dsc,
    .cmaps = cmaps,
    .kern_dsc = &kern_pairs,
    .kern_scale = 16,
    .cmap_num = 2,
    .bpp = 4,
    .kern_classes = 0,
    .bitmap_format = 0,
#if LVGL_VERSION_MAJOR == 8
    .cache = &cache
#endif
};



/*-----------------
 *  PUBLIC FONT
 *----------------*/

/*Initialize a public general font descriptor*/
#if LVGL_VERSION_MAJOR >= 8
const lv_font_t lv_font_roboto_32 = {
#else
lv_font_t lv_font_roboto_32 = {
#endif
    .get_glyph_dsc = lv_font_get_glyph_dsc_fmt_txt,    /*Function pointer to get glyph's data*/
    .get_glyph_bitmap = lv_font_get_bitmap_fmt_txt,    /*Function pointer to get glyph's bitmap*/
    .line_height = 35,          /*The maximum line height required by the font*/
    .base_line = 8,             /*Baseline measured from the bottom of the line*/
#if !(LVGL_VERSION_MAJOR == 6 && LVGL_VERSION_MINOR == 0)
    .subpx = LV_FONT_SUBPX_NONE,
#endif
#if LV_VERSION_CHECK(7, 4, 0) || LVGL_VERSION_MAJOR >= 8
    .underline_position = -2,
    .underline_thickness = 2,
#endif
    .dsc = &font_dsc,          /*The custom font data. Will be accessed by `get_glyph_bitmap/dsc` */
#if LV_VERSION_CHECK(8, 2, 0) || LVGL_VERSION_MAJOR >= 9
    .fallback = NULL,
#endif
    .user_data = NULL,
};



#endif /*#if LV_FONT_ROBOTO_32*/

