124   openat(AT_FDCWD, "/usr/local/Qt4.7.4/lib/tls/v7l/neon/vfp/libcrypt.so.1", O_RDONLY|O_CLOEXEC) = -1 ENOENT (No such file or directory)
124   openat(AT_FDCWD, "/usr/local/Qt4.7.4/lib/tls/v7l/neon/libcrypt.so.1", O_RDONLY|O_CLOEXEC) = -1 ENOENT (No such file or directory)
124   openat(AT_FDCWD, "/usr/local/Qt4.7.4/lib/tls/v7l/vfp/libcrypt.so.1", O_RDONLY|O_CLOEXEC) = -1 ENOENT (No such file or directory)
124   openat(AT_FDCWD, "/usr/local/Qt4.7.4/lib/tls/v7l/libcrypt.so.1", O_RDONLY|O_CLOEXEC) = -1 ENOENT (No such file or directory)
124   openat(AT_FDCWD, "/usr/local/Qt4.7.4/lib/tls/neon/vfp/libcrypt.so.1", O_RDONLY|O_CLOEXEC) = -1 ENOENT (No such file or directory)
124   openat(AT_FDCWD, "/usr/local/Qt4.7.4/lib/tls/neon/libcrypt.so.1", O_RDONLY|O_CLOEXEC) = -1 ENOENT (No such file or directory)
124   openat(AT_FDCWD, "/usr/local/Qt4.7.4/lib/tls/vfp/libcrypt.so.1", O_RDONLY|O_CLOEXEC) = -1 ENOENT (No such file or directory)
124   openat(AT_FDCWD, "/usr/local/Qt4.7.4/lib/tls/libcrypt.so.1", O_RDONLY|O_CLOEXEC) = -1 ENOENT (No such file or directory)
124   openat(AT_FDCWD, "/usr/local/Qt4.7.4/lib/v7l/neon/vfp/libcrypt.so.1", O_RDONLY|O_CLOEXEC) = -1 ENOENT (No such file or directory)
124   openat(AT_FDCWD, "/usr/local/Qt4.7.4/lib/v7l/neon/libcrypt.so.1", O_RDONLY|O_CLOEXEC) = -1 ENOENT (No such file or directory)
124   openat(AT_FDCWD, "/usr/local/Qt4.7.4/lib/v7l/vfp/libcrypt.so.1", O_RDONLY|O_CLOEXEC) = -1 ENOENT (No such file or directory)
124   openat(AT_FDCWD, "/usr/local/Qt4.7.4/lib/v7l/libcrypt.so.1", O_RDONLY|O_CLOEXEC) = -1 ENOENT (No such file or directory)
124   openat(AT_FDCWD, "/usr/local/Qt4.7.4/lib/neon/vfp/libcrypt.so.1", O_RDONLY|O_CLOEXEC) = -1 ENOENT (No such file or directory)
124   openat(AT_FDCWD, "/usr/local/Qt4.7.4/lib/neon/libcrypt.so.1", O_RDONLY|O_CLOEXEC) = -1 ENOENT (No such file or directory)
124   openat(AT_FDCWD, "/usr/local/Qt4.7.4/lib/vfp/libcrypt.so.1", O_RDONLY|O_CLOEXEC) = -1 ENOENT (No such file or directory)
124   openat(AT_FDCWD, "/usr/local/Qt4.7.4/lib/libcrypt.so.1", O_RDONLY|O_CLOEXEC) = -1 ENOENT (No such file or directory)
124   openat(AT_FDCWD, "/usr//lib/tls/v7l/neon/vfp/libcrypt.so.1", O_RDONLY|O_CLOEXEC) = -1 ENOENT (No such file or directory)
124   openat(AT_FDCWD, "/usr//lib/tls/v7l/neon/libcrypt.so.1", O_RDONLY|O_CLOEXEC) = -1 ENOENT (No such file or directory)
124   openat(AT_FDCWD, "/usr//lib/tls/v7l/vfp/libcrypt.so.1", O_RDONLY|O_CLOEXEC) = -1 ENOENT (No such file or directory)
124   openat(AT_FDCWD, "/usr//lib/tls/v7l/libcrypt.so.1", O_RDONLY|O_CLOEXEC) = -1 ENOENT (No such file or directory)
124   openat(AT_FDCWD, "/usr//lib/tls/neon/vfp/libcrypt.so.1", O_RDONLY|O_CLOEXEC) = -1 ENOENT (No such file or directory)
124   openat(AT_FDCWD, "/usr//lib/tls/neon/libcrypt.so.1", O_RDONLY|O_CLOEXEC) = -1 ENOENT (No such file or directory)
124   openat(AT_FDCWD, "/usr//lib/tls/vfp/libcrypt.so.1", O_RDONLY|O_CLOEXEC) = -1 ENOENT (No such file or directory)
124   openat(AT_FDCWD, "/usr//lib/tls/libcrypt.so.1", O_RDONLY|O_CLOEXEC) = -1 ENOENT (No such file or directory)
124   openat(AT_FDCWD, "/usr//lib/v7l/neon/vfp/libcrypt.so.1", O_RDONLY|O_CLOEXEC) = -1 ENOENT (No such file or directory)
124   openat(AT_FDCWD, "/usr//lib/v7l/neon/libcrypt.so.1", O_RDONLY|O_CLOEXEC) = -1 ENOENT (No such file or directory)
124   openat(AT_FDCWD, "/usr//lib/v7l/vfp/libcrypt.so.1", O_RDONLY|O_CLOEXEC) = -1 ENOENT (No such file or directory)
124   openat(AT_FDCWD, "/usr//lib/v7l/libcrypt.so.1", O_RDONLY|O_CLOEXEC) = -1 ENOENT (No such file or directory)
124   openat(AT_FDCWD, "/usr//lib/neon/vfp/libcrypt.so.1", O_RDONLY|O_CLOEXEC) = -1 ENOENT (No such file or directory)
124   openat(AT_FDCWD, "/usr//lib/neon/libcrypt.so.1", O_RDONLY|O_CLOEXEC) = -1 ENOENT (No such file or directory)
124   openat(AT_FDCWD, "/usr//lib/vfp/libcrypt.so.1", O_RDONLY|O_CLOEXEC) = -1 ENOENT (No such file or directory)
124   openat(AT_FDCWD, "/usr//lib/libcrypt.so.1", O_RDONLY|O_CLOEXEC) = -1 ENOENT (No such file or directory)
124   openat(AT_FDCWD, "/usr/lib/tls/v7l/neon/vfp/libcrypt.so.1", O_RDONLY|O_CLOEXEC) = -1 ENOENT (No such file or directory)
124   openat(AT_FDCWD, "/usr/lib/tls/v7l/neon/libcrypt.so.1", O_RDONLY|O_CLOEXEC) = -1 ENOENT (No such file or directory)
124   openat(AT_FDCWD, "/usr/lib/tls/v7l/vfp/libcrypt.so.1", O_RDONLY|O_CLOEXEC) = -1 ENOENT (No such file or directory)
124   openat(AT_FDCWD, "/usr/lib/tls/v7l/libcrypt.so.1", O_RDONLY|O_CLOEXEC) = -1 ENOENT (No such file or directory)
124   openat(AT_FDCWD, "/usr/lib/tls/neon/vfp/libcrypt.so.1", O_RDONLY|O_CLOEXEC) = -1 ENOENT (No such file or directory)
124   openat(AT_FDCWD, "/usr/lib/tls/neon/libcrypt.so.1", O_RDONLY|O_CLOEXEC) = -1 ENOENT (No such file or directory)
124   openat(AT_FDCWD, "/usr/lib/tls/vfp/libcrypt.so.1", O_RDONLY|O_CLOEXEC) = -1 ENOENT (No such file or directory)
124   openat(AT_FDCWD, "/usr/lib/tls/libcrypt.so.1", O_RDONLY|O_CLOEXEC) = -1 ENOENT (No such file or directory)
124   openat(AT_FDCWD, "/usr/lib/v7l/neon/vfp/libcrypt.so.1", O_RDONLY|O_CLOEXEC) = -1 ENOENT (No such file or directory)
124   openat(AT_FDCWD, "/usr/lib/v7l/neon/libcrypt.so.1", O_RDONLY|O_CLOEXEC) = -1 ENOENT (No such file or directory)
124   openat(AT_FDCWD, "/usr/lib/v7l/vfp/libcrypt.so.1", O_RDONLY|O_CLOEXEC) = -1 ENOENT (No such file or directory)
124   openat(AT_FDCWD, "/usr/lib/v7l/libcrypt.so.1", O_RDONLY|O_CLOEXEC) = -1 ENOENT (No such file or directory)
124   openat(AT_FDCWD, "/usr/lib/neon/vfp/libcrypt.so.1", O_RDONLY|O_CLOEXEC) = -1 ENOENT (No such file or directory)
124   openat(AT_FDCWD, "/usr/lib/neon/libcrypt.so.1", O_RDONLY|O_CLOEXEC) = -1 ENOENT (No such file or directory)
124   openat(AT_FDCWD, "/usr/lib/vfp/libcrypt.so.1", O_RDONLY|O_CLOEXEC) = -1 ENOENT (No such file or directory)
124   openat(AT_FDCWD, "/usr/lib/libcrypt.so.1", O_RDONLY|O_CLOEXEC) = -1 ENOENT (No such file or directory)
124   openat(AT_FDCWD, "tls/v7l/neon/vfp/libcrypt.so.1", O_RDONLY|O_CLOEXEC) = -1 ENOENT (No such file or directory)
124   openat(AT_FDCWD, "tls/v7l/neon/libcrypt.so.1", O_RDONLY|O_CLOEXEC) = -1 ENOENT (No such file or directory)
124   openat(AT_FDCWD, "tls/v7l/vfp/libcrypt.so.1", O_RDONLY|O_CLOEXEC) = -1 ENOENT (No such file or directory)
124   openat(AT_FDCWD, "tls/v7l/libcrypt.so.1", O_RDONLY|O_CLOEXEC) = -1 ENOENT (No such file or directory)
124   openat(AT_FDCWD, "tls/neon/vfp/libcrypt.so.1", O_RDONLY|O_CLOEXEC) = -1 ENOENT (No such file or directory)
124   openat(AT_FDCWD, "tls/neon/libcrypt.so.1", O_RDONLY|O_CLOEXEC) = -1 ENOENT (No such file or directory)
124   openat(AT_FDCWD, "tls/vfp/libcrypt.so.1", O_RDONLY|O_CLOEXEC) = -1 ENOENT (No such file or directory)
124   openat(AT_FDCWD, "tls/libcrypt.so.1", O_RDONLY|O_CLOEXEC) = -1 ENOENT (No such file or directory)
124   openat(AT_FDCWD, "v7l/neon/vfp/libcrypt.so.1", O_RDONLY|O_CLOEXEC) = -1 ENOENT (No such file or directory)
124   openat(AT_FDCWD, "v7l/neon/libcrypt.so.1", O_RDONLY|O_CLOEXEC) = -1 ENOENT (No such file or directory)
124   openat(AT_FDCWD, "v7l/vfp/libcrypt.so.1", O_RDONLY|O_CLOEXEC) = -1 ENOENT (No such file or directory)
124   openat(AT_FDCWD, "v7l/libcrypt.so.1", O_RDONLY|O_CLOEXEC) = -1 ENOENT (No such file or directory)
124   openat(AT_FDCWD, "neon/vfp/libcrypt.so.1", O_RDONLY|O_CLOEXEC) = -1 ENOENT (No such file or directory)
124   openat(AT_FDCWD, "neon/libcrypt.so.1", O_RDONLY|O_CLOEXEC) = -1 ENOENT (No such file or directory)
124   openat(AT_FDCWD, "vfp/libcrypt.so.1", O_RDONLY|O_CLOEXEC) = -1 ENOENT (No such file or directory)
124   openat(AT_FDCWD, "libcrypt.so.1", O_RDONLY|O_CLOEXEC) = -1 ENOENT (No such file or directory)
124   openat(AT_FDCWD, "/etc/ld.so.cache", O_RDONLY|O_CLOEXEC) = -1 ENOENT (No such file or directory)
124   openat(AT_FDCWD, "/lib/tls/v7l/neon/vfp/libcrypt.so.1", O_RDONLY|O_CLOEXEC) = -1 ENOENT (No such file or directory)
124   openat(AT_FDCWD, "/lib/tls/v7l/neon/libcrypt.so.1", O_RDONLY|O_CLOEXEC) = -1 ENOENT (No such file or directory)
124   openat(AT_FDCWD, "/lib/tls/v7l/vfp/libcrypt.so.1", O_RDONLY|O_CLOEXEC) = -1 ENOENT (No such file or directory)
124   openat(AT_FDCWD, "/lib/tls/v7l/libcrypt.so.1", O_RDONLY|O_CLOEXEC) = -1 ENOENT (No such file or directory)
124   openat(AT_FDCWD, "/lib/tls/neon/vfp/libcrypt.so.1", O_RDONLY|O_CLOEXEC) = -1 ENOENT (No such file or directory)
124   openat(AT_FDCWD, "/lib/tls/neon/libcrypt.so.1", O_RDONLY|O_CLOEXEC) = -1 ENOENT (No such file or directory)
124   openat(AT_FDCWD, "/lib/tls/vfp/libcrypt.so.1", O_RDONLY|O_CLOEXEC) = -1 ENOENT (No such file or directory)
124   openat(AT_FDCWD, "/lib/tls/libcrypt.so.1", O_RDONLY|O_CLOEXEC) = -1 ENOENT (No such file or directory)
124   openat(AT_FDCWD, "/lib/v7l/neon/vfp/libcrypt.so.1", O_RDONLY|O_CLOEXEC) = -1 ENOENT (No such file or directory)
124   openat(AT_FDCWD, "/lib/v7l/neon/libcrypt.so.1", O_RDONLY|O_CLOEXEC) = -1 ENOENT (No such file or directory)
124   openat(AT_FDCWD, "/lib/v7l/vfp/libcrypt.so.1", O_RDONLY|O_CLOEXEC) = -1 ENOENT (No such file or directory)
124   openat(AT_FDCWD, "/lib/v7l/libcrypt.so.1", O_RDONLY|O_CLOEXEC) = -1 ENOENT (No such file or directory)
124   openat(AT_FDCWD, "/lib/neon/vfp/libcrypt.so.1", O_RDONLY|O_CLOEXEC) = -1 ENOENT (No such file or directory)
124   openat(AT_FDCWD, "/lib/neon/libcrypt.so.1", O_RDONLY|O_CLOEXEC) = -1 ENOENT (No such file or directory)
124   openat(AT_FDCWD, "/lib/vfp/libcrypt.so.1", O_RDONLY|O_CLOEXEC) = -1 ENOENT (No such file or directory)
124   openat(AT_FDCWD, "/lib/libcrypt.so.1", O_RDONLY|O_CLOEXEC) = 3
124   openat(AT_FDCWD, "/usr/local/Qt4.7.4/lib/libc.so.6", O_RDONLY|O_CLOEXEC) = -1 ENOENT (No such file or directory)
124   openat(AT_FDCWD, "/usr//lib/libc.so.6", O_RDONLY|O_CLOEXEC) = -1 ENOENT (No such file or directory)
124   openat(AT_FDCWD, "/usr/lib/libc.so.6", O_RDONLY|O_CLOEXEC) = -1 ENOENT (No such file or directory)
124   openat(AT_FDCWD, "tls/v7l/neon/vfp/libc.so.6", O_RDONLY|O_CLOEXEC) = -1 ENOENT (No such file or directory)
124   openat(AT_FDCWD, "tls/v7l/neon/libc.so.6", O_RDONLY|O_CLOEXEC) = -1 ENOENT (No such file or directory)
124   openat(AT_FDCWD, "tls/v7l/vfp/libc.so.6", O_RDONLY|O_CLOEXEC) = -1 ENOENT (No such file or directory)
124   openat(AT_FDCWD, "tls/v7l/libc.so.6", O_RDONLY|O_CLOEXEC) = -1 ENOENT (No such file or directory)
124   openat(AT_FDCWD, "tls/neon/vfp/libc.so.6", O_RDONLY|O_CLOEXEC) = -1 ENOENT (No such file or directory)
124   openat(AT_FDCWD, "tls/neon/libc.so.6", O_RDONLY|O_CLOEXEC) = -1 ENOENT (No such file or directory)
124   openat(AT_FDCWD, "tls/vfp/libc.so.6", O_RDONLY|O_CLOEXEC) = -1 ENOENT (No such file or directory)
124   openat(AT_FDCWD, "tls/libc.so.6", O_RDONLY|O_CLOEXEC) = -1 ENOENT (No such file or directory)
124   openat(AT_FDCWD, "v7l/neon/vfp/libc.so.6", O_RDONLY|O_CLOEXEC) = -1 ENOENT (No such file or directory)
124   openat(AT_FDCWD, "v7l/neon/libc.so.6", O_RDONLY|O_CLOEXEC) = -1 ENOENT (No such file or directory)
124   openat(AT_FDCWD, "v7l/vfp/libc.so.6", O_RDONLY|O_CLOEXEC) = -1 ENOENT (No such file or directory)
124   openat(AT_FDCWD, "v7l/libc.so.6", O_RDONLY|O_CLOEXEC) = -1 ENOENT (No such file or directory)
124   openat(AT_FDCWD, "neon/vfp/libc.so.6", O_RDONLY|O_CLOEXEC) = -1 ENOENT (No such file or directory)
124   openat(AT_FDCWD, "neon/libc.so.6", O_RDONLY|O_CLOEXEC) = -1 ENOENT (No such file or directory)
124   openat(AT_FDCWD, "vfp/libc.so.6", O_RDONLY|O_CLOEXEC) = -1 ENOENT (No such file or directory)
124   openat(AT_FDCWD, "libc.so.6", O_RDONLY|O_CLOEXEC) = -1 ENOENT (No such file or directory)
124   openat(AT_FDCWD, "/lib/libc.so.6", O_RDONLY|O_CLOEXEC) = 3
124   openat(AT_FDCWD, "/usr/bin/start_msn_linuxfb", O_RDONLY|O_LARGEFILE) = 3
124   openat(AT_FDCWD, "/msnprofile/msnexport", O_RDONLY|O_LARGEFILE) = 3
124   openat(AT_FDCWD, "/usr/local/Qt4.7.4/lib/tls/v7l/neon/vfp/libpng15.so.15", O_RDONLY|O_CLOEXEC) = -1 ENOENT (No such file or directory)
124   openat(AT_FDCWD, "/usr/local/Qt4.7.4/lib/tls/v7l/neon/libpng15.so.15", O_RDONLY|O_CLOEXEC) = -1 ENOENT (No such file or directory)
124   openat(AT_FDCWD, "/usr/local/Qt4.7.4/lib/tls/v7l/vfp/libpng15.so.15", O_RDONLY|O_CLOEXEC) = -1 ENOENT (No such file or directory)
124   openat(AT_FDCWD, "/usr/local/Qt4.7.4/lib/tls/v7l/libpng15.so.15", O_RDONLY|O_CLOEXEC) = -1 ENOENT (No such file or directory)
124   openat(AT_FDCWD, "/usr/local/Qt4.7.4/lib/tls/neon/vfp/libpng15.so.15", O_RDONLY|O_CLOEXEC) = -1 ENOENT (No such file or directory)
124   openat(AT_FDCWD, "/usr/local/Qt4.7.4/lib/tls/neon/libpng15.so.15", O_RDONLY|O_CLOEXEC) = -1 ENOENT (No such file or directory)
124   openat(AT_FDCWD, "/usr/local/Qt4.7.4/lib/tls/vfp/libpng15.so.15", O_RDONLY|O_CLOEXEC) = -1 ENOENT (No such file or directory)
124   openat(AT_FDCWD, "/usr/local/Qt4.7.4/lib/tls/libpng15.so.15", O_RDONLY|O_CLOEXEC) = -1 ENOENT (No such file or directory)
124   openat(AT_FDCWD, "/usr/local/Qt4.7.4/lib/v7l/neon/vfp/libpng15.so.15", O_RDONLY|O_CLOEXEC) = -1 ENOENT (No such file or directory)
124   openat(AT_FDCWD, "/usr/local/Qt4.7.4/lib/v7l/neon/libpng15.so.15", O_RDONLY|O_CLOEXEC) = -1 ENOENT (No such file or directory)
124   openat(AT_FDCWD, "/usr/local/Qt4.7.4/lib/v7l/vfp/libpng15.so.15", O_RDONLY|O_CLOEXEC) = -1 ENOENT (No such file or directory)
124   openat(AT_FDCWD, "/usr/local/Qt4.7.4/lib/v7l/libpng15.so.15", O_RDONLY|O_CLOEXEC) = -1 ENOENT (No such file or directory)
124   openat(AT_FDCWD, "/usr/local/Qt4.7.4/lib/neon/vfp/libpng15.so.15", O_RDONLY|O_CLOEXEC) = -1 ENOENT (No such file or directory)
124   openat(AT_FDCWD, "/usr/local/Qt4.7.4/lib/neon/libpng15.so.15", O_RDONLY|O_CLOEXEC) = -1 ENOENT (No such file or directory)
124   openat(AT_FDCWD, "/usr/local/Qt4.7.4/lib/vfp/libpng15.so.15", O_RDONLY|O_CLOEXEC) = -1 ENOENT (No such file or directory)
124   openat(AT_FDCWD, "/usr/local/Qt4.7.4/lib/libpng15.so.15", O_RDONLY|O_CLOEXEC) = 3
124   openat(AT_FDCWD, "/usr/local/Qt4.7.4/lib/libjpeg.so.9", O_RDONLY|O_CLOEXEC) = 3
124   openat(AT_FDCWD, "/usr/local/Qt4.7.4/lib/libz.so.1", O_RDONLY|O_CLOEXEC) = 3
124   openat(AT_FDCWD, "/usr/local/Qt4.7.4/lib/libts-0.0.so.0", O_RDONLY|O_CLOEXEC) = 3
124   openat(AT_FDCWD, "/usr/local/Qt4.7.4/lib/libDetach.so", O_RDONLY|O_CLOEXEC) = 3
124   openat(AT_FDCWD, "/usr/local/Qt4.7.4/lib/libarkcmn.so", O_RDONLY|O_CLOEXEC) = -1 ENOENT (No such file or directory)
124   openat(AT_FDCWD, "/usr/lib/tls/v7l/neon/vfp/libarkcmn.so", O_RDONLY|O_CLOEXEC) = -1 ENOENT (No such file or directory)
124   openat(AT_FDCWD, "/usr/lib/tls/v7l/neon/libarkcmn.so", O_RDONLY|O_CLOEXEC) = -1 ENOENT (No such file or directory)
124   openat(AT_FDCWD, "/usr/lib/tls/v7l/vfp/libarkcmn.so", O_RDONLY|O_CLOEXEC) = -1 ENOENT (No such file or directory)
124   openat(AT_FDCWD, "/usr/lib/tls/v7l/libarkcmn.so", O_RDONLY|O_CLOEXEC) = -1 ENOENT (No such file or directory)
124   openat(AT_FDCWD, "/usr/lib/tls/neon/vfp/libarkcmn.so", O_RDONLY|O_CLOEXEC) = -1 ENOENT (No such file or directory)
124   openat(AT_FDCWD, "/usr/lib/tls/neon/libarkcmn.so", O_RDONLY|O_CLOEXEC) = -1 ENOENT (No such file or directory)
124   openat(AT_FDCWD, "/usr/lib/tls/vfp/libarkcmn.so", O_RDONLY|O_CLOEXEC) = -1 ENOENT (No such file or directory)
124   openat(AT_FDCWD, "/usr/lib/tls/libarkcmn.so", O_RDONLY|O_CLOEXEC) = -1 ENOENT (No such file or directory)
124   openat(AT_FDCWD, "/usr/lib/v7l/neon/vfp/libarkcmn.so", O_RDONLY|O_CLOEXEC) = -1 ENOENT (No such file or directory)
124   openat(AT_FDCWD, "/usr/lib/v7l/neon/libarkcmn.so", O_RDONLY|O_CLOEXEC) = -1 ENOENT (No such file or directory)
124   openat(AT_FDCWD, "/usr/lib/v7l/vfp/libarkcmn.so", O_RDONLY|O_CLOEXEC) = -1 ENOENT (No such file or directory)
124   openat(AT_FDCWD, "/usr/lib/v7l/libarkcmn.so", O_RDONLY|O_CLOEXEC) = -1 ENOENT (No such file or directory)
124   openat(AT_FDCWD, "/usr/lib/neon/vfp/libarkcmn.so", O_RDONLY|O_CLOEXEC) = -1 ENOENT (No such file or directory)
124   openat(AT_FDCWD, "/usr/lib/neon/libarkcmn.so", O_RDONLY|O_CLOEXEC) = -1 ENOENT (No such file or directory)
124   openat(AT_FDCWD, "/usr/lib/vfp/libarkcmn.so", O_RDONLY|O_CLOEXEC) = -1 ENOENT (No such file or directory)
124   openat(AT_FDCWD, "/usr/lib/libarkcmn.so", O_RDONLY|O_CLOEXEC) = 3
124   openat(AT_FDCWD, "/usr/local/Qt4.7.4/lib/libGAL.so", O_RDONLY|O_CLOEXEC) = -1 ENOENT (No such file or directory)
124   openat(AT_FDCWD, "/usr/lib/libGAL.so", O_RDONLY|O_CLOEXEC) = 3
124   openat(AT_FDCWD, "/usr/local/Qt4.7.4/lib/libusb-1.0.so.0", O_RDONLY|O_CLOEXEC) = -1 ENOENT (No such file or directory)
124   openat(AT_FDCWD, "/usr/lib/libusb-1.0.so.0", O_RDONLY|O_CLOEXEC) = 3
124   openat(AT_FDCWD, "/usr/local/Qt4.7.4/lib/libmfc.so", O_RDONLY|O_CLOEXEC) = -1 ENOENT (No such file or directory)
124   openat(AT_FDCWD, "/usr/lib/libmfc.so", O_RDONLY|O_CLOEXEC) = 3
124   openat(AT_FDCWD, "/usr/local/Qt4.7.4/lib/libcrypto.so.1.1", O_RDONLY|O_CLOEXEC) = -1 ENOENT (No such file or directory)
124   openat(AT_FDCWD, "/usr/lib/libcrypto.so.1.1", O_RDONLY|O_CLOEXEC) = 3
124   openat(AT_FDCWD, "/usr/local/Qt4.7.4/lib/libssl.so.1.1", O_RDONLY|O_CLOEXEC) = -1 ENOENT (No such file or directory)
124   openat(AT_FDCWD, "/usr/lib/libssl.so.1.1", O_RDONLY|O_CLOEXEC) = 3
124   openat(AT_FDCWD, "/usr/local/Qt4.7.4/lib/libarkadapt.so", O_RDONLY|O_CLOEXEC) = -1 ENOENT (No such file or directory)
124   openat(AT_FDCWD, "/usr/lib/libarkadapt.so", O_RDONLY|O_CLOEXEC) = 3
124   openat(AT_FDCWD, "/usr/local/Qt4.7.4/lib/libdmsdpaudiohandler.so", O_RDONLY|O_CLOEXEC) = -1 ENOENT (No such file or directory)
124   openat(AT_FDCWD, "/usr/lib/libdmsdpaudiohandler.so", O_RDONLY|O_CLOEXEC) = 3
124   openat(AT_FDCWD, "/usr/local/Qt4.7.4/lib/libnearby.so", O_RDONLY|O_CLOEXEC) = -1 ENOENT (No such file or directory)
124   openat(AT_FDCWD, "/usr/lib/libnearby.so", O_RDONLY|O_CLOEXEC) = 3
124   openat(AT_FDCWD, "/usr/local/Qt4.7.4/lib/libHwKeystoreSDK.so", O_RDONLY|O_CLOEXEC) = -1 ENOENT (No such file or directory)
124   openat(AT_FDCWD, "/usr/lib/libHwKeystoreSDK.so", O_RDONLY|O_CLOEXEC) = 3
124   openat(AT_FDCWD, "/usr/local/Qt4.7.4/lib/libhicar.so", O_RDONLY|O_CLOEXEC) = -1 ENOENT (No such file or directory)
124   openat(AT_FDCWD, "/usr/lib/libhicar.so", O_RDONLY|O_CLOEXEC) = 3
124   openat(AT_FDCWD, "/usr/local/Qt4.7.4/lib/libHisightSink.so", O_RDONLY|O_CLOEXEC) = -1 ENOENT (No such file or directory)
124   openat(AT_FDCWD, "/usr/lib/libHisightSink.so", O_RDONLY|O_CLOEXEC) = 3
124   openat(AT_FDCWD, "/usr/local/Qt4.7.4/lib/libauthagent.so", O_RDONLY|O_CLOEXEC) = -1 ENOENT (No such file or directory)
124   openat(AT_FDCWD, "/usr/lib/libauthagent.so", O_RDONLY|O_CLOEXEC) = 3
124   openat(AT_FDCWD, "/usr/local/Qt4.7.4/lib/libdmsdp.so", O_RDONLY|O_CLOEXEC) = -1 ENOENT (No such file or directory)
124   openat(AT_FDCWD, "/usr/lib/libdmsdp.so", O_RDONLY|O_CLOEXEC) = 3
124   openat(AT_FDCWD, "/usr/local/Qt4.7.4/lib/libmanagement.so", O_RDONLY|O_CLOEXEC) = -1 ENOENT (No such file or directory)
124   openat(AT_FDCWD, "/usr/lib/libmanagement.so", O_RDONLY|O_CLOEXEC) = 3
124   openat(AT_FDCWD, "/usr/local/Qt4.7.4/lib/libsecurec.so", O_RDONLY|O_CLOEXEC) = -1 ENOENT (No such file or directory)
124   openat(AT_FDCWD, "/usr/lib/libsecurec.so", O_RDONLY|O_CLOEXEC) = 3
124   openat(AT_FDCWD, "/usr/local/Qt4.7.4/lib/libHwDeviceAuthSDK.so", O_RDONLY|O_CLOEXEC) = -1 ENOENT (No such file or directory)
124   openat(AT_FDCWD, "/usr/lib/libHwDeviceAuthSDK.so", O_RDONLY|O_CLOEXEC) = 3
124   openat(AT_FDCWD, "/usr/local/Qt4.7.4/lib/libdmsdpcrypto.so", O_RDONLY|O_CLOEXEC) = -1 ENOENT (No such file or directory)
124   openat(AT_FDCWD, "/usr/lib/libdmsdpcrypto.so", O_RDONLY|O_CLOEXEC) = 3
124   openat(AT_FDCWD, "/usr/local/Qt4.7.4/lib/libdmsdpplatform.so", O_RDONLY|O_CLOEXEC) = -1 ENOENT (No such file or directory)
124   openat(AT_FDCWD, "/usr/lib/libdmsdpplatform.so", O_RDONLY|O_CLOEXEC) = 3
124   openat(AT_FDCWD, "/usr/local/Qt4.7.4/lib/libdmsdpsec.so", O_RDONLY|O_CLOEXEC) = -1 ENOENT (No such file or directory)
124   openat(AT_FDCWD, "/usr/lib/libdmsdpsec.so", O_RDONLY|O_CLOEXEC) = 3
124   openat(AT_FDCWD, "/usr/local/Qt4.7.4/lib/libdmsdpdvaudio.so", O_RDONLY|O_CLOEXEC) = -1 ENOENT (No such file or directory)
124   openat(AT_FDCWD, "/usr/lib/libdmsdpdvaudio.so", O_RDONLY|O_CLOEXEC) = 3
124   openat(AT_FDCWD, "/usr/local/Qt4.7.4/lib/libdmsdpdvinterface.so", O_RDONLY|O_CLOEXEC) = -1 ENOENT (No such file or directory)
124   openat(AT_FDCWD, "/usr/lib/libdmsdpdvinterface.so", O_RDONLY|O_CLOEXEC) = 3
124   openat(AT_FDCWD, "/usr/local/Qt4.7.4/lib/libdmsdphisight.so", O_RDONLY|O_CLOEXEC) = -1 ENOENT (No such file or directory)
124   openat(AT_FDCWD, "/usr/lib/libdmsdphisight.so", O_RDONLY|O_CLOEXEC) = 3
124   openat(AT_FDCWD, "/usr/local/Qt4.7.4/lib/libdmsdpdvcamera.so", O_RDONLY|O_CLOEXEC) = -1 ENOENT (No such file or directory)
124   openat(AT_FDCWD, "/usr/lib/libdmsdpdvcamera.so", O_RDONLY|O_CLOEXEC) = 3
124   openat(AT_FDCWD, "/usr/local/Qt4.7.4/lib/libdmsdpdvdevice.so", O_RDONLY|O_CLOEXEC) = -1 ENOENT (No such file or directory)
124   openat(AT_FDCWD, "/usr/lib/libdmsdpdvdevice.so", O_RDONLY|O_CLOEXEC) = 3
124   openat(AT_FDCWD, "/usr/local/Qt4.7.4/lib/libdmsdpdvgps.so", O_RDONLY|O_CLOEXEC) = -1 ENOENT (No such file or directory)
124   openat(AT_FDCWD, "/usr/lib/libdmsdpdvgps.so", O_RDONLY|O_CLOEXEC) = 3
124   openat(AT_FDCWD, "/usr/local/Qt4.7.4/lib/libMsnCommons.so", O_RDONLY|O_CLOEXEC) = -1 ENOENT (No such file or directory)
124   openat(AT_FDCWD, "/usr/lib/libMsnCommons.so", O_RDONLY|O_CLOEXEC) = 3
124   openat(AT_FDCWD, "/usr/local/Qt4.7.4/lib/libLinkLibs.so", O_RDONLY|O_CLOEXEC) = -1 ENOENT (No such file or directory)
124   openat(AT_FDCWD, "/usr/lib/libLinkLibs.so", O_RDONLY|O_CLOEXEC) = 3
124   openat(AT_FDCWD, "/usr/local/Qt4.7.4/lib/libwifimanager.so", O_RDONLY|O_CLOEXEC) = -1 ENOENT (No such file or directory)
124   openat(AT_FDCWD, "/usr/lib/libwifimanager.so", O_RDONLY|O_CLOEXEC) = 3
124   openat(AT_FDCWD, "/usr/local/Qt4.7.4/lib/libasound.so.2", O_RDONLY|O_CLOEXEC) = -1 ENOENT (No such file or directory)
124   openat(AT_FDCWD, "/usr/lib/libasound.so.2", O_RDONLY|O_CLOEXEC) = 3
124   openat(AT_FDCWD, "/usr/local/Qt4.7.4/lib/libdl.so.2", O_RDONLY|O_CLOEXEC) = -1 ENOENT (No such file or directory)
124   openat(AT_FDCWD, "/usr/lib/libdl.so.2", O_RDONLY|O_CLOEXEC) = -1 ENOENT (No such file or directory)
124   openat(AT_FDCWD, "/lib/tls/v7l/neon/vfp/libdl.so.2", O_RDONLY|O_CLOEXEC) = -1 ENOENT (No such file or directory)
124   openat(AT_FDCWD, "/lib/tls/v7l/neon/libdl.so.2", O_RDONLY|O_CLOEXEC) = -1 ENOENT (No such file or directory)
124   openat(AT_FDCWD, "/lib/tls/v7l/vfp/libdl.so.2", O_RDONLY|O_CLOEXEC) = -1 ENOENT (No such file or directory)
124   openat(AT_FDCWD, "/lib/tls/v7l/libdl.so.2", O_RDONLY|O_CLOEXEC) = -1 ENOENT (No such file or directory)
124   openat(AT_FDCWD, "/lib/tls/neon/vfp/libdl.so.2", O_RDONLY|O_CLOEXEC) = -1 ENOENT (No such file or directory)
124   openat(AT_FDCWD, "/lib/tls/neon/libdl.so.2", O_RDONLY|O_CLOEXEC) = -1 ENOENT (No such file or directory)
124   openat(AT_FDCWD, "/lib/tls/vfp/libdl.so.2", O_RDONLY|O_CLOEXEC) = -1 ENOENT (No such file or directory)
124   openat(AT_FDCWD, "/lib/tls/libdl.so.2", O_RDONLY|O_CLOEXEC) = -1 ENOENT (No such file or directory)
124   openat(AT_FDCWD, "/lib/v7l/neon/vfp/libdl.so.2", O_RDONLY|O_CLOEXEC) = -1 ENOENT (No such file or directory)
124   openat(AT_FDCWD, "/lib/v7l/neon/libdl.so.2", O_RDONLY|O_CLOEXEC) = -1 ENOENT (No such file or directory)
124   openat(AT_FDCWD, "/lib/v7l/vfp/libdl.so.2", O_RDONLY|O_CLOEXEC) = -1 ENOENT (No such file or directory)
124   openat(AT_FDCWD, "/lib/v7l/libdl.so.2", O_RDONLY|O_CLOEXEC) = -1 ENOENT (No such file or directory)
124   openat(AT_FDCWD, "/lib/neon/vfp/libdl.so.2", O_RDONLY|O_CLOEXEC) = -1 ENOENT (No such file or directory)
124   openat(AT_FDCWD, "/lib/neon/libdl.so.2", O_RDONLY|O_CLOEXEC) = -1 ENOENT (No such file or directory)
124   openat(AT_FDCWD, "/lib/vfp/libdl.so.2", O_RDONLY|O_CLOEXEC) = -1 ENOENT (No such file or directory)
124   openat(AT_FDCWD, "/lib/libdl.so.2", O_RDONLY|O_CLOEXEC) = 3
124   openat(AT_FDCWD, "/usr/local/Qt4.7.4/lib/libQtDBus.so.4", O_RDONLY|O_CLOEXEC) = 3
124   openat(AT_FDCWD, "/usr/local/Qt4.7.4/lib/libQtXml.so.4", O_RDONLY|O_CLOEXEC) = 3
124   openat(AT_FDCWD, "/usr/local/Qt4.7.4/lib/libQtGui.so.4", O_RDONLY|O_CLOEXEC) = 3
124   openat(AT_FDCWD, "/usr/local/Qt4.7.4/lib/libQtNetwork.so.4", O_RDONLY|O_CLOEXEC) = 3
124   openat(AT_FDCWD, "/usr/local/Qt4.7.4/lib/libQtCore.so.4", O_RDONLY|O_CLOEXEC) = 3
124   openat(AT_FDCWD, "/usr/local/Qt4.7.4/lib/libpthread.so.0", O_RDONLY|O_CLOEXEC) = -1 ENOENT (No such file or directory)
124   openat(AT_FDCWD, "/usr/lib/libpthread.so.0", O_RDONLY|O_CLOEXEC) = -1 ENOENT (No such file or directory)
124   openat(AT_FDCWD, "/lib/libpthread.so.0", O_RDONLY|O_CLOEXEC) = 3
124   openat(AT_FDCWD, "/usr/local/Qt4.7.4/lib/libstdc++.so.6", O_RDONLY|O_CLOEXEC) = -1 ENOENT (No such file or directory)
124   openat(AT_FDCWD, "/usr/lib/libstdc++.so.6", O_RDONLY|O_CLOEXEC) = -1 ENOENT (No such file or directory)
124   openat(AT_FDCWD, "/lib/libstdc++.so.6", O_RDONLY|O_CLOEXEC) = 3
124   openat(AT_FDCWD, "/usr/local/Qt4.7.4/lib/libm.so.6", O_RDONLY|O_CLOEXEC) = -1 ENOENT (No such file or directory)
124   openat(AT_FDCWD, "/usr/lib/libm.so.6", O_RDONLY|O_CLOEXEC) = -1 ENOENT (No such file or directory)
124   openat(AT_FDCWD, "/lib/libm.so.6", O_RDONLY|O_CLOEXEC) = 3
124   openat(AT_FDCWD, "/usr/local/Qt4.7.4/lib/libgcc_s.so.1", O_RDONLY|O_CLOEXEC) = -1 ENOENT (No such file or directory)
124   openat(AT_FDCWD, "/usr/lib/libgcc_s.so.1", O_RDONLY|O_CLOEXEC) = -1 ENOENT (No such file or directory)
124   openat(AT_FDCWD, "/lib/libgcc_s.so.1", O_RDONLY|O_CLOEXEC) = 3
124   openat(AT_FDCWD, "/usr/local/Qt4.7.4/lib/libc.so.6", O_RDONLY|O_CLOEXEC) = -1 ENOENT (No such file or directory)
124   openat(AT_FDCWD, "/usr/lib/libc.so.6", O_RDONLY|O_CLOEXEC) = -1 ENOENT (No such file or directory)
124   openat(AT_FDCWD, "/lib/libc.so.6", O_RDONLY|O_CLOEXEC) = 3
124   openat(AT_FDCWD, "/usr/local/Qt4.7.4/lib/librt.so.1", O_RDONLY|O_CLOEXEC) = -1 ENOENT (No such file or directory)
124   openat(AT_FDCWD, "/usr/lib/librt.so.1", O_RDONLY|O_CLOEXEC) = -1 ENOENT (No such file or directory)
124   openat(AT_FDCWD, "/lib/librt.so.1", O_RDONLY|O_CLOEXEC) = 3
124   openat(AT_FDCWD, "/usr/local/Qt4.7.4/lib/visibility=hidden", O_RDONLY|O_CLOEXEC) = -1 ENOENT (No such file or directory)
124   openat(AT_FDCWD, "/usr/lib/visibility=hidden", O_RDONLY|O_CLOEXEC) = -1 ENOENT (No such file or directory)
124   openat(AT_FDCWD, "/lib/visibility=hidden", O_RDONLY|O_CLOEXEC) = -1 ENOENT (No such file or directory)
124   openat(AT_FDCWD, "/usr//lib/tls/v7l/neon/vfp/visibility=hidden", O_RDONLY|O_CLOEXEC) = -1 ENOENT (No such file or directory)
124   openat(AT_FDCWD, "/usr//lib/tls/v7l/neon/visibility=hidden", O_RDONLY|O_CLOEXEC) = -1 ENOENT (No such file or directory)
124   openat(AT_FDCWD, "/usr//lib/tls/v7l/vfp/visibility=hidden", O_RDONLY|O_CLOEXEC) = -1 ENOENT (No such file or directory)
124   openat(AT_FDCWD, "/usr//lib/tls/v7l/visibility=hidden", O_RDONLY|O_CLOEXEC) = -1 ENOENT (No such file or directory)
124   openat(AT_FDCWD, "/usr//lib/tls/neon/vfp/visibility=hidden", O_RDONLY|O_CLOEXEC) = -1 ENOENT (No such file or directory)
124   openat(AT_FDCWD, "/usr//lib/tls/neon/visibility=hidden", O_RDONLY|O_CLOEXEC) = -1 ENOENT (No such file or directory)
124   openat(AT_FDCWD, "/usr//lib/tls/vfp/visibility=hidden", O_RDONLY|O_CLOEXEC) = -1 ENOENT (No such file or directory)
124   openat(AT_FDCWD, "/usr//lib/tls/visibility=hidden", O_RDONLY|O_CLOEXEC) = -1 ENOENT (No such file or directory)
124   openat(AT_FDCWD, "/usr//lib/v7l/neon/vfp/visibility=hidden", O_RDONLY|O_CLOEXEC) = -1 ENOENT (No such file or directory)
124   openat(AT_FDCWD, "/usr//lib/v7l/neon/visibility=hidden", O_RDONLY|O_CLOEXEC) = -1 ENOENT (No such file or directory)
124   openat(AT_FDCWD, "/usr//lib/v7l/vfp/visibility=hidden", O_RDONLY|O_CLOEXEC) = -1 ENOENT (No such file or directory)
124   openat(AT_FDCWD, "/usr//lib/v7l/visibility=hidden", O_RDONLY|O_CLOEXEC) = -1 ENOENT (No such file or directory)
124   openat(AT_FDCWD, "/usr//lib/neon/vfp/visibility=hidden", O_RDONLY|O_CLOEXEC) = -1 ENOENT (No such file or directory)
124   openat(AT_FDCWD, "/usr//lib/neon/visibility=hidden", O_RDONLY|O_CLOEXEC) = -1 ENOENT (No such file or directory)
124   openat(AT_FDCWD, "/usr//lib/vfp/visibility=hidden", O_RDONLY|O_CLOEXEC) = -1 ENOENT (No such file or directory)
124   openat(AT_FDCWD, "/usr//lib/visibility=hidden", O_RDONLY|O_CLOEXEC) = -1 ENOENT (No such file or directory)
124   openat(AT_FDCWD, "tls/v7l/neon/vfp/visibility=hidden", O_RDONLY|O_CLOEXEC) = -1 ENOENT (No such file or directory)
124   openat(AT_FDCWD, "tls/v7l/neon/visibility=hidden", O_RDONLY|O_CLOEXEC) = -1 ENOENT (No such file or directory)
124   openat(AT_FDCWD, "tls/v7l/vfp/visibility=hidden", O_RDONLY|O_CLOEXEC) = -1 ENOENT (No such file or directory)
124   openat(AT_FDCWD, "tls/v7l/visibility=hidden", O_RDONLY|O_CLOEXEC) = -1 ENOENT (No such file or directory)
124   openat(AT_FDCWD, "tls/neon/vfp/visibility=hidden", O_RDONLY|O_CLOEXEC) = -1 ENOENT (No such file or directory)
124   openat(AT_FDCWD, "tls/neon/visibility=hidden", O_RDONLY|O_CLOEXEC) = -1 ENOENT (No such file or directory)
124   openat(AT_FDCWD, "tls/vfp/visibility=hidden", O_RDONLY|O_CLOEXEC) = -1 ENOENT (No such file or directory)
124   openat(AT_FDCWD, "tls/visibility=hidden", O_RDONLY|O_CLOEXEC) = -1 ENOENT (No such file or directory)
124   openat(AT_FDCWD, "v7l/neon/vfp/visibility=hidden", O_RDONLY|O_CLOEXEC) = -1 ENOENT (No such file or directory)
124   openat(AT_FDCWD, "v7l/neon/visibility=hidden", O_RDONLY|O_CLOEXEC) = -1 ENOENT (No such file or directory)
124   openat(AT_FDCWD, "v7l/vfp/visibility=hidden", O_RDONLY|O_CLOEXEC) = -1 ENOENT (No such file or directory)
124   openat(AT_FDCWD, "v7l/visibility=hidden", O_RDONLY|O_CLOEXEC) = -1 ENOENT (No such file or directory)
124   openat(AT_FDCWD, "neon/vfp/visibility=hidden", O_RDONLY|O_CLOEXEC) = -1 ENOENT (No such file or directory)
124   openat(AT_FDCWD, "neon/visibility=hidden", O_RDONLY|O_CLOEXEC) = -1 ENOENT (No such file or directory)
124   openat(AT_FDCWD, "vfp/visibility=hidden", O_RDONLY|O_CLOEXEC) = -1 ENOENT (No such file or directory)
124   openat(AT_FDCWD, "visibility=hidden", O_RDONLY|O_CLOEXEC) = -1 ENOENT (No such file or directory)
124   openat(AT_FDCWD, "/etc/ld.so.cache", O_RDONLY|O_CLOEXEC) = -1 ENOENT (No such file or directory)
124   openat(AT_FDCWD, "/lib/visibility=hidden", O_RDONLY|O_CLOEXEC) = -1 ENOENT (No such file or directory)
124   openat(AT_FDCWD, "/usr/lib/visibility=hidden", O_RDONLY|O_CLOEXEC) = -1 ENOENT (No such file or directory)
124   openat(AT_FDCWD, "/Settings/Trolltech.conf", O_RDONLY|O_LARGEFILE|O_CLOEXEC) = 3
124   openat(AT_FDCWD, "/Settings/Trolltech.conf", O_RDONLY|O_LARGEFILE|O_CLOEXEC) = 3
124   openat(AT_FDCWD, "/etc/localtime", O_RDONLY|O_CLOEXEC) = -1 ENOENT (No such file or directory)
124   openat(AT_FDCWD, "/tmp/qipc_systemsem_EffectShareLockbbdf8ea1c6e0e6da16c545db1a530e6545a7753f", O_RDWR|O_CREAT|O_EXCL|O_LARGEFILE|O_CLOEXEC, 0640) = 3
124   openat(AT_FDCWD, "/tmp/qipc_sharedmemory_EffectShareLockbbdf8ea1c6e0e6da16c545db1a530e6545a7753f", O_RDWR|O_CREAT|O_EXCL|O_LARGEFILE|O_CLOEXEC, 0640) = 3
125   openat(AT_FDCWD, "/usr/local/Qt4.7.4/lib/tls/v7l/neon/vfp/libcrypt.so.1", O_RDONLY|O_CLOEXEC) = -1 ENOENT (No such file or directory)
125   openat(AT_FDCWD, "/usr/local/Qt4.7.4/lib/tls/v7l/neon/libcrypt.so.1", O_RDONLY|O_CLOEXEC) = -1 ENOENT (No such file or directory)
125   openat(AT_FDCWD, "/usr/local/Qt4.7.4/lib/tls/v7l/vfp/libcrypt.so.1", O_RDONLY|O_CLOEXEC) = -1 ENOENT (No such file or directory)
125   openat(AT_FDCWD, "/usr/local/Qt4.7.4/lib/tls/v7l/libcrypt.so.1", O_RDONLY|O_CLOEXEC) = -1 ENOENT (No such file or directory)
125   openat(AT_FDCWD, "/usr/local/Qt4.7.4/lib/tls/neon/vfp/libcrypt.so.1", O_RDONLY|O_CLOEXEC) = -1 ENOENT (No such file or directory)
125   openat(AT_FDCWD, "/usr/local/Qt4.7.4/lib/tls/neon/libcrypt.so.1", O_RDONLY|O_CLOEXEC) = -1 ENOENT (No such file or directory)
125   openat(AT_FDCWD, "/usr/local/Qt4.7.4/lib/tls/vfp/libcrypt.so.1", O_RDONLY|O_CLOEXEC) = -1 ENOENT (No such file or directory)
125   openat(AT_FDCWD, "/usr/local/Qt4.7.4/lib/tls/libcrypt.so.1", O_RDONLY|O_CLOEXEC) = -1 ENOENT (No such file or directory)
125   openat(AT_FDCWD, "/usr/local/Qt4.7.4/lib/v7l/neon/vfp/libcrypt.so.1", O_RDONLY|O_CLOEXEC) = -1 ENOENT (No such file or directory)
125   openat(AT_FDCWD, "/usr/local/Qt4.7.4/lib/v7l/neon/libcrypt.so.1", O_RDONLY|O_CLOEXEC) = -1 ENOENT (No such file or directory)
125   openat(AT_FDCWD, "/usr/local/Qt4.7.4/lib/v7l/vfp/libcrypt.so.1", O_RDONLY|O_CLOEXEC) = -1 ENOENT (No such file or directory)
125   openat(AT_FDCWD, "/usr/local/Qt4.7.4/lib/v7l/libcrypt.so.1", O_RDONLY|O_CLOEXEC) = -1 ENOENT (No such file or directory)
125   openat(AT_FDCWD, "/usr/local/Qt4.7.4/lib/neon/vfp/libcrypt.so.1", O_RDONLY|O_CLOEXEC) = -1 ENOENT (No such file or directory)
125   openat(AT_FDCWD, "/usr/local/Qt4.7.4/lib/neon/libcrypt.so.1", O_RDONLY|O_CLOEXEC) = -1 ENOENT (No such file or directory)
125   openat(AT_FDCWD, "/usr/local/Qt4.7.4/lib/vfp/libcrypt.so.1", O_RDONLY|O_CLOEXEC) = -1 ENOENT (No such file or directory)
125   openat(AT_FDCWD, "/usr/local/Qt4.7.4/lib/libcrypt.so.1", O_RDONLY|O_CLOEXEC) = -1 ENOENT (No such file or directory)
125   openat(AT_FDCWD, "/usr/lib/tls/v7l/neon/vfp/libcrypt.so.1", O_RDONLY|O_CLOEXEC) = -1 ENOENT (No such file or directory)
125   openat(AT_FDCWD, "/usr/lib/tls/v7l/neon/libcrypt.so.1", O_RDONLY|O_CLOEXEC) = -1 ENOENT (No such file or directory)
125   openat(AT_FDCWD, "/usr/lib/tls/v7l/vfp/libcrypt.so.1", O_RDONLY|O_CLOEXEC) = -1 ENOENT (No such file or directory)
125   openat(AT_FDCWD, "/usr/lib/tls/v7l/libcrypt.so.1", O_RDONLY|O_CLOEXEC) = -1 ENOENT (No such file or directory)
125   openat(AT_FDCWD, "/usr/lib/tls/neon/vfp/libcrypt.so.1", O_RDONLY|O_CLOEXEC) = -1 ENOENT (No such file or directory)
125   openat(AT_FDCWD, "/usr/lib/tls/neon/libcrypt.so.1", O_RDONLY|O_CLOEXEC) = -1 ENOENT (No such file or directory)
125   openat(AT_FDCWD, "/usr/lib/tls/vfp/libcrypt.so.1", O_RDONLY|O_CLOEXEC) = -1 ENOENT (No such file or directory)
125   openat(AT_FDCWD, "/usr/lib/tls/libcrypt.so.1", O_RDONLY|O_CLOEXEC) = -1 ENOENT (No such file or directory)
125   openat(AT_FDCWD, "/usr/lib/v7l/neon/vfp/libcrypt.so.1", O_RDONLY|O_CLOEXEC) = -1 ENOENT (No such file or directory)
125   openat(AT_FDCWD, "/usr/lib/v7l/neon/libcrypt.so.1", O_RDONLY|O_CLOEXEC) = -1 ENOENT (No such file or directory)
125   openat(AT_FDCWD, "/usr/lib/v7l/vfp/libcrypt.so.1", O_RDONLY|O_CLOEXEC) = -1 ENOENT (No such file or directory)
125   openat(AT_FDCWD, "/usr/lib/v7l/libcrypt.so.1", O_RDONLY|O_CLOEXEC) = -1 ENOENT (No such file or directory)
125   openat(AT_FDCWD, "/usr/lib/neon/vfp/libcrypt.so.1", O_RDONLY|O_CLOEXEC) = -1 ENOENT (No such file or directory)
125   openat(AT_FDCWD, "/usr/lib/neon/libcrypt.so.1", O_RDONLY|O_CLOEXEC) = -1 ENOENT (No such file or directory)
125   openat(AT_FDCWD, "/usr/lib/vfp/libcrypt.so.1", O_RDONLY|O_CLOEXEC) = -1 ENOENT (No such file or directory)
125   openat(AT_FDCWD, "/usr/lib/libcrypt.so.1", O_RDONLY|O_CLOEXEC) = -1 ENOENT (No such file or directory)
125   openat(AT_FDCWD, "/lib/tls/v7l/neon/vfp/libcrypt.so.1", O_RDONLY|O_CLOEXEC) = -1 ENOENT (No such file or directory)
125   openat(AT_FDCWD, "/lib/tls/v7l/neon/libcrypt.so.1", O_RDONLY|O_CLOEXEC) = -1 ENOENT (No such file or directory)
125   openat(AT_FDCWD, "/lib/tls/v7l/vfp/libcrypt.so.1", O_RDONLY|O_CLOEXEC) = -1 ENOENT (No such file or directory)
125   openat(AT_FDCWD, "/lib/tls/v7l/libcrypt.so.1", O_RDONLY|O_CLOEXEC) = -1 ENOENT (No such file or directory)
125   openat(AT_FDCWD, "/lib/tls/neon/vfp/libcrypt.so.1", O_RDONLY|O_CLOEXEC) = -1 ENOENT (No such file or directory)
125   openat(AT_FDCWD, "/lib/tls/neon/libcrypt.so.1", O_RDONLY|O_CLOEXEC) = -1 ENOENT (No such file or directory)
125   openat(AT_FDCWD, "/lib/tls/vfp/libcrypt.so.1", O_RDONLY|O_CLOEXEC) = -1 ENOENT (No such file or directory)
125   openat(AT_FDCWD, "/lib/tls/libcrypt.so.1", O_RDONLY|O_CLOEXEC) = -1 ENOENT (No such file or directory)
125   openat(AT_FDCWD, "/lib/v7l/neon/vfp/libcrypt.so.1", O_RDONLY|O_CLOEXEC) = -1 ENOENT (No such file or directory)
125   openat(AT_FDCWD, "/lib/v7l/neon/libcrypt.so.1", O_RDONLY|O_CLOEXEC) = -1 ENOENT (No such file or directory)
125   openat(AT_FDCWD, "/lib/v7l/vfp/libcrypt.so.1", O_RDONLY|O_CLOEXEC) = -1 ENOENT (No such file or directory)
125   openat(AT_FDCWD, "/lib/v7l/libcrypt.so.1", O_RDONLY|O_CLOEXEC) = -1 ENOENT (No such file or directory)
125   openat(AT_FDCWD, "/lib/neon/vfp/libcrypt.so.1", O_RDONLY|O_CLOEXEC) = -1 ENOENT (No such file or directory)
125   openat(AT_FDCWD, "/lib/neon/libcrypt.so.1", O_RDONLY|O_CLOEXEC) = -1 ENOENT (No such file or directory)
125   openat(AT_FDCWD, "/lib/vfp/libcrypt.so.1", O_RDONLY|O_CLOEXEC) = -1 ENOENT (No such file or directory)
125   openat(AT_FDCWD, "/lib/libcrypt.so.1", O_RDONLY|O_CLOEXEC) = 3
125   openat(AT_FDCWD, "/usr/local/Qt4.7.4/lib/libc.so.6", O_RDONLY|O_CLOEXEC) = -1 ENOENT (No such file or directory)
125   openat(AT_FDCWD, "/usr/lib/libc.so.6", O_RDONLY|O_CLOEXEC) = -1 ENOENT (No such file or directory)
125   openat(AT_FDCWD, "/lib/libc.so.6", O_RDONLY|O_CLOEXEC) = 3
125   +++ exited with 0 +++
126   openat(AT_FDCWD, "/dev/null", O_RDONLY|O_LARGEFILE) = 0
126   openat(AT_FDCWD, "/usr/local/Qt4.7.4/lib/tls/v7l/neon/vfp/libpng15.so.15", O_RDONLY|O_CLOEXEC) = -1 ENOENT (No such file or directory)
126   openat(AT_FDCWD, "/usr/local/Qt4.7.4/lib/tls/v7l/neon/libpng15.so.15", O_RDONLY|O_CLOEXEC) = -1 ENOENT (No such file or directory)
126   openat(AT_FDCWD, "/usr/local/Qt4.7.4/lib/tls/v7l/vfp/libpng15.so.15", O_RDONLY|O_CLOEXEC) = -1 ENOENT (No such file or directory)
126   openat(AT_FDCWD, "/usr/local/Qt4.7.4/lib/tls/v7l/libpng15.so.15", O_RDONLY|O_CLOEXEC) = -1 ENOENT (No such file or directory)
126   openat(AT_FDCWD, "/usr/local/Qt4.7.4/lib/tls/neon/vfp/libpng15.so.15", O_RDONLY|O_CLOEXEC) = -1 ENOENT (No such file or directory)
126   openat(AT_FDCWD, "/usr/local/Qt4.7.4/lib/tls/neon/libpng15.so.15", O_RDONLY|O_CLOEXEC) = -1 ENOENT (No such file or directory)
126   openat(AT_FDCWD, "/usr/local/Qt4.7.4/lib/tls/vfp/libpng15.so.15", O_RDONLY|O_CLOEXEC) = -1 ENOENT (No such file or directory)
126   openat(AT_FDCWD, "/usr/local/Qt4.7.4/lib/tls/libpng15.so.15", O_RDONLY|O_CLOEXEC) = -1 ENOENT (No such file or directory)
126   openat(AT_FDCWD, "/usr/local/Qt4.7.4/lib/v7l/neon/vfp/libpng15.so.15", O_RDONLY|O_CLOEXEC) = -1 ENOENT (No such file or directory)
126   openat(AT_FDCWD, "/usr/local/Qt4.7.4/lib/v7l/neon/libpng15.so.15", O_RDONLY|O_CLOEXEC) = -1 ENOENT (No such file or directory)
126   openat(AT_FDCWD, "/usr/local/Qt4.7.4/lib/v7l/vfp/libpng15.so.15", O_RDONLY|O_CLOEXEC) = -1 ENOENT (No such file or directory)
126   openat(AT_FDCWD, "/usr/local/Qt4.7.4/lib/v7l/libpng15.so.15", O_RDONLY|O_CLOEXEC) = -1 ENOENT (No such file or directory)
126   openat(AT_FDCWD, "/usr/local/Qt4.7.4/lib/neon/vfp/libpng15.so.15", O_RDONLY|O_CLOEXEC) = -1 ENOENT (No such file or directory)
126   openat(AT_FDCWD, "/usr/local/Qt4.7.4/lib/neon/libpng15.so.15", O_RDONLY|O_CLOEXEC) = -1 ENOENT (No such file or directory)
126   openat(AT_FDCWD, "/usr/local/Qt4.7.4/lib/vfp/libpng15.so.15", O_RDONLY|O_CLOEXEC) = -1 ENOENT (No such file or directory)
126   openat(AT_FDCWD, "/usr/local/Qt4.7.4/lib/libpng15.so.15", O_RDONLY|O_CLOEXEC) = 3
124   openat(AT_FDCWD, "/tmp/qtembedded-0//fonts", O_RDONLY|O_NONBLOCK|O_LARGEFILE|O_CLOEXEC|O_DIRECTORY) = 8
126   openat(AT_FDCWD, "/usr/local/Qt4.7.4/lib/libjpeg.so.9", O_RDONLY|O_CLOEXEC) = 3
124   openat(AT_FDCWD, "/etc/localtime", O_RDONLY|O_CLOEXEC) = -1 ENOENT (No such file or directory)
124   openat(AT_FDCWD, "/etc/localtime", O_RDONLY|O_CLOEXEC) = -1 ENOENT (No such file or directory)
126   openat(AT_FDCWD, "/usr/local/Qt4.7.4/lib/libz.so.1", O_RDONLY|O_CLOEXEC <unfinished ...>
124   openat(AT_FDCWD, "/tmp/qtembedded-0//fonts//fontdb.tmp", O_WRONLY|O_CREAT|O_TRUNC|O_LARGEFILE|O_CLOEXEC, 0666 <unfinished ...>
126   <... openat resumed>)             = 3
124   <... openat resumed>)             = 8
124   openat(AT_FDCWD, "/usr/local/Qt4.7.4/lib/fonts/fontdir", O_RDONLY) = -1 ENOENT (No such file or directory)
124   openat(AT_FDCWD, "/usr/local/Qt4.7.4/lib/fonts", O_RDONLY|O_NONBLOCK|O_LARGEFILE|O_CLOEXEC|O_DIRECTORY) = 9
126   openat(AT_FDCWD, "/usr/local/Qt4.7.4/lib/libts-0.0.so.0", O_RDONLY|O_CLOEXEC) = 3
124   openat(AT_FDCWD, "/usr/local/Qt4.7.4/lib/fonts", O_RDONLY|O_NONBLOCK|O_LARGEFILE|O_CLOEXEC|O_DIRECTORY) = 9
126   openat(AT_FDCWD, "/usr/local/Qt4.7.4/lib/libMsnCommons.so", O_RDONLY|O_CLOEXEC) = -1 ENOENT (No such file or directory)
126   openat(AT_FDCWD, "/usr/lib/tls/v7l/neon/vfp/libMsnCommons.so", O_RDONLY|O_CLOEXEC) = -1 ENOENT (No such file or directory)
126   openat(AT_FDCWD, "/usr/lib/tls/v7l/neon/libMsnCommons.so", O_RDONLY|O_CLOEXEC) = -1 ENOENT (No such file or directory)
126   openat(AT_FDCWD, "/usr/lib/tls/v7l/vfp/libMsnCommons.so", O_RDONLY|O_CLOEXEC) = -1 ENOENT (No such file or directory)
126   openat(AT_FDCWD, "/usr/lib/tls/v7l/libMsnCommons.so", O_RDONLY|O_CLOEXEC <unfinished ...>
124   openat(AT_FDCWD, "/usr/local/Qt4.7.4/lib/fonts/wqy-microhei.ttf", O_RDONLY <unfinished ...>
126   <... openat resumed>)             = -1 ENOENT (No such file or directory)
124   <... openat resumed>)             = 9
126   openat(AT_FDCWD, "/usr/lib/tls/neon/vfp/libMsnCommons.so", O_RDONLY|O_CLOEXEC) = -1 ENOENT (No such file or directory)
126   openat(AT_FDCWD, "/usr/lib/tls/neon/libMsnCommons.so", O_RDONLY|O_CLOEXEC) = -1 ENOENT (No such file or directory)
126   openat(AT_FDCWD, "/usr/lib/tls/vfp/libMsnCommons.so", O_RDONLY|O_CLOEXEC) = -1 ENOENT (No such file or directory)
126   openat(AT_FDCWD, "/usr/lib/tls/libMsnCommons.so", O_RDONLY|O_CLOEXEC) = -1 ENOENT (No such file or directory)
126   openat(AT_FDCWD, "/usr/lib/v7l/neon/vfp/libMsnCommons.so", O_RDONLY|O_CLOEXEC) = -1 ENOENT (No such file or directory)
126   openat(AT_FDCWD, "/usr/lib/v7l/neon/libMsnCommons.so", O_RDONLY|O_CLOEXEC) = -1 ENOENT (No such file or directory)
126   openat(AT_FDCWD, "/usr/lib/v7l/vfp/libMsnCommons.so", O_RDONLY|O_CLOEXEC) = -1 ENOENT (No such file or directory)
126   openat(AT_FDCWD, "/usr/lib/v7l/libMsnCommons.so", O_RDONLY|O_CLOEXEC) = -1 ENOENT (No such file or directory)
124   openat(AT_FDCWD, "/usr/local/Qt4.7.4/lib/fonts", O_RDONLY|O_NONBLOCK|O_LARGEFILE|O_CLOEXEC|O_DIRECTORY <unfinished ...>
126   openat(AT_FDCWD, "/usr/lib/neon/vfp/libMsnCommons.so", O_RDONLY|O_CLOEXEC <unfinished ...>
124   <... openat resumed>)             = 9
126   <... openat resumed>)             = -1 ENOENT (No such file or directory)
126   openat(AT_FDCWD, "/usr/lib/neon/libMsnCommons.so", O_RDONLY|O_CLOEXEC) = -1 ENOENT (No such file or directory)
126   openat(AT_FDCWD, "/usr/lib/vfp/libMsnCommons.so", O_RDONLY|O_CLOEXEC) = -1 ENOENT (No such file or directory)
126   openat(AT_FDCWD, "/usr/lib/libMsnCommons.so", O_RDONLY|O_CLOEXEC) = 3
124   openat(AT_FDCWD, "/Settings/Trolltech.conf", O_RDONLY|O_LARGEFILE|O_CLOEXEC) = 9
124   openat(AT_FDCWD, "/etc/localtime", O_RDONLY|O_CLOEXEC <unfinished ...>
126   openat(AT_FDCWD, "/usr/local/Qt4.7.4/lib/lib++dfb-1.7.so.4", O_RDONLY|O_CLOEXEC <unfinished ...>
124   <... openat resumed>)             = -1 ENOENT (No such file or directory)
126   <... openat resumed>)             = -1 ENOENT (No such file or directory)
126   openat(AT_FDCWD, "/usr/lib/lib++dfb-1.7.so.4", O_RDONLY|O_CLOEXEC) = 3
126   openat(AT_FDCWD, "/usr/local/Qt4.7.4/lib/libdirect-1.7.so.4", O_RDONLY|O_CLOEXEC) = -1 ENOENT (No such file or directory)
126   openat(AT_FDCWD, "/usr/lib/libdirect-1.7.so.4", O_RDONLY|O_CLOEXEC) = 3
126   openat(AT_FDCWD, "/usr/local/Qt4.7.4/lib/libdirectfb-1.7.so.4", O_RDONLY|O_CLOEXEC) = -1 ENOENT (No such file or directory)
126   openat(AT_FDCWD, "/usr/lib/libdirectfb-1.7.so.4", O_RDONLY|O_CLOEXEC <unfinished ...>
124   openat(AT_FDCWD, "/dev/fb0", O_RDWR|O_LARGEFILE|O_CLOEXEC <unfinished ...>
126   <... openat resumed>)             = 3
124   <... openat resumed>)             = 8
124   ioctl(8, FBIOGET_FSCREENINFO, 0xbed4371c) = 0
124   ioctl(8, FBIOGET_VSCREENINFO, 0xbed43760) = 0
124   openat(AT_FDCWD, "/dev/tty0", O_RDWR|O_LARGEFILE|O_CLOEXEC <unfinished ...>
126   openat(AT_FDCWD, "/usr/local/Qt4.7.4/lib/libfusion-1.7.so.4", O_RDONLY|O_CLOEXEC <unfinished ...>
124   <... openat resumed>)             = 9
126   <... openat resumed>)             = -1 ENOENT (No such file or directory)
126   openat(AT_FDCWD, "/usr/lib/libfusion-1.7.so.4", O_RDONLY|O_CLOEXEC) = 3
124   ioctl(9, KDGETMODE, [KD_TEXT])    = 0
124   ioctl(9, KDSETMODE, KD_GRAPHICS)  = 0
124   ioctl(8, FBIOGET_VSCREENINFO, 0xbed437c8) = 0
124   ioctl(8, FBIOGET_FSCREENINFO, 0xbed43784) = 0
124   ioctl(8, FBIOBLANK, 0)            = -1 EINVAL (Invalid argument)
126   openat(AT_FDCWD, "/usr/local/Qt4.7.4/lib/libasound.so.2", O_RDONLY|O_CLOEXEC) = -1 ENOENT (No such file or directory)
126   openat(AT_FDCWD, "/usr/lib/libasound.so.2", O_RDONLY|O_CLOEXEC <unfinished ...>
124   openat(AT_FDCWD, "/Settings/Trolltech.conf", O_RDONLY|O_LARGEFILE|O_CLOEXEC <unfinished ...>
126   <... openat resumed>)             = 3
124   <... openat resumed>)             = 10
124   openat(AT_FDCWD, "/etc/localtime", O_RDONLY|O_CLOEXEC) = -1 ENOENT (No such file or directory)
126   openat(AT_FDCWD, "/usr/local/Qt4.7.4/lib/libdl.so.2", O_RDONLY|O_CLOEXEC) = -1 ENOENT (No such file or directory)
126   openat(AT_FDCWD, "/usr/lib/libdl.so.2", O_RDONLY|O_CLOEXEC) = -1 ENOENT (No such file or directory)
126   openat(AT_FDCWD, "/lib/tls/v7l/neon/vfp/libdl.so.2", O_RDONLY|O_CLOEXEC) = -1 ENOENT (No such file or directory)
124   openat(AT_FDCWD, "/etc/localtime", O_RDONLY|O_CLOEXEC) = -1 ENOENT (No such file or directory)
126   openat(AT_FDCWD, "/lib/tls/v7l/neon/libdl.so.2", O_RDONLY|O_CLOEXEC <unfinished ...>
124   openat(AT_FDCWD, "/etc/pointercal", O_RDONLY|O_LARGEFILE|O_CLOEXEC <unfinished ...>
126   <... openat resumed>)             = -1 ENOENT (No such file or directory)
124   <... openat resumed>)             = 10
126   openat(AT_FDCWD, "/lib/tls/v7l/vfp/libdl.so.2", O_RDONLY|O_CLOEXEC) = -1 ENOENT (No such file or directory)
126   openat(AT_FDCWD, "/lib/tls/v7l/libdl.so.2", O_RDONLY|O_CLOEXEC) = -1 ENOENT (No such file or directory)
126   openat(AT_FDCWD, "/lib/tls/neon/vfp/libdl.so.2", O_RDONLY|O_CLOEXEC) = -1 ENOENT (No such file or directory)
124   openat(AT_FDCWD, "/dev/input/event0", O_RDONLY|O_NONBLOCK) = 10
126   openat(AT_FDCWD, "/lib/tls/neon/libdl.so.2", O_RDONLY|O_CLOEXEC <unfinished ...>
124   openat(AT_FDCWD, "/etc/ts.conf", O_RDONLY <unfinished ...>
126   <... openat resumed>)             = -1 ENOENT (No such file or directory)
124   <... openat resumed>)             = 11
126   openat(AT_FDCWD, "/lib/tls/vfp/libdl.so.2", O_RDONLY|O_CLOEXEC) = -1 ENOENT (No such file or directory)
126   openat(AT_FDCWD, "/lib/tls/libdl.so.2", O_RDONLY|O_CLOEXEC <unfinished ...>
124   openat(AT_FDCWD, "/usr/lib/ts/input.so", O_RDONLY|O_CLOEXEC <unfinished ...>
126   <... openat resumed>)             = -1 ENOENT (No such file or directory)
124   <... openat resumed>)             = 12
126   openat(AT_FDCWD, "/lib/v7l/neon/vfp/libdl.so.2", O_RDONLY|O_CLOEXEC) = -1 ENOENT (No such file or directory)
126   openat(AT_FDCWD, "/lib/v7l/neon/libdl.so.2", O_RDONLY|O_CLOEXEC) = -1 ENOENT (No such file or directory)
126   openat(AT_FDCWD, "/lib/v7l/vfp/libdl.so.2", O_RDONLY|O_CLOEXEC) = -1 ENOENT (No such file or directory)
126   openat(AT_FDCWD, "/lib/v7l/libdl.so.2", O_RDONLY|O_CLOEXEC) = -1 ENOENT (No such file or directory)
124   openat(AT_FDCWD, "/usr/lib/ts/pthres.so", O_RDONLY|O_CLOEXEC) = 12
126   openat(AT_FDCWD, "/lib/neon/vfp/libdl.so.2", O_RDONLY|O_CLOEXEC) = -1 ENOENT (No such file or directory)
126   openat(AT_FDCWD, "/lib/neon/libdl.so.2", O_RDONLY|O_CLOEXEC) = -1 ENOENT (No such file or directory)
126   openat(AT_FDCWD, "/lib/vfp/libdl.so.2", O_RDONLY|O_CLOEXEC) = -1 ENOENT (No such file or directory)
126   openat(AT_FDCWD, "/lib/libdl.so.2", O_RDONLY|O_CLOEXEC) = 3
124   openat(AT_FDCWD, "/usr/lib/ts/variance.so", O_RDONLY|O_CLOEXEC) = 12
126   openat(AT_FDCWD, "/usr/local/Qt4.7.4/lib/libQtGui.so.4", O_RDONLY|O_CLOEXEC) = 3
124   openat(AT_FDCWD, "/usr/lib/ts/dejitter.so", O_RDONLY|O_CLOEXEC) = 12
126   openat(AT_FDCWD, "/usr/local/Qt4.7.4/lib/libQtNetwork.so.4", O_RDONLY|O_CLOEXEC) = 3
124   openat(AT_FDCWD, "/usr/lib/ts/linear.so", O_RDONLY|O_CLOEXEC) = 12
126   openat(AT_FDCWD, "/usr/local/Qt4.7.4/lib/libQtCore.so.4", O_RDONLY|O_CLOEXEC) = 3
126   openat(AT_FDCWD, "/usr/local/Qt4.7.4/lib/libpthread.so.0", O_RDONLY|O_CLOEXEC) = -1 ENOENT (No such file or directory)
126   openat(AT_FDCWD, "/usr/lib/libpthread.so.0", O_RDONLY|O_CLOEXEC) = -1 ENOENT (No such file or directory)
126   openat(AT_FDCWD, "/lib/libpthread.so.0", O_RDONLY|O_CLOEXEC) = 3
124   openat(AT_FDCWD, "/Settings/Trolltech.conf", O_RDONLY|O_LARGEFILE|O_CLOEXEC) = 11
124   openat(AT_FDCWD, "/etc/localtime", O_RDONLY|O_CLOEXEC <unfinished ...>
126   openat(AT_FDCWD, "/usr/local/Qt4.7.4/lib/libstdc++.so.6", O_RDONLY|O_CLOEXEC <unfinished ...>
124   <... openat resumed>)             = -1 ENOENT (No such file or directory)
126   <... openat resumed>)             = -1 ENOENT (No such file or directory)
126   openat(AT_FDCWD, "/usr/lib/libstdc++.so.6", O_RDONLY|O_CLOEXEC) = -1 ENOENT (No such file or directory)
126   openat(AT_FDCWD, "/lib/libstdc++.so.6", O_RDONLY|O_CLOEXEC) = 3
126   openat(AT_FDCWD, "/usr/local/Qt4.7.4/lib/libm.so.6", O_RDONLY|O_CLOEXEC) = -1 ENOENT (No such file or directory)
126   openat(AT_FDCWD, "/usr/lib/libm.so.6", O_RDONLY|O_CLOEXEC) = -1 ENOENT (No such file or directory)
126   openat(AT_FDCWD, "/lib/libm.so.6", O_RDONLY|O_CLOEXEC) = 3
124   openat(AT_FDCWD, "/Settings/Trolltech.conf", O_RDONLY|O_LARGEFILE|O_CLOEXEC) = 12
126   openat(AT_FDCWD, "/usr/local/Qt4.7.4/lib/libgcc_s.so.1", O_RDONLY|O_CLOEXEC) = -1 ENOENT (No such file or directory)
126   openat(AT_FDCWD, "/usr/lib/libgcc_s.so.1", O_RDONLY|O_CLOEXEC) = -1 ENOENT (No such file or directory)
126   openat(AT_FDCWD, "/lib/libgcc_s.so.1", O_RDONLY|O_CLOEXEC) = 3
124   openat(AT_FDCWD, "/etc/localtime", O_RDONLY|O_CLOEXEC) = -1 ENOENT (No such file or directory)
126   openat(AT_FDCWD, "/usr/local/Qt4.7.4/lib/libc.so.6", O_RDONLY|O_CLOEXEC) = -1 ENOENT (No such file or directory)
126   openat(AT_FDCWD, "/usr/lib/libc.so.6", O_RDONLY|O_CLOEXEC) = -1 ENOENT (No such file or directory)
126   openat(AT_FDCWD, "/lib/libc.so.6", O_RDONLY|O_CLOEXEC) = 3
126   openat(AT_FDCWD, "/workspace/ark0618system/build/..//out/rootfs-msn5g.build/usr/lib/tls/v7l/neon/vfp/librt.so.1", O_RDONLY|O_CLOEXEC <unfinished ...>
124   openat(AT_FDCWD, "/proc/self/auxv", O_RDONLY|O_LARGEFILE|O_CLOEXEC <unfinished ...>
126   <... openat resumed>)             = -1 ENOENT (No such file or directory)
124   <... openat resumed>)             = 12
126   openat(AT_FDCWD, "/workspace/ark0618system/build/..//out/rootfs-msn5g.build/usr/lib/tls/v7l/neon/librt.so.1", O_RDONLY|O_CLOEXEC) = -1 ENOENT (No such file or directory)
126   openat(AT_FDCWD, "/workspace/ark0618system/build/..//out/rootfs-msn5g.build/usr/lib/tls/v7l/vfp/librt.so.1", O_RDONLY|O_CLOEXEC) = -1 ENOENT (No such file or directory)
124   openat(AT_FDCWD, "/dev/input/event0", O_RDWR) = 12
126   openat(AT_FDCWD, "/workspace/ark0618system/build/..//out/rootfs-msn5g.build/usr/lib/tls/v7l/librt.so.1", O_RDONLY|O_CLOEXEC <unfinished ...>
124   openat(AT_FDCWD, "/sys/class/gpio/export", O_WRONLY <unfinished ...>
126   <... openat resumed>)             = -1 ENOENT (No such file or directory)
124   <... openat resumed>)             = 13
126   openat(AT_FDCWD, "/workspace/ark0618system/build/..//out/rootfs-msn5g.build/usr/lib/tls/neon/vfp/librt.so.1", O_RDONLY|O_CLOEXEC) = -1 ENOENT (No such file or directory)
126   openat(AT_FDCWD, "/workspace/ark0618system/build/..//out/rootfs-msn5g.build/usr/lib/tls/neon/librt.so.1", O_RDONLY|O_CLOEXEC <unfinished ...>
124   openat(AT_FDCWD, "/sys/class/gpio/export", O_WRONLY <unfinished ...>
126   <... openat resumed>)             = -1 ENOENT (No such file or directory)
124   <... openat resumed>)             = 13
126   openat(AT_FDCWD, "/workspace/ark0618system/build/..//out/rootfs-msn5g.build/usr/lib/tls/vfp/librt.so.1", O_RDONLY|O_CLOEXEC) = -1 ENOENT (No such file or directory)
124   openat(AT_FDCWD, "/sys/class/gpio/export", O_WRONLY) = 13
126   openat(AT_FDCWD, "/workspace/ark0618system/build/..//out/rootfs-msn5g.build/usr/lib/tls/librt.so.1", O_RDONLY|O_CLOEXEC) = -1 ENOENT (No such file or directory)
126   openat(AT_FDCWD, "/workspace/ark0618system/build/..//out/rootfs-msn5g.build/usr/lib/v7l/neon/vfp/librt.so.1", O_RDONLY|O_CLOEXEC) = -1 ENOENT (No such file or directory)
126   openat(AT_FDCWD, "/workspace/ark0618system/build/..//out/rootfs-msn5g.build/usr/lib/v7l/neon/librt.so.1", O_RDONLY|O_CLOEXEC) = -1 ENOENT (No such file or directory)
124   openat(AT_FDCWD, "/usr/share/alsa/alsa.conf", O_RDONLY) = 13
126   openat(AT_FDCWD, "/workspace/ark0618system/build/..//out/rootfs-msn5g.build/usr/lib/v7l/vfp/librt.so.1", O_RDONLY|O_CLOEXEC) = -1 ENOENT (No such file or directory)
126   openat(AT_FDCWD, "/workspace/ark0618system/build/..//out/rootfs-msn5g.build/usr/lib/v7l/librt.so.1", O_RDONLY|O_CLOEXEC) = -1 ENOENT (No such file or directory)
126   openat(AT_FDCWD, "/workspace/ark0618system/build/..//out/rootfs-msn5g.build/usr/lib/neon/vfp/librt.so.1", O_RDONLY|O_CLOEXEC) = -1 ENOENT (No such file or directory)
126   openat(AT_FDCWD, "/workspace/ark0618system/build/..//out/rootfs-msn5g.build/usr/lib/neon/librt.so.1", O_RDONLY|O_CLOEXEC) = -1 ENOENT (No such file or directory)
126   openat(AT_FDCWD, "/workspace/ark0618system/build/..//out/rootfs-msn5g.build/usr/lib/vfp/librt.so.1", O_RDONLY|O_CLOEXEC) = -1 ENOENT (No such file or directory)
126   openat(AT_FDCWD, "/workspace/ark0618system/build/..//out/rootfs-msn5g.build/usr/lib/librt.so.1", O_RDONLY|O_CLOEXEC) = -1 ENOENT (No such file or directory)
126   openat(AT_FDCWD, "/workspace/ark0618system/toolchain/arm-toolchain-4.9.4/bin/../lib/gcc/arm-none-linux-gnueabihf/4.9.4/../../../../arm-none-linux-gnueabihf/lib/tls/v7l/neon/vfp/librt.so.1", O_RDONLY|O_CLOEXEC) = -1 ENOENT (No such file or directory)
126   openat(AT_FDCWD, "/workspace/ark0618system/toolchain/arm-toolchain-4.9.4/bin/../lib/gcc/arm-none-linux-gnueabihf/4.9.4/../../../../arm-none-linux-gnueabihf/lib/tls/v7l/neon/librt.so.1", O_RDONLY|O_CLOEXEC) = -1 ENOENT (No such file or directory)
126   openat(AT_FDCWD, "/workspace/ark0618system/toolchain/arm-toolchain-4.9.4/bin/../lib/gcc/arm-none-linux-gnueabihf/4.9.4/../../../../arm-none-linux-gnueabihf/lib/tls/v7l/vfp/librt.so.1", O_RDONLY|O_CLOEXEC) = -1 ENOENT (No such file or directory)
126   openat(AT_FDCWD, "/workspace/ark0618system/toolchain/arm-toolchain-4.9.4/bin/../lib/gcc/arm-none-linux-gnueabihf/4.9.4/../../../../arm-none-linux-gnueabihf/lib/tls/v7l/librt.so.1", O_RDONLY|O_CLOEXEC) = -1 ENOENT (No such file or directory)
126   openat(AT_FDCWD, "/workspace/ark0618system/toolchain/arm-toolchain-4.9.4/bin/../lib/gcc/arm-none-linux-gnueabihf/4.9.4/../../../../arm-none-linux-gnueabihf/lib/tls/neon/vfp/librt.so.1", O_RDONLY|O_CLOEXEC) = -1 ENOENT (No such file or directory)
126   openat(AT_FDCWD, "/workspace/ark0618system/toolchain/arm-toolchain-4.9.4/bin/../lib/gcc/arm-none-linux-gnueabihf/4.9.4/../../../../arm-none-linux-gnueabihf/lib/tls/neon/librt.so.1", O_RDONLY|O_CLOEXEC) = -1 ENOENT (No such file or directory)
126   openat(AT_FDCWD, "/workspace/ark0618system/toolchain/arm-toolchain-4.9.4/bin/../lib/gcc/arm-none-linux-gnueabihf/4.9.4/../../../../arm-none-linux-gnueabihf/lib/tls/vfp/librt.so.1", O_RDONLY|O_CLOEXEC) = -1 ENOENT (No such file or directory)
126   openat(AT_FDCWD, "/workspace/ark0618system/toolchain/arm-toolchain-4.9.4/bin/../lib/gcc/arm-none-linux-gnueabihf/4.9.4/../../../../arm-none-linux-gnueabihf/lib/tls/librt.so.1", O_RDONLY|O_CLOEXEC) = -1 ENOENT (No such file or directory)
126   openat(AT_FDCWD, "/workspace/ark0618system/toolchain/arm-toolchain-4.9.4/bin/../lib/gcc/arm-none-linux-gnueabihf/4.9.4/../../../../arm-none-linux-gnueabihf/lib/v7l/neon/vfp/librt.so.1", O_RDONLY|O_CLOEXEC) = -1 ENOENT (No such file or directory)
126   openat(AT_FDCWD, "/workspace/ark0618system/toolchain/arm-toolchain-4.9.4/bin/../lib/gcc/arm-none-linux-gnueabihf/4.9.4/../../../../arm-none-linux-gnueabihf/lib/v7l/neon/librt.so.1", O_RDONLY|O_CLOEXEC <unfinished ...>
124   openat(AT_FDCWD, "/etc/asound.conf", O_RDONLY <unfinished ...>
126   <... openat resumed>)             = -1 ENOENT (No such file or directory)
124   <... openat resumed>)             = 13
126   openat(AT_FDCWD, "/workspace/ark0618system/toolchain/arm-toolchain-4.9.4/bin/../lib/gcc/arm-none-linux-gnueabihf/4.9.4/../../../../arm-none-linux-gnueabihf/lib/v7l/vfp/librt.so.1", O_RDONLY|O_CLOEXEC) = -1 ENOENT (No such file or directory)
126   openat(AT_FDCWD, "/workspace/ark0618system/toolchain/arm-toolchain-4.9.4/bin/../lib/gcc/arm-none-linux-gnueabihf/4.9.4/../../../../arm-none-linux-gnueabihf/lib/v7l/librt.so.1", O_RDONLY|O_CLOEXEC) = -1 ENOENT (No such file or directory)
126   openat(AT_FDCWD, "/workspace/ark0618system/toolchain/arm-toolchain-4.9.4/bin/../lib/gcc/arm-none-linux-gnueabihf/4.9.4/../../../../arm-none-linux-gnueabihf/lib/neon/vfp/librt.so.1", O_RDONLY|O_CLOEXEC) = -1 ENOENT (No such file or directory)
126   openat(AT_FDCWD, "/workspace/ark0618system/toolchain/arm-toolchain-4.9.4/bin/../lib/gcc/arm-none-linux-gnueabihf/4.9.4/../../../../arm-none-linux-gnueabihf/lib/neon/librt.so.1", O_RDONLY|O_CLOEXEC) = -1 ENOENT (No such file or directory)
126   openat(AT_FDCWD, "/workspace/ark0618system/toolchain/arm-toolchain-4.9.4/bin/../lib/gcc/arm-none-linux-gnueabihf/4.9.4/../../../../arm-none-linux-gnueabihf/lib/vfp/librt.so.1", O_RDONLY|O_CLOEXEC) = -1 ENOENT (No such file or directory)
126   openat(AT_FDCWD, "/workspace/ark0618system/toolchain/arm-toolchain-4.9.4/bin/../lib/gcc/arm-none-linux-gnueabihf/4.9.4/../../../../arm-none-linux-gnueabihf/lib/librt.so.1", O_RDONLY|O_CLOEXEC) = -1 ENOENT (No such file or directory)
124   openat(AT_FDCWD, "/dev/snd/controlC0", O_RDONLY|O_CLOEXEC) = 13
126   openat(AT_FDCWD, "/usr/local/Qt4.7.4/lib/librt.so.1", O_RDONLY|O_CLOEXEC <unfinished ...>
124   ioctl(13, SNDRV_CTL_IOCTL_CARD_INFO, 0xbed43210 <unfinished ...>
126   <... openat resumed>)             = -1 ENOENT (No such file or directory)
124   <... ioctl resumed>)              = 0
126   openat(AT_FDCWD, "/usr/lib/librt.so.1", O_RDONLY|O_CLOEXEC) = -1 ENOENT (No such file or directory)
126   openat(AT_FDCWD, "/lib/librt.so.1", O_RDONLY|O_CLOEXEC) = 3
124   openat(AT_FDCWD, "/dev/snd/controlC0", O_RDONLY|O_CLOEXEC) = 13
124   ioctl(13, SNDRV_CTL_IOCTL_CARD_INFO, 0xbed431f8) = 0
124   openat(AT_FDCWD, "/dev/snd/controlC0", O_RDWR|O_CLOEXEC) = 13
124   ioctl(13, SNDRV_CTL_IOCTL_PVERSION, 0xbed43388) = 0
124   ioctl(13, SNDRV_CTL_IOCTL_PCM_PREFER_SUBDEVICE, 0xbed433c4) = 0
124   openat(AT_FDCWD, "/dev/snd/pcmC0D0p", O_RDWR|O_NONBLOCK|O_CLOEXEC) = 14
124   ioctl(14, SNDRV_PCM_IOCTL_INFO, 0xbed43288) = 0
124   ioctl(14, AGPIOC_INFO or SNDRV_PCM_IOCTL_PVERSION, 0xbed431f8) = 0
124   ioctl(14, AGPIOC_SETUP or SNDRV_PCM_IOCTL_TTSTAMP, 0xbed43200) = 0
124   ioctl(14, SNDRV_PCM_IOCTL_SYNC_PTR, 0xbed43204) = 0
124   ioctl(14, SNDRV_PCM_IOCTL_HW_REFINE, 0xbed43408) = 0
124   ioctl(14, SNDRV_PCM_IOCTL_HW_REFINE, 0xbed43408) = 0
124   ioctl(14, SNDRV_PCM_IOCTL_HW_REFINE, 0xbed43408) = 0
124   ioctl(14, SNDRV_PCM_IOCTL_HW_REFINE, 0xbed43408) = 0
124   ioctl(14, SNDRV_PCM_IOCTL_HW_REFINE, 0xbed43408) = 0
124   ioctl(14, SNDRV_PCM_IOCTL_HW_REFINE, 0xbed43408) = 0
124   ioctl(14, SNDRV_PCM_IOCTL_HW_REFINE, 0xbed43408) = 0
124   ioctl(14, SNDRV_PCM_IOCTL_HW_REFINE, 0xbed43408) = 0
124   ioctl(14, SNDRV_PCM_IOCTL_HW_REFINE, 0xbed43408) = 0
124   ioctl(14, SNDRV_PCM_IOCTL_HW_REFINE, 0xbed43408) = 0
124   ioctl(14, SNDRV_PCM_IOCTL_HW_PARAMS, 0xbed43408) = 0
124   ioctl(14, SNDRV_PCM_IOCTL_SYNC_PTR, 0xefe30) = 0
124   ioctl(14, SNDRV_PCM_IOCTL_SW_PARAMS, 0xbed43308) = 0
124   ioctl(14, SNDRV_PCM_IOCTL_CHANNEL_INFO, 0xbed43298) = 0
124   ioctl(14, SNDRV_PCM_IOCTL_CHANNEL_INFO, 0xbed43298) = 0
124   ioctl(14, SNDRV_PCM_IOCTL_PREPARE, 0xeff78) = 0
124   ioctl(14, SNDRV_PCM_IOCTL_SYNC_PTR, 0xefe30) = 0
124   ioctl(14, SNDRV_PCM_IOCTL_SW_PARAMS, 0xbed43398) = 0
124   ioctl(14, SNDRV_PCM_IOCTL_SYNC_PTR, 0xefe30) = 0
124   ioctl(14, SNDRV_PCM_IOCTL_START, 0xefe30) = 0
124   ioctl(14, AGPIOC_INFO or SNDRV_PCM_IOCTL_PVERSION, 0xbed4368c) = 0
124   ioctl(14, SNDRV_PCM_IOCTL_INFO, 0xbed434f0) = 0
124   openat(AT_FDCWD, "/dev/snd/controlC0", O_RDONLY|O_CLOEXEC) = 13
124   ioctl(13, SNDRV_CTL_IOCTL_CARD_INFO, 0xbed42f78) = 0
124   openat(AT_FDCWD, "/dev/snd/timer", O_RDONLY|O_NONBLOCK|O_CLOEXEC) = 13
124   ioctl(13, SNDRV_TIMER_IOCTL_PVERSION, 0xbed43280) = 0
124   ioctl(13, SNDRV_TIMER_IOCTL_TREAD_OLD, 0xbed43284) = 0
124   ioctl(13, SNDRV_TIMER_IOCTL_SELECT, 0xbed43284) = 0
124   ioctl(13, SNDRV_TIMER_IOCTL_PVERSION, 0xbed4361c) = 0
124   openat(AT_FDCWD, "/dev/snd/controlC0", O_RDONLY|O_CLOEXEC) = 15
124   ioctl(15, SNDRV_CTL_IOCTL_CARD_INFO, 0xbed433d0) = 0
124   openat(AT_FDCWD, "/dev/snd/controlC0", O_RDWR|O_CLOEXEC) = 15
124   ioctl(15, SNDRV_CTL_IOCTL_PVERSION, 0xbed436f0) = 0
124   ioctl(15, SNDRV_CTL_IOCTL_ELEM_INFO, 0xbed436e0) = -1 ENOENT (No such file or directory)
124   ioctl(15, SNDRV_CTL_IOCTL_ELEM_ADD, 0xbed43580) = 0
124   ioctl(15, SNDRV_CTL_IOCTL_ELEM_WRITE, 0xbed432b0) = 0
124   ioctl(15, SNDRV_CTL_IOCTL_ELEM_INFO, 0xed860) = 0
124   ioctl(15, SNDRV_CTL_IOCTL_TLV_WRITE, 0xef548) = 1
124   ioctl(15, SNDRV_CTL_IOCTL_ELEM_WRITE, 0xf0030) = 0
124   openat(AT_FDCWD, "/dev/snd/controlC0", O_RDONLY|O_CLOEXEC) = 15
124   ioctl(15, SNDRV_CTL_IOCTL_CARD_INFO, 0xbed432b8) = 0
124   openat(AT_FDCWD, "/dev/snd/controlC0", O_RDWR|O_CLOEXEC) = 15
124   ioctl(15, SNDRV_CTL_IOCTL_PVERSION, 0xbed435d8) = 0
124   openat(AT_FDCWD, "/dev/snd/controlC0", O_RDONLY|O_CLOEXEC) = 13
124   ioctl(13, SNDRV_CTL_IOCTL_CARD_INFO, 0xbed430e8) = 0
124   openat(AT_FDCWD, "/dev/snd/controlC0", O_RDONLY|O_CLOEXEC) = 13
124   ioctl(13, SNDRV_CTL_IOCTL_CARD_INFO, 0xbed430d0) = 0
124   openat(AT_FDCWD, "/dev/snd/controlC0", O_RDWR|O_CLOEXEC) = 13
124   ioctl(13, SNDRV_CTL_IOCTL_PVERSION, 0xbed43260) = 0
124   ioctl(13, SNDRV_CTL_IOCTL_PCM_PREFER_SUBDEVICE, 0xbed4329c) = 0
124   openat(AT_FDCWD, "/dev/snd/pcmC0D0p", O_RDWR|O_NONBLOCK|O_CLOEXEC) = 14
126   openat(AT_FDCWD, "/Settings/Trolltech.conf", O_RDONLY|O_LARGEFILE|O_CLOEXEC) = 4
124   ioctl(14, SNDRV_PCM_IOCTL_INFO, 0xbed43160) = 0
124   ioctl(14, AGPIOC_INFO or SNDRV_PCM_IOCTL_PVERSION, 0xbed430d0) = 0
124   ioctl(14, AGPIOC_SETUP or SNDRV_PCM_IOCTL_TTSTAMP, 0xbed430d8) = 0
126   openat(AT_FDCWD, "/Settings/Trolltech.conf", O_RDONLY|O_LARGEFILE|O_CLOEXEC) = 4
124   ioctl(14, SNDRV_PCM_IOCTL_SYNC_PTR, 0xbed430dc) = 0
124   ioctl(14, SNDRV_PCM_IOCTL_HW_REFINE, 0xbed432e0) = 0
124   ioctl(14, SNDRV_PCM_IOCTL_HW_REFINE, 0xbed432e0) = 0
124   ioctl(14, SNDRV_PCM_IOCTL_HW_REFINE, 0xbed432e0) = 0
124   ioctl(14, SNDRV_PCM_IOCTL_HW_REFINE, 0xbed432e0) = 0
124   ioctl(14, SNDRV_PCM_IOCTL_HW_REFINE, 0xbed432e0) = 0
124   ioctl(14, SNDRV_PCM_IOCTL_HW_REFINE, 0xbed432e0) = 0
124   ioctl(14, SNDRV_PCM_IOCTL_HW_REFINE, 0xbed432e0) = 0
124   ioctl(14, SNDRV_PCM_IOCTL_HW_REFINE, 0xbed432e0) = 0
124   ioctl(14, SNDRV_PCM_IOCTL_HW_REFINE, 0xbed432e0) = 0
126   openat(AT_FDCWD, "/etc/localtime", O_RDONLY|O_CLOEXEC <unfinished ...>
124   ioctl(14, SNDRV_PCM_IOCTL_HW_REFINE, 0xbed432e0 <unfinished ...>
126   <... openat resumed>)             = -1 ENOENT (No such file or directory)
124   <... ioctl resumed>)              = 0
124   ioctl(14, SNDRV_PCM_IOCTL_HW_PARAMS, 0xbed432e0) = 0
124   ioctl(14, SNDRV_PCM_IOCTL_SYNC_PTR, 0xf0bf8) = 0
124   ioctl(14, SNDRV_PCM_IOCTL_SW_PARAMS, 0xbed431e0) = 0
124   ioctl(14, SNDRV_PCM_IOCTL_CHANNEL_INFO, 0xbed43170) = 0
124   ioctl(14, SNDRV_PCM_IOCTL_CHANNEL_INFO, 0xbed43170) = 0
124   ioctl(14, SNDRV_PCM_IOCTL_PREPARE, 0xefc50) = 0
124   ioctl(14, SNDRV_PCM_IOCTL_SYNC_PTR, 0xf0bf8) = 0
124   ioctl(14, SNDRV_PCM_IOCTL_SW_PARAMS, 0xbed43270) = 0
124   ioctl(14, SNDRV_PCM_IOCTL_SYNC_PTR, 0xf0bf8) = 0
124   ioctl(14, SNDRV_PCM_IOCTL_START, 0xf0bf8) = 0
124   ioctl(14, AGPIOC_INFO or SNDRV_PCM_IOCTL_PVERSION, 0xbed43564) = 0
124   ioctl(14, SNDRV_PCM_IOCTL_INFO, 0xbed433c8) = 0
124   openat(AT_FDCWD, "/dev/snd/controlC0", O_RDONLY|O_CLOEXEC) = 13
124   ioctl(13, SNDRV_CTL_IOCTL_CARD_INFO, 0xbed42e50) = 0
124   openat(AT_FDCWD, "/dev/snd/timer", O_RDONLY|O_NONBLOCK|O_CLOEXEC) = 13
126   openat(AT_FDCWD, "/tmp/qipc_systemsem_EffectShareLockbbdf8ea1c6e0e6da16c545db1a530e6545a7753f", O_RDWR|O_CREAT|O_EXCL|O_LARGEFILE|O_CLOEXEC, 0640 <unfinished ...>
124   ioctl(13, SNDRV_TIMER_IOCTL_PVERSION, 0xbed43158 <unfinished ...>
126   <... openat resumed>)             = 4
124   <... ioctl resumed>)              = 0
124   ioctl(13, SNDRV_TIMER_IOCTL_TREAD_OLD, 0xbed4315c) = 0
124   ioctl(13, SNDRV_TIMER_IOCTL_SELECT, 0xbed4315c) = 0
124   ioctl(13, SNDRV_TIMER_IOCTL_PVERSION, 0xbed434f4) = 0
124   openat(AT_FDCWD, "/dev/snd/controlC0", O_RDONLY|O_CLOEXEC) = 15
124   ioctl(15, SNDRV_CTL_IOCTL_CARD_INFO, 0xbed432a8) = 0
124   openat(AT_FDCWD, "/dev/snd/controlC0", O_RDWR|O_CLOEXEC) = 15
124   ioctl(15, SNDRV_CTL_IOCTL_PVERSION, 0xbed435c8) = 0
126   openat(AT_FDCWD, "/dev/fb0", O_RDWR <unfinished ...>
124   ioctl(15, SNDRV_CTL_IOCTL_ELEM_INFO, 0xbed435b8 <unfinished ...>
126   <... openat resumed>)             = 4
124   <... ioctl resumed>)              = -1 ENOENT (No such file or directory)
126   ioctl(4, FBIOGET_VSCREENINFO, 0x2b28c <unfinished ...>
124   ioctl(15, SNDRV_CTL_IOCTL_ELEM_ADD, 0xbed43458 <unfinished ...>
126   <... ioctl resumed>)              = 0
124   <... ioctl resumed>)              = 0
124   ioctl(15, SNDRV_CTL_IOCTL_ELEM_WRITE, 0xbed43188) = 0
124   ioctl(15, SNDRV_CTL_IOCTL_ELEM_INFO, 0xf1090) = 0
124   ioctl(15, SNDRV_CTL_IOCTL_TLV_WRITE, 0xef548) = 1
124   ioctl(15, SNDRV_CTL_IOCTL_ELEM_WRITE, 0xf0d98) = 0
126   openat(AT_FDCWD, "/etc/directfbrc", O_RDONLY) = 4
124   openat(AT_FDCWD, "/dev/snd/controlC0", O_RDONLY|O_CLOEXEC) = 15
124   ioctl(15, SNDRV_CTL_IOCTL_CARD_INFO, 0xbed43190) = 0
124   openat(AT_FDCWD, "/dev/snd/controlC0", O_RDWR|O_CLOEXEC) = 15
124   ioctl(15, SNDRV_CTL_IOCTL_PVERSION, 0xbed434b0) = 0
126   openat(AT_FDCWD, "//.directfbrc", O_RDONLY) = -1 ENOENT (No such file or directory)
126   openat(AT_FDCWD, "/etc/directfbrc.EffectWatch", O_RDONLY) = -1 ENOENT (No such file or directory)
126   openat(AT_FDCWD, "//.directfbrc.EffectWatch", O_RDONLY) = -1 ENOENT (No such file or directory)
126   openat(AT_FDCWD, "/workspace/ark0618system/build/..//out/rootfs-msn5g.build/usr/lib/libdirectfb-1.7.so.4", O_RDONLY|O_CLOEXEC) = -1 ENOENT (No such file or directory)
124   openat(AT_FDCWD, "/dev/snd/controlC0", O_RDONLY|O_CLOEXEC <unfinished ...>
126   openat(AT_FDCWD, "/usr/lib/directfb-1.7-4/systems", O_RDONLY|O_NONBLOCK|O_LARGEFILE|O_CLOEXEC|O_DIRECTORY <unfinished ...>
124   <... openat resumed>)             = 13
126   <... openat resumed>)             = 4
124   ioctl(13, SNDRV_CTL_IOCTL_CARD_INFO, 0xbed437a0) = 0
124   openat(AT_FDCWD, "/dev/snd/controlC0", O_RDWR|O_CLOEXEC) = 13
126   openat(AT_FDCWD, "/usr/lib/directfb-1.7-4/systems/libdirectfb_dummy.so", O_RDONLY|O_CLOEXEC) = 5
124   ioctl(13, SNDRV_CTL_IOCTL_PVERSION, 0xbed43ac0) = 0
124   ioctl(13, SNDRV_CTL_IOCTL_ELEM_LIST, 0xbed43b70) = 0
124   ioctl(13, SNDRV_CTL_IOCTL_ELEM_LIST, 0xbed43b70) = 0
124   ioctl(13, SNDRV_CTL_IOCTL_ELEM_INFO, 0xbed43918) = 0
124   ioctl(13, SNDRV_CTL_IOCTL_ELEM_READ, 0xbed434d8) = 0
124   ioctl(13, SNDRV_CTL_IOCTL_ELEM_READ, 0xbed434d8 <unfinished ...>
126   openat(AT_FDCWD, "/usr/lib/directfb-1.7-4/systems/libdirectfb_fbdev.so", O_RDONLY|O_CLOEXEC <unfinished ...>
124   <... ioctl resumed>)              = 0
126   <... openat resumed>)             = 5
124   ioctl(13, SNDRV_CTL_IOCTL_ELEM_INFO, 0xbed43918) = 0
124   ioctl(13, SNDRV_CTL_IOCTL_ELEM_READ, 0xbed434d8) = 0
124   ioctl(13, SNDRV_CTL_IOCTL_ELEM_READ, 0xbed434d8) = 0
124   ioctl(13, SNDRV_CTL_IOCTL_ELEM_INFO, 0xbed43918) = 0
124   ioctl(13, SNDRV_CTL_IOCTL_ELEM_READ, 0xbed434d8) = 0
124   ioctl(13, SNDRV_CTL_IOCTL_ELEM_READ, 0xbed434d8) = 0
124   ioctl(13, SNDRV_CTL_IOCTL_ELEM_INFO, 0xbed43918) = 0
124   ioctl(13, SNDRV_CTL_IOCTL_ELEM_READ, 0xbed434d8) = 0
124   ioctl(13, SNDRV_CTL_IOCTL_ELEM_READ, 0xbed434d8) = 0
124   ioctl(13, SNDRV_CTL_IOCTL_SUBSCRIBE_EVENTS, 0xbed43b5c) = 0
124   openat(AT_FDCWD, "/dev/snd/controlC0", O_RDONLY|O_CLOEXEC) = 14
124   ioctl(14, SNDRV_CTL_IOCTL_CARD_INFO, 0xbed43210) = 0
124   openat(AT_FDCWD, "/dev/snd/controlC0", O_RDONLY|O_CLOEXEC) = 14
124   ioctl(14, SNDRV_CTL_IOCTL_CARD_INFO, 0xbed431f8) = 0
124   openat(AT_FDCWD, "/dev/snd/controlC0", O_RDWR|O_CLOEXEC) = 14
124   ioctl(14, SNDRV_CTL_IOCTL_PVERSION, 0xbed43388) = 0
124   ioctl(14, SNDRV_CTL_IOCTL_PCM_PREFER_SUBDEVICE, 0xbed433c4) = 0
124   openat(AT_FDCWD, "/dev/snd/pcmC0D0p", O_RDWR|O_NONBLOCK|O_CLOEXEC) = 15
124   ioctl(15, SNDRV_PCM_IOCTL_INFO, 0xbed43288) = 0
124   ioctl(15, AGPIOC_INFO or SNDRV_PCM_IOCTL_PVERSION, 0xbed431f8) = 0
124   ioctl(15, AGPIOC_SETUP or SNDRV_PCM_IOCTL_TTSTAMP, 0xbed43200) = 0
124   ioctl(15, SNDRV_PCM_IOCTL_SYNC_PTR, 0xbed43204) = 0
124   ioctl(15, SNDRV_PCM_IOCTL_HW_REFINE, 0xbed43408) = 0
124   ioctl(15, SNDRV_PCM_IOCTL_HW_REFINE, 0xbed43408) = 0
124   ioctl(15, SNDRV_PCM_IOCTL_HW_REFINE, 0xbed43408) = 0
124   ioctl(15, SNDRV_PCM_IOCTL_HW_REFINE, 0xbed43408) = 0
124   ioctl(15, SNDRV_PCM_IOCTL_HW_REFINE, 0xbed43408) = 0
124   ioctl(15, SNDRV_PCM_IOCTL_HW_REFINE, 0xbed43408) = 0
124   ioctl(15, SNDRV_PCM_IOCTL_HW_REFINE, 0xbed43408) = 0
124   ioctl(15, SNDRV_PCM_IOCTL_HW_REFINE, 0xbed43408) = 0
124   ioctl(15, SNDRV_PCM_IOCTL_HW_REFINE, 0xbed43408) = 0
124   ioctl(15, SNDRV_PCM_IOCTL_HW_REFINE, 0xbed43408) = 0
124   ioctl(15, SNDRV_PCM_IOCTL_HW_PARAMS, 0xbed43408) = 0
124   ioctl(15, SNDRV_PCM_IOCTL_SYNC_PTR, 0xf23f8) = 0
124   ioctl(15, SNDRV_PCM_IOCTL_SW_PARAMS, 0xbed43308) = 0
124   ioctl(15, SNDRV_PCM_IOCTL_CHANNEL_INFO, 0xbed43298) = 0
124   ioctl(15, SNDRV_PCM_IOCTL_CHANNEL_INFO, 0xbed43298) = 0
124   ioctl(15, SNDRV_PCM_IOCTL_PREPARE, 0xef528) = 0
124   ioctl(15, SNDRV_PCM_IOCTL_SYNC_PTR, 0xf23f8) = 0
124   ioctl(15, SNDRV_PCM_IOCTL_SW_PARAMS, 0xbed43398) = 0
124   ioctl(15, SNDRV_PCM_IOCTL_SYNC_PTR, 0xf23f8 <unfinished ...>
126   openat(AT_FDCWD, "/dev/fb0", O_RDWR <unfinished ...>
124   <... ioctl resumed>)              = 0
126   <... openat resumed>)             = 4
124   ioctl(15, SNDRV_PCM_IOCTL_START, 0xf23f8) = 0
124   ioctl(15, AGPIOC_INFO or SNDRV_PCM_IOCTL_PVERSION, 0xbed4368c <unfinished ...>
126   ioctl(4, FBIOGET_FSCREENINFO, 0x38dc8 <unfinished ...>
124   <... ioctl resumed>)              = 0
126   <... ioctl resumed>)              = 0
126   ioctl(4, FBIOGET_VSCREENINFO, 0x38f00) = 0
126   ioctl(4, FBIOPUT_VSCREENINFO, 0x38e60) = 0
126   ioctl(4, FBIOGETCMAP, 0x38fac)    = 0
124   ioctl(15, SNDRV_PCM_IOCTL_INFO, 0xbed434f0) = 0
126   openat(AT_FDCWD, "/sys/class/graphics/fb0/device/vendor", O_RDONLY <unfinished ...>
124   openat(AT_FDCWD, "/dev/snd/controlC0", O_RDONLY|O_CLOEXEC <unfinished ...>
126   <... openat resumed>)             = -1 ENOENT (No such file or directory)
124   <... openat resumed>)             = 14
126   openat(AT_FDCWD, "/sys/class/graphics/fb0/device/device", O_RDONLY) = -1 ENOENT (No such file or directory)
126   openat(AT_FDCWD, "/proc/bus/pci/devices", O_RDONLY <unfinished ...>
124   ioctl(14, SNDRV_CTL_IOCTL_CARD_INFO, 0xbed42f78 <unfinished ...>
126   <... openat resumed>)             = -1 ENOENT (No such file or directory)
124   <... ioctl resumed>)              = 0
126   openat(AT_FDCWD, "/usr/lib/directfb-1.7-4/inputdrivers", O_RDONLY|O_NONBLOCK|O_LARGEFILE|O_CLOEXEC|O_DIRECTORY) = 5
124   openat(AT_FDCWD, "/dev/snd/timer", O_RDONLY|O_NONBLOCK|O_CLOEXEC) = 14
124   ioctl(14, SNDRV_TIMER_IOCTL_PVERSION, 0xbed43280) = 0
124   ioctl(14, SNDRV_TIMER_IOCTL_TREAD_OLD, 0xbed43284 <unfinished ...>
126   openat(AT_FDCWD, "/usr/lib/directfb-1.7-4/inputdrivers/libdirectfb_linux_input.so", O_RDONLY|O_CLOEXEC <unfinished ...>
124   <... ioctl resumed>)              = 0
126   <... openat resumed>)             = 6
124   ioctl(14, SNDRV_TIMER_IOCTL_SELECT, 0xbed43284) = 0
124   ioctl(14, SNDRV_TIMER_IOCTL_PVERSION, 0xbed4361c) = 0
124   openat(AT_FDCWD, "/dev/snd/controlC0", O_RDONLY|O_CLOEXEC) = 16
124   ioctl(16, SNDRV_CTL_IOCTL_CARD_INFO, 0xbed433d0) = 0
124   openat(AT_FDCWD, "/dev/snd/controlC0", O_RDWR|O_CLOEXEC) = 16
124   ioctl(16, SNDRV_CTL_IOCTL_PVERSION, 0xbed436f0) = 0
124   ioctl(16, SNDRV_CTL_IOCTL_ELEM_INFO, 0xbed436e0) = -1 ENOENT (No such file or directory)
124   ioctl(16, SNDRV_CTL_IOCTL_ELEM_ADD, 0xbed43580 <unfinished ...>
126   openat(AT_FDCWD, "/usr/lib/directfb-1.7-4/gfxdrivers", O_RDONLY|O_NONBLOCK|O_LARGEFILE|O_CLOEXEC|O_DIRECTORY <unfinished ...>
124   <... ioctl resumed>)              = 0
126   <... openat resumed>)             = 5
124   ioctl(16, SNDRV_CTL_IOCTL_ELEM_WRITE, 0xbed432b0) = 0
124   ioctl(16, SNDRV_CTL_IOCTL_ELEM_INFO, 0xf2870) = 0
124   ioctl(16, SNDRV_CTL_IOCTL_TLV_WRITE, 0xf0d40) = 1
126   openat(AT_FDCWD, "/usr/lib/directfb-1.7-4/gfxdrivers/libdirectfb_gal.so", O_RDONLY|O_CLOEXEC <unfinished ...>
124   ioctl(16, SNDRV_CTL_IOCTL_ELEM_WRITE, 0xf2578 <unfinished ...>
126   <... openat resumed>)             = 6
124   <... ioctl resumed>)              = 0
124   openat(AT_FDCWD, "/dev/snd/controlC0", O_RDONLY|O_CLOEXEC) = 16
124   ioctl(16, SNDRV_CTL_IOCTL_CARD_INFO, 0xbed432b8) = 0
124   openat(AT_FDCWD, "/dev/snd/controlC0", O_RDWR|O_CLOEXEC) = 16
124   ioctl(16, SNDRV_CTL_IOCTL_PVERSION, 0xbed435d8) = 0
126   openat(AT_FDCWD, "/usr/local/Qt4.7.4/lib/libGAL.so", O_RDONLY|O_CLOEXEC) = -1 ENOENT (No such file or directory)
126   openat(AT_FDCWD, "/usr/lib/libGAL.so", O_RDONLY|O_CLOEXEC) = 6
124   openat(AT_FDCWD, "/dev/snd/controlC0", O_RDONLY|O_CLOEXEC) = 14
124   ioctl(14, SNDRV_CTL_IOCTL_CARD_INFO, 0xbed430e8) = 0
124   openat(AT_FDCWD, "/dev/snd/controlC0", O_RDONLY|O_CLOEXEC) = 14
124   ioctl(14, SNDRV_CTL_IOCTL_CARD_INFO, 0xbed430d0) = 0
124   openat(AT_FDCWD, "/dev/snd/controlC0", O_RDWR|O_CLOEXEC) = 14
124   ioctl(14, SNDRV_CTL_IOCTL_PVERSION, 0xbed43260) = 0
124   ioctl(14, SNDRV_CTL_IOCTL_PCM_PREFER_SUBDEVICE, 0xbed4329c) = 0
124   openat(AT_FDCWD, "/dev/snd/pcmC0D0p", O_RDWR|O_NONBLOCK|O_CLOEXEC) = 15
124   ioctl(15, SNDRV_PCM_IOCTL_INFO, 0xbed43160) = 0
124   ioctl(15, AGPIOC_INFO or SNDRV_PCM_IOCTL_PVERSION, 0xbed430d0) = 0
124   ioctl(15, AGPIOC_SETUP or SNDRV_PCM_IOCTL_TTSTAMP, 0xbed430d8) = 0
124   ioctl(15, SNDRV_PCM_IOCTL_SYNC_PTR, 0xbed430dc) = 0
124   ioctl(15, SNDRV_PCM_IOCTL_HW_REFINE, 0xbed432e0) = 0
124   ioctl(15, SNDRV_PCM_IOCTL_HW_REFINE, 0xbed432e0) = 0
124   ioctl(15, SNDRV_PCM_IOCTL_HW_REFINE, 0xbed432e0) = 0
124   ioctl(15, SNDRV_PCM_IOCTL_HW_REFINE, 0xbed432e0) = 0
124   ioctl(15, SNDRV_PCM_IOCTL_HW_REFINE, 0xbed432e0) = 0
124   ioctl(15, SNDRV_PCM_IOCTL_HW_REFINE, 0xbed432e0) = 0
126   openat(AT_FDCWD, "/dev/galcore", O_RDWR <unfinished ...>
124   ioctl(15, SNDRV_PCM_IOCTL_HW_REFINE, 0xbed432e0 <unfinished ...>
126   <... openat resumed>)             = 5
124   <... ioctl resumed>)              = 0
126   ioctl(5, _IOC(_IOC_NONE, 0x75, 0x30, 0), 0xbeca5e80 <unfinished ...>
124   ioctl(15, SNDRV_PCM_IOCTL_HW_REFINE, 0xbed432e0 <unfinished ...>
126   <... ioctl resumed>)              = 0
124   <... ioctl resumed>)              = 0
126   ioctl(5, _IOC(_IOC_NONE, 0x75, 0x30, 0), 0xbeca5e80 <unfinished ...>
124   ioctl(15, SNDRV_PCM_IOCTL_HW_REFINE, 0xbed432e0 <unfinished ...>
126   <... ioctl resumed>)              = 0
124   <... ioctl resumed>)              = 0
126   ioctl(5, _IOC(_IOC_NONE, 0x75, 0x30, 0), 0xbeca5ea0 <unfinished ...>
124   ioctl(15, SNDRV_PCM_IOCTL_HW_REFINE, 0xbed432e0 <unfinished ...>
126   <... ioctl resumed>)              = 0
124   <... ioctl resumed>)              = 0
124   ioctl(15, SNDRV_PCM_IOCTL_HW_PARAMS, 0xbed432e0) = 0
126   ioctl(5, _IOC(_IOC_NONE, 0x75, 0x30, 0), 0xbeca5ea0 <unfinished ...>
124   ioctl(15, SNDRV_PCM_IOCTL_SYNC_PTR, 0xf2c10 <unfinished ...>
126   <... ioctl resumed>)              = 0
124   <... ioctl resumed>)              = 0
124   ioctl(15, SNDRV_PCM_IOCTL_SW_PARAMS, 0xbed431e0) = 0
126   openat(AT_FDCWD, "/proc/126/cmdline", O_RDONLY <unfinished ...>
124   ioctl(15, SNDRV_PCM_IOCTL_CHANNEL_INFO, 0xbed43170 <unfinished ...>
126   <... openat resumed>)             = 6
124   <... ioctl resumed>)              = 0
124   ioctl(15, SNDRV_PCM_IOCTL_CHANNEL_INFO, 0xbed43170) = 0
124   ioctl(15, SNDRV_PCM_IOCTL_PREPARE, 0xef528) = 0
124   ioctl(15, SNDRV_PCM_IOCTL_SYNC_PTR, 0xf2c10) = 0
126   ioctl(5, _IOC(_IOC_NONE, 0x75, 0x30, 0), 0xbeca5d78 <unfinished ...>
124   ioctl(15, SNDRV_PCM_IOCTL_SW_PARAMS, 0xbed43270 <unfinished ...>
126   <... ioctl resumed>)              = 0
124   <... ioctl resumed>)              = 0
126   ioctl(5, _IOC(_IOC_NONE, 0x75, 0x30, 0), 0xbeca5d78 <unfinished ...>
124   ioctl(15, SNDRV_PCM_IOCTL_SYNC_PTR, 0xf2c10 <unfinished ...>
126   <... ioctl resumed>)              = 0
124   <... ioctl resumed>)              = 0
126   ioctl(5, _IOC(_IOC_NONE, 0x75, 0x30, 0), 0xbeca5d90 <unfinished ...>
124   ioctl(15, SNDRV_PCM_IOCTL_START, 0xf2c10 <unfinished ...>
126   <... ioctl resumed>)              = 0
124   <... ioctl resumed>)              = 0
126   ioctl(5, _IOC(_IOC_NONE, 0x75, 0x30, 0), 0xbeca5d70 <unfinished ...>
124   ioctl(15, AGPIOC_INFO or SNDRV_PCM_IOCTL_PVERSION, 0xbed43564 <unfinished ...>
126   <... ioctl resumed>)              = 0
124   <... ioctl resumed>)              = 0
126   ioctl(5, _IOC(_IOC_NONE, 0x75, 0x30, 0), 0xbeca5b70) = 0
126   ioctl(5, _IOC(_IOC_NONE, 0x75, 0x30, 0), 0xbeca5b78) = 0
126   ioctl(5, _IOC(_IOC_NONE, 0x75, 0x30, 0), 0xbeca5d18) = 0
126   ioctl(5, _IOC(_IOC_NONE, 0x75, 0x30, 0), 0xbeca5b70 <unfinished ...>
124   ioctl(15, SNDRV_PCM_IOCTL_INFO, 0xbed433c8 <unfinished ...>
126   <... ioctl resumed>)              = 0
124   <... ioctl resumed>)              = 0
126   ioctl(5, _IOC(_IOC_NONE, 0x75, 0x30, 0), 0xbeca5b78) = 0
126   ioctl(5, _IOC(_IOC_NONE, 0x75, 0x30, 0), 0xbeca5d18 <unfinished ...>
124   openat(AT_FDCWD, "/dev/snd/controlC0", O_RDONLY|O_CLOEXEC <unfinished ...>
126   <... ioctl resumed>)              = 0
124   <... openat resumed>)             = 14
126   ioctl(5, _IOC(_IOC_NONE, 0x75, 0x30, 0), 0xbeca5d20) = 0
124   ioctl(14, SNDRV_CTL_IOCTL_CARD_INFO, 0xbed42e50) = 0
126   ioctl(5, _IOC(_IOC_NONE, 0x75, 0x30, 0), 0xbeca5d40) = 0
126   ioctl(5, _IOC(_IOC_NONE, 0x75, 0x30, 0), 0xbeca5d40 <unfinished ...>
124   openat(AT_FDCWD, "/dev/snd/timer", O_RDONLY|O_NONBLOCK|O_CLOEXEC <unfinished ...>
126   <... ioctl resumed>)              = 0
124   <... openat resumed>)             = 14
126   ioctl(5, _IOC(_IOC_NONE, 0x75, 0x30, 0), 0xbeca5d28) = 0
126   ioctl(5, _IOC(_IOC_NONE, 0x75, 0x30, 0), 0xbeca5d30 <unfinished ...>
124   ioctl(14, SNDRV_TIMER_IOCTL_PVERSION, 0xbed43158 <unfinished ...>
126   <... ioctl resumed>)              = 0
124   <... ioctl resumed>)              = 0
126   ioctl(5, _IOC(_IOC_NONE, 0x75, 0x30, 0), 0xbeca5d28 <unfinished ...>
124   ioctl(14, SNDRV_TIMER_IOCTL_TREAD_OLD, 0xbed4315c <unfinished ...>
126   <... ioctl resumed>)              = 0
124   <... ioctl resumed>)              = 0
126   ioctl(5, _IOC(_IOC_NONE, 0x75, 0x30, 0), 0xbeca5d30 <unfinished ...>
124   ioctl(14, SNDRV_TIMER_IOCTL_SELECT, 0xbed4315c <unfinished ...>
126   <... ioctl resumed>)              = 0
124   <... ioctl resumed>)              = 0
126   ioctl(5, _IOC(_IOC_NONE, 0x75, 0x30, 0), 0xbeca5d28 <unfinished ...>
124   ioctl(14, SNDRV_TIMER_IOCTL_PVERSION, 0xbed434f4 <unfinished ...>
126   <... ioctl resumed>)              = 0
124   <... ioctl resumed>)              = 0
126   ioctl(5, _IOC(_IOC_NONE, 0x75, 0x30, 0), 0xbeca5d30) = 0
126   ioctl(5, _IOC(_IOC_NONE, 0x75, 0x30, 0), 0xbeca5d28) = 0
126   ioctl(5, _IOC(_IOC_NONE, 0x75, 0x30, 0), 0xbeca5d30 <unfinished ...>
124   openat(AT_FDCWD, "/dev/snd/controlC0", O_RDONLY|O_CLOEXEC <unfinished ...>
126   <... ioctl resumed>)              = 0
124   <... openat resumed>)             = 16
126   ioctl(5, _IOC(_IOC_NONE, 0x75, 0x30, 0), 0xbeca5d28) = 0
126   ioctl(5, _IOC(_IOC_NONE, 0x75, 0x30, 0), 0xbeca5d30 <unfinished ...>
124   ioctl(16, SNDRV_CTL_IOCTL_CARD_INFO, 0xbed432a8 <unfinished ...>
126   <... ioctl resumed>)              = 0
124   <... ioctl resumed>)              = 0
126   ioctl(5, _IOC(_IOC_NONE, 0x75, 0x30, 0), 0xbeca5d28) = 0
126   ioctl(5, _IOC(_IOC_NONE, 0x75, 0x30, 0), 0xbeca5d30 <unfinished ...>
124   openat(AT_FDCWD, "/dev/snd/controlC0", O_RDWR|O_CLOEXEC <unfinished ...>
126   <... ioctl resumed>)              = 0
124   <... openat resumed>)             = 16
126   ioctl(5, _IOC(_IOC_NONE, 0x75, 0x30, 0), 0xbeca5d28) = 0
126   ioctl(5, _IOC(_IOC_NONE, 0x75, 0x30, 0), 0xbeca5d30 <unfinished ...>
124   ioctl(16, SNDRV_CTL_IOCTL_PVERSION, 0xbed435c8 <unfinished ...>
126   <... ioctl resumed>)              = 0
124   <... ioctl resumed>)              = 0
126   ioctl(5, _IOC(_IOC_NONE, 0x75, 0x30, 0), 0xbeca5d28 <unfinished ...>
124   ioctl(16, SNDRV_CTL_IOCTL_ELEM_INFO, 0xbed435b8 <unfinished ...>
126   <... ioctl resumed>)              = 0
124   <... ioctl resumed>)              = 0
126   ioctl(5, _IOC(_IOC_NONE, 0x75, 0x30, 0), 0xbeca5d30 <unfinished ...>
124   ioctl(16, SNDRV_CTL_IOCTL_TLV_READ, 0xef548 <unfinished ...>
126   <... ioctl resumed>)              = 0
124   <... ioctl resumed>)              = 0
126   ioctl(5, _IOC(_IOC_NONE, 0x75, 0x30, 0), 0xbeca5d28) = 0
126   ioctl(5, _IOC(_IOC_NONE, 0x75, 0x30, 0), 0xbeca5d30) = 0
126   ioctl(5, _IOC(_IOC_NONE, 0x75, 0x30, 0), 0xbeca5d28) = 0
126   ioctl(5, _IOC(_IOC_NONE, 0x75, 0x30, 0), 0xbeca5d30) = 0
126   ioctl(5, _IOC(_IOC_NONE, 0x75, 0x30, 0), 0xbeca5d28) = 0
126   ioctl(5, _IOC(_IOC_NONE, 0x75, 0x30, 0), 0xbeca5d30) = 0
126   ioctl(5, _IOC(_IOC_NONE, 0x75, 0x30, 0), 0xbeca5d28) = 0
126   ioctl(5, _IOC(_IOC_NONE, 0x75, 0x30, 0), 0xbeca5d30) = 0
126   ioctl(5, _IOC(_IOC_NONE, 0x75, 0x30, 0), 0xbeca5d28) = 0
126   ioctl(5, _IOC(_IOC_NONE, 0x75, 0x30, 0), 0xbeca5d30) = 0
126   ioctl(5, _IOC(_IOC_NONE, 0x75, 0x30, 0), 0xbeca5d28) = 0
126   ioctl(5, _IOC(_IOC_NONE, 0x75, 0x30, 0), 0xbeca5d30) = 0
126   ioctl(5, _IOC(_IOC_NONE, 0x75, 0x30, 0), 0xbeca5d28) = 0
126   ioctl(5, _IOC(_IOC_NONE, 0x75, 0x30, 0), 0xbeca5d30 <unfinished ...>
124   openat(AT_FDCWD, "/dev/snd/controlC0", O_RDONLY|O_CLOEXEC <unfinished ...>
126   <... ioctl resumed>)              = 0
124   <... openat resumed>)             = 14
126   ioctl(5, _IOC(_IOC_NONE, 0x75, 0x30, 0), 0xbeca5d28) = 0
126   ioctl(5, _IOC(_IOC_NONE, 0x75, 0x30, 0), 0xbeca5d30 <unfinished ...>
124   ioctl(14, SNDRV_CTL_IOCTL_CARD_INFO, 0xbed437a0 <unfinished ...>
126   <... ioctl resumed>)              = 0
124   <... ioctl resumed>)              = 0
126   ioctl(5, _IOC(_IOC_NONE, 0x75, 0x30, 0), 0xbeca5d28) = 0
126   ioctl(5, _IOC(_IOC_NONE, 0x75, 0x30, 0), 0xbeca5d30 <unfinished ...>
124   openat(AT_FDCWD, "/dev/snd/controlC0", O_RDWR|O_CLOEXEC <unfinished ...>
126   <... ioctl resumed>)              = 0
124   <... openat resumed>)             = 14
126   ioctl(5, _IOC(_IOC_NONE, 0x75, 0x30, 0), 0xbeca5d28) = 0
126   ioctl(5, _IOC(_IOC_NONE, 0x75, 0x30, 0), 0xbeca5d30 <unfinished ...>
124   ioctl(14, SNDRV_CTL_IOCTL_PVERSION, 0xbed43ac0 <unfinished ...>
126   <... ioctl resumed>)              = 0
124   <... ioctl resumed>)              = 0
126   ioctl(5, _IOC(_IOC_NONE, 0x75, 0x30, 0), 0xbeca5d28) = 0
126   ioctl(5, _IOC(_IOC_NONE, 0x75, 0x30, 0), 0xbeca5d30) = 0
126   ioctl(5, _IOC(_IOC_NONE, 0x75, 0x30, 0), 0xbeca5d28 <unfinished ...>
124   ioctl(14, SNDRV_CTL_IOCTL_ELEM_LIST, 0xbed43b70 <unfinished ...>
126   <... ioctl resumed>)              = 0
124   <... ioctl resumed>)              = 0
126   ioctl(5, _IOC(_IOC_NONE, 0x75, 0x30, 0), 0xbeca5d30 <unfinished ...>
124   ioctl(14, SNDRV_CTL_IOCTL_ELEM_LIST, 0xbed43b70 <unfinished ...>
126   <... ioctl resumed>)              = 0
124   <... ioctl resumed>)              = 0
126   ioctl(5, _IOC(_IOC_NONE, 0x75, 0x30, 0), 0xbeca5d28 <unfinished ...>
124   ioctl(14, SNDRV_CTL_IOCTL_ELEM_INFO, 0xbed43918 <unfinished ...>
126   <... ioctl resumed>)              = 0
124   <... ioctl resumed>)              = 0
126   ioctl(5, _IOC(_IOC_NONE, 0x75, 0x30, 0), 0xbeca5d30 <unfinished ...>
124   ioctl(14, SNDRV_CTL_IOCTL_ELEM_READ, 0xbed434d8 <unfinished ...>
126   <... ioctl resumed>)              = 0
124   <... ioctl resumed>)              = 0
126   ioctl(5, _IOC(_IOC_NONE, 0x75, 0x30, 0), 0xbeca5d28 <unfinished ...>
124   ioctl(14, SNDRV_CTL_IOCTL_ELEM_READ, 0xbed434d8 <unfinished ...>
126   <... ioctl resumed>)              = 0
124   <... ioctl resumed>)              = 0
126   ioctl(5, _IOC(_IOC_NONE, 0x75, 0x30, 0), 0xbeca5d30 <unfinished ...>
124   ioctl(14, SNDRV_CTL_IOCTL_ELEM_INFO, 0xbed43918 <unfinished ...>
126   <... ioctl resumed>)              = 0
124   <... ioctl resumed>)              = 0
126   ioctl(5, _IOC(_IOC_NONE, 0x75, 0x30, 0), 0xbeca5d28 <unfinished ...>
124   ioctl(14, SNDRV_CTL_IOCTL_ELEM_READ, 0xbed434d8 <unfinished ...>
126   <... ioctl resumed>)              = 0
124   <... ioctl resumed>)              = 0
126   ioctl(5, _IOC(_IOC_NONE, 0x75, 0x30, 0), 0xbeca5d30 <unfinished ...>
124   ioctl(14, SNDRV_CTL_IOCTL_ELEM_READ, 0xbed434d8 <unfinished ...>
126   <... ioctl resumed>)              = 0
124   <... ioctl resumed>)              = 0
126   ioctl(5, _IOC(_IOC_NONE, 0x75, 0x30, 0), 0xbeca5d28 <unfinished ...>
124   ioctl(14, SNDRV_CTL_IOCTL_ELEM_INFO, 0xbed43918 <unfinished ...>
126   <... ioctl resumed>)              = 0
124   <... ioctl resumed>)              = 0
126   ioctl(5, _IOC(_IOC_NONE, 0x75, 0x30, 0), 0xbeca5d30 <unfinished ...>
124   ioctl(14, SNDRV_CTL_IOCTL_ELEM_READ, 0xbed434d8 <unfinished ...>
126   <... ioctl resumed>)              = 0
124   <... ioctl resumed>)              = 0
124   ioctl(14, SNDRV_CTL_IOCTL_ELEM_READ, 0xbed434d8) = 0
124   ioctl(14, SNDRV_CTL_IOCTL_ELEM_INFO, 0xbed43918) = 0
124   ioctl(14, SNDRV_CTL_IOCTL_ELEM_READ, 0xbed434d8) = 0
124   ioctl(14, SNDRV_CTL_IOCTL_ELEM_READ, 0xbed434d8) = 0
124   ioctl(14, SNDRV_CTL_IOCTL_ELEM_INFO, 0xbed43918 <unfinished ...>
126   openat(AT_FDCWD, "/proc/126/cmdline", O_RDONLY <unfinished ...>
124   <... ioctl resumed>)              = 0
126   <... openat resumed>)             = 6
124   ioctl(14, SNDRV_CTL_IOCTL_ELEM_READ, 0xbed434d8) = 0
124   ioctl(14, SNDRV_CTL_IOCTL_ELEM_READ, 0xbed434d8) = 0
124   ioctl(14, SNDRV_CTL_IOCTL_SUBSCRIBE_EVENTS, 0xbed43b5c) = 0
126   ioctl(5, _IOC(_IOC_NONE, 0x75, 0x30, 0), 0xbeca5da8 <unfinished ...>
128   openat(AT_FDCWD, "/usr/local/Qt4.7.4/lib/libGAL.so", O_RDONLY|O_CLOEXEC <unfinished ...>
126   <... ioctl resumed>)              = 0
124   openat(AT_FDCWD, "/dev/snd/controlC0", O_RDONLY|O_CLOEXEC <unfinished ...>
128   <... openat resumed>)             = -1 ENOENT (No such file or directory)
126   ioctl(5, _IOC(_IOC_NONE, 0x75, 0x30, 0), 0xbeca5da8 <unfinished ...>
124   <... openat resumed>)             = 15
128   ioctl(5, _IOC(_IOC_NONE, 0x75, 0x30, 0), 0xb3661c50 <unfinished ...>
126   <... ioctl resumed>)              = 0
126   ioctl(5, _IOC(_IOC_NONE, 0x75, 0x30, 0), 0xbeca5dc0) = 0
124   ioctl(15, SNDRV_CTL_IOCTL_CARD_INFO, 0xbed43210 <unfinished ...>
126   ioctl(5, _IOC(_IOC_NONE, 0x75, 0x30, 0), 0xbeca5da0 <unfinished ...>
124   <... ioctl resumed>)              = 0
126   <... ioctl resumed>)              = 0
126   ioctl(5, _IOC(_IOC_NONE, 0x75, 0x30, 0), 0xbeca5ba0) = 0
126   ioctl(5, _IOC(_IOC_NONE, 0x75, 0x30, 0), 0xbeca5ba8) = 0
126   ioctl(5, _IOC(_IOC_NONE, 0x75, 0x30, 0), 0xbeca5d48) = 0
126   ioctl(5, _IOC(_IOC_NONE, 0x75, 0x30, 0), 0xbeca5ba0) = 0
126   ioctl(5, _IOC(_IOC_NONE, 0x75, 0x30, 0), 0xbeca5ba8) = 0
126   ioctl(5, _IOC(_IOC_NONE, 0x75, 0x30, 0), 0xbeca5d48) = 0
124   openat(AT_FDCWD, "/dev/snd/controlC0", O_RDONLY|O_CLOEXEC <unfinished ...>
126   ioctl(5, _IOC(_IOC_NONE, 0x75, 0x30, 0), 0xbeca5d50 <unfinished ...>
124   <... openat resumed>)             = 15
126   <... ioctl resumed>)              = 0
124   ioctl(15, SNDRV_CTL_IOCTL_CARD_INFO, 0xbed431f8 <unfinished ...>
126   ioctl(5, _IOC(_IOC_NONE, 0x75, 0x30, 0), 0xbeca5ec8 <unfinished ...>
124   <... ioctl resumed>)              = 0
126   <... ioctl resumed>)              = 0
126   openat(AT_FDCWD, "/etc/gal_config", O_RDONLY) = 6
124   openat(AT_FDCWD, "/dev/snd/controlC0", O_RDWR|O_CLOEXEC) = 15
124   ioctl(15, SNDRV_CTL_IOCTL_PVERSION, 0xbed43388) = 0
124   ioctl(15, SNDRV_CTL_IOCTL_PCM_PREFER_SUBDEVICE, 0xbed433c4) = 0
124   openat(AT_FDCWD, "/dev/snd/pcmC0D0p", O_RDWR|O_NONBLOCK|O_CLOEXEC) = 16
126   openat(AT_FDCWD, "/etc/fb.modes", O_RDONLY) = -1 ENOENT (No such file or directory)
126   ioctl(4, FBIOPUT_VSCREENINFO, 0xbeca5e30) = 0
124   ioctl(16, SNDRV_PCM_IOCTL_INFO, 0xbed43288 <unfinished ...>
126   openat(AT_FDCWD, "/usr/lib/directfb-1.7-4/wm", O_RDONLY|O_NONBLOCK|O_LARGEFILE|O_CLOEXEC|O_DIRECTORY <unfinished ...>
124   <... ioctl resumed>)              = 0
126   <... openat resumed>)             = 6
124   ioctl(16, AGPIOC_INFO or SNDRV_PCM_IOCTL_PVERSION, 0xbed431f8) = 0
126   openat(AT_FDCWD, "/usr/lib/directfb-1.7-4/wm/libdirectfbwm_default.so", O_RDONLY|O_CLOEXEC <unfinished ...>
124   ioctl(16, AGPIOC_SETUP or SNDRV_PCM_IOCTL_TTSTAMP, 0xbed43200 <unfinished ...>
126   <... openat resumed>)             = 7
124   <... ioctl resumed>)              = 0
124   ioctl(16, SNDRV_PCM_IOCTL_SYNC_PTR, 0xbed43204) = 0
124   ioctl(16, SNDRV_PCM_IOCTL_HW_REFINE, 0xbed43408) = 0
124   ioctl(16, SNDRV_PCM_IOCTL_HW_REFINE, 0xbed43408) = 0
124   ioctl(16, SNDRV_PCM_IOCTL_HW_REFINE, 0xbed43408) = 0
124   ioctl(16, SNDRV_PCM_IOCTL_HW_REFINE, 0xbed43408) = 0
124   ioctl(16, SNDRV_PCM_IOCTL_HW_REFINE, 0xbed43408) = 0
124   ioctl(16, SNDRV_PCM_IOCTL_HW_REFINE, 0xbed43408) = 0
124   ioctl(16, SNDRV_PCM_IOCTL_HW_REFINE, 0xbed43408) = 0
124   ioctl(16, SNDRV_PCM_IOCTL_HW_REFINE, 0xbed43408) = 0
124   ioctl(16, SNDRV_PCM_IOCTL_HW_REFINE, 0xbed43408) = 0
124   ioctl(16, SNDRV_PCM_IOCTL_HW_REFINE, 0xbed43408) = 0
124   ioctl(16, SNDRV_PCM_IOCTL_HW_PARAMS, 0xbed43408) = 0
124   ioctl(16, SNDRV_PCM_IOCTL_SYNC_PTR, 0xf4168) = 0
124   ioctl(16, SNDRV_PCM_IOCTL_SW_PARAMS, 0xbed43308) = 0
124   ioctl(16, SNDRV_PCM_IOCTL_CHANNEL_INFO, 0xbed43298) = 0
124   ioctl(16, SNDRV_PCM_IOCTL_CHANNEL_INFO, 0xbed43298) = 0
124   ioctl(16, SNDRV_PCM_IOCTL_PREPARE, 0xe1728) = 0
124   ioctl(16, SNDRV_PCM_IOCTL_SYNC_PTR, 0xf4168) = 0
124   ioctl(16, SNDRV_PCM_IOCTL_SW_PARAMS, 0xbed43398) = 0
124   ioctl(16, SNDRV_PCM_IOCTL_SYNC_PTR, 0xf4168) = 0
124   ioctl(16, SNDRV_PCM_IOCTL_START, 0xf4168) = 0
124   ioctl(16, AGPIOC_INFO or SNDRV_PCM_IOCTL_PVERSION, 0xbed4368c) = 0
124   ioctl(16, SNDRV_PCM_IOCTL_INFO, 0xbed434f0 <unfinished ...>
126   ioctl(4, FBIOPUT_VSCREENINFO, 0xbeca5f70 <unfinished ...>
124   <... ioctl resumed>)              = 0
126   <... ioctl resumed>)              = 0
126   ioctl(4, FBIOPUT_VSCREENINFO, 0xbeca5f48) = 0
124   openat(AT_FDCWD, "/dev/snd/controlC0", O_RDONLY|O_CLOEXEC <unfinished ...>
126   ioctl(4, FBIOPUT_VSCREENINFO, 0xbeca5eb8 <unfinished ...>
124   <... openat resumed>)             = 15
126   <... ioctl resumed>)              = 0
126   ioctl(4, FBIOPUT_VSCREENINFO, 0xbeca5d00) = 0
124   ioctl(15, SNDRV_CTL_IOCTL_CARD_INFO, 0xbed42f78 <unfinished ...>
126   ioctl(4, FBIOGET_VSCREENINFO, 0xbeca5da0 <unfinished ...>
124   <... ioctl resumed>)              = 0
126   <... ioctl resumed>)              = 0
126   ioctl(4, FBIOGET_FSCREENINFO, 0x38dc8) = 0
124   openat(AT_FDCWD, "/dev/snd/timer", O_RDONLY|O_NONBLOCK|O_CLOEXEC <unfinished ...>
126   ioctl(4, FBIOPUTCMAP, 0x38fc4 <unfinished ...>
124   <... openat resumed>)             = 15
126   <... ioctl resumed>)              = -1 EINVAL (Invalid argument)
124   ioctl(15, SNDRV_TIMER_IOCTL_PVERSION, 0xbed43280) = 0
124   ioctl(15, SNDRV_TIMER_IOCTL_TREAD_OLD, 0xbed43284 <unfinished ...>
126   ioctl(4, FBIOPUT_VSCREENINFO, 0xbeca5fb8 <unfinished ...>
124   <... ioctl resumed>)              = 0
126   <... ioctl resumed>)              = 0
124   ioctl(15, SNDRV_TIMER_IOCTL_SELECT, 0xbed43284 <unfinished ...>
126   ioctl(4, FBIOPUT_VSCREENINFO, 0xbeca5f98 <unfinished ...>
124   <... ioctl resumed>)              = 0
126   <... ioctl resumed>)              = 0
124   ioctl(15, SNDRV_TIMER_IOCTL_PVERSION, 0xbed4361c) = 0
126   ioctl(4, FBIOPUT_VSCREENINFO, 0xbeca5f08) = 0
124   openat(AT_FDCWD, "/dev/snd/controlC0", O_RDONLY|O_CLOEXEC <unfinished ...>
126   ioctl(4, FBIOPUT_VSCREENINFO, 0xbeca5f20 <unfinished ...>
124   <... openat resumed>)             = 17
126   <... ioctl resumed>)              = 0
124   ioctl(17, SNDRV_CTL_IOCTL_CARD_INFO, 0xbed433d0) = 0
124   openat(AT_FDCWD, "/dev/snd/controlC0", O_RDWR|O_CLOEXEC) = 17
124   ioctl(17, SNDRV_CTL_IOCTL_PVERSION, 0xbed436f0) = 0
124   ioctl(17, SNDRV_CTL_IOCTL_ELEM_INFO, 0xbed436e0 <unfinished ...>
126   ioctl(4, FBIOPUT_VSCREENINFO, 0xbeca5d50 <unfinished ...>
124   <... ioctl resumed>)              = -1 ENOENT (No such file or directory)
126   <... ioctl resumed>)              = 0
124   ioctl(17, SNDRV_CTL_IOCTL_ELEM_ADD, 0xbed43580 <unfinished ...>
126   ioctl(4, FBIOGET_VSCREENINFO, 0xbeca5df0 <unfinished ...>
124   <... ioctl resumed>)              = 0
126   <... ioctl resumed>)              = 0
124   ioctl(17, SNDRV_CTL_IOCTL_ELEM_WRITE, 0xbed432b0 <unfinished ...>
126   ioctl(4, FBIOGET_FSCREENINFO, 0x38dc8 <unfinished ...>
124   <... ioctl resumed>)              = 0
126   <... ioctl resumed>)              = 0
124   ioctl(17, SNDRV_CTL_IOCTL_ELEM_INFO, 0xf2af8 <unfinished ...>
126   ioctl(4, FBIOPUTCMAP, 0x38fc4 <unfinished ...>
124   <... ioctl resumed>)              = 0
126   <... ioctl resumed>)              = -1 EINVAL (Invalid argument)
124   ioctl(17, SNDRV_CTL_IOCTL_TLV_WRITE, 0xf0d40 <unfinished ...>
126   ioctl(4, FBIOPAN_DISPLAY, 0x38e60 <unfinished ...>
124   <... ioctl resumed>)              = 1
126   <... ioctl resumed>)              = 0
124   ioctl(17, SNDRV_CTL_IOCTL_ELEM_WRITE, 0xf42e8 <unfinished ...>
126   ioctl(4, FBIO_WAITFORVSYNC, 0xb582752c <unfinished ...>
124   <... ioctl resumed>)              = 0
124   openat(AT_FDCWD, "/dev/snd/controlC0", O_RDONLY|O_CLOEXEC) = 17
126   <... ioctl resumed>)              = 0
124   ioctl(17, SNDRV_CTL_IOCTL_CARD_INFO, 0xbed432b8) = 0
124   openat(AT_FDCWD, "/dev/snd/controlC0", O_RDWR|O_CLOEXEC) = 17
126   ioctl(4, FBIOPUT_VSCREENINFO, 0xbeca5fc0 <unfinished ...>
124   ioctl(17, SNDRV_CTL_IOCTL_PVERSION, 0xbed435d8 <unfinished ...>
126   <... ioctl resumed>)              = 0
124   <... ioctl resumed>)              = 0
126   ioctl(4, FBIOPUT_VSCREENINFO, 0xbeca5fb8) = 0
126   ioctl(4, FBIOPUT_VSCREENINFO, 0xbeca5f90) = 0
126   ioctl(4, FBIOPUT_VSCREENINFO, 0xbeca5f00) = 0
124   openat(AT_FDCWD, "/dev/snd/controlC0", O_RDONLY|O_CLOEXEC) = 15
124   ioctl(15, SNDRV_CTL_IOCTL_CARD_INFO, 0xbed430e8) = 0
124   openat(AT_FDCWD, "/dev/snd/controlC0", O_RDONLY|O_CLOEXEC) = 15
124   ioctl(15, SNDRV_CTL_IOCTL_CARD_INFO, 0xbed430d0) = 0
124   openat(AT_FDCWD, "/dev/snd/controlC0", O_RDWR|O_CLOEXEC) = 15
124   ioctl(15, SNDRV_CTL_IOCTL_PVERSION, 0xbed43260) = 0
124   ioctl(15, SNDRV_CTL_IOCTL_PCM_PREFER_SUBDEVICE, 0xbed4329c) = 0
124   openat(AT_FDCWD, "/dev/snd/pcmC0D0p", O_RDWR|O_NONBLOCK|O_CLOEXEC) = 16
124   ioctl(16, SNDRV_PCM_IOCTL_INFO, 0xbed43160) = 0
124   ioctl(16, AGPIOC_INFO or SNDRV_PCM_IOCTL_PVERSION, 0xbed430d0) = 0
124   ioctl(16, AGPIOC_SETUP or SNDRV_PCM_IOCTL_TTSTAMP, 0xbed430d8) = 0
124   ioctl(16, SNDRV_PCM_IOCTL_SYNC_PTR, 0xbed430dc) = 0
124   ioctl(16, SNDRV_PCM_IOCTL_HW_REFINE, 0xbed432e0) = 0
124   ioctl(16, SNDRV_PCM_IOCTL_HW_REFINE, 0xbed432e0) = 0
124   ioctl(16, SNDRV_PCM_IOCTL_HW_REFINE, 0xbed432e0) = 0
124   ioctl(16, SNDRV_PCM_IOCTL_HW_REFINE, 0xbed432e0) = 0
124   ioctl(16, SNDRV_PCM_IOCTL_HW_REFINE, 0xbed432e0) = 0
124   ioctl(16, SNDRV_PCM_IOCTL_HW_REFINE, 0xbed432e0) = 0
124   ioctl(16, SNDRV_PCM_IOCTL_HW_REFINE, 0xbed432e0) = 0
124   ioctl(16, SNDRV_PCM_IOCTL_HW_REFINE, 0xbed432e0) = 0
124   ioctl(16, SNDRV_PCM_IOCTL_HW_REFINE, 0xbed432e0) = 0
124   ioctl(16, SNDRV_PCM_IOCTL_HW_REFINE, 0xbed432e0) = 0
124   ioctl(16, SNDRV_PCM_IOCTL_HW_PARAMS, 0xbed432e0) = 0
124   ioctl(16, SNDRV_PCM_IOCTL_SYNC_PTR, 0xf46e0) = 0
124   ioctl(16, SNDRV_PCM_IOCTL_SW_PARAMS, 0xbed431e0) = 0
124   ioctl(16, SNDRV_PCM_IOCTL_CHANNEL_INFO, 0xbed43170) = 0
124   ioctl(16, SNDRV_PCM_IOCTL_CHANNEL_INFO, 0xbed43170) = 0
124   ioctl(16, SNDRV_PCM_IOCTL_PREPARE, 0xe1728) = 0
124   ioctl(16, SNDRV_PCM_IOCTL_SYNC_PTR, 0xf46e0) = 0
124   ioctl(16, SNDRV_PCM_IOCTL_SW_PARAMS, 0xbed43270) = 0
124   ioctl(16, SNDRV_PCM_IOCTL_SYNC_PTR, 0xf46e0) = 0
124   ioctl(16, SNDRV_PCM_IOCTL_START, 0xf46e0) = 0
124   ioctl(16, AGPIOC_INFO or SNDRV_PCM_IOCTL_PVERSION, 0xbed43564 <unfinished ...>
126   openat(AT_FDCWD, "/tmp/qipc_systemsem_EffectShareLockbbdf8ea1c6e0e6da16c545db1a530e6545a7753f", O_RDWR|O_CREAT|O_EXCL|O_LARGEFILE|O_CLOEXEC, 0640 <unfinished ...>
124   <... ioctl resumed>)              = 0
126   <... openat resumed>)             = 6
124   ioctl(16, SNDRV_PCM_IOCTL_INFO, 0xbed433c8) = 0
124   openat(AT_FDCWD, "/dev/snd/controlC0", O_RDONLY|O_CLOEXEC) = 15
124   ioctl(15, SNDRV_CTL_IOCTL_CARD_INFO, 0xbed42e50) = 0
124   openat(AT_FDCWD, "/dev/snd/timer", O_RDONLY|O_NONBLOCK|O_CLOEXEC) = 15
124   ioctl(15, SNDRV_TIMER_IOCTL_PVERSION, 0xbed43158) = 0
124   ioctl(15, SNDRV_TIMER_IOCTL_TREAD_OLD, 0xbed4315c) = 0
124   ioctl(15, SNDRV_TIMER_IOCTL_SELECT, 0xbed4315c <unfinished ...>
126   openat(AT_FDCWD, "/tmp/qipc_systemsem_EffectShareMemoryeda54b1f090ad4981bf41b7cdf66aa2a59f3062c", O_RDWR|O_CREAT|O_EXCL|O_LARGEFILE|O_CLOEXEC, 0640 <unfinished ...>
124   <... ioctl resumed>)              = 0
126   <... openat resumed>)             = 6
124   ioctl(15, SNDRV_TIMER_IOCTL_PVERSION, 0xbed434f4) = 0
124   openat(AT_FDCWD, "/dev/snd/controlC0", O_RDONLY|O_CLOEXEC) = 17
124   ioctl(17, SNDRV_CTL_IOCTL_CARD_INFO, 0xbed432a8) = 0
124   openat(AT_FDCWD, "/dev/snd/controlC0", O_RDWR|O_CLOEXEC) = 17
124   ioctl(17, SNDRV_CTL_IOCTL_PVERSION, 0xbed435c8) = 0
124   ioctl(17, SNDRV_CTL_IOCTL_ELEM_INFO, 0xbed435b8) = 0
124   ioctl(17, SNDRV_CTL_IOCTL_TLV_READ, 0xef548) = 0
124   openat(AT_FDCWD, "/dev/snd/controlC0", O_RDONLY|O_CLOEXEC) = 15
124   ioctl(15, SNDRV_CTL_IOCTL_CARD_INFO, 0xbed437a0) = 0
124   openat(AT_FDCWD, "/dev/snd/controlC0", O_RDWR|O_CLOEXEC) = 15
124   ioctl(15, SNDRV_CTL_IOCTL_PVERSION, 0xbed43ac0) = 0
124   ioctl(15, SNDRV_CTL_IOCTL_ELEM_LIST, 0xbed43b70) = 0
124   ioctl(15, SNDRV_CTL_IOCTL_ELEM_LIST, 0xbed43b70) = 0
124   ioctl(15, SNDRV_CTL_IOCTL_ELEM_INFO, 0xbed43918) = 0
124   ioctl(15, SNDRV_CTL_IOCTL_ELEM_READ, 0xbed434d8) = 0
124   ioctl(15, SNDRV_CTL_IOCTL_ELEM_READ, 0xbed434d8) = 0
124   ioctl(15, SNDRV_CTL_IOCTL_ELEM_INFO, 0xbed43918) = 0
124   ioctl(15, SNDRV_CTL_IOCTL_ELEM_READ, 0xbed434d8) = 0
124   ioctl(15, SNDRV_CTL_IOCTL_ELEM_READ, 0xbed434d8 <unfinished ...>
126   openat(AT_FDCWD, "/tmp/qipc_systemsem_EffectShareMemoryeda54b1f090ad4981bf41b7cdf66aa2a59f3062c", O_RDWR|O_CREAT|O_EXCL|O_LARGEFILE|O_CLOEXEC, 0640 <unfinished ...>
124   <... ioctl resumed>)              = 0
126   <... openat resumed>)             = 6
124   ioctl(15, SNDRV_CTL_IOCTL_ELEM_INFO, 0xbed43918) = 0
124   ioctl(15, SNDRV_CTL_IOCTL_ELEM_READ, 0xbed434d8) = 0
124   ioctl(15, SNDRV_CTL_IOCTL_ELEM_READ, 0xbed434d8) = 0
124   ioctl(15, SNDRV_CTL_IOCTL_ELEM_INFO, 0xbed43918) = 0
124   ioctl(15, SNDRV_CTL_IOCTL_ELEM_READ, 0xbed434d8) = 0
124   ioctl(15, SNDRV_CTL_IOCTL_ELEM_READ, 0xbed434d8) = 0
124   ioctl(15, SNDRV_CTL_IOCTL_ELEM_INFO, 0xbed43918) = 0
124   ioctl(15, SNDRV_CTL_IOCTL_ELEM_READ, 0xbed434d8) = 0
124   ioctl(15, SNDRV_CTL_IOCTL_ELEM_READ, 0xbed434d8) = 0
124   ioctl(15, SNDRV_CTL_IOCTL_ELEM_INFO, 0xbed43918) = 0
124   ioctl(15, SNDRV_CTL_IOCTL_ELEM_READ, 0xbed434d8) = 0
124   ioctl(15, SNDRV_CTL_IOCTL_ELEM_READ, 0xbed434d8) = 0
124   ioctl(15, SNDRV_CTL_IOCTL_SUBSCRIBE_EVENTS, 0xbed43b5c) = 0
124   openat(AT_FDCWD, "/dev/snd/controlC0", O_RDONLY|O_CLOEXEC) = 16
124   ioctl(16, SNDRV_CTL_IOCTL_CARD_INFO, 0xbed43210) = 0
126   openat(AT_FDCWD, "/tmp/qipc_systemsem_EffectShareMemoryeda54b1f090ad4981bf41b7cdf66aa2a59f3062c", O_RDWR|O_CREAT|O_EXCL|O_LARGEFILE|O_CLOEXEC, 0640) = 6
124   openat(AT_FDCWD, "/dev/snd/controlC0", O_RDONLY|O_CLOEXEC) = 16
124   ioctl(16, SNDRV_CTL_IOCTL_CARD_INFO, 0xbed431f8) = 0
124   openat(AT_FDCWD, "/dev/snd/controlC0", O_RDWR|O_CLOEXEC) = 16
124   ioctl(16, SNDRV_CTL_IOCTL_PVERSION, 0xbed43388) = 0
124   ioctl(16, SNDRV_CTL_IOCTL_PCM_PREFER_SUBDEVICE, 0xbed433c4) = 0
124   openat(AT_FDCWD, "/dev/snd/pcmC0D0p", O_RDWR|O_NONBLOCK|O_CLOEXEC) = 17
124   ioctl(17, SNDRV_PCM_IOCTL_INFO, 0xbed43288) = 0
124   ioctl(17, AGPIOC_INFO or SNDRV_PCM_IOCTL_PVERSION, 0xbed431f8) = 0
124   ioctl(17, AGPIOC_SETUP or SNDRV_PCM_IOCTL_TTSTAMP, 0xbed43200) = 0
124   ioctl(17, SNDRV_PCM_IOCTL_SYNC_PTR, 0xbed43204) = 0
124   ioctl(17, SNDRV_PCM_IOCTL_HW_REFINE, 0xbed43408) = 0
124   ioctl(17, SNDRV_PCM_IOCTL_HW_REFINE, 0xbed43408) = 0
124   ioctl(17, SNDRV_PCM_IOCTL_HW_REFINE, 0xbed43408) = 0
124   ioctl(17, SNDRV_PCM_IOCTL_HW_REFINE, 0xbed43408) = 0
124   ioctl(17, SNDRV_PCM_IOCTL_HW_REFINE, 0xbed43408) = 0
124   ioctl(17, SNDRV_PCM_IOCTL_HW_REFINE, 0xbed43408) = 0
124   ioctl(17, SNDRV_PCM_IOCTL_HW_REFINE, 0xbed43408) = 0
124   ioctl(17, SNDRV_PCM_IOCTL_HW_REFINE, 0xbed43408) = 0
124   ioctl(17, SNDRV_PCM_IOCTL_HW_REFINE, 0xbed43408) = 0
124   ioctl(17, SNDRV_PCM_IOCTL_HW_REFINE, 0xbed43408) = 0
124   ioctl(17, SNDRV_PCM_IOCTL_HW_PARAMS, 0xbed43408) = 0
124   ioctl(17, SNDRV_PCM_IOCTL_SYNC_PTR, 0xf6010) = 0
124   ioctl(17, SNDRV_PCM_IOCTL_SW_PARAMS, 0xbed43308) = 0
124   ioctl(17, SNDRV_PCM_IOCTL_CHANNEL_INFO, 0xbed43298) = 0
124   ioctl(17, SNDRV_PCM_IOCTL_CHANNEL_INFO, 0xbed43298) = 0
126   openat(AT_FDCWD, "/tmp/qipc_systemsem_EffectShareMemoryeda54b1f090ad4981bf41b7cdf66aa2a59f3062c", O_RDWR|O_CREAT|O_EXCL|O_LARGEFILE|O_CLOEXEC, 0640) = 6
124   ioctl(17, SNDRV_PCM_IOCTL_PREPARE, 0xf6158) = 0
124   ioctl(17, SNDRV_PCM_IOCTL_SYNC_PTR, 0xf6010) = 0
124   ioctl(17, SNDRV_PCM_IOCTL_SW_PARAMS, 0xbed43398) = 0
124   ioctl(17, SNDRV_PCM_IOCTL_SYNC_PTR, 0xf6010) = 0
124   ioctl(17, SNDRV_PCM_IOCTL_START, 0xf6010) = 0
124   ioctl(17, AGPIOC_INFO or SNDRV_PCM_IOCTL_PVERSION, 0xbed4368c) = 0
124   ioctl(17, SNDRV_PCM_IOCTL_INFO, 0xbed434f0) = 0
124   openat(AT_FDCWD, "/dev/snd/controlC0", O_RDONLY|O_CLOEXEC) = 16
124   ioctl(16, SNDRV_CTL_IOCTL_CARD_INFO, 0xbed42f78) = 0
124   openat(AT_FDCWD, "/dev/snd/timer", O_RDONLY|O_NONBLOCK|O_CLOEXEC) = 16
124   ioctl(16, SNDRV_TIMER_IOCTL_PVERSION, 0xbed43280) = 0
124   ioctl(16, SNDRV_TIMER_IOCTL_TREAD_OLD, 0xbed43284) = 0
124   ioctl(16, SNDRV_TIMER_IOCTL_SELECT, 0xbed43284) = 0
124   ioctl(16, SNDRV_TIMER_IOCTL_PVERSION, 0xbed4361c) = 0
124   openat(AT_FDCWD, "/dev/snd/controlC0", O_RDONLY|O_CLOEXEC) = 18
124   ioctl(18, SNDRV_CTL_IOCTL_CARD_INFO, 0xbed433d0) = 0
124   openat(AT_FDCWD, "/dev/snd/controlC0", O_RDWR|O_CLOEXEC) = 18
124   ioctl(18, SNDRV_CTL_IOCTL_PVERSION, 0xbed436f0) = 0
126   openat(AT_FDCWD, "/tmp/qipc_systemsem_EffectShareMemoryeda54b1f090ad4981bf41b7cdf66aa2a59f3062c", O_RDWR|O_CREAT|O_EXCL|O_LARGEFILE|O_CLOEXEC, 0640 <unfinished ...>
124   ioctl(18, SNDRV_CTL_IOCTL_ELEM_INFO, 0xbed436e0 <unfinished ...>
126   <... openat resumed>)             = 6
124   <... ioctl resumed>)              = -1 ENOENT (No such file or directory)
124   ioctl(18, SNDRV_CTL_IOCTL_ELEM_ADD, 0xbed43580) = 0
124   ioctl(18, SNDRV_CTL_IOCTL_ELEM_WRITE, 0xbed432b0) = 0
124   ioctl(18, SNDRV_CTL_IOCTL_ELEM_INFO, 0xf45c8) = 0
124   ioctl(18, SNDRV_CTL_IOCTL_TLV_WRITE, 0xf0d40) = 1
124   ioctl(18, SNDRV_CTL_IOCTL_ELEM_WRITE, 0xf61d0) = 0
124   openat(AT_FDCWD, "/dev/snd/controlC0", O_RDONLY|O_CLOEXEC) = 18
124   ioctl(18, SNDRV_CTL_IOCTL_CARD_INFO, 0xbed432b8) = 0
124   openat(AT_FDCWD, "/dev/snd/controlC0", O_RDWR|O_CLOEXEC) = 18
124   ioctl(18, SNDRV_CTL_IOCTL_PVERSION, 0xbed435d8) = 0
124   openat(AT_FDCWD, "/dev/snd/controlC0", O_RDONLY|O_CLOEXEC) = 16
124   ioctl(16, SNDRV_CTL_IOCTL_CARD_INFO, 0xbed430e8) = 0
124   openat(AT_FDCWD, "/dev/snd/controlC0", O_RDONLY|O_CLOEXEC) = 16
124   ioctl(16, SNDRV_CTL_IOCTL_CARD_INFO, 0xbed430d0) = 0
124   openat(AT_FDCWD, "/dev/snd/controlC0", O_RDWR|O_CLOEXEC) = 16
124   ioctl(16, SNDRV_CTL_IOCTL_PVERSION, 0xbed43260) = 0
124   ioctl(16, SNDRV_CTL_IOCTL_PCM_PREFER_SUBDEVICE, 0xbed4329c) = 0
124   openat(AT_FDCWD, "/dev/snd/pcmC0D0p", O_RDWR|O_NONBLOCK|O_CLOEXEC) = 17
124   ioctl(17, SNDRV_PCM_IOCTL_INFO, 0xbed43160) = 0
124   ioctl(17, AGPIOC_INFO or SNDRV_PCM_IOCTL_PVERSION, 0xbed430d0) = 0
126   openat(AT_FDCWD, "/tmp/qipc_systemsem_EffectShareMemoryeda54b1f090ad4981bf41b7cdf66aa2a59f3062c", O_RDWR|O_CREAT|O_EXCL|O_LARGEFILE|O_CLOEXEC, 0640) = 6
124   ioctl(17, AGPIOC_SETUP or SNDRV_PCM_IOCTL_TTSTAMP, 0xbed430d8) = 0
124   ioctl(17, SNDRV_PCM_IOCTL_SYNC_PTR, 0xbed430dc) = 0
124   ioctl(17, SNDRV_PCM_IOCTL_HW_REFINE, 0xbed432e0) = 0
124   ioctl(17, SNDRV_PCM_IOCTL_HW_REFINE, 0xbed432e0) = 0
124   ioctl(17, SNDRV_PCM_IOCTL_HW_REFINE, 0xbed432e0) = 0
124   ioctl(17, SNDRV_PCM_IOCTL_HW_REFINE, 0xbed432e0) = 0
124   ioctl(17, SNDRV_PCM_IOCTL_HW_REFINE, 0xbed432e0) = 0
124   ioctl(17, SNDRV_PCM_IOCTL_HW_REFINE, 0xbed432e0) = 0
124   ioctl(17, SNDRV_PCM_IOCTL_HW_REFINE, 0xbed432e0) = 0
124   ioctl(17, SNDRV_PCM_IOCTL_HW_REFINE, 0xbed432e0) = 0
124   ioctl(17, SNDRV_PCM_IOCTL_HW_REFINE, 0xbed432e0) = 0
124   ioctl(17, SNDRV_PCM_IOCTL_HW_REFINE, 0xbed432e0) = 0
124   ioctl(17, SNDRV_PCM_IOCTL_HW_PARAMS, 0xbed432e0) = 0
124   ioctl(17, SNDRV_PCM_IOCTL_SYNC_PTR, 0xf64f8) = 0
124   ioctl(17, SNDRV_PCM_IOCTL_SW_PARAMS, 0xbed431e0) = 0
124   ioctl(17, SNDRV_PCM_IOCTL_CHANNEL_INFO, 0xbed43170) = 0
124   ioctl(17, SNDRV_PCM_IOCTL_CHANNEL_INFO, 0xbed43170) = 0
124   ioctl(17, SNDRV_PCM_IOCTL_PREPARE, 0xf6158) = 0
124   ioctl(17, SNDRV_PCM_IOCTL_SYNC_PTR, 0xf64f8) = 0
124   ioctl(17, SNDRV_PCM_IOCTL_SW_PARAMS, 0xbed43270) = 0
124   ioctl(17, SNDRV_PCM_IOCTL_SYNC_PTR, 0xf64f8) = 0
124   ioctl(17, SNDRV_PCM_IOCTL_START, 0xf64f8) = 0
124   ioctl(17, AGPIOC_INFO or SNDRV_PCM_IOCTL_PVERSION, 0xbed43564) = 0
126   openat(AT_FDCWD, "/tmp/qipc_systemsem_EffectShareMemoryeda54b1f090ad4981bf41b7cdf66aa2a59f3062c", O_RDWR|O_CREAT|O_EXCL|O_LARGEFILE|O_CLOEXEC, 0640) = 6
124   ioctl(17, SNDRV_PCM_IOCTL_INFO, 0xbed433c8) = 0
124   openat(AT_FDCWD, "/dev/snd/controlC0", O_RDONLY|O_CLOEXEC) = 16
124   ioctl(16, SNDRV_CTL_IOCTL_CARD_INFO, 0xbed42e50) = 0
124   openat(AT_FDCWD, "/dev/snd/timer", O_RDONLY|O_NONBLOCK|O_CLOEXEC) = 16
124   ioctl(16, SNDRV_TIMER_IOCTL_PVERSION, 0xbed43158) = 0
124   ioctl(16, SNDRV_TIMER_IOCTL_TREAD_OLD, 0xbed4315c) = 0
124   ioctl(16, SNDRV_TIMER_IOCTL_SELECT, 0xbed4315c) = 0
124   ioctl(16, SNDRV_TIMER_IOCTL_PVERSION, 0xbed434f4) = 0
124   openat(AT_FDCWD, "/dev/snd/controlC0", O_RDONLY|O_CLOEXEC) = 18
124   ioctl(18, SNDRV_CTL_IOCTL_CARD_INFO, 0xbed432a8) = 0
124   openat(AT_FDCWD, "/dev/snd/controlC0", O_RDWR|O_CLOEXEC) = 18
124   ioctl(18, SNDRV_CTL_IOCTL_PVERSION, 0xbed435c8) = 0
124   ioctl(18, SNDRV_CTL_IOCTL_ELEM_INFO, 0xbed435b8) = 0
124   ioctl(18, SNDRV_CTL_IOCTL_TLV_READ, 0xf6178) = 0
124   openat(AT_FDCWD, "/dev/snd/controlC0", O_RDONLY|O_CLOEXEC) = 16
124   ioctl(16, SNDRV_CTL_IOCTL_CARD_INFO, 0xbed437a0) = 0
124   openat(AT_FDCWD, "/dev/snd/controlC0", O_RDWR|O_CLOEXEC) = 16
124   ioctl(16, SNDRV_CTL_IOCTL_PVERSION, 0xbed43ac0) = 0
126   openat(AT_FDCWD, "/tmp/qipc_systemsem_EffectShareMemoryeda54b1f090ad4981bf41b7cdf66aa2a59f3062c", O_RDWR|O_CREAT|O_EXCL|O_LARGEFILE|O_CLOEXEC, 0640) = 6
124   ioctl(16, SNDRV_CTL_IOCTL_ELEM_LIST, 0xbed43b70) = 0
124   ioctl(16, SNDRV_CTL_IOCTL_ELEM_LIST, 0xbed43b70) = 0
124   ioctl(16, SNDRV_CTL_IOCTL_ELEM_INFO, 0xbed43918) = 0
124   ioctl(16, SNDRV_CTL_IOCTL_ELEM_READ, 0xbed434d8) = 0
124   ioctl(16, SNDRV_CTL_IOCTL_ELEM_READ, 0xbed434d8) = 0
124   ioctl(16, SNDRV_CTL_IOCTL_ELEM_INFO, 0xbed43918) = 0
124   ioctl(16, SNDRV_CTL_IOCTL_ELEM_READ, 0xbed434d8) = 0
124   ioctl(16, SNDRV_CTL_IOCTL_ELEM_READ, 0xbed434d8) = 0
124   ioctl(16, SNDRV_CTL_IOCTL_ELEM_INFO, 0xbed43918) = 0
124   ioctl(16, SNDRV_CTL_IOCTL_ELEM_READ, 0xbed434d8) = 0
124   ioctl(16, SNDRV_CTL_IOCTL_ELEM_READ, 0xbed434d8) = 0
124   ioctl(16, SNDRV_CTL_IOCTL_ELEM_INFO, 0xbed43918) = 0
124   ioctl(16, SNDRV_CTL_IOCTL_ELEM_READ, 0xbed434d8) = 0
124   ioctl(16, SNDRV_CTL_IOCTL_ELEM_READ, 0xbed434d8) = 0
124   ioctl(16, SNDRV_CTL_IOCTL_ELEM_INFO, 0xbed43918) = 0
124   ioctl(16, SNDRV_CTL_IOCTL_ELEM_READ, 0xbed434d8) = 0
124   ioctl(16, SNDRV_CTL_IOCTL_ELEM_READ, 0xbed434d8) = 0
124   ioctl(16, SNDRV_CTL_IOCTL_ELEM_INFO, 0xbed43918) = 0
124   ioctl(16, SNDRV_CTL_IOCTL_ELEM_READ, 0xbed434d8) = 0
124   ioctl(16, SNDRV_CTL_IOCTL_ELEM_READ, 0xbed434d8) = 0
124   ioctl(16, SNDRV_CTL_IOCTL_ELEM_INFO, 0xbed43918) = 0
124   ioctl(16, SNDRV_CTL_IOCTL_ELEM_READ, 0xbed434d8) = 0
124   ioctl(16, SNDRV_CTL_IOCTL_ELEM_READ, 0xbed434d8) = 0
126   openat(AT_FDCWD, "/tmp/qipc_systemsem_EffectShareMemoryeda54b1f090ad4981bf41b7cdf66aa2a59f3062c", O_RDWR|O_CREAT|O_EXCL|O_LARGEFILE|O_CLOEXEC, 0640 <unfinished ...>
124   ioctl(16, SNDRV_CTL_IOCTL_SUBSCRIBE_EVENTS, 0xbed43b5c <unfinished ...>
126   <... openat resumed>)             = 6
124   <... ioctl resumed>)              = 0
124   openat(AT_FDCWD, "/dev/snd/controlC0", O_RDONLY|O_CLOEXEC) = 17
124   ioctl(17, SNDRV_CTL_IOCTL_CARD_INFO, 0xbed43210) = 0
124   openat(AT_FDCWD, "/dev/snd/controlC0", O_RDONLY|O_CLOEXEC) = 17
124   ioctl(17, SNDRV_CTL_IOCTL_CARD_INFO, 0xbed431f8) = 0
124   openat(AT_FDCWD, "/dev/snd/controlC0", O_RDWR|O_CLOEXEC) = 17
124   ioctl(17, SNDRV_CTL_IOCTL_PVERSION, 0xbed43388) = 0
124   ioctl(17, SNDRV_CTL_IOCTL_PCM_PREFER_SUBDEVICE, 0xbed433c4) = 0
124   openat(AT_FDCWD, "/dev/snd/pcmC0D0p", O_RDWR|O_NONBLOCK|O_CLOEXEC) = 18
124   ioctl(18, SNDRV_PCM_IOCTL_INFO, 0xbed43288) = 0
124   ioctl(18, AGPIOC_INFO or SNDRV_PCM_IOCTL_PVERSION, 0xbed431f8) = 0
124   ioctl(18, AGPIOC_SETUP or SNDRV_PCM_IOCTL_TTSTAMP, 0xbed43200) = 0
124   ioctl(18, SNDRV_PCM_IOCTL_SYNC_PTR, 0xbed43204) = 0
124   ioctl(18, SNDRV_PCM_IOCTL_HW_REFINE, 0xbed43408) = 0
124   ioctl(18, SNDRV_PCM_IOCTL_HW_REFINE, 0xbed43408) = 0
124   ioctl(18, SNDRV_PCM_IOCTL_HW_REFINE, 0xbed43408) = 0
124   ioctl(18, SNDRV_PCM_IOCTL_HW_REFINE, 0xbed43408) = 0
124   ioctl(18, SNDRV_PCM_IOCTL_HW_REFINE, 0xbed43408) = 0
124   ioctl(18, SNDRV_PCM_IOCTL_HW_REFINE, 0xbed43408) = 0
124   ioctl(18, SNDRV_PCM_IOCTL_HW_REFINE, 0xbed43408) = 0
124   ioctl(18, SNDRV_PCM_IOCTL_HW_REFINE, 0xbed43408) = 0
124   ioctl(18, SNDRV_PCM_IOCTL_HW_REFINE, 0xbed43408 <unfinished ...>
126   openat(AT_FDCWD, "/tmp/qipc_systemsem_EffectShareMemoryeda54b1f090ad4981bf41b7cdf66aa2a59f3062c", O_RDWR|O_CREAT|O_EXCL|O_LARGEFILE|O_CLOEXEC, 0640 <unfinished ...>
124   <... ioctl resumed>)              = 0
126   <... openat resumed>)             = 6
124   ioctl(18, SNDRV_PCM_IOCTL_HW_REFINE, 0xbed43408) = 0
124   ioctl(18, SNDRV_PCM_IOCTL_HW_PARAMS, 0xbed43408) = 0
124   ioctl(18, SNDRV_PCM_IOCTL_SYNC_PTR, 0xf8050) = 0
124   ioctl(18, SNDRV_PCM_IOCTL_SW_PARAMS, 0xbed43308) = 0
124   ioctl(18, SNDRV_PCM_IOCTL_CHANNEL_INFO, 0xbed43298) = 0
124   ioctl(18, SNDRV_PCM_IOCTL_CHANNEL_INFO, 0xbed43298) = 0
124   ioctl(18, SNDRV_PCM_IOCTL_PREPARE, 0xf8198) = 0
124   ioctl(18, SNDRV_PCM_IOCTL_SYNC_PTR, 0xf8050) = 0
124   ioctl(18, SNDRV_PCM_IOCTL_SW_PARAMS, 0xbed43398) = 0
124   ioctl(18, SNDRV_PCM_IOCTL_SYNC_PTR, 0xf8050) = 0
124   ioctl(18, SNDRV_PCM_IOCTL_START, 0xf8050) = 0
124   ioctl(18, AGPIOC_INFO or SNDRV_PCM_IOCTL_PVERSION, 0xbed4368c) = 0
124   ioctl(18, SNDRV_PCM_IOCTL_INFO, 0xbed434f0) = 0
124   openat(AT_FDCWD, "/dev/snd/controlC0", O_RDONLY|O_CLOEXEC) = 17
124   ioctl(17, SNDRV_CTL_IOCTL_CARD_INFO, 0xbed42f78) = 0
124   openat(AT_FDCWD, "/dev/snd/timer", O_RDONLY|O_NONBLOCK|O_CLOEXEC) = 17
124   ioctl(17, SNDRV_TIMER_IOCTL_PVERSION, 0xbed43280) = 0
124   ioctl(17, SNDRV_TIMER_IOCTL_TREAD_OLD, 0xbed43284) = 0
124   ioctl(17, SNDRV_TIMER_IOCTL_SELECT, 0xbed43284) = 0
124   ioctl(17, SNDRV_TIMER_IOCTL_PVERSION, 0xbed4361c) = 0
124   openat(AT_FDCWD, "/dev/snd/controlC0", O_RDONLY|O_CLOEXEC) = 19
124   ioctl(19, SNDRV_CTL_IOCTL_CARD_INFO, 0xbed433d0) = 0
124   openat(AT_FDCWD, "/dev/snd/controlC0", O_RDWR|O_CLOEXEC) = 19
124   ioctl(19, SNDRV_CTL_IOCTL_PVERSION, 0xbed436f0) = 0
124   ioctl(19, SNDRV_CTL_IOCTL_ELEM_INFO, 0xbed436e0) = 0
124   ioctl(19, SNDRV_CTL_IOCTL_TLV_READ, 0xf0d40) = 0
126   openat(AT_FDCWD, "/tmp/qipc_systemsem_EffectShareMemoryeda54b1f090ad4981bf41b7cdf66aa2a59f3062c", O_RDWR|O_CREAT|O_EXCL|O_LARGEFILE|O_CLOEXEC, 0640) = 6
124   openat(AT_FDCWD, "/dev/snd/controlC0", O_RDONLY|O_CLOEXEC) = 17
124   ioctl(17, SNDRV_CTL_IOCTL_CARD_INFO, 0xbed430e8) = 0
124   openat(AT_FDCWD, "/dev/snd/controlC0", O_RDONLY|O_CLOEXEC) = 17
124   ioctl(17, SNDRV_CTL_IOCTL_CARD_INFO, 0xbed430d0) = 0
124   openat(AT_FDCWD, "/dev/snd/controlC0", O_RDWR|O_CLOEXEC) = 17
124   ioctl(17, SNDRV_CTL_IOCTL_PVERSION, 0xbed43260) = 0
124   ioctl(17, SNDRV_CTL_IOCTL_PCM_PREFER_SUBDEVICE, 0xbed4329c) = 0
124   openat(AT_FDCWD, "/dev/snd/pcmC0D0p", O_RDWR|O_NONBLOCK|O_CLOEXEC) = 18
124   ioctl(18, SNDRV_PCM_IOCTL_INFO, 0xbed43160) = 0
124   ioctl(18, AGPIOC_INFO or SNDRV_PCM_IOCTL_PVERSION, 0xbed430d0) = 0
124   ioctl(18, AGPIOC_SETUP or SNDRV_PCM_IOCTL_TTSTAMP, 0xbed430d8) = 0
124   ioctl(18, SNDRV_PCM_IOCTL_SYNC_PTR, 0xbed430dc) = 0
124   ioctl(18, SNDRV_PCM_IOCTL_HW_REFINE, 0xbed432e0) = 0
124   ioctl(18, SNDRV_PCM_IOCTL_HW_REFINE, 0xbed432e0) = 0
124   ioctl(18, SNDRV_PCM_IOCTL_HW_REFINE, 0xbed432e0) = 0
124   ioctl(18, SNDRV_PCM_IOCTL_HW_REFINE, 0xbed432e0) = 0
124   ioctl(18, SNDRV_PCM_IOCTL_HW_REFINE, 0xbed432e0) = 0
124   ioctl(18, SNDRV_PCM_IOCTL_HW_REFINE, 0xbed432e0) = 0
124   ioctl(18, SNDRV_PCM_IOCTL_HW_REFINE, 0xbed432e0) = 0
124   ioctl(18, SNDRV_PCM_IOCTL_HW_REFINE, 0xbed432e0) = 0
124   ioctl(18, SNDRV_PCM_IOCTL_HW_REFINE, 0xbed432e0) = 0
124   ioctl(18, SNDRV_PCM_IOCTL_HW_REFINE, 0xbed432e0) = 0
124   ioctl(18, SNDRV_PCM_IOCTL_HW_PARAMS, 0xbed432e0) = 0
124   ioctl(18, SNDRV_PCM_IOCTL_SYNC_PTR, 0xf8438 <unfinished ...>
126   openat(AT_FDCWD, "/tmp/qipc_systemsem_EffectShareMemoryeda54b1f090ad4981bf41b7cdf66aa2a59f3062c", O_RDWR|O_CREAT|O_EXCL|O_LARGEFILE|O_CLOEXEC, 0640 <unfinished ...>
124   <... ioctl resumed>)              = 0
126   <... openat resumed>)             = 6
124   ioctl(18, SNDRV_PCM_IOCTL_SW_PARAMS, 0xbed431e0) = 0
124   ioctl(18, SNDRV_PCM_IOCTL_CHANNEL_INFO, 0xbed43170) = 0
124   ioctl(18, SNDRV_PCM_IOCTL_CHANNEL_INFO, 0xbed43170) = 0
124   ioctl(18, SNDRV_PCM_IOCTL_PREPARE, 0xf8198) = 0
124   ioctl(18, SNDRV_PCM_IOCTL_SYNC_PTR, 0xf8438) = 0
124   ioctl(18, SNDRV_PCM_IOCTL_SW_PARAMS, 0xbed43270) = 0
124   ioctl(18, SNDRV_PCM_IOCTL_SYNC_PTR, 0xf8438) = 0
124   ioctl(18, SNDRV_PCM_IOCTL_START, 0xf8438) = 0
124   ioctl(18, AGPIOC_INFO or SNDRV_PCM_IOCTL_PVERSION, 0xbed43564) = 0
124   ioctl(18, SNDRV_PCM_IOCTL_INFO, 0xbed433c8) = 0
124   openat(AT_FDCWD, "/dev/snd/controlC0", O_RDONLY|O_CLOEXEC) = 17
124   ioctl(17, SNDRV_CTL_IOCTL_CARD_INFO, 0xbed42e50) = 0
124   openat(AT_FDCWD, "/dev/snd/timer", O_RDONLY|O_NONBLOCK|O_CLOEXEC) = 17
124   ioctl(17, SNDRV_TIMER_IOCTL_PVERSION, 0xbed43158) = 0
124   ioctl(17, SNDRV_TIMER_IOCTL_TREAD_OLD, 0xbed4315c) = 0
124   ioctl(17, SNDRV_TIMER_IOCTL_SELECT, 0xbed4315c) = 0
124   ioctl(17, SNDRV_TIMER_IOCTL_PVERSION, 0xbed434f4) = 0
126   openat(AT_FDCWD, "/tmp/qipc_systemsem_EffectShareMemoryeda54b1f090ad4981bf41b7cdf66aa2a59f3062c", O_RDWR|O_CREAT|O_EXCL|O_LARGEFILE|O_CLOEXEC, 0640 <unfinished ...>
124   openat(AT_FDCWD, "/dev/snd/controlC0", O_RDONLY|O_CLOEXEC <unfinished ...>
126   <... openat resumed>)             = 6
124   <... openat resumed>)             = 19
124   ioctl(19, SNDRV_CTL_IOCTL_CARD_INFO, 0xbed432a8) = 0
124   openat(AT_FDCWD, "/dev/snd/controlC0", O_RDWR|O_CLOEXEC) = 19
124   ioctl(19, SNDRV_CTL_IOCTL_PVERSION, 0xbed435c8) = 0
124   ioctl(19, SNDRV_CTL_IOCTL_ELEM_INFO, 0xbed435b8) = 0
124   ioctl(19, SNDRV_CTL_IOCTL_TLV_READ, 0xe44d8) = 0
124   openat(AT_FDCWD, "/dev/snd/controlC0", O_RDONLY|O_CLOEXEC) = 17
124   ioctl(17, SNDRV_CTL_IOCTL_CARD_INFO, 0xbed437a0) = 0
124   openat(AT_FDCWD, "/dev/snd/controlC0", O_RDWR|O_CLOEXEC) = 17
124   ioctl(17, SNDRV_CTL_IOCTL_PVERSION, 0xbed43ac0) = 0
124   ioctl(17, SNDRV_CTL_IOCTL_ELEM_LIST, 0xbed43b70) = 0
124   ioctl(17, SNDRV_CTL_IOCTL_ELEM_LIST, 0xbed43b70) = 0
124   ioctl(17, SNDRV_CTL_IOCTL_ELEM_INFO, 0xbed43918) = 0
124   ioctl(17, SNDRV_CTL_IOCTL_ELEM_READ, 0xbed434d8) = 0
124   ioctl(17, SNDRV_CTL_IOCTL_ELEM_READ, 0xbed434d8) = 0
124   ioctl(17, SNDRV_CTL_IOCTL_ELEM_INFO, 0xbed43918) = 0
124   ioctl(17, SNDRV_CTL_IOCTL_ELEM_READ, 0xbed434d8) = 0
124   ioctl(17, SNDRV_CTL_IOCTL_ELEM_READ, 0xbed434d8) = 0
124   ioctl(17, SNDRV_CTL_IOCTL_ELEM_INFO, 0xbed43918) = 0
124   ioctl(17, SNDRV_CTL_IOCTL_ELEM_READ, 0xbed434d8) = 0
124   ioctl(17, SNDRV_CTL_IOCTL_ELEM_READ, 0xbed434d8) = 0
124   ioctl(17, SNDRV_CTL_IOCTL_ELEM_INFO, 0xbed43918) = 0
124   ioctl(17, SNDRV_CTL_IOCTL_ELEM_READ, 0xbed434d8 <unfinished ...>
126   openat(AT_FDCWD, "/tmp/qipc_systemsem_EffectShareMemoryeda54b1f090ad4981bf41b7cdf66aa2a59f3062c", O_RDWR|O_CREAT|O_EXCL|O_LARGEFILE|O_CLOEXEC, 0640 <unfinished ...>
124   <... ioctl resumed>)              = 0
126   <... openat resumed>)             = 6
124   ioctl(17, SNDRV_CTL_IOCTL_ELEM_READ, 0xbed434d8) = 0
124   ioctl(17, SNDRV_CTL_IOCTL_ELEM_INFO, 0xbed43918) = 0
124   ioctl(17, SNDRV_CTL_IOCTL_ELEM_READ, 0xbed434d8) = 0
124   ioctl(17, SNDRV_CTL_IOCTL_ELEM_READ, 0xbed434d8) = 0
124   ioctl(17, SNDRV_CTL_IOCTL_ELEM_INFO, 0xbed43918) = 0
124   ioctl(17, SNDRV_CTL_IOCTL_ELEM_READ, 0xbed434d8) = 0
124   ioctl(17, SNDRV_CTL_IOCTL_ELEM_READ, 0xbed434d8) = 0
124   ioctl(17, SNDRV_CTL_IOCTL_ELEM_INFO, 0xbed43918) = 0
124   ioctl(17, SNDRV_CTL_IOCTL_ELEM_READ, 0xbed434d8) = 0
124   ioctl(17, SNDRV_CTL_IOCTL_ELEM_READ, 0xbed434d8) = 0
124   ioctl(17, SNDRV_CTL_IOCTL_SUBSCRIBE_EVENTS, 0xbed43b5c) = 0
124   openat(AT_FDCWD, "/dev/snd/controlC0", O_RDONLY|O_CLOEXEC) = 18
124   ioctl(18, SNDRV_CTL_IOCTL_CARD_INFO, 0xbed43210) = 0
124   openat(AT_FDCWD, "/dev/snd/controlC0", O_RDONLY|O_CLOEXEC) = 18
124   ioctl(18, SNDRV_CTL_IOCTL_CARD_INFO, 0xbed431f8) = 0
124   openat(AT_FDCWD, "/dev/snd/controlC0", O_RDWR|O_CLOEXEC) = 18
124   ioctl(18, SNDRV_CTL_IOCTL_PVERSION, 0xbed43388) = 0
124   ioctl(18, SNDRV_CTL_IOCTL_PCM_PREFER_SUBDEVICE, 0xbed433c4) = 0
126   openat(AT_FDCWD, "/tmp/qipc_systemsem_EffectShareMemoryeda54b1f090ad4981bf41b7cdf66aa2a59f3062c", O_RDWR|O_CREAT|O_EXCL|O_LARGEFILE|O_CLOEXEC, 0640 <unfinished ...>
124   openat(AT_FDCWD, "/dev/snd/pcmC0D0p", O_RDWR|O_NONBLOCK|O_CLOEXEC <unfinished ...>
126   <... openat resumed>)             = 6
124   <... openat resumed>)             = 19
124   ioctl(19, SNDRV_PCM_IOCTL_INFO, 0xbed43288) = 0
124   ioctl(19, AGPIOC_INFO or SNDRV_PCM_IOCTL_PVERSION, 0xbed431f8) = 0
124   ioctl(19, AGPIOC_SETUP or SNDRV_PCM_IOCTL_TTSTAMP, 0xbed43200) = 0
124   ioctl(19, SNDRV_PCM_IOCTL_SYNC_PTR, 0xbed43204) = 0
124   ioctl(19, SNDRV_PCM_IOCTL_HW_REFINE, 0xbed43408) = 0
124   ioctl(19, SNDRV_PCM_IOCTL_HW_REFINE, 0xbed43408) = 0
124   ioctl(19, SNDRV_PCM_IOCTL_HW_REFINE, 0xbed43408) = 0
124   ioctl(19, SNDRV_PCM_IOCTL_HW_REFINE, 0xbed43408) = 0
124   ioctl(19, SNDRV_PCM_IOCTL_HW_REFINE, 0xbed43408) = 0
124   ioctl(19, SNDRV_PCM_IOCTL_HW_REFINE, 0xbed43408) = 0
124   ioctl(19, SNDRV_PCM_IOCTL_HW_REFINE, 0xbed43408) = 0
124   ioctl(19, SNDRV_PCM_IOCTL_HW_REFINE, 0xbed43408) = 0
124   ioctl(19, SNDRV_PCM_IOCTL_HW_REFINE, 0xbed43408) = 0
124   ioctl(19, SNDRV_PCM_IOCTL_HW_REFINE, 0xbed43408) = 0
124   ioctl(19, SNDRV_PCM_IOCTL_HW_PARAMS, 0xbed43408) = 0
124   ioctl(19, SNDRV_PCM_IOCTL_SYNC_PTR, 0xfa078) = 0
124   ioctl(19, SNDRV_PCM_IOCTL_SW_PARAMS, 0xbed43308) = 0
124   ioctl(19, SNDRV_PCM_IOCTL_CHANNEL_INFO, 0xbed43298) = 0
124   ioctl(19, SNDRV_PCM_IOCTL_CHANNEL_INFO, 0xbed43298) = 0
124   ioctl(19, SNDRV_PCM_IOCTL_PREPARE, 0xfa1c0) = 0
124   ioctl(19, SNDRV_PCM_IOCTL_SYNC_PTR, 0xfa078 <unfinished ...>
126   openat(AT_FDCWD, "/tmp/qipc_systemsem_EffectShareMemoryeda54b1f090ad4981bf41b7cdf66aa2a59f3062c", O_RDWR|O_CREAT|O_EXCL|O_LARGEFILE|O_CLOEXEC, 0640 <unfinished ...>
124   <... ioctl resumed>)              = 0
126   <... openat resumed>)             = 6
124   ioctl(19, SNDRV_PCM_IOCTL_SW_PARAMS, 0xbed43398) = 0
124   ioctl(19, SNDRV_PCM_IOCTL_SYNC_PTR, 0xfa078) = 0
124   ioctl(19, SNDRV_PCM_IOCTL_START, 0xfa078) = 0
124   ioctl(19, AGPIOC_INFO or SNDRV_PCM_IOCTL_PVERSION, 0xbed4368c) = 0
124   ioctl(19, SNDRV_PCM_IOCTL_INFO, 0xbed434f0) = 0
124   openat(AT_FDCWD, "/dev/snd/controlC0", O_RDONLY|O_CLOEXEC) = 18
124   ioctl(18, SNDRV_CTL_IOCTL_CARD_INFO, 0xbed42f78) = 0
124   openat(AT_FDCWD, "/dev/snd/timer", O_RDONLY|O_NONBLOCK|O_CLOEXEC) = 18
124   ioctl(18, SNDRV_TIMER_IOCTL_PVERSION, 0xbed43280) = 0
124   ioctl(18, SNDRV_TIMER_IOCTL_TREAD_OLD, 0xbed43284) = 0
124   ioctl(18, SNDRV_TIMER_IOCTL_SELECT, 0xbed43284) = 0
124   ioctl(18, SNDRV_TIMER_IOCTL_PVERSION, 0xbed4361c) = 0
124   openat(AT_FDCWD, "/dev/snd/controlC0", O_RDONLY|O_CLOEXEC) = 20
124   ioctl(20, SNDRV_CTL_IOCTL_CARD_INFO, 0xbed433d0) = 0
124   openat(AT_FDCWD, "/dev/snd/controlC0", O_RDWR|O_CLOEXEC) = 20
124   ioctl(20, SNDRV_CTL_IOCTL_PVERSION, 0xbed436f0) = 0
124   ioctl(20, SNDRV_CTL_IOCTL_ELEM_INFO, 0xbed436e0) = -1 ENOENT (No such file or directory)
124   ioctl(20, SNDRV_CTL_IOCTL_ELEM_ADD, 0xbed43580) = 0
124   ioctl(20, SNDRV_CTL_IOCTL_ELEM_WRITE, 0xbed432b0) = 0
124   ioctl(20, SNDRV_CTL_IOCTL_ELEM_INFO, 0xfa1e0) = 0
124   ioctl(20, SNDRV_CTL_IOCTL_TLV_WRITE, 0xf0d40 <unfinished ...>
126   openat(AT_FDCWD, "/tmp/qipc_systemsem_EffectShareMemoryeda54b1f090ad4981bf41b7cdf66aa2a59f3062c", O_RDWR|O_CREAT|O_EXCL|O_LARGEFILE|O_CLOEXEC, 0640 <unfinished ...>
124   <... ioctl resumed>)              = 1
126   <... openat resumed>)             = 6
124   ioctl(20, SNDRV_CTL_IOCTL_ELEM_WRITE, 0xf9468) = 0
124   openat(AT_FDCWD, "/dev/snd/controlC0", O_RDONLY|O_CLOEXEC) = 20
124   ioctl(20, SNDRV_CTL_IOCTL_CARD_INFO, 0xbed432b8) = 0
124   openat(AT_FDCWD, "/dev/snd/controlC0", O_RDWR|O_CLOEXEC) = 20
124   ioctl(20, SNDRV_CTL_IOCTL_PVERSION, 0xbed435d8) = 0
124   openat(AT_FDCWD, "/dev/snd/controlC0", O_RDONLY|O_CLOEXEC) = 18
124   ioctl(18, SNDRV_CTL_IOCTL_CARD_INFO, 0xbed430e8) = 0
124   openat(AT_FDCWD, "/dev/snd/controlC0", O_RDONLY|O_CLOEXEC) = 18
124   ioctl(18, SNDRV_CTL_IOCTL_CARD_INFO, 0xbed430d0) = 0
124   openat(AT_FDCWD, "/dev/snd/controlC0", O_RDWR|O_CLOEXEC) = 18
124   ioctl(18, SNDRV_CTL_IOCTL_PVERSION, 0xbed43260) = 0
124   ioctl(18, SNDRV_CTL_IOCTL_PCM_PREFER_SUBDEVICE, 0xbed4329c) = 0
124   openat(AT_FDCWD, "/dev/snd/pcmC0D0p", O_RDWR|O_NONBLOCK|O_CLOEXEC) = 19
124   ioctl(19, SNDRV_PCM_IOCTL_INFO, 0xbed43160) = 0
124   ioctl(19, AGPIOC_INFO or SNDRV_PCM_IOCTL_PVERSION, 0xbed430d0) = 0
124   ioctl(19, AGPIOC_SETUP or SNDRV_PCM_IOCTL_TTSTAMP, 0xbed430d8) = 0
126   openat(AT_FDCWD, "/tmp/qipc_systemsem_EffectShareMemoryeda54b1f090ad4981bf41b7cdf66aa2a59f3062c", O_RDWR|O_CREAT|O_EXCL|O_LARGEFILE|O_CLOEXEC, 0640) = 6
124   ioctl(19, SNDRV_PCM_IOCTL_SYNC_PTR, 0xbed430dc) = 0
124   ioctl(19, SNDRV_PCM_IOCTL_HW_REFINE, 0xbed432e0) = 0
124   ioctl(19, SNDRV_PCM_IOCTL_HW_REFINE, 0xbed432e0) = 0
124   ioctl(19, SNDRV_PCM_IOCTL_HW_REFINE, 0xbed432e0) = 0
124   ioctl(19, SNDRV_PCM_IOCTL_HW_REFINE, 0xbed432e0) = 0
124   ioctl(19, SNDRV_PCM_IOCTL_HW_REFINE, 0xbed432e0) = 0
124   ioctl(19, SNDRV_PCM_IOCTL_HW_REFINE, 0xbed432e0) = 0
124   ioctl(19, SNDRV_PCM_IOCTL_HW_REFINE, 0xbed432e0) = 0
124   ioctl(19, SNDRV_PCM_IOCTL_HW_REFINE, 0xbed432e0) = 0
124   ioctl(19, SNDRV_PCM_IOCTL_HW_REFINE, 0xbed432e0) = 0
124   ioctl(19, SNDRV_PCM_IOCTL_HW_REFINE, 0xbed432e0) = 0
124   ioctl(19, SNDRV_PCM_IOCTL_HW_PARAMS, 0xbed432e0) = 0
124   ioctl(19, SNDRV_PCM_IOCTL_SYNC_PTR, 0xfa3d8) = 0
124   ioctl(19, SNDRV_PCM_IOCTL_SW_PARAMS, 0xbed431e0) = 0
124   ioctl(19, SNDRV_PCM_IOCTL_CHANNEL_INFO, 0xbed43170) = 0
124   ioctl(19, SNDRV_PCM_IOCTL_CHANNEL_INFO, 0xbed43170) = 0
124   ioctl(19, SNDRV_PCM_IOCTL_PREPARE, 0xfa1c0) = 0
124   ioctl(19, SNDRV_PCM_IOCTL_SYNC_PTR, 0xfa3d8) = 0
124   ioctl(19, SNDRV_PCM_IOCTL_SW_PARAMS, 0xbed43270) = 0
124   ioctl(19, SNDRV_PCM_IOCTL_SYNC_PTR, 0xfa3d8) = 0
124   ioctl(19, SNDRV_PCM_IOCTL_START, 0xfa3d8) = 0
124   ioctl(19, AGPIOC_INFO or SNDRV_PCM_IOCTL_PVERSION, 0xbed43564) = 0
126   openat(AT_FDCWD, "/tmp/qipc_systemsem_EffectShareMemoryeda54b1f090ad4981bf41b7cdf66aa2a59f3062c", O_RDWR|O_CREAT|O_EXCL|O_LARGEFILE|O_CLOEXEC, 0640) = 6
124   ioctl(19, SNDRV_PCM_IOCTL_INFO, 0xbed433c8) = 0
124   openat(AT_FDCWD, "/dev/snd/controlC0", O_RDONLY|O_CLOEXEC) = 18
124   ioctl(18, SNDRV_CTL_IOCTL_CARD_INFO, 0xbed42e50) = 0
124   openat(AT_FDCWD, "/dev/snd/timer", O_RDONLY|O_NONBLOCK|O_CLOEXEC) = 18
124   ioctl(18, SNDRV_TIMER_IOCTL_PVERSION, 0xbed43158) = 0
124   ioctl(18, SNDRV_TIMER_IOCTL_TREAD_OLD, 0xbed4315c) = 0
124   ioctl(18, SNDRV_TIMER_IOCTL_SELECT, 0xbed4315c) = 0
124   ioctl(18, SNDRV_TIMER_IOCTL_PVERSION, 0xbed434f4) = 0
124   openat(AT_FDCWD, "/dev/snd/controlC0", O_RDONLY|O_CLOEXEC) = 20
124   ioctl(20, SNDRV_CTL_IOCTL_CARD_INFO, 0xbed432a8) = 0
124   openat(AT_FDCWD, "/dev/snd/controlC0", O_RDWR|O_CLOEXEC) = 20
124   ioctl(20, SNDRV_CTL_IOCTL_PVERSION, 0xbed435c8) = 0
124   ioctl(20, SNDRV_CTL_IOCTL_ELEM_INFO, 0xbed435b8) = 0
124   ioctl(20, SNDRV_CTL_IOCTL_TLV_READ, 0xf7ea0) = 0
124   openat(AT_FDCWD, "/dev/snd/controlC0", O_RDONLY|O_CLOEXEC) = 18
124   ioctl(18, SNDRV_CTL_IOCTL_CARD_INFO, 0xbed437a0) = 0
124   openat(AT_FDCWD, "/dev/snd/controlC0", O_RDWR|O_CLOEXEC) = 18
124   ioctl(18, SNDRV_CTL_IOCTL_PVERSION, 0xbed43ac0) = 0
124   ioctl(18, SNDRV_CTL_IOCTL_ELEM_LIST, 0xbed43b70) = 0
124   ioctl(18, SNDRV_CTL_IOCTL_ELEM_LIST, 0xbed43b70) = 0
124   ioctl(18, SNDRV_CTL_IOCTL_ELEM_INFO, 0xbed43918 <unfinished ...>
126   openat(AT_FDCWD, "/tmp/qipc_systemsem_EffectShareMemoryeda54b1f090ad4981bf41b7cdf66aa2a59f3062c", O_RDWR|O_CREAT|O_EXCL|O_LARGEFILE|O_CLOEXEC, 0640 <unfinished ...>
124   <... ioctl resumed>)              = 0
126   <... openat resumed>)             = 6
124   ioctl(18, SNDRV_CTL_IOCTL_ELEM_READ, 0xbed434d8) = 0
124   ioctl(18, SNDRV_CTL_IOCTL_ELEM_READ, 0xbed434d8) = 0
124   ioctl(18, SNDRV_CTL_IOCTL_ELEM_INFO, 0xbed43918) = 0
124   ioctl(18, SNDRV_CTL_IOCTL_ELEM_READ, 0xbed434d8) = 0
124   ioctl(18, SNDRV_CTL_IOCTL_ELEM_READ, 0xbed434d8) = 0
124   ioctl(18, SNDRV_CTL_IOCTL_ELEM_INFO, 0xbed43918) = 0
124   ioctl(18, SNDRV_CTL_IOCTL_ELEM_READ, 0xbed434d8) = 0
124   ioctl(18, SNDRV_CTL_IOCTL_ELEM_READ, 0xbed434d8) = 0
124   ioctl(18, SNDRV_CTL_IOCTL_ELEM_INFO, 0xbed43918) = 0
124   ioctl(18, SNDRV_CTL_IOCTL_ELEM_READ, 0xbed434d8) = 0
124   ioctl(18, SNDRV_CTL_IOCTL_ELEM_READ, 0xbed434d8) = 0
124   ioctl(18, SNDRV_CTL_IOCTL_ELEM_INFO, 0xbed43918) = 0
124   ioctl(18, SNDRV_CTL_IOCTL_ELEM_READ, 0xbed434d8) = 0
124   ioctl(18, SNDRV_CTL_IOCTL_ELEM_READ, 0xbed434d8) = 0
124   ioctl(18, SNDRV_CTL_IOCTL_ELEM_INFO, 0xbed43918) = 0
124   ioctl(18, SNDRV_CTL_IOCTL_ELEM_READ, 0xbed434d8) = 0
124   ioctl(18, SNDRV_CTL_IOCTL_ELEM_READ, 0xbed434d8) = 0
124   ioctl(18, SNDRV_CTL_IOCTL_ELEM_INFO, 0xbed43918) = 0
124   ioctl(18, SNDRV_CTL_IOCTL_ELEM_READ, 0xbed434d8) = 0
124   ioctl(18, SNDRV_CTL_IOCTL_ELEM_READ, 0xbed434d8) = 0
124   ioctl(18, SNDRV_CTL_IOCTL_ELEM_INFO, 0xbed43918) = 0
124   ioctl(18, SNDRV_CTL_IOCTL_ELEM_READ, 0xbed434d8) = 0
126   openat(AT_FDCWD, "/tmp/qipc_systemsem_EffectShareMemoryeda54b1f090ad4981bf41b7cdf66aa2a59f3062c", O_RDWR|O_CREAT|O_EXCL|O_LARGEFILE|O_CLOEXEC, 0640 <unfinished ...>
124   ioctl(18, SNDRV_CTL_IOCTL_ELEM_READ, 0xbed434d8 <unfinished ...>
126   <... openat resumed>)             = 6
124   <... ioctl resumed>)              = 0
124   ioctl(18, SNDRV_CTL_IOCTL_SUBSCRIBE_EVENTS, 0xbed43b5c) = 0
124   openat(AT_FDCWD, "/msnprofile/MsnProductInfo.ini", O_RDONLY) = 19
124   openat(AT_FDCWD, "/msnprofile/DefaultStyleSheet.xml", O_RDONLY|O_LARGEFILE|O_CLOEXEC) = 19
124   openat(AT_FDCWD, "/dev/fb0", O_RDWR) = 20
124   ioctl(20, FBIOGET_VSCREENINFO, 0xbed43bb0) = 0
124   openat(AT_FDCWD, "/sys/class/gpio/gpio35/direction", O_WRONLY) = 20
124   openat(AT_FDCWD, "/sys/class/gpio/gpio35/value", O_WRONLY) = 20
124   openat(AT_FDCWD, "/tmp/qipc_sharedmemory_EffectShareMemoryeda54b1f090ad4981bf41b7cdf66aa2a59f3062c", O_RDWR|O_CREAT|O_EXCL|O_LARGEFILE|O_CLOEXEC, 0640) = 20
124   openat(AT_FDCWD, "/msnprofile/resources/StatusBar.rcc", O_RDONLY|O_LARGEFILE|O_CLOEXEC) = 20
124   openat(AT_FDCWD, "/Settings/Trolltech.conf", O_RDONLY|O_LARGEFILE|O_CLOEXEC) = 20
124   openat(AT_FDCWD, "/etc/localtime", O_RDONLY|O_CLOEXEC) = -1 ENOENT (No such file or directory)
124   openat(AT_FDCWD, "/usr/local/Qt4.7.4/plugins/imageformats", O_RDONLY|O_NONBLOCK|O_LARGEFILE|O_CLOEXEC|O_DIRECTORY) = 20
124   openat(AT_FDCWD, "/etc/localtime", O_RDONLY|O_CLOEXEC) = -1 ENOENT (No such file or directory)
124   openat(AT_FDCWD, "/etc/localtime", O_RDONLY|O_CLOEXEC) = -1 ENOENT (No such file or directory)
126   openat(AT_FDCWD, "/tmp/qipc_systemsem_EffectShareMemoryeda54b1f090ad4981bf41b7cdf66aa2a59f3062c", O_RDWR|O_CREAT|O_EXCL|O_LARGEFILE|O_CLOEXEC, 0640) = 6
124   openat(AT_FDCWD, "/etc/localtime", O_RDONLY|O_CLOEXEC) = -1 ENOENT (No such file or directory)
124   openat(AT_FDCWD, "/usr/local/Qt4.7.4/plugins/imageformats/libqgif.so", O_RDONLY|O_CLOEXEC) = 20
124   openat(AT_FDCWD, "/usr/local/Qt4.7.4/plugins/imageformats/libqico.so", O_RDONLY|O_CLOEXEC) = 20
124   openat(AT_FDCWD, "/usr/local/Qt4.7.4/plugins/imageformats/libqjpeg.so", O_RDONLY|O_CLOEXEC) = 20
124   openat(AT_FDCWD, "/msnprofile/FactoryConfig.ini", O_RDONLY) = 20
124   openat(AT_FDCWD, "/dev/ark_display", O_RDWR) = 20
124   ioctl(20, _IOC(_IOC_READ|_IOC_WRITE, 0xa0, 0x1d, 0x4), 0xbed43d0c) = 0
124   openat(AT_FDCWD, "/data/msncfg/StartupApp.config", O_RDONLY) = 20
124   ioctl(16, SNDRV_CTL_IOCTL_ELEM_READ, 0xbed435d8) = 0
124   ioctl(16, SNDRV_CTL_IOCTL_ELEM_WRITE, 0xbed435d8) = 0
124   ioctl(16, SNDRV_CTL_IOCTL_ELEM_READ, 0xbed435d8) = 0
124   ioctl(16, SNDRV_CTL_IOCTL_ELEM_WRITE, 0xbed435d8) = 0
124   ioctl(13, SNDRV_CTL_IOCTL_ELEM_READ, 0xbed435d8) = 0
124   ioctl(13, SNDRV_CTL_IOCTL_ELEM_WRITE, 0xbed435d8) = 0
124   ioctl(13, SNDRV_CTL_IOCTL_ELEM_READ, 0xbed435d8) = 0
124   ioctl(13, SNDRV_CTL_IOCTL_ELEM_WRITE, 0xbed435d8) = 0
124   openat(AT_FDCWD, "/data/msncfg/Setting.config", O_RDONLY) = 20
124   openat(AT_FDCWD, "/msnprofile/lng/lang_zh-tw.qm", O_RDONLY|O_LARGEFILE|O_CLOEXEC) = 20
124   openat(AT_FDCWD, "/usr/lib/libCarReversing.so", O_RDONLY|O_CLOEXEC) = -1 ENOENT (No such file or directory)
124   openat(AT_FDCWD, "/etc/localtime", O_RDONLY|O_CLOEXEC) = -1 ENOENT (No such file or directory)
130   openat(AT_FDCWD, "/usr/local/Qt4.7.4/lib/tls/v7l/neon/vfp/libcrypt.so.1", O_RDONLY|O_CLOEXEC) = -1 ENOENT (No such file or directory)
130   openat(AT_FDCWD, "/usr/local/Qt4.7.4/lib/tls/v7l/neon/libcrypt.so.1", O_RDONLY|O_CLOEXEC) = -1 ENOENT (No such file or directory)
130   openat(AT_FDCWD, "/usr/local/Qt4.7.4/lib/tls/v7l/vfp/libcrypt.so.1", O_RDONLY|O_CLOEXEC) = -1 ENOENT (No such file or directory)
130   openat(AT_FDCWD, "/usr/local/Qt4.7.4/lib/tls/v7l/libcrypt.so.1", O_RDONLY|O_CLOEXEC) = -1 ENOENT (No such file or directory)
130   openat(AT_FDCWD, "/usr/local/Qt4.7.4/lib/tls/neon/vfp/libcrypt.so.1", O_RDONLY|O_CLOEXEC) = -1 ENOENT (No such file or directory)
130   openat(AT_FDCWD, "/usr/local/Qt4.7.4/lib/tls/neon/libcrypt.so.1", O_RDONLY|O_CLOEXEC) = -1 ENOENT (No such file or directory)
130   openat(AT_FDCWD, "/usr/local/Qt4.7.4/lib/tls/vfp/libcrypt.so.1", O_RDONLY|O_CLOEXEC) = -1 ENOENT (No such file or directory)
130   openat(AT_FDCWD, "/usr/local/Qt4.7.4/lib/tls/libcrypt.so.1", O_RDONLY|O_CLOEXEC) = -1 ENOENT (No such file or directory)
130   openat(AT_FDCWD, "/usr/local/Qt4.7.4/lib/v7l/neon/vfp/libcrypt.so.1", O_RDONLY|O_CLOEXEC) = -1 ENOENT (No such file or directory)
130   openat(AT_FDCWD, "/usr/local/Qt4.7.4/lib/v7l/neon/libcrypt.so.1", O_RDONLY|O_CLOEXEC) = -1 ENOENT (No such file or directory)
130   openat(AT_FDCWD, "/usr/local/Qt4.7.4/lib/v7l/vfp/libcrypt.so.1", O_RDONLY|O_CLOEXEC) = -1 ENOENT (No such file or directory)
130   openat(AT_FDCWD, "/usr/local/Qt4.7.4/lib/v7l/libcrypt.so.1", O_RDONLY|O_CLOEXEC) = -1 ENOENT (No such file or directory)
130   openat(AT_FDCWD, "/usr/local/Qt4.7.4/lib/neon/vfp/libcrypt.so.1", O_RDONLY|O_CLOEXEC) = -1 ENOENT (No such file or directory)
130   openat(AT_FDCWD, "/usr/local/Qt4.7.4/lib/neon/libcrypt.so.1", O_RDONLY|O_CLOEXEC) = -1 ENOENT (No such file or directory)
130   openat(AT_FDCWD, "/usr/local/Qt4.7.4/lib/vfp/libcrypt.so.1", O_RDONLY|O_CLOEXEC) = -1 ENOENT (No such file or directory)
130   openat(AT_FDCWD, "/usr/local/Qt4.7.4/lib/libcrypt.so.1", O_RDONLY|O_CLOEXEC) = -1 ENOENT (No such file or directory)
130   openat(AT_FDCWD, "/usr/lib/tls/v7l/neon/vfp/libcrypt.so.1", O_RDONLY|O_CLOEXEC) = -1 ENOENT (No such file or directory)
130   openat(AT_FDCWD, "/usr/lib/tls/v7l/neon/libcrypt.so.1", O_RDONLY|O_CLOEXEC) = -1 ENOENT (No such file or directory)
130   openat(AT_FDCWD, "/usr/lib/tls/v7l/vfp/libcrypt.so.1", O_RDONLY|O_CLOEXEC) = -1 ENOENT (No such file or directory)
130   openat(AT_FDCWD, "/usr/lib/tls/v7l/libcrypt.so.1", O_RDONLY|O_CLOEXEC) = -1 ENOENT (No such file or directory)
130   openat(AT_FDCWD, "/usr/lib/tls/neon/vfp/libcrypt.so.1", O_RDONLY|O_CLOEXEC) = -1 ENOENT (No such file or directory)
130   openat(AT_FDCWD, "/usr/lib/tls/neon/libcrypt.so.1", O_RDONLY|O_CLOEXEC) = -1 ENOENT (No such file or directory)
130   openat(AT_FDCWD, "/usr/lib/tls/vfp/libcrypt.so.1", O_RDONLY|O_CLOEXEC) = -1 ENOENT (No such file or directory)
130   openat(AT_FDCWD, "/usr/lib/tls/libcrypt.so.1", O_RDONLY|O_CLOEXEC) = -1 ENOENT (No such file or directory)
130   openat(AT_FDCWD, "/usr/lib/v7l/neon/vfp/libcrypt.so.1", O_RDONLY|O_CLOEXEC) = -1 ENOENT (No such file or directory)
130   openat(AT_FDCWD, "/usr/lib/v7l/neon/libcrypt.so.1", O_RDONLY|O_CLOEXEC) = -1 ENOENT (No such file or directory)
130   openat(AT_FDCWD, "/usr/lib/v7l/vfp/libcrypt.so.1", O_RDONLY|O_CLOEXEC) = -1 ENOENT (No such file or directory)
130   openat(AT_FDCWD, "/usr/lib/v7l/libcrypt.so.1", O_RDONLY|O_CLOEXEC) = -1 ENOENT (No such file or directory)
130   openat(AT_FDCWD, "/usr/lib/neon/vfp/libcrypt.so.1", O_RDONLY|O_CLOEXEC) = -1 ENOENT (No such file or directory)
130   openat(AT_FDCWD, "/usr/lib/neon/libcrypt.so.1", O_RDONLY|O_CLOEXEC) = -1 ENOENT (No such file or directory)
130   openat(AT_FDCWD, "/usr/lib/vfp/libcrypt.so.1", O_RDONLY|O_CLOEXEC) = -1 ENOENT (No such file or directory)
130   openat(AT_FDCWD, "/usr/lib/libcrypt.so.1", O_RDONLY|O_CLOEXEC) = -1 ENOENT (No such file or directory)
130   openat(AT_FDCWD, "/lib/tls/v7l/neon/vfp/libcrypt.so.1", O_RDONLY|O_CLOEXEC) = -1 ENOENT (No such file or directory)
130   openat(AT_FDCWD, "/lib/tls/v7l/neon/libcrypt.so.1", O_RDONLY|O_CLOEXEC) = -1 ENOENT (No such file or directory)
130   openat(AT_FDCWD, "/lib/tls/v7l/vfp/libcrypt.so.1", O_RDONLY|O_CLOEXEC) = -1 ENOENT (No such file or directory)
130   openat(AT_FDCWD, "/lib/tls/v7l/libcrypt.so.1", O_RDONLY|O_CLOEXEC) = -1 ENOENT (No such file or directory)
130   openat(AT_FDCWD, "/lib/tls/neon/vfp/libcrypt.so.1", O_RDONLY|O_CLOEXEC) = -1 ENOENT (No such file or directory)
130   openat(AT_FDCWD, "/lib/tls/neon/libcrypt.so.1", O_RDONLY|O_CLOEXEC) = -1 ENOENT (No such file or directory)
130   openat(AT_FDCWD, "/lib/tls/vfp/libcrypt.so.1", O_RDONLY|O_CLOEXEC) = -1 ENOENT (No such file or directory)
130   openat(AT_FDCWD, "/lib/tls/libcrypt.so.1", O_RDONLY|O_CLOEXEC) = -1 ENOENT (No such file or directory)
130   openat(AT_FDCWD, "/lib/v7l/neon/vfp/libcrypt.so.1", O_RDONLY|O_CLOEXEC) = -1 ENOENT (No such file or directory)
130   openat(AT_FDCWD, "/lib/v7l/neon/libcrypt.so.1", O_RDONLY|O_CLOEXEC) = -1 ENOENT (No such file or directory)
130   openat(AT_FDCWD, "/lib/v7l/vfp/libcrypt.so.1", O_RDONLY|O_CLOEXEC) = -1 ENOENT (No such file or directory)
130   openat(AT_FDCWD, "/lib/v7l/libcrypt.so.1", O_RDONLY|O_CLOEXEC) = -1 ENOENT (No such file or directory)
130   openat(AT_FDCWD, "/lib/neon/vfp/libcrypt.so.1", O_RDONLY|O_CLOEXEC) = -1 ENOENT (No such file or directory)
130   openat(AT_FDCWD, "/lib/neon/libcrypt.so.1", O_RDONLY|O_CLOEXEC) = -1 ENOENT (No such file or directory)
130   openat(AT_FDCWD, "/lib/vfp/libcrypt.so.1", O_RDONLY|O_CLOEXEC) = -1 ENOENT (No such file or directory)
130   openat(AT_FDCWD, "/lib/libcrypt.so.1", O_RDONLY|O_CLOEXEC) = 3
130   openat(AT_FDCWD, "/usr/local/Qt4.7.4/lib/libc.so.6", O_RDONLY|O_CLOEXEC) = -1 ENOENT (No such file or directory)
130   openat(AT_FDCWD, "/usr/lib/libc.so.6", O_RDONLY|O_CLOEXEC) = -1 ENOENT (No such file or directory)
130   openat(AT_FDCWD, "/lib/libc.so.6", O_RDONLY|O_CLOEXEC) = 3
131   openat(AT_FDCWD, "/usr/local/Qt4.7.4/lib/tls/v7l/neon/vfp/libcrypt.so.1", O_RDONLY|O_CLOEXEC) = -1 ENOENT (No such file or directory)
131   openat(AT_FDCWD, "/usr/local/Qt4.7.4/lib/tls/v7l/neon/libcrypt.so.1", O_RDONLY|O_CLOEXEC) = -1 ENOENT (No such file or directory)
131   openat(AT_FDCWD, "/usr/local/Qt4.7.4/lib/tls/v7l/vfp/libcrypt.so.1", O_RDONLY|O_CLOEXEC) = -1 ENOENT (No such file or directory)
131   openat(AT_FDCWD, "/usr/local/Qt4.7.4/lib/tls/v7l/libcrypt.so.1", O_RDONLY|O_CLOEXEC) = -1 ENOENT (No such file or directory)
131   openat(AT_FDCWD, "/usr/local/Qt4.7.4/lib/tls/neon/vfp/libcrypt.so.1", O_RDONLY|O_CLOEXEC) = -1 ENOENT (No such file or directory)
131   openat(AT_FDCWD, "/usr/local/Qt4.7.4/lib/tls/neon/libcrypt.so.1", O_RDONLY|O_CLOEXEC) = -1 ENOENT (No such file or directory)
131   openat(AT_FDCWD, "/usr/local/Qt4.7.4/lib/tls/vfp/libcrypt.so.1", O_RDONLY|O_CLOEXEC) = -1 ENOENT (No such file or directory)
131   openat(AT_FDCWD, "/usr/local/Qt4.7.4/lib/tls/libcrypt.so.1", O_RDONLY|O_CLOEXEC) = -1 ENOENT (No such file or directory)
131   openat(AT_FDCWD, "/usr/local/Qt4.7.4/lib/v7l/neon/vfp/libcrypt.so.1", O_RDONLY|O_CLOEXEC) = -1 ENOENT (No such file or directory)
131   openat(AT_FDCWD, "/usr/local/Qt4.7.4/lib/v7l/neon/libcrypt.so.1", O_RDONLY|O_CLOEXEC) = -1 ENOENT (No such file or directory)
131   openat(AT_FDCWD, "/usr/local/Qt4.7.4/lib/v7l/vfp/libcrypt.so.1", O_RDONLY|O_CLOEXEC) = -1 ENOENT (No such file or directory)
131   openat(AT_FDCWD, "/usr/local/Qt4.7.4/lib/v7l/libcrypt.so.1", O_RDONLY|O_CLOEXEC) = -1 ENOENT (No such file or directory)
131   openat(AT_FDCWD, "/usr/local/Qt4.7.4/lib/neon/vfp/libcrypt.so.1", O_RDONLY|O_CLOEXEC) = -1 ENOENT (No such file or directory)
131   openat(AT_FDCWD, "/usr/local/Qt4.7.4/lib/neon/libcrypt.so.1", O_RDONLY|O_CLOEXEC) = -1 ENOENT (No such file or directory)
131   openat(AT_FDCWD, "/usr/local/Qt4.7.4/lib/vfp/libcrypt.so.1", O_RDONLY|O_CLOEXEC) = -1 ENOENT (No such file or directory)
131   openat(AT_FDCWD, "/usr/local/Qt4.7.4/lib/libcrypt.so.1", O_RDONLY|O_CLOEXEC) = -1 ENOENT (No such file or directory)
131   openat(AT_FDCWD, "/usr/lib/tls/v7l/neon/vfp/libcrypt.so.1", O_RDONLY|O_CLOEXEC) = -1 ENOENT (No such file or directory)
131   openat(AT_FDCWD, "/usr/lib/tls/v7l/neon/libcrypt.so.1", O_RDONLY|O_CLOEXEC) = -1 ENOENT (No such file or directory)
131   openat(AT_FDCWD, "/usr/lib/tls/v7l/vfp/libcrypt.so.1", O_RDONLY|O_CLOEXEC) = -1 ENOENT (No such file or directory)
131   openat(AT_FDCWD, "/usr/lib/tls/v7l/libcrypt.so.1", O_RDONLY|O_CLOEXEC) = -1 ENOENT (No such file or directory)
131   openat(AT_FDCWD, "/usr/lib/tls/neon/vfp/libcrypt.so.1", O_RDONLY|O_CLOEXEC) = -1 ENOENT (No such file or directory)
131   openat(AT_FDCWD, "/usr/lib/tls/neon/libcrypt.so.1", O_RDONLY|O_CLOEXEC) = -1 ENOENT (No such file or directory)
131   openat(AT_FDCWD, "/usr/lib/tls/vfp/libcrypt.so.1", O_RDONLY|O_CLOEXEC) = -1 ENOENT (No such file or directory)
131   openat(AT_FDCWD, "/usr/lib/tls/libcrypt.so.1", O_RDONLY|O_CLOEXEC) = -1 ENOENT (No such file or directory)
131   openat(AT_FDCWD, "/usr/lib/v7l/neon/vfp/libcrypt.so.1", O_RDONLY|O_CLOEXEC) = -1 ENOENT (No such file or directory)
131   openat(AT_FDCWD, "/usr/lib/v7l/neon/libcrypt.so.1", O_RDONLY|O_CLOEXEC) = -1 ENOENT (No such file or directory)
131   openat(AT_FDCWD, "/usr/lib/v7l/vfp/libcrypt.so.1", O_RDONLY|O_CLOEXEC) = -1 ENOENT (No such file or directory)
131   openat(AT_FDCWD, "/usr/lib/v7l/libcrypt.so.1", O_RDONLY|O_CLOEXEC) = -1 ENOENT (No such file or directory)
131   openat(AT_FDCWD, "/usr/lib/neon/vfp/libcrypt.so.1", O_RDONLY|O_CLOEXEC) = -1 ENOENT (No such file or directory)
131   openat(AT_FDCWD, "/usr/lib/neon/libcrypt.so.1", O_RDONLY|O_CLOEXEC) = -1 ENOENT (No such file or directory)
131   openat(AT_FDCWD, "/usr/lib/vfp/libcrypt.so.1", O_RDONLY|O_CLOEXEC) = -1 ENOENT (No such file or directory)
131   openat(AT_FDCWD, "/usr/lib/libcrypt.so.1", O_RDONLY|O_CLOEXEC) = -1 ENOENT (No such file or directory)
131   openat(AT_FDCWD, "/lib/tls/v7l/neon/vfp/libcrypt.so.1", O_RDONLY|O_CLOEXEC) = -1 ENOENT (No such file or directory)
131   openat(AT_FDCWD, "/lib/tls/v7l/neon/libcrypt.so.1", O_RDONLY|O_CLOEXEC) = -1 ENOENT (No such file or directory)
131   openat(AT_FDCWD, "/lib/tls/v7l/vfp/libcrypt.so.1", O_RDONLY|O_CLOEXEC) = -1 ENOENT (No such file or directory)
131   openat(AT_FDCWD, "/lib/tls/v7l/libcrypt.so.1", O_RDONLY|O_CLOEXEC) = -1 ENOENT (No such file or directory)
131   openat(AT_FDCWD, "/lib/tls/neon/vfp/libcrypt.so.1", O_RDONLY|O_CLOEXEC) = -1 ENOENT (No such file or directory)
131   openat(AT_FDCWD, "/lib/tls/neon/libcrypt.so.1", O_RDONLY|O_CLOEXEC) = -1 ENOENT (No such file or directory)
131   openat(AT_FDCWD, "/lib/tls/vfp/libcrypt.so.1", O_RDONLY|O_CLOEXEC) = -1 ENOENT (No such file or directory)
131   openat(AT_FDCWD, "/lib/tls/libcrypt.so.1", O_RDONLY|O_CLOEXEC) = -1 ENOENT (No such file or directory)
131   openat(AT_FDCWD, "/lib/v7l/neon/vfp/libcrypt.so.1", O_RDONLY|O_CLOEXEC) = -1 ENOENT (No such file or directory)
131   openat(AT_FDCWD, "/lib/v7l/neon/libcrypt.so.1", O_RDONLY|O_CLOEXEC) = -1 ENOENT (No such file or directory)
131   openat(AT_FDCWD, "/lib/v7l/vfp/libcrypt.so.1", O_RDONLY|O_CLOEXEC) = -1 ENOENT (No such file or directory)
131   openat(AT_FDCWD, "/lib/v7l/libcrypt.so.1", O_RDONLY|O_CLOEXEC) = -1 ENOENT (No such file or directory)
131   openat(AT_FDCWD, "/lib/neon/vfp/libcrypt.so.1", O_RDONLY|O_CLOEXEC) = -1 ENOENT (No such file or directory)
131   openat(AT_FDCWD, "/lib/neon/libcrypt.so.1", O_RDONLY|O_CLOEXEC) = -1 ENOENT (No such file or directory)
131   openat(AT_FDCWD, "/lib/vfp/libcrypt.so.1", O_RDONLY|O_CLOEXEC) = -1 ENOENT (No such file or directory)
131   openat(AT_FDCWD, "/lib/libcrypt.so.1", O_RDONLY|O_CLOEXEC) = 3
131   openat(AT_FDCWD, "/usr/local/Qt4.7.4/lib/libc.so.6", O_RDONLY|O_CLOEXEC) = -1 ENOENT (No such file or directory)
131   openat(AT_FDCWD, "/usr/lib/libc.so.6", O_RDONLY|O_CLOEXEC) = -1 ENOENT (No such file or directory)
131   openat(AT_FDCWD, "/lib/libc.so.6", O_RDONLY|O_CLOEXEC) = 3
131   openat(AT_FDCWD, "/usr/share/zoneinfo/UTC0", O_RDONLY|O_CLOEXEC) = -1 ENOENT (No such file or directory)
131   ioctl(1, TCGETS, {c_iflag=ICRNL|IXON|IXOFF, c_oflag=NL0|CR0|TAB0|BS0|VT0|FF0|OPOST|ONLCR, c_cflag=B115200|CS8|CREAD|HUPCL|CLOCAL, c_lflag=ISIG|ICANON|ECHO|ECHOE|ECHOK|IEXTEN|ECHOCTL|ECHOKE, ...}) = 0
131   +++ exited with 0 +++
130   --- SIGCHLD {si_signo=SIGCHLD, si_code=CLD_EXITED, si_pid=131, si_uid=0, si_status=0, si_utime=0, si_stime=3 /* 0.03 s */} ---
132   openat(AT_FDCWD, "/usr/local/Qt4.7.4/lib/tls/v7l/neon/vfp/libcrypt.so.1", O_RDONLY|O_CLOEXEC) = -1 ENOENT (No such file or directory)
132   openat(AT_FDCWD, "/usr/local/Qt4.7.4/lib/tls/v7l/neon/libcrypt.so.1", O_RDONLY|O_CLOEXEC) = -1 ENOENT (No such file or directory)
132   openat(AT_FDCWD, "/usr/local/Qt4.7.4/lib/tls/v7l/vfp/libcrypt.so.1", O_RDONLY|O_CLOEXEC) = -1 ENOENT (No such file or directory)
132   openat(AT_FDCWD, "/usr/local/Qt4.7.4/lib/tls/v7l/libcrypt.so.1", O_RDONLY|O_CLOEXEC) = -1 ENOENT (No such file or directory)
132   openat(AT_FDCWD, "/usr/local/Qt4.7.4/lib/tls/neon/vfp/libcrypt.so.1", O_RDONLY|O_CLOEXEC) = -1 ENOENT (No such file or directory)
132   openat(AT_FDCWD, "/usr/local/Qt4.7.4/lib/tls/neon/libcrypt.so.1", O_RDONLY|O_CLOEXEC) = -1 ENOENT (No such file or directory)
132   openat(AT_FDCWD, "/usr/local/Qt4.7.4/lib/tls/vfp/libcrypt.so.1", O_RDONLY|O_CLOEXEC) = -1 ENOENT (No such file or directory)
132   openat(AT_FDCWD, "/usr/local/Qt4.7.4/lib/tls/libcrypt.so.1", O_RDONLY|O_CLOEXEC) = -1 ENOENT (No such file or directory)
132   openat(AT_FDCWD, "/usr/local/Qt4.7.4/lib/v7l/neon/vfp/libcrypt.so.1", O_RDONLY|O_CLOEXEC) = -1 ENOENT (No such file or directory)
132   openat(AT_FDCWD, "/usr/local/Qt4.7.4/lib/v7l/neon/libcrypt.so.1", O_RDONLY|O_CLOEXEC) = -1 ENOENT (No such file or directory)
132   openat(AT_FDCWD, "/usr/local/Qt4.7.4/lib/v7l/vfp/libcrypt.so.1", O_RDONLY|O_CLOEXEC) = -1 ENOENT (No such file or directory)
132   openat(AT_FDCWD, "/usr/local/Qt4.7.4/lib/v7l/libcrypt.so.1", O_RDONLY|O_CLOEXEC) = -1 ENOENT (No such file or directory)
132   openat(AT_FDCWD, "/usr/local/Qt4.7.4/lib/neon/vfp/libcrypt.so.1", O_RDONLY|O_CLOEXEC) = -1 ENOENT (No such file or directory)
132   openat(AT_FDCWD, "/usr/local/Qt4.7.4/lib/neon/libcrypt.so.1", O_RDONLY|O_CLOEXEC) = -1 ENOENT (No such file or directory)
132   openat(AT_FDCWD, "/usr/local/Qt4.7.4/lib/vfp/libcrypt.so.1", O_RDONLY|O_CLOEXEC) = -1 ENOENT (No such file or directory)
132   openat(AT_FDCWD, "/usr/local/Qt4.7.4/lib/libcrypt.so.1", O_RDONLY|O_CLOEXEC) = -1 ENOENT (No such file or directory)
132   openat(AT_FDCWD, "/usr/lib/tls/v7l/neon/vfp/libcrypt.so.1", O_RDONLY|O_CLOEXEC) = -1 ENOENT (No such file or directory)
132   openat(AT_FDCWD, "/usr/lib/tls/v7l/neon/libcrypt.so.1", O_RDONLY|O_CLOEXEC) = -1 ENOENT (No such file or directory)
132   openat(AT_FDCWD, "/usr/lib/tls/v7l/vfp/libcrypt.so.1", O_RDONLY|O_CLOEXEC) = -1 ENOENT (No such file or directory)
132   openat(AT_FDCWD, "/usr/lib/tls/v7l/libcrypt.so.1", O_RDONLY|O_CLOEXEC) = -1 ENOENT (No such file or directory)
132   openat(AT_FDCWD, "/usr/lib/tls/neon/vfp/libcrypt.so.1", O_RDONLY|O_CLOEXEC) = -1 ENOENT (No such file or directory)
132   openat(AT_FDCWD, "/usr/lib/tls/neon/libcrypt.so.1", O_RDONLY|O_CLOEXEC) = -1 ENOENT (No such file or directory)
132   openat(AT_FDCWD, "/usr/lib/tls/vfp/libcrypt.so.1", O_RDONLY|O_CLOEXEC) = -1 ENOENT (No such file or directory)
132   openat(AT_FDCWD, "/usr/lib/tls/libcrypt.so.1", O_RDONLY|O_CLOEXEC) = -1 ENOENT (No such file or directory)
132   openat(AT_FDCWD, "/usr/lib/v7l/neon/vfp/libcrypt.so.1", O_RDONLY|O_CLOEXEC) = -1 ENOENT (No such file or directory)
132   openat(AT_FDCWD, "/usr/lib/v7l/neon/libcrypt.so.1", O_RDONLY|O_CLOEXEC) = -1 ENOENT (No such file or directory)
132   openat(AT_FDCWD, "/usr/lib/v7l/vfp/libcrypt.so.1", O_RDONLY|O_CLOEXEC) = -1 ENOENT (No such file or directory)
132   openat(AT_FDCWD, "/usr/lib/v7l/libcrypt.so.1", O_RDONLY|O_CLOEXEC) = -1 ENOENT (No such file or directory)
132   openat(AT_FDCWD, "/usr/lib/neon/vfp/libcrypt.so.1", O_RDONLY|O_CLOEXEC) = -1 ENOENT (No such file or directory)
132   openat(AT_FDCWD, "/usr/lib/neon/libcrypt.so.1", O_RDONLY|O_CLOEXEC) = -1 ENOENT (No such file or directory)
132   openat(AT_FDCWD, "/usr/lib/vfp/libcrypt.so.1", O_RDONLY|O_CLOEXEC) = -1 ENOENT (No such file or directory)
132   openat(AT_FDCWD, "/usr/lib/libcrypt.so.1", O_RDONLY|O_CLOEXEC) = -1 ENOENT (No such file or directory)
132   openat(AT_FDCWD, "/lib/tls/v7l/neon/vfp/libcrypt.so.1", O_RDONLY|O_CLOEXEC) = -1 ENOENT (No such file or directory)
132   openat(AT_FDCWD, "/lib/tls/v7l/neon/libcrypt.so.1", O_RDONLY|O_CLOEXEC) = -1 ENOENT (No such file or directory)
132   openat(AT_FDCWD, "/lib/tls/v7l/vfp/libcrypt.so.1", O_RDONLY|O_CLOEXEC) = -1 ENOENT (No such file or directory)
132   openat(AT_FDCWD, "/lib/tls/v7l/libcrypt.so.1", O_RDONLY|O_CLOEXEC) = -1 ENOENT (No such file or directory)
132   openat(AT_FDCWD, "/lib/tls/neon/vfp/libcrypt.so.1", O_RDONLY|O_CLOEXEC) = -1 ENOENT (No such file or directory)
132   openat(AT_FDCWD, "/lib/tls/neon/libcrypt.so.1", O_RDONLY|O_CLOEXEC) = -1 ENOENT (No such file or directory)
132   openat(AT_FDCWD, "/lib/tls/vfp/libcrypt.so.1", O_RDONLY|O_CLOEXEC) = -1 ENOENT (No such file or directory)
132   openat(AT_FDCWD, "/lib/tls/libcrypt.so.1", O_RDONLY|O_CLOEXEC) = -1 ENOENT (No such file or directory)
132   openat(AT_FDCWD, "/lib/v7l/neon/vfp/libcrypt.so.1", O_RDONLY|O_CLOEXEC) = -1 ENOENT (No such file or directory)
132   openat(AT_FDCWD, "/lib/v7l/neon/libcrypt.so.1", O_RDONLY|O_CLOEXEC) = -1 ENOENT (No such file or directory)
132   openat(AT_FDCWD, "/lib/v7l/vfp/libcrypt.so.1", O_RDONLY|O_CLOEXEC) = -1 ENOENT (No such file or directory)
132   openat(AT_FDCWD, "/lib/v7l/libcrypt.so.1", O_RDONLY|O_CLOEXEC) = -1 ENOENT (No such file or directory)
132   openat(AT_FDCWD, "/lib/neon/vfp/libcrypt.so.1", O_RDONLY|O_CLOEXEC) = -1 ENOENT (No such file or directory)
132   openat(AT_FDCWD, "/lib/neon/libcrypt.so.1", O_RDONLY|O_CLOEXEC) = -1 ENOENT (No such file or directory)
132   openat(AT_FDCWD, "/lib/vfp/libcrypt.so.1", O_RDONLY|O_CLOEXEC) = -1 ENOENT (No such file or directory)
132   openat(AT_FDCWD, "/lib/libcrypt.so.1", O_RDONLY|O_CLOEXEC) = 3
132   openat(AT_FDCWD, "/usr/local/Qt4.7.4/lib/libc.so.6", O_RDONLY|O_CLOEXEC) = -1 ENOENT (No such file or directory)
132   openat(AT_FDCWD, "/usr/lib/libc.so.6", O_RDONLY|O_CLOEXEC) = -1 ENOENT (No such file or directory)
132   openat(AT_FDCWD, "/lib/libc.so.6", O_RDONLY|O_CLOEXEC) = 3
132   openat(AT_FDCWD, "/etc/localtime", O_RDONLY|O_CLOEXEC) = -1 ENOENT (No such file or directory)
132   openat(AT_FDCWD, "/etc/adjtime", O_RDONLY|O_LARGEFILE) = -1 ENOENT (No such file or directory)
132   openat(AT_FDCWD, "/dev/rtc", O_WRONLY|O_LARGEFILE) = -1 ENOENT (No such file or directory)
132   openat(AT_FDCWD, "/dev/rtc0", O_WRONLY|O_LARGEFILE) = 3
132   ioctl(3, RTC_SET_TIME, {tm_sec=33, tm_min=9, tm_hour=9, tm_mday=19, tm_mon=1, tm_year=124, ...}) = 0
132   +++ exited with 0 +++
130   --- SIGCHLD {si_signo=SIGCHLD, si_code=CLD_EXITED, si_pid=132, si_uid=0, si_status=0, si_utime=0, si_stime=5 /* 0.05 s */} ---
130   +++ exited with 0 +++
124   --- SIGCHLD {si_signo=SIGCHLD, si_code=CLD_EXITED, si_pid=130, si_uid=0, si_status=0, si_utime=1 /* 0.01 s */, si_stime=1 /* 0.01 s */} ---
124   openat(AT_FDCWD, "/usr/lib/libLauncher-Box.so", O_RDONLY|O_CLOEXEC) = 20
124   openat(AT_FDCWD, "/etc/localtime", O_RDONLY|O_CLOEXEC) = -1 ENOENT (No such file or directory)
124   openat(AT_FDCWD, "/etc/localtime", O_RDONLY|O_CLOEXEC) = -1 ENOENT (No such file or directory)
124   openat(AT_FDCWD, "/etc/localtime", O_RDONLY|O_CLOEXEC) = -1 ENOENT (No such file or directory)
124   openat(AT_FDCWD, "/msnprofile/wallpaper/800x480/", O_RDONLY|O_LARGEFILE|O_CLOEXEC) = 20
124   openat(AT_FDCWD, "/msnprofile/wallpaper/800x480/.bmp", O_RDONLY|O_LARGEFILE|O_CLOEXEC) = -1 ENOENT (No such file or directory)
124   openat(AT_FDCWD, "/msnprofile/wallpaper/800x480/.gif", O_RDONLY|O_LARGEFILE|O_CLOEXEC) = -1 ENOENT (No such file or directory)
124   openat(AT_FDCWD, "/msnprofile/wallpaper/800x480/.ico", O_RDONLY|O_LARGEFILE|O_CLOEXEC) = -1 ENOENT (No such file or directory)
124   openat(AT_FDCWD, "/msnprofile/wallpaper/800x480/.jpeg", O_RDONLY|O_LARGEFILE|O_CLOEXEC) = -1 ENOENT (No such file or directory)
124   openat(AT_FDCWD, "/msnprofile/wallpaper/800x480/.jpg", O_RDONLY|O_LARGEFILE|O_CLOEXEC) = -1 ENOENT (No such file or directory)
124   openat(AT_FDCWD, "/msnprofile/wallpaper/800x480/.pbm", O_RDONLY|O_LARGEFILE|O_CLOEXEC) = -1 ENOENT (No such file or directory)
124   openat(AT_FDCWD, "/msnprofile/wallpaper/800x480/.pgm", O_RDONLY|O_LARGEFILE|O_CLOEXEC) = -1 ENOENT (No such file or directory)
124   openat(AT_FDCWD, "/msnprofile/wallpaper/800x480/.png", O_RDONLY|O_LARGEFILE|O_CLOEXEC) = -1 ENOENT (No such file or directory)
124   openat(AT_FDCWD, "/msnprofile/wallpaper/800x480/.ppm", O_RDONLY|O_LARGEFILE|O_CLOEXEC) = -1 ENOENT (No such file or directory)
124   openat(AT_FDCWD, "/msnprofile/wallpaper/800x480/.xbm", O_RDONLY|O_LARGEFILE|O_CLOEXEC) = -1 ENOENT (No such file or directory)
124   openat(AT_FDCWD, "/msnprofile/wallpaper/800x480/.xpm", O_RDONLY|O_LARGEFILE|O_CLOEXEC) = -1 ENOENT (No such file or directory)
133   openat(AT_FDCWD, "/usr/local/Qt4.7.4/lib/tls/v7l/neon/vfp/libcrypt.so.1", O_RDONLY|O_CLOEXEC) = -1 ENOENT (No such file or directory)
133   openat(AT_FDCWD, "/usr/local/Qt4.7.4/lib/tls/v7l/neon/libcrypt.so.1", O_RDONLY|O_CLOEXEC) = -1 ENOENT (No such file or directory)
133   openat(AT_FDCWD, "/usr/local/Qt4.7.4/lib/tls/v7l/vfp/libcrypt.so.1", O_RDONLY|O_CLOEXEC) = -1 ENOENT (No such file or directory)
133   openat(AT_FDCWD, "/usr/local/Qt4.7.4/lib/tls/v7l/libcrypt.so.1", O_RDONLY|O_CLOEXEC) = -1 ENOENT (No such file or directory)
133   openat(AT_FDCWD, "/usr/local/Qt4.7.4/lib/tls/neon/vfp/libcrypt.so.1", O_RDONLY|O_CLOEXEC) = -1 ENOENT (No such file or directory)
133   openat(AT_FDCWD, "/usr/local/Qt4.7.4/lib/tls/neon/libcrypt.so.1", O_RDONLY|O_CLOEXEC) = -1 ENOENT (No such file or directory)
133   openat(AT_FDCWD, "/usr/local/Qt4.7.4/lib/tls/vfp/libcrypt.so.1", O_RDONLY|O_CLOEXEC) = -1 ENOENT (No such file or directory)
133   openat(AT_FDCWD, "/usr/local/Qt4.7.4/lib/tls/libcrypt.so.1", O_RDONLY|O_CLOEXEC) = -1 ENOENT (No such file or directory)
133   openat(AT_FDCWD, "/usr/local/Qt4.7.4/lib/v7l/neon/vfp/libcrypt.so.1", O_RDONLY|O_CLOEXEC) = -1 ENOENT (No such file or directory)
133   openat(AT_FDCWD, "/usr/local/Qt4.7.4/lib/v7l/neon/libcrypt.so.1", O_RDONLY|O_CLOEXEC) = -1 ENOENT (No such file or directory)
133   openat(AT_FDCWD, "/usr/local/Qt4.7.4/lib/v7l/vfp/libcrypt.so.1", O_RDONLY|O_CLOEXEC) = -1 ENOENT (No such file or directory)
133   openat(AT_FDCWD, "/usr/local/Qt4.7.4/lib/v7l/libcrypt.so.1", O_RDONLY|O_CLOEXEC) = -1 ENOENT (No such file or directory)
133   openat(AT_FDCWD, "/usr/local/Qt4.7.4/lib/neon/vfp/libcrypt.so.1", O_RDONLY|O_CLOEXEC) = -1 ENOENT (No such file or directory)
133   openat(AT_FDCWD, "/usr/local/Qt4.7.4/lib/neon/libcrypt.so.1", O_RDONLY|O_CLOEXEC) = -1 ENOENT (No such file or directory)
133   openat(AT_FDCWD, "/usr/local/Qt4.7.4/lib/vfp/libcrypt.so.1", O_RDONLY|O_CLOEXEC) = -1 ENOENT (No such file or directory)
133   openat(AT_FDCWD, "/usr/local/Qt4.7.4/lib/libcrypt.so.1", O_RDONLY|O_CLOEXEC) = -1 ENOENT (No such file or directory)
133   openat(AT_FDCWD, "/usr/lib/tls/v7l/neon/vfp/libcrypt.so.1", O_RDONLY|O_CLOEXEC) = -1 ENOENT (No such file or directory)
133   openat(AT_FDCWD, "/usr/lib/tls/v7l/neon/libcrypt.so.1", O_RDONLY|O_CLOEXEC) = -1 ENOENT (No such file or directory)
133   openat(AT_FDCWD, "/usr/lib/tls/v7l/vfp/libcrypt.so.1", O_RDONLY|O_CLOEXEC) = -1 ENOENT (No such file or directory)
133   openat(AT_FDCWD, "/usr/lib/tls/v7l/libcrypt.so.1", O_RDONLY|O_CLOEXEC) = -1 ENOENT (No such file or directory)
133   openat(AT_FDCWD, "/usr/lib/tls/neon/vfp/libcrypt.so.1", O_RDONLY|O_CLOEXEC) = -1 ENOENT (No such file or directory)
133   openat(AT_FDCWD, "/usr/lib/tls/neon/libcrypt.so.1", O_RDONLY|O_CLOEXEC) = -1 ENOENT (No such file or directory)
133   openat(AT_FDCWD, "/usr/lib/tls/vfp/libcrypt.so.1", O_RDONLY|O_CLOEXEC) = -1 ENOENT (No such file or directory)
133   openat(AT_FDCWD, "/usr/lib/tls/libcrypt.so.1", O_RDONLY|O_CLOEXEC) = -1 ENOENT (No such file or directory)
133   openat(AT_FDCWD, "/usr/lib/v7l/neon/vfp/libcrypt.so.1", O_RDONLY|O_CLOEXEC) = -1 ENOENT (No such file or directory)
133   openat(AT_FDCWD, "/usr/lib/v7l/neon/libcrypt.so.1", O_RDONLY|O_CLOEXEC) = -1 ENOENT (No such file or directory)
133   openat(AT_FDCWD, "/usr/lib/v7l/vfp/libcrypt.so.1", O_RDONLY|O_CLOEXEC) = -1 ENOENT (No such file or directory)
133   openat(AT_FDCWD, "/usr/lib/v7l/libcrypt.so.1", O_RDONLY|O_CLOEXEC) = -1 ENOENT (No such file or directory)
133   openat(AT_FDCWD, "/usr/lib/neon/vfp/libcrypt.so.1", O_RDONLY|O_CLOEXEC) = -1 ENOENT (No such file or directory)
133   openat(AT_FDCWD, "/usr/lib/neon/libcrypt.so.1", O_RDONLY|O_CLOEXEC) = -1 ENOENT (No such file or directory)
133   openat(AT_FDCWD, "/usr/lib/vfp/libcrypt.so.1", O_RDONLY|O_CLOEXEC) = -1 ENOENT (No such file or directory)
133   openat(AT_FDCWD, "/usr/lib/libcrypt.so.1", O_RDONLY|O_CLOEXEC) = -1 ENOENT (No such file or directory)
133   openat(AT_FDCWD, "/lib/tls/v7l/neon/vfp/libcrypt.so.1", O_RDONLY|O_CLOEXEC) = -1 ENOENT (No such file or directory)
133   openat(AT_FDCWD, "/lib/tls/v7l/neon/libcrypt.so.1", O_RDONLY|O_CLOEXEC) = -1 ENOENT (No such file or directory)
133   openat(AT_FDCWD, "/lib/tls/v7l/vfp/libcrypt.so.1", O_RDONLY|O_CLOEXEC) = -1 ENOENT (No such file or directory)
133   openat(AT_FDCWD, "/lib/tls/v7l/libcrypt.so.1", O_RDONLY|O_CLOEXEC) = -1 ENOENT (No such file or directory)
133   openat(AT_FDCWD, "/lib/tls/neon/vfp/libcrypt.so.1", O_RDONLY|O_CLOEXEC) = -1 ENOENT (No such file or directory)
133   openat(AT_FDCWD, "/lib/tls/neon/libcrypt.so.1", O_RDONLY|O_CLOEXEC) = -1 ENOENT (No such file or directory)
133   openat(AT_FDCWD, "/lib/tls/vfp/libcrypt.so.1", O_RDONLY|O_CLOEXEC) = -1 ENOENT (No such file or directory)
133   openat(AT_FDCWD, "/lib/tls/libcrypt.so.1", O_RDONLY|O_CLOEXEC) = -1 ENOENT (No such file or directory)
133   openat(AT_FDCWD, "/lib/v7l/neon/vfp/libcrypt.so.1", O_RDONLY|O_CLOEXEC) = -1 ENOENT (No such file or directory)
133   openat(AT_FDCWD, "/lib/v7l/neon/libcrypt.so.1", O_RDONLY|O_CLOEXEC) = -1 ENOENT (No such file or directory)
133   openat(AT_FDCWD, "/lib/v7l/vfp/libcrypt.so.1", O_RDONLY|O_CLOEXEC) = -1 ENOENT (No such file or directory)
133   openat(AT_FDCWD, "/lib/v7l/libcrypt.so.1", O_RDONLY|O_CLOEXEC) = -1 ENOENT (No such file or directory)
133   openat(AT_FDCWD, "/lib/neon/vfp/libcrypt.so.1", O_RDONLY|O_CLOEXEC) = -1 ENOENT (No such file or directory)
133   openat(AT_FDCWD, "/lib/neon/libcrypt.so.1", O_RDONLY|O_CLOEXEC) = -1 ENOENT (No such file or directory)
133   openat(AT_FDCWD, "/lib/vfp/libcrypt.so.1", O_RDONLY|O_CLOEXEC) = -1 ENOENT (No such file or directory)
133   openat(AT_FDCWD, "/lib/libcrypt.so.1", O_RDONLY|O_CLOEXEC) = 3
133   openat(AT_FDCWD, "/usr/local/Qt4.7.4/lib/libc.so.6", O_RDONLY|O_CLOEXEC) = -1 ENOENT (No such file or directory)
133   openat(AT_FDCWD, "/usr/lib/libc.so.6", O_RDONLY|O_CLOEXEC) = -1 ENOENT (No such file or directory)
133   openat(AT_FDCWD, "/lib/libc.so.6", O_RDONLY|O_CLOEXEC) = 3
133   openat(AT_FDCWD, "/tmp", O_RDONLY|O_NONBLOCK|O_LARGEFILE|O_CLOEXEC|O_DIRECTORY) = 3
134   openat(AT_FDCWD, "/usr/local/Qt4.7.4/lib/tls/v7l/neon/vfp/libcrypt.so.1", O_RDONLY|O_CLOEXEC) = -1 ENOENT (No such file or directory)
134   openat(AT_FDCWD, "/usr/local/Qt4.7.4/lib/tls/v7l/neon/libcrypt.so.1", O_RDONLY|O_CLOEXEC) = -1 ENOENT (No such file or directory)
134   openat(AT_FDCWD, "/usr/local/Qt4.7.4/lib/tls/v7l/vfp/libcrypt.so.1", O_RDONLY|O_CLOEXEC) = -1 ENOENT (No such file or directory)
134   openat(AT_FDCWD, "/usr/local/Qt4.7.4/lib/tls/v7l/libcrypt.so.1", O_RDONLY|O_CLOEXEC) = -1 ENOENT (No such file or directory)
134   openat(AT_FDCWD, "/usr/local/Qt4.7.4/lib/tls/neon/vfp/libcrypt.so.1", O_RDONLY|O_CLOEXEC) = -1 ENOENT (No such file or directory)
134   openat(AT_FDCWD, "/usr/local/Qt4.7.4/lib/tls/neon/libcrypt.so.1", O_RDONLY|O_CLOEXEC) = -1 ENOENT (No such file or directory)
134   openat(AT_FDCWD, "/usr/local/Qt4.7.4/lib/tls/vfp/libcrypt.so.1", O_RDONLY|O_CLOEXEC) = -1 ENOENT (No such file or directory)
134   openat(AT_FDCWD, "/usr/local/Qt4.7.4/lib/tls/libcrypt.so.1", O_RDONLY|O_CLOEXEC) = -1 ENOENT (No such file or directory)
134   openat(AT_FDCWD, "/usr/local/Qt4.7.4/lib/v7l/neon/vfp/libcrypt.so.1", O_RDONLY|O_CLOEXEC) = -1 ENOENT (No such file or directory)
134   openat(AT_FDCWD, "/usr/local/Qt4.7.4/lib/v7l/neon/libcrypt.so.1", O_RDONLY|O_CLOEXEC) = -1 ENOENT (No such file or directory)
134   openat(AT_FDCWD, "/usr/local/Qt4.7.4/lib/v7l/vfp/libcrypt.so.1", O_RDONLY|O_CLOEXEC) = -1 ENOENT (No such file or directory)
134   openat(AT_FDCWD, "/usr/local/Qt4.7.4/lib/v7l/libcrypt.so.1", O_RDONLY|O_CLOEXEC) = -1 ENOENT (No such file or directory)
134   openat(AT_FDCWD, "/usr/local/Qt4.7.4/lib/neon/vfp/libcrypt.so.1", O_RDONLY|O_CLOEXEC) = -1 ENOENT (No such file or directory)
134   openat(AT_FDCWD, "/usr/local/Qt4.7.4/lib/neon/libcrypt.so.1", O_RDONLY|O_CLOEXEC) = -1 ENOENT (No such file or directory)
134   openat(AT_FDCWD, "/usr/local/Qt4.7.4/lib/vfp/libcrypt.so.1", O_RDONLY|O_CLOEXEC) = -1 ENOENT (No such file or directory)
134   openat(AT_FDCWD, "/usr/local/Qt4.7.4/lib/libcrypt.so.1", O_RDONLY|O_CLOEXEC) = -1 ENOENT (No such file or directory)
134   openat(AT_FDCWD, "/usr/lib/tls/v7l/neon/vfp/libcrypt.so.1", O_RDONLY|O_CLOEXEC) = -1 ENOENT (No such file or directory)
134   openat(AT_FDCWD, "/usr/lib/tls/v7l/neon/libcrypt.so.1", O_RDONLY|O_CLOEXEC) = -1 ENOENT (No such file or directory)
134   openat(AT_FDCWD, "/usr/lib/tls/v7l/vfp/libcrypt.so.1", O_RDONLY|O_CLOEXEC) = -1 ENOENT (No such file or directory)
134   openat(AT_FDCWD, "/usr/lib/tls/v7l/libcrypt.so.1", O_RDONLY|O_CLOEXEC) = -1 ENOENT (No such file or directory)
134   openat(AT_FDCWD, "/usr/lib/tls/neon/vfp/libcrypt.so.1", O_RDONLY|O_CLOEXEC) = -1 ENOENT (No such file or directory)
134   openat(AT_FDCWD, "/usr/lib/tls/neon/libcrypt.so.1", O_RDONLY|O_CLOEXEC) = -1 ENOENT (No such file or directory)
134   openat(AT_FDCWD, "/usr/lib/tls/vfp/libcrypt.so.1", O_RDONLY|O_CLOEXEC) = -1 ENOENT (No such file or directory)
134   openat(AT_FDCWD, "/usr/lib/tls/libcrypt.so.1", O_RDONLY|O_CLOEXEC) = -1 ENOENT (No such file or directory)
134   openat(AT_FDCWD, "/usr/lib/v7l/neon/vfp/libcrypt.so.1", O_RDONLY|O_CLOEXEC) = -1 ENOENT (No such file or directory)
134   openat(AT_FDCWD, "/usr/lib/v7l/neon/libcrypt.so.1", O_RDONLY|O_CLOEXEC) = -1 ENOENT (No such file or directory)
134   openat(AT_FDCWD, "/usr/lib/v7l/vfp/libcrypt.so.1", O_RDONLY|O_CLOEXEC) = -1 ENOENT (No such file or directory)
134   openat(AT_FDCWD, "/usr/lib/v7l/libcrypt.so.1", O_RDONLY|O_CLOEXEC) = -1 ENOENT (No such file or directory)
134   openat(AT_FDCWD, "/usr/lib/neon/vfp/libcrypt.so.1", O_RDONLY|O_CLOEXEC) = -1 ENOENT (No such file or directory)
134   openat(AT_FDCWD, "/usr/lib/neon/libcrypt.so.1", O_RDONLY|O_CLOEXEC) = -1 ENOENT (No such file or directory)
134   openat(AT_FDCWD, "/usr/lib/vfp/libcrypt.so.1", O_RDONLY|O_CLOEXEC) = -1 ENOENT (No such file or directory)
134   openat(AT_FDCWD, "/usr/lib/libcrypt.so.1", O_RDONLY|O_CLOEXEC) = -1 ENOENT (No such file or directory)
134   openat(AT_FDCWD, "/lib/tls/v7l/neon/vfp/libcrypt.so.1", O_RDONLY|O_CLOEXEC) = -1 ENOENT (No such file or directory)
134   openat(AT_FDCWD, "/lib/tls/v7l/neon/libcrypt.so.1", O_RDONLY|O_CLOEXEC) = -1 ENOENT (No such file or directory)
134   openat(AT_FDCWD, "/lib/tls/v7l/vfp/libcrypt.so.1", O_RDONLY|O_CLOEXEC) = -1 ENOENT (No such file or directory)
134   openat(AT_FDCWD, "/lib/tls/v7l/libcrypt.so.1", O_RDONLY|O_CLOEXEC) = -1 ENOENT (No such file or directory)
134   openat(AT_FDCWD, "/lib/tls/neon/vfp/libcrypt.so.1", O_RDONLY|O_CLOEXEC) = -1 ENOENT (No such file or directory)
134   openat(AT_FDCWD, "/lib/tls/neon/libcrypt.so.1", O_RDONLY|O_CLOEXEC) = -1 ENOENT (No such file or directory)
134   openat(AT_FDCWD, "/lib/tls/vfp/libcrypt.so.1", O_RDONLY|O_CLOEXEC) = -1 ENOENT (No such file or directory)
134   openat(AT_FDCWD, "/lib/tls/libcrypt.so.1", O_RDONLY|O_CLOEXEC) = -1 ENOENT (No such file or directory)
134   openat(AT_FDCWD, "/lib/v7l/neon/vfp/libcrypt.so.1", O_RDONLY|O_CLOEXEC) = -1 ENOENT (No such file or directory)
134   openat(AT_FDCWD, "/lib/v7l/neon/libcrypt.so.1", O_RDONLY|O_CLOEXEC) = -1 ENOENT (No such file or directory)
134   openat(AT_FDCWD, "/lib/v7l/vfp/libcrypt.so.1", O_RDONLY|O_CLOEXEC) = -1 ENOENT (No such file or directory)
134   openat(AT_FDCWD, "/lib/v7l/libcrypt.so.1", O_RDONLY|O_CLOEXEC) = -1 ENOENT (No such file or directory)
134   openat(AT_FDCWD, "/lib/neon/vfp/libcrypt.so.1", O_RDONLY|O_CLOEXEC) = -1 ENOENT (No such file or directory)
134   openat(AT_FDCWD, "/lib/neon/libcrypt.so.1", O_RDONLY|O_CLOEXEC) = -1 ENOENT (No such file or directory)
134   openat(AT_FDCWD, "/lib/vfp/libcrypt.so.1", O_RDONLY|O_CLOEXEC) = -1 ENOENT (No such file or directory)
134   openat(AT_FDCWD, "/lib/libcrypt.so.1", O_RDONLY|O_CLOEXEC) = 3
134   openat(AT_FDCWD, "/usr/local/Qt4.7.4/lib/libc.so.6", O_RDONLY|O_CLOEXEC) = -1 ENOENT (No such file or directory)
134   openat(AT_FDCWD, "/usr/lib/libc.so.6", O_RDONLY|O_CLOEXEC) = -1 ENOENT (No such file or directory)
134   openat(AT_FDCWD, "/lib/libc.so.6", O_RDONLY|O_CLOEXEC) = 3
134   +++ exited with 1 +++
133   --- SIGCHLD {si_signo=SIGCHLD, si_code=CLD_EXITED, si_pid=134, si_uid=0, si_status=1, si_utime=0, si_stime=0} ---
133   +++ exited with 1 +++
124   --- SIGCHLD {si_signo=SIGCHLD, si_code=CLD_EXITED, si_pid=133, si_uid=0, si_status=1, si_utime=1 /* 0.01 s */, si_stime=2 /* 0.02 s */} ---
124   openat(AT_FDCWD, "/usr/local/Qt4.7.4/lib/fonts/wqy-microhei.ttf", O_RDONLY) = 20
124   openat(AT_FDCWD, "/tmp/qtembedded-0//fonts/_22_50.qsf", O_RDWR|O_CREAT|O_EXCL|O_LARGEFILE|O_CLOEXEC, 0644) = 20
124   openat(AT_FDCWD, "/msnprofile/resources/Launcher-Box-P301-800x480.rcc", O_RDONLY|O_LARGEFILE|O_CLOEXEC) = 21
135   openat(AT_FDCWD, "/usr/local/Qt4.7.4/lib/tls/v7l/neon/vfp/libcrypt.so.1", O_RDONLY|O_CLOEXEC) = -1 ENOENT (No such file or directory)
135   openat(AT_FDCWD, "/usr/local/Qt4.7.4/lib/tls/v7l/neon/libcrypt.so.1", O_RDONLY|O_CLOEXEC) = -1 ENOENT (No such file or directory)
135   openat(AT_FDCWD, "/usr/local/Qt4.7.4/lib/tls/v7l/vfp/libcrypt.so.1", O_RDONLY|O_CLOEXEC) = -1 ENOENT (No such file or directory)
135   openat(AT_FDCWD, "/usr/local/Qt4.7.4/lib/tls/v7l/libcrypt.so.1", O_RDONLY|O_CLOEXEC) = -1 ENOENT (No such file or directory)
135   openat(AT_FDCWD, "/usr/local/Qt4.7.4/lib/tls/neon/vfp/libcrypt.so.1", O_RDONLY|O_CLOEXEC) = -1 ENOENT (No such file or directory)
135   openat(AT_FDCWD, "/usr/local/Qt4.7.4/lib/tls/neon/libcrypt.so.1", O_RDONLY|O_CLOEXEC) = -1 ENOENT (No such file or directory)
135   openat(AT_FDCWD, "/usr/local/Qt4.7.4/lib/tls/vfp/libcrypt.so.1", O_RDONLY|O_CLOEXEC) = -1 ENOENT (No such file or directory)
135   openat(AT_FDCWD, "/usr/local/Qt4.7.4/lib/tls/libcrypt.so.1", O_RDONLY|O_CLOEXEC) = -1 ENOENT (No such file or directory)
135   openat(AT_FDCWD, "/usr/local/Qt4.7.4/lib/v7l/neon/vfp/libcrypt.so.1", O_RDONLY|O_CLOEXEC) = -1 ENOENT (No such file or directory)
135   openat(AT_FDCWD, "/usr/local/Qt4.7.4/lib/v7l/neon/libcrypt.so.1", O_RDONLY|O_CLOEXEC) = -1 ENOENT (No such file or directory)
135   openat(AT_FDCWD, "/usr/local/Qt4.7.4/lib/v7l/vfp/libcrypt.so.1", O_RDONLY|O_CLOEXEC) = -1 ENOENT (No such file or directory)
135   openat(AT_FDCWD, "/usr/local/Qt4.7.4/lib/v7l/libcrypt.so.1", O_RDONLY|O_CLOEXEC) = -1 ENOENT (No such file or directory)
135   openat(AT_FDCWD, "/usr/local/Qt4.7.4/lib/neon/vfp/libcrypt.so.1", O_RDONLY|O_CLOEXEC) = -1 ENOENT (No such file or directory)
135   openat(AT_FDCWD, "/usr/local/Qt4.7.4/lib/neon/libcrypt.so.1", O_RDONLY|O_CLOEXEC) = -1 ENOENT (No such file or directory)
135   openat(AT_FDCWD, "/usr/local/Qt4.7.4/lib/vfp/libcrypt.so.1", O_RDONLY|O_CLOEXEC) = -1 ENOENT (No such file or directory)
135   openat(AT_FDCWD, "/usr/local/Qt4.7.4/lib/libcrypt.so.1", O_RDONLY|O_CLOEXEC) = -1 ENOENT (No such file or directory)
135   openat(AT_FDCWD, "/usr/lib/tls/v7l/neon/vfp/libcrypt.so.1", O_RDONLY|O_CLOEXEC) = -1 ENOENT (No such file or directory)
135   openat(AT_FDCWD, "/usr/lib/tls/v7l/neon/libcrypt.so.1", O_RDONLY|O_CLOEXEC) = -1 ENOENT (No such file or directory)
135   openat(AT_FDCWD, "/usr/lib/tls/v7l/vfp/libcrypt.so.1", O_RDONLY|O_CLOEXEC) = -1 ENOENT (No such file or directory)
135   openat(AT_FDCWD, "/usr/lib/tls/v7l/libcrypt.so.1", O_RDONLY|O_CLOEXEC) = -1 ENOENT (No such file or directory)
135   openat(AT_FDCWD, "/usr/lib/tls/neon/vfp/libcrypt.so.1", O_RDONLY|O_CLOEXEC) = -1 ENOENT (No such file or directory)
135   openat(AT_FDCWD, "/usr/lib/tls/neon/libcrypt.so.1", O_RDONLY|O_CLOEXEC) = -1 ENOENT (No such file or directory)
135   openat(AT_FDCWD, "/usr/lib/tls/vfp/libcrypt.so.1", O_RDONLY|O_CLOEXEC) = -1 ENOENT (No such file or directory)
135   openat(AT_FDCWD, "/usr/lib/tls/libcrypt.so.1", O_RDONLY|O_CLOEXEC) = -1 ENOENT (No such file or directory)
135   openat(AT_FDCWD, "/usr/lib/v7l/neon/vfp/libcrypt.so.1", O_RDONLY|O_CLOEXEC) = -1 ENOENT (No such file or directory)
135   openat(AT_FDCWD, "/usr/lib/v7l/neon/libcrypt.so.1", O_RDONLY|O_CLOEXEC) = -1 ENOENT (No such file or directory)
135   openat(AT_FDCWD, "/usr/lib/v7l/vfp/libcrypt.so.1", O_RDONLY|O_CLOEXEC) = -1 ENOENT (No such file or directory)
135   openat(AT_FDCWD, "/usr/lib/v7l/libcrypt.so.1", O_RDONLY|O_CLOEXEC) = -1 ENOENT (No such file or directory)
135   openat(AT_FDCWD, "/usr/lib/neon/vfp/libcrypt.so.1", O_RDONLY|O_CLOEXEC) = -1 ENOENT (No such file or directory)
135   openat(AT_FDCWD, "/usr/lib/neon/libcrypt.so.1", O_RDONLY|O_CLOEXEC) = -1 ENOENT (No such file or directory)
135   openat(AT_FDCWD, "/usr/lib/vfp/libcrypt.so.1", O_RDONLY|O_CLOEXEC) = -1 ENOENT (No such file or directory)
135   openat(AT_FDCWD, "/usr/lib/libcrypt.so.1", O_RDONLY|O_CLOEXEC) = -1 ENOENT (No such file or directory)
135   openat(AT_FDCWD, "/lib/tls/v7l/neon/vfp/libcrypt.so.1", O_RDONLY|O_CLOEXEC) = -1 ENOENT (No such file or directory)
135   openat(AT_FDCWD, "/lib/tls/v7l/neon/libcrypt.so.1", O_RDONLY|O_CLOEXEC) = -1 ENOENT (No such file or directory)
135   openat(AT_FDCWD, "/lib/tls/v7l/vfp/libcrypt.so.1", O_RDONLY|O_CLOEXEC) = -1 ENOENT (No such file or directory)
135   openat(AT_FDCWD, "/lib/tls/v7l/libcrypt.so.1", O_RDONLY|O_CLOEXEC) = -1 ENOENT (No such file or directory)
135   openat(AT_FDCWD, "/lib/tls/neon/vfp/libcrypt.so.1", O_RDONLY|O_CLOEXEC) = -1 ENOENT (No such file or directory)
135   openat(AT_FDCWD, "/lib/tls/neon/libcrypt.so.1", O_RDONLY|O_CLOEXEC) = -1 ENOENT (No such file or directory)
135   openat(AT_FDCWD, "/lib/tls/vfp/libcrypt.so.1", O_RDONLY|O_CLOEXEC) = -1 ENOENT (No such file or directory)
135   openat(AT_FDCWD, "/lib/tls/libcrypt.so.1", O_RDONLY|O_CLOEXEC) = -1 ENOENT (No such file or directory)
135   openat(AT_FDCWD, "/lib/v7l/neon/vfp/libcrypt.so.1", O_RDONLY|O_CLOEXEC) = -1 ENOENT (No such file or directory)
135   openat(AT_FDCWD, "/lib/v7l/neon/libcrypt.so.1", O_RDONLY|O_CLOEXEC) = -1 ENOENT (No such file or directory)
135   openat(AT_FDCWD, "/lib/v7l/vfp/libcrypt.so.1", O_RDONLY|O_CLOEXEC) = -1 ENOENT (No such file or directory)
135   openat(AT_FDCWD, "/lib/v7l/libcrypt.so.1", O_RDONLY|O_CLOEXEC) = -1 ENOENT (No such file or directory)
135   openat(AT_FDCWD, "/lib/neon/vfp/libcrypt.so.1", O_RDONLY|O_CLOEXEC) = -1 ENOENT (No such file or directory)
135   openat(AT_FDCWD, "/lib/neon/libcrypt.so.1", O_RDONLY|O_CLOEXEC) = -1 ENOENT (No such file or directory)
135   openat(AT_FDCWD, "/lib/vfp/libcrypt.so.1", O_RDONLY|O_CLOEXEC) = -1 ENOENT (No such file or directory)
135   openat(AT_FDCWD, "/lib/libcrypt.so.1", O_RDONLY|O_CLOEXEC) = 3
135   openat(AT_FDCWD, "/usr/local/Qt4.7.4/lib/libc.so.6", O_RDONLY|O_CLOEXEC) = -1 ENOENT (No such file or directory)
135   openat(AT_FDCWD, "/usr/lib/libc.so.6", O_RDONLY|O_CLOEXEC) = -1 ENOENT (No such file or directory)
135   openat(AT_FDCWD, "/lib/libc.so.6", O_RDONLY|O_CLOEXEC) = 3
135   openat(AT_FDCWD, "/proc/display", O_WRONLY|O_CREAT|O_TRUNC|O_LARGEFILE, 0666) = -1 ENOENT (No such file or directory)
135   +++ exited with 1 +++
124   --- SIGCHLD {si_signo=SIGCHLD, si_code=CLD_EXITED, si_pid=135, si_uid=0, si_status=1, si_utime=0, si_stime=3 /* 0.03 s */} ---
124   ioctl(1, TCGETS, {c_iflag=ICRNL|IXON|IXOFF, c_oflag=NL0|CR0|TAB0|BS0|VT0|FF0|OPOST|ONLCR, c_cflag=B115200|CS8|CREAD|HUPCL|CLOCAL, c_lflag=ISIG|ICANON|ECHO|ECHOE|ECHOK|IEXTEN|ECHOCTL|ECHOKE, ...}) = 0
124   openat(AT_FDCWD, "/dev/bus/usb", O_RDONLY|O_NONBLOCK|O_LARGEFILE|O_CLOEXEC|O_DIRECTORY) = 23
124   openat(AT_FDCWD, "/dev/bus/usb/002", O_RDONLY|O_NONBLOCK|O_LARGEFILE|O_CLOEXEC|O_DIRECTORY) = 24
124   openat(AT_FDCWD, "/dev/bus/usb/001", O_RDONLY|O_NONBLOCK|O_LARGEFILE|O_CLOEXEC|O_DIRECTORY) = 24
124   openat(AT_FDCWD, "/dev/bus/usb/001/005", O_RDWR) = 25
124   ioctl(25, USBDEVFS_CONTROL32, 0xbed43b18) = 0
124   openat(AT_FDCWD, "/dev/bus/usb/001/001", O_RDWR) = 25
124   openat(AT_FDCWD, "/usr/lib/libSetting.so", O_RDONLY|O_CLOEXEC) = 24
124   openat(AT_FDCWD, "/usr/local/Qt4.7.4/lib/libBTSender.so", O_RDONLY|O_CLOEXEC) = -1 ENOENT (No such file or directory)
124   openat(AT_FDCWD, "/usr/lib/libBTSender.so", O_RDONLY|O_CLOEXEC) = 24
137   openat(AT_FDCWD, "/usr/local/Qt4.7.4/lib/tls/v7l/neon/vfp/libcrypt.so.1", O_RDONLY|O_CLOEXEC) = -1 ENOENT (No such file or directory)
137   openat(AT_FDCWD, "/usr/local/Qt4.7.4/lib/tls/v7l/neon/libcrypt.so.1", O_RDONLY|O_CLOEXEC) = -1 ENOENT (No such file or directory)
137   openat(AT_FDCWD, "/usr/local/Qt4.7.4/lib/tls/v7l/vfp/libcrypt.so.1", O_RDONLY|O_CLOEXEC) = -1 ENOENT (No such file or directory)
137   openat(AT_FDCWD, "/usr/local/Qt4.7.4/lib/tls/v7l/libcrypt.so.1", O_RDONLY|O_CLOEXEC) = -1 ENOENT (No such file or directory)
137   openat(AT_FDCWD, "/usr/local/Qt4.7.4/lib/tls/neon/vfp/libcrypt.so.1", O_RDONLY|O_CLOEXEC) = -1 ENOENT (No such file or directory)
137   openat(AT_FDCWD, "/usr/local/Qt4.7.4/lib/tls/neon/libcrypt.so.1", O_RDONLY|O_CLOEXEC) = -1 ENOENT (No such file or directory)
137   openat(AT_FDCWD, "/usr/local/Qt4.7.4/lib/tls/vfp/libcrypt.so.1", O_RDONLY|O_CLOEXEC) = -1 ENOENT (No such file or directory)
137   openat(AT_FDCWD, "/usr/local/Qt4.7.4/lib/tls/libcrypt.so.1", O_RDONLY|O_CLOEXEC) = -1 ENOENT (No such file or directory)
137   openat(AT_FDCWD, "/usr/local/Qt4.7.4/lib/v7l/neon/vfp/libcrypt.so.1", O_RDONLY|O_CLOEXEC) = -1 ENOENT (No such file or directory)
137   openat(AT_FDCWD, "/usr/local/Qt4.7.4/lib/v7l/neon/libcrypt.so.1", O_RDONLY|O_CLOEXEC) = -1 ENOENT (No such file or directory)
137   openat(AT_FDCWD, "/usr/local/Qt4.7.4/lib/v7l/vfp/libcrypt.so.1", O_RDONLY|O_CLOEXEC) = -1 ENOENT (No such file or directory)
137   openat(AT_FDCWD, "/usr/local/Qt4.7.4/lib/v7l/libcrypt.so.1", O_RDONLY|O_CLOEXEC) = -1 ENOENT (No such file or directory)
137   openat(AT_FDCWD, "/usr/local/Qt4.7.4/lib/neon/vfp/libcrypt.so.1", O_RDONLY|O_CLOEXEC) = -1 ENOENT (No such file or directory)
137   openat(AT_FDCWD, "/usr/local/Qt4.7.4/lib/neon/libcrypt.so.1", O_RDONLY|O_CLOEXEC) = -1 ENOENT (No such file or directory)
137   openat(AT_FDCWD, "/usr/local/Qt4.7.4/lib/vfp/libcrypt.so.1", O_RDONLY|O_CLOEXEC) = -1 ENOENT (No such file or directory)
137   openat(AT_FDCWD, "/usr/local/Qt4.7.4/lib/libcrypt.so.1", O_RDONLY|O_CLOEXEC) = -1 ENOENT (No such file or directory)
137   openat(AT_FDCWD, "/usr/lib/tls/v7l/neon/vfp/libcrypt.so.1", O_RDONLY|O_CLOEXEC) = -1 ENOENT (No such file or directory)
137   openat(AT_FDCWD, "/usr/lib/tls/v7l/neon/libcrypt.so.1", O_RDONLY|O_CLOEXEC) = -1 ENOENT (No such file or directory)
137   openat(AT_FDCWD, "/usr/lib/tls/v7l/vfp/libcrypt.so.1", O_RDONLY|O_CLOEXEC) = -1 ENOENT (No such file or directory)
137   openat(AT_FDCWD, "/usr/lib/tls/v7l/libcrypt.so.1", O_RDONLY|O_CLOEXEC) = -1 ENOENT (No such file or directory)
137   openat(AT_FDCWD, "/usr/lib/tls/neon/vfp/libcrypt.so.1", O_RDONLY|O_CLOEXEC) = -1 ENOENT (No such file or directory)
137   openat(AT_FDCWD, "/usr/lib/tls/neon/libcrypt.so.1", O_RDONLY|O_CLOEXEC) = -1 ENOENT (No such file or directory)
137   openat(AT_FDCWD, "/usr/lib/tls/vfp/libcrypt.so.1", O_RDONLY|O_CLOEXEC) = -1 ENOENT (No such file or directory)
137   openat(AT_FDCWD, "/usr/lib/tls/libcrypt.so.1", O_RDONLY|O_CLOEXEC) = -1 ENOENT (No such file or directory)
137   openat(AT_FDCWD, "/usr/lib/v7l/neon/vfp/libcrypt.so.1", O_RDONLY|O_CLOEXEC) = -1 ENOENT (No such file or directory)
137   openat(AT_FDCWD, "/usr/lib/v7l/neon/libcrypt.so.1", O_RDONLY|O_CLOEXEC) = -1 ENOENT (No such file or directory)
124   openat(AT_FDCWD, "/sys/class/gpio/export", O_WRONLY) = 24
137   openat(AT_FDCWD, "/usr/lib/v7l/vfp/libcrypt.so.1", O_RDONLY|O_CLOEXEC) = -1 ENOENT (No such file or directory)
124   openat(AT_FDCWD, "/sys/class/gpio/export", O_WRONLY <unfinished ...>
137   openat(AT_FDCWD, "/usr/lib/v7l/libcrypt.so.1", O_RDONLY|O_CLOEXEC <unfinished ...>
124   <... openat resumed>)             = 24
137   <... openat resumed>)             = -1 ENOENT (No such file or directory)
137   openat(AT_FDCWD, "/usr/lib/neon/vfp/libcrypt.so.1", O_RDONLY|O_CLOEXEC) = -1 ENOENT (No such file or directory)
124   openat(AT_FDCWD, "/data/msncfg/Setting.config", O_RDONLY) = 24
137   openat(AT_FDCWD, "/usr/lib/neon/libcrypt.so.1", O_RDONLY|O_CLOEXEC) = -1 ENOENT (No such file or directory)
137   openat(AT_FDCWD, "/usr/lib/vfp/libcrypt.so.1", O_RDONLY|O_CLOEXEC) = -1 ENOENT (No such file or directory)
124   openat(AT_FDCWD, "/sys/devices/platform/pwm-backlight/backlight/pwm-backlight/brightness", O_RDWR|O_CREAT|O_LARGEFILE|O_CLOEXEC, 0666 <unfinished ...>
137   openat(AT_FDCWD, "/usr/lib/libcrypt.so.1", O_RDONLY|O_CLOEXEC <unfinished ...>
124   <... openat resumed>)             = -1 ENOENT (No such file or directory)
137   <... openat resumed>)             = -1 ENOENT (No such file or directory)
137   openat(AT_FDCWD, "/lib/tls/v7l/neon/vfp/libcrypt.so.1", O_RDONLY|O_CLOEXEC) = -1 ENOENT (No such file or directory)
124   openat(AT_FDCWD, "/dev/ark_display", O_RDWR) = 24
124   ioctl(24, _IOC(_IOC_READ|_IOC_WRITE, 0xa0, 0x1, 0x4), 0xbed437d8 <unfinished ...>
137   openat(AT_FDCWD, "/lib/tls/v7l/neon/libcrypt.so.1", O_RDONLY|O_CLOEXEC <unfinished ...>
124   <... ioctl resumed>)              = 0
137   <... openat resumed>)             = -1 ENOENT (No such file or directory)
137   openat(AT_FDCWD, "/lib/tls/v7l/vfp/libcrypt.so.1", O_RDONLY|O_CLOEXEC) = -1 ENOENT (No such file or directory)
124   openat(AT_FDCWD, "/dev/ark_display", O_RDWR <unfinished ...>
137   openat(AT_FDCWD, "/lib/tls/v7l/libcrypt.so.1", O_RDONLY|O_CLOEXEC <unfinished ...>
124   <... openat resumed>)             = 24
137   <... openat resumed>)             = -1 ENOENT (No such file or directory)
124   ioctl(24, _IOC(_IOC_READ|_IOC_WRITE, 0xa0, 0x1, 0x4), 0xbed437d8) = 0
137   openat(AT_FDCWD, "/lib/tls/neon/vfp/libcrypt.so.1", O_RDONLY|O_CLOEXEC) = -1 ENOENT (No such file or directory)
137   openat(AT_FDCWD, "/lib/tls/neon/libcrypt.so.1", O_RDONLY|O_CLOEXEC <unfinished ...>
124   openat(AT_FDCWD, "/dev/ark_display", O_RDWR <unfinished ...>
137   <... openat resumed>)             = -1 ENOENT (No such file or directory)
124   <... openat resumed>)             = 24
137   openat(AT_FDCWD, "/lib/tls/vfp/libcrypt.so.1", O_RDONLY|O_CLOEXEC <unfinished ...>
124   ioctl(24, _IOC(_IOC_READ|_IOC_WRITE, 0xa0, 0x1, 0x4), 0xbed437d8 <unfinished ...>
137   <... openat resumed>)             = -1 ENOENT (No such file or directory)
124   <... ioctl resumed>)              = 0
137   openat(AT_FDCWD, "/lib/tls/libcrypt.so.1", O_RDONLY|O_CLOEXEC) = -1 ENOENT (No such file or directory)
137   openat(AT_FDCWD, "/lib/v7l/neon/vfp/libcrypt.so.1", O_RDONLY|O_CLOEXEC) = -1 ENOENT (No such file or directory)
137   openat(AT_FDCWD, "/lib/v7l/neon/libcrypt.so.1", O_RDONLY|O_CLOEXEC) = -1 ENOENT (No such file or directory)
124   openat(AT_FDCWD, "/dev/ark_display", O_RDWR <unfinished ...>
137   openat(AT_FDCWD, "/lib/v7l/vfp/libcrypt.so.1", O_RDONLY|O_CLOEXEC <unfinished ...>
124   <... openat resumed>)             = 24
137   <... openat resumed>)             = -1 ENOENT (No such file or directory)
124   ioctl(24, _IOC(_IOC_READ|_IOC_WRITE, 0xa0, 0x1, 0x4), 0xbed437a8) = 0
137   openat(AT_FDCWD, "/lib/v7l/libcrypt.so.1", O_RDONLY|O_CLOEXEC <unfinished ...>
124   ioctl(24, _IOC(_IOC_WRITE, 0xa0, 0x2, 0x4), 0xbed437a8 <unfinished ...>
137   <... openat resumed>)             = -1 ENOENT (No such file or directory)
124   <... ioctl resumed>)              = 0
137   openat(AT_FDCWD, "/lib/neon/vfp/libcrypt.so.1", O_RDONLY|O_CLOEXEC) = -1 ENOENT (No such file or directory)
137   openat(AT_FDCWD, "/lib/neon/libcrypt.so.1", O_RDONLY|O_CLOEXEC <unfinished ...>
124   openat(AT_FDCWD, "/dev/ark_display", O_RDWR <unfinished ...>
137   <... openat resumed>)             = -1 ENOENT (No such file or directory)
124   <... openat resumed>)             = 24
137   openat(AT_FDCWD, "/lib/vfp/libcrypt.so.1", O_RDONLY|O_CLOEXEC <unfinished ...>
124   ioctl(24, _IOC(_IOC_READ|_IOC_WRITE, 0xa0, 0x1, 0x4), 0xbed437a8 <unfinished ...>
137   <... openat resumed>)             = -1 ENOENT (No such file or directory)
124   <... ioctl resumed>)              = 0
137   openat(AT_FDCWD, "/lib/libcrypt.so.1", O_RDONLY|O_CLOEXEC <unfinished ...>
124   ioctl(24, _IOC(_IOC_WRITE, 0xa0, 0x2, 0x4), 0xbed437a8 <unfinished ...>
137   <... openat resumed>)             = 3
124   <... ioctl resumed>)              = 0
137   openat(AT_FDCWD, "/usr/local/Qt4.7.4/lib/libc.so.6", O_RDONLY|O_CLOEXEC) = -1 ENOENT (No such file or directory)
137   openat(AT_FDCWD, "/usr/lib/libc.so.6", O_RDONLY|O_CLOEXEC <unfinished ...>
124   openat(AT_FDCWD, "/dev/ark_display", O_RDWR <unfinished ...>
137   <... openat resumed>)             = -1 ENOENT (No such file or directory)
124   <... openat resumed>)             = 24
137   openat(AT_FDCWD, "/lib/libc.so.6", O_RDONLY|O_CLOEXEC <unfinished ...>
124   ioctl(24, _IOC(_IOC_READ|_IOC_WRITE, 0xa0, 0x1, 0x4), 0xbed437a8 <unfinished ...>
137   <... openat resumed>)             = 3
124   <... ioctl resumed>)              = 0
137   openat(AT_FDCWD, "/etc/all.sh", O_RDONLY|O_LARGEFILE <unfinished ...>
124   ioctl(24, _IOC(_IOC_WRITE, 0xa0, 0x2, 0x4), 0xbed437a8 <unfinished ...>
137   <... openat resumed>)             = 3
124   <... ioctl resumed>)              = 0
138   openat(AT_FDCWD, "/usr/local/Qt4.7.4/lib/tls/v7l/neon/vfp/libcrypt.so.1", O_RDONLY|O_CLOEXEC) = -1 ENOENT (No such file or directory)
138   openat(AT_FDCWD, "/usr/local/Qt4.7.4/lib/tls/v7l/neon/libcrypt.so.1", O_RDONLY|O_CLOEXEC <unfinished ...>
124   openat(AT_FDCWD, "/dev/ark_display", O_RDWR <unfinished ...>
138   <... openat resumed>)             = -1 ENOENT (No such file or directory)
124   <... openat resumed>)             = 24
138   openat(AT_FDCWD, "/usr/local/Qt4.7.4/lib/tls/v7l/vfp/libcrypt.so.1", O_RDONLY|O_CLOEXEC <unfinished ...>
124   ioctl(24, _IOC(_IOC_READ|_IOC_WRITE, 0xa0, 0x1, 0x4), 0xbed437a8 <unfinished ...>
138   <... openat resumed>)             = -1 ENOENT (No such file or directory)
124   <... ioctl resumed>)              = 0
138   openat(AT_FDCWD, "/usr/local/Qt4.7.4/lib/tls/v7l/libcrypt.so.1", O_RDONLY|O_CLOEXEC <unfinished ...>
124   ioctl(24, _IOC(_IOC_WRITE, 0xa0, 0x2, 0x4), 0xbed437a8 <unfinished ...>
138   <... openat resumed>)             = -1 ENOENT (No such file or directory)
124   <... ioctl resumed>)              = 0
138   openat(AT_FDCWD, "/usr/local/Qt4.7.4/lib/tls/neon/vfp/libcrypt.so.1", O_RDONLY|O_CLOEXEC) = -1 ENOENT (No such file or directory)
138   openat(AT_FDCWD, "/usr/local/Qt4.7.4/lib/tls/neon/libcrypt.so.1", O_RDONLY|O_CLOEXEC <unfinished ...>
124   openat(AT_FDCWD, "/dev/ark_display", O_RDWR <unfinished ...>
138   <... openat resumed>)             = -1 ENOENT (No such file or directory)
124   <... openat resumed>)             = 24
138   openat(AT_FDCWD, "/usr/local/Qt4.7.4/lib/tls/vfp/libcrypt.so.1", O_RDONLY|O_CLOEXEC <unfinished ...>
124   ioctl(24, _IOC(_IOC_READ|_IOC_WRITE, 0xa0, 0x1, 0x4), 0xbed437a8 <unfinished ...>
138   <... openat resumed>)             = -1 ENOENT (No such file or directory)
124   <... ioctl resumed>)              = 0
138   openat(AT_FDCWD, "/usr/local/Qt4.7.4/lib/tls/libcrypt.so.1", O_RDONLY|O_CLOEXEC <unfinished ...>
124   ioctl(24, _IOC(_IOC_WRITE, 0xa0, 0x2, 0x4), 0xbed437a8 <unfinished ...>
138   <... openat resumed>)             = -1 ENOENT (No such file or directory)
124   <... ioctl resumed>)              = 0
138   openat(AT_FDCWD, "/usr/local/Qt4.7.4/lib/v7l/neon/vfp/libcrypt.so.1", O_RDONLY|O_CLOEXEC) = -1 ENOENT (No such file or directory)
138   openat(AT_FDCWD, "/usr/local/Qt4.7.4/lib/v7l/neon/libcrypt.so.1", O_RDONLY|O_CLOEXEC) = -1 ENOENT (No such file or directory)
138   openat(AT_FDCWD, "/usr/local/Qt4.7.4/lib/v7l/vfp/libcrypt.so.1", O_RDONLY|O_CLOEXEC <unfinished ...>
124   openat(AT_FDCWD, "/dev/ark_display", O_RDWR <unfinished ...>
138   <... openat resumed>)             = -1 ENOENT (No such file or directory)
124   <... openat resumed>)             = 24
124   ioctl(24, _IOC(_IOC_READ|_IOC_WRITE, 0xa0, 0x1, 0x4), 0xbed437a8) = 0
138   openat(AT_FDCWD, "/usr/local/Qt4.7.4/lib/v7l/libcrypt.so.1", O_RDONLY|O_CLOEXEC <unfinished ...>
124   ioctl(24, _IOC(_IOC_WRITE, 0xa0, 0x2, 0x4), 0xbed437a8 <unfinished ...>
138   <... openat resumed>)             = -1 ENOENT (No such file or directory)
124   <... ioctl resumed>)              = 0
138   openat(AT_FDCWD, "/usr/local/Qt4.7.4/lib/neon/vfp/libcrypt.so.1", O_RDONLY|O_CLOEXEC) = -1 ENOENT (No such file or directory)
138   openat(AT_FDCWD, "/usr/local/Qt4.7.4/lib/neon/libcrypt.so.1", O_RDONLY|O_CLOEXEC <unfinished ...>
124   openat(AT_FDCWD, "/dev/ark_display", O_RDWR <unfinished ...>
138   <... openat resumed>)             = -1 ENOENT (No such file or directory)
124   <... openat resumed>)             = 24
138   openat(AT_FDCWD, "/usr/local/Qt4.7.4/lib/vfp/libcrypt.so.1", O_RDONLY|O_CLOEXEC <unfinished ...>
124   ioctl(24, _IOC(_IOC_READ|_IOC_WRITE, 0xa0, 0x1, 0x4), 0xbed437a8 <unfinished ...>
138   <... openat resumed>)             = -1 ENOENT (No such file or directory)
124   <... ioctl resumed>)              = 0
138   openat(AT_FDCWD, "/usr/local/Qt4.7.4/lib/libcrypt.so.1", O_RDONLY|O_CLOEXEC <unfinished ...>
124   ioctl(24, _IOC(_IOC_WRITE, 0xa0, 0x2, 0x4), 0xbed437a8 <unfinished ...>
138   <... openat resumed>)             = -1 ENOENT (No such file or directory)
124   <... ioctl resumed>)              = 0
138   openat(AT_FDCWD, "/usr/lib/tls/v7l/neon/vfp/libcrypt.so.1", O_RDONLY|O_CLOEXEC) = -1 ENOENT (No such file or directory)
138   openat(AT_FDCWD, "/usr/lib/tls/v7l/neon/libcrypt.so.1", O_RDONLY|O_CLOEXEC <unfinished ...>
124   openat(AT_FDCWD, "/dev/ark_display", O_RDWR <unfinished ...>
138   <... openat resumed>)             = -1 ENOENT (No such file or directory)
124   <... openat resumed>)             = 24
138   openat(AT_FDCWD, "/usr/lib/tls/v7l/vfp/libcrypt.so.1", O_RDONLY|O_CLOEXEC <unfinished ...>
124   ioctl(24, _IOC(_IOC_READ|_IOC_WRITE, 0xa0, 0x1, 0x4), 0xbed437a8 <unfinished ...>
138   <... openat resumed>)             = -1 ENOENT (No such file or directory)
124   <... ioctl resumed>)              = 0
138   openat(AT_FDCWD, "/usr/lib/tls/v7l/libcrypt.so.1", O_RDONLY|O_CLOEXEC <unfinished ...>
124   ioctl(24, _IOC(_IOC_WRITE, 0xa0, 0x2, 0x4), 0xbed437a8 <unfinished ...>
138   <... openat resumed>)             = -1 ENOENT (No such file or directory)
124   <... ioctl resumed>)              = 0
138   openat(AT_FDCWD, "/usr/lib/tls/neon/vfp/libcrypt.so.1", O_RDONLY|O_CLOEXEC) = -1 ENOENT (No such file or directory)
138   openat(AT_FDCWD, "/usr/lib/tls/neon/libcrypt.so.1", O_RDONLY|O_CLOEXEC <unfinished ...>
124   openat(AT_FDCWD, "/dev/ark_display", O_RDWR <unfinished ...>
138   <... openat resumed>)             = -1 ENOENT (No such file or directory)
124   <... openat resumed>)             = 24
138   openat(AT_FDCWD, "/usr/lib/tls/vfp/libcrypt.so.1", O_RDONLY|O_CLOEXEC <unfinished ...>
124   ioctl(24, _IOC(_IOC_READ|_IOC_WRITE, 0xa0, 0x1, 0x4), 0xbed437a8 <unfinished ...>
138   <... openat resumed>)             = -1 ENOENT (No such file or directory)
124   <... ioctl resumed>)              = 0
138   openat(AT_FDCWD, "/usr/lib/tls/libcrypt.so.1", O_RDONLY|O_CLOEXEC <unfinished ...>
124   ioctl(24, _IOC(_IOC_WRITE, 0xa0, 0x2, 0x4), 0xbed437a8 <unfinished ...>
138   <... openat resumed>)             = -1 ENOENT (No such file or directory)
124   <... ioctl resumed>)              = 0
138   openat(AT_FDCWD, "/usr/lib/v7l/neon/vfp/libcrypt.so.1", O_RDONLY|O_CLOEXEC) = -1 ENOENT (No such file or directory)
138   openat(AT_FDCWD, "/usr/lib/v7l/neon/libcrypt.so.1", O_RDONLY|O_CLOEXEC <unfinished ...>
124   openat(AT_FDCWD, "/dev/ark_display", O_RDWR <unfinished ...>
138   <... openat resumed>)             = -1 ENOENT (No such file or directory)
124   <... openat resumed>)             = 24
138   openat(AT_FDCWD, "/usr/lib/v7l/vfp/libcrypt.so.1", O_RDONLY|O_CLOEXEC <unfinished ...>
124   ioctl(24, _IOC(_IOC_READ|_IOC_WRITE, 0xa0, 0x1, 0x4), 0xbed437a8 <unfinished ...>
138   <... openat resumed>)             = -1 ENOENT (No such file or directory)
124   <... ioctl resumed>)              = 0
138   openat(AT_FDCWD, "/usr/lib/v7l/libcrypt.so.1", O_RDONLY|O_CLOEXEC <unfinished ...>
124   ioctl(24, _IOC(_IOC_WRITE, 0xa0, 0x2, 0x4), 0xbed437a8 <unfinished ...>
138   <... openat resumed>)             = -1 ENOENT (No such file or directory)
124   <... ioctl resumed>)              = 0
138   openat(AT_FDCWD, "/usr/lib/neon/vfp/libcrypt.so.1", O_RDONLY|O_CLOEXEC) = -1 ENOENT (No such file or directory)
138   openat(AT_FDCWD, "/usr/lib/neon/libcrypt.so.1", O_RDONLY|O_CLOEXEC) = -1 ENOENT (No such file or directory)
138   openat(AT_FDCWD, "/usr/lib/vfp/libcrypt.so.1", O_RDONLY|O_CLOEXEC <unfinished ...>
124   openat(AT_FDCWD, "/dev/ark_display", O_RDWR <unfinished ...>
138   <... openat resumed>)             = -1 ENOENT (No such file or directory)
124   <... openat resumed>)             = 24
124   ioctl(24, _IOC(_IOC_READ|_IOC_WRITE, 0xa0, 0x1, 0x4), 0xbed437a8) = 0
138   openat(AT_FDCWD, "/usr/lib/libcrypt.so.1", O_RDONLY|O_CLOEXEC <unfinished ...>
124   ioctl(24, _IOC(_IOC_WRITE, 0xa0, 0x2, 0x4), 0xbed437a8 <unfinished ...>
138   <... openat resumed>)             = -1 ENOENT (No such file or directory)
124   <... ioctl resumed>)              = 0
138   openat(AT_FDCWD, "/lib/tls/v7l/neon/vfp/libcrypt.so.1", O_RDONLY|O_CLOEXEC) = -1 ENOENT (No such file or directory)
138   openat(AT_FDCWD, "/lib/tls/v7l/neon/libcrypt.so.1", O_RDONLY|O_CLOEXEC <unfinished ...>
124   openat(AT_FDCWD, "/dev/ark_display", O_RDWR <unfinished ...>
138   <... openat resumed>)             = -1 ENOENT (No such file or directory)
124   <... openat resumed>)             = 24
124   ioctl(24, _IOC(_IOC_READ|_IOC_WRITE, 0xa0, 0x1, 0x4), 0xbed437a8) = 0
138   openat(AT_FDCWD, "/lib/tls/v7l/vfp/libcrypt.so.1", O_RDONLY|O_CLOEXEC <unfinished ...>
124   ioctl(24, _IOC(_IOC_WRITE, 0xa0, 0x2, 0x4), 0xbed437a8 <unfinished ...>
138   <... openat resumed>)             = -1 ENOENT (No such file or directory)
124   <... ioctl resumed>)              = 0
138   openat(AT_FDCWD, "/lib/tls/v7l/libcrypt.so.1", O_RDONLY|O_CLOEXEC) = -1 ENOENT (No such file or directory)
138   openat(AT_FDCWD, "/lib/tls/neon/vfp/libcrypt.so.1", O_RDONLY|O_CLOEXEC <unfinished ...>
124   openat(AT_FDCWD, "/dev/ark_display", O_RDWR <unfinished ...>
138   <... openat resumed>)             = -1 ENOENT (No such file or directory)
124   <... openat resumed>)             = 24
138   openat(AT_FDCWD, "/lib/tls/neon/libcrypt.so.1", O_RDONLY|O_CLOEXEC <unfinished ...>
124   ioctl(24, _IOC(_IOC_READ|_IOC_WRITE, 0xa0, 0x1, 0x4), 0xbed437a8 <unfinished ...>
138   <... openat resumed>)             = -1 ENOENT (No such file or directory)
124   <... ioctl resumed>)              = 0
138   openat(AT_FDCWD, "/lib/tls/vfp/libcrypt.so.1", O_RDONLY|O_CLOEXEC <unfinished ...>
124   ioctl(24, _IOC(_IOC_WRITE, 0xa0, 0x2, 0x4), 0xbed437a8 <unfinished ...>
138   <... openat resumed>)             = -1 ENOENT (No such file or directory)
124   <... ioctl resumed>)              = 0
138   openat(AT_FDCWD, "/lib/tls/libcrypt.so.1", O_RDONLY|O_CLOEXEC) = -1 ENOENT (No such file or directory)
138   openat(AT_FDCWD, "/lib/v7l/neon/vfp/libcrypt.so.1", O_RDONLY|O_CLOEXEC <unfinished ...>
124   openat(AT_FDCWD, "/dev/ark_display", O_RDWR <unfinished ...>
138   <... openat resumed>)             = -1 ENOENT (No such file or directory)
124   <... openat resumed>)             = 24
138   openat(AT_FDCWD, "/lib/v7l/neon/libcrypt.so.1", O_RDONLY|O_CLOEXEC <unfinished ...>
124   ioctl(24, _IOC(_IOC_READ|_IOC_WRITE, 0xa0, 0x1, 0x4), 0xbed437a8 <unfinished ...>
138   <... openat resumed>)             = -1 ENOENT (No such file or directory)
124   <... ioctl resumed>)              = 0
138   openat(AT_FDCWD, "/lib/v7l/vfp/libcrypt.so.1", O_RDONLY|O_CLOEXEC <unfinished ...>
124   ioctl(24, _IOC(_IOC_WRITE, 0xa0, 0x2, 0x4), 0xbed437a8 <unfinished ...>
138   <... openat resumed>)             = -1 ENOENT (No such file or directory)
124   <... ioctl resumed>)              = 0
138   openat(AT_FDCWD, "/lib/v7l/libcrypt.so.1", O_RDONLY|O_CLOEXEC) = -1 ENOENT (No such file or directory)
138   openat(AT_FDCWD, "/lib/neon/vfp/libcrypt.so.1", O_RDONLY|O_CLOEXEC <unfinished ...>
124   openat(AT_FDCWD, "/dev/ark_display", O_RDWR <unfinished ...>
138   <... openat resumed>)             = -1 ENOENT (No such file or directory)
124   <... openat resumed>)             = 24
138   openat(AT_FDCWD, "/lib/neon/libcrypt.so.1", O_RDONLY|O_CLOEXEC <unfinished ...>
124   ioctl(24, _IOC(_IOC_READ|_IOC_WRITE, 0xa0, 0x1, 0x4), 0xbed437a8 <unfinished ...>
138   <... openat resumed>)             = -1 ENOENT (No such file or directory)
124   <... ioctl resumed>)              = 0
138   openat(AT_FDCWD, "/lib/vfp/libcrypt.so.1", O_RDONLY|O_CLOEXEC <unfinished ...>
124   ioctl(24, _IOC(_IOC_WRITE, 0xa0, 0x2, 0x4), 0xbed437a8 <unfinished ...>
138   <... openat resumed>)             = -1 ENOENT (No such file or directory)
124   <... ioctl resumed>)              = 0
138   openat(AT_FDCWD, "/lib/libcrypt.so.1", O_RDONLY|O_CLOEXEC) = 3
138   openat(AT_FDCWD, "/usr/local/Qt4.7.4/lib/libc.so.6", O_RDONLY|O_CLOEXEC) = -1 ENOENT (No such file or directory)
138   openat(AT_FDCWD, "/usr/lib/libc.so.6", O_RDONLY|O_CLOEXEC) = -1 ENOENT (No such file or directory)
138   openat(AT_FDCWD, "/lib/libc.so.6", O_RDONLY|O_CLOEXEC <unfinished ...>
124   openat(AT_FDCWD, "/data/msncfg/MaxSoundValue.config", O_RDONLY <unfinished ...>
138   <... openat resumed>)             = 3
124   <... openat resumed>)             = 24
124   openat(AT_FDCWD, "/usr/lib/libMsnSound.so", O_RDONLY|O_CLOEXEC) = 24
138   +++ exited with 0 +++
137   --- SIGCHLD {si_signo=SIGCHLD, si_code=CLD_EXITED, si_pid=138, si_uid=0, si_status=0, si_utime=0, si_stime=2 /* 0.02 s */} ---
124   openat(AT_FDCWD, "/dev/snd/controlC0", O_RDONLY|O_CLOEXEC) = 24
124   ioctl(24, SNDRV_CTL_IOCTL_CARD_INFO, 0xbed42e60) = 0
124   openat(AT_FDCWD, "/dev/snd/controlC0", O_RDWR|O_CLOEXEC) = 24
124   ioctl(24, SNDRV_CTL_IOCTL_PVERSION, 0xbed43180) = 0
124   ioctl(24, SNDRV_CTL_IOCTL_ELEM_LIST, 0xbed43230) = 0
124   ioctl(24, SNDRV_CTL_IOCTL_ELEM_LIST, 0xbed43230) = 0
124   ioctl(24, SNDRV_CTL_IOCTL_SUBSCRIBE_EVENTS, 0xbed4321c) = 0
124   ioctl(24, SNDRV_CTL_IOCTL_ELEM_INFO, 0xbed43290) = 0
124   openat(AT_FDCWD, "/dev/snd/controlC0", O_RDONLY|O_CLOEXEC) = 27
139   openat(AT_FDCWD, "/usr/local/Qt4.7.4/lib/tls/v7l/neon/vfp/libcrypt.so.1", O_RDONLY|O_CLOEXEC) = -1 ENOENT (No such file or directory)
124   ioctl(27, SNDRV_CTL_IOCTL_CARD_INFO, 0xbed42a18) = 0
139   openat(AT_FDCWD, "/usr/local/Qt4.7.4/lib/tls/v7l/neon/libcrypt.so.1", O_RDONLY|O_CLOEXEC) = -1 ENOENT (No such file or directory)
124   openat(AT_FDCWD, "/dev/snd/controlC0", O_RDWR|O_CLOEXEC) = 27
139   openat(AT_FDCWD, "/usr/local/Qt4.7.4/lib/tls/v7l/vfp/libcrypt.so.1", O_RDONLY|O_CLOEXEC) = -1 ENOENT (No such file or directory)
124   ioctl(27, SNDRV_CTL_IOCTL_PVERSION, 0xbed42d38) = 0
139   openat(AT_FDCWD, "/usr/local/Qt4.7.4/lib/tls/v7l/libcrypt.so.1", O_RDONLY|O_CLOEXEC <unfinished ...>
124   ioctl(27, SNDRV_CTL_IOCTL_ELEM_INFO, 0xbed43150 <unfinished ...>
139   <... openat resumed>)             = -1 ENOENT (No such file or directory)
124   <... ioctl resumed>)              = 0
124   ioctl(27, SNDRV_CTL_IOCTL_ELEM_READ, 0xbed42e38) = 0
139   openat(AT_FDCWD, "/usr/local/Qt4.7.4/lib/tls/neon/vfp/libcrypt.so.1", O_RDONLY|O_CLOEXEC <unfinished ...>
124   ioctl(27, SNDRV_CTL_IOCTL_ELEM_WRITE, 0xbed42e38 <unfinished ...>
139   <... openat resumed>)             = -1 ENOENT (No such file or directory)
124   <... ioctl resumed>)              = 0
139   openat(AT_FDCWD, "/usr/local/Qt4.7.4/lib/tls/neon/libcrypt.so.1", O_RDONLY|O_CLOEXEC) = -1 ENOENT (No such file or directory)
139   openat(AT_FDCWD, "/usr/local/Qt4.7.4/lib/tls/vfp/libcrypt.so.1", O_RDONLY|O_CLOEXEC <unfinished ...>
124   openat(AT_FDCWD, "/dev/snd/controlC0", O_RDONLY|O_CLOEXEC <unfinished ...>
139   <... openat resumed>)             = -1 ENOENT (No such file or directory)
124   <... openat resumed>)             = 24
139   openat(AT_FDCWD, "/usr/local/Qt4.7.4/lib/tls/libcrypt.so.1", O_RDONLY|O_CLOEXEC <unfinished ...>
124   ioctl(24, SNDRV_CTL_IOCTL_CARD_INFO, 0xbed42e60 <unfinished ...>
139   <... openat resumed>)             = -1 ENOENT (No such file or directory)
124   <... ioctl resumed>)              = 0
139   openat(AT_FDCWD, "/usr/local/Qt4.7.4/lib/v7l/neon/vfp/libcrypt.so.1", O_RDONLY|O_CLOEXEC <unfinished ...>
124   openat(AT_FDCWD, "/dev/snd/controlC0", O_RDWR|O_CLOEXEC <unfinished ...>
139   <... openat resumed>)             = -1 ENOENT (No such file or directory)
124   <... openat resumed>)             = 24
139   openat(AT_FDCWD, "/usr/local/Qt4.7.4/lib/v7l/neon/libcrypt.so.1", O_RDONLY|O_CLOEXEC <unfinished ...>
124   ioctl(24, SNDRV_CTL_IOCTL_PVERSION, 0xbed43180 <unfinished ...>
139   <... openat resumed>)             = -1 ENOENT (No such file or directory)
124   <... ioctl resumed>)              = 0
124   ioctl(24, SNDRV_CTL_IOCTL_ELEM_LIST, 0xbed43230) = 0
139   openat(AT_FDCWD, "/usr/local/Qt4.7.4/lib/v7l/vfp/libcrypt.so.1", O_RDONLY|O_CLOEXEC <unfinished ...>
124   ioctl(24, SNDRV_CTL_IOCTL_ELEM_LIST, 0xbed43230 <unfinished ...>
139   <... openat resumed>)             = -1 ENOENT (No such file or directory)
124   <... ioctl resumed>)              = 0
124   ioctl(24, SNDRV_CTL_IOCTL_SUBSCRIBE_EVENTS, 0xbed4321c) = 0
139   openat(AT_FDCWD, "/usr/local/Qt4.7.4/lib/v7l/libcrypt.so.1", O_RDONLY|O_CLOEXEC <unfinished ...>
124   ioctl(24, SNDRV_CTL_IOCTL_ELEM_INFO, 0xbed43290 <unfinished ...>
139   <... openat resumed>)             = -1 ENOENT (No such file or directory)
124   <... ioctl resumed>)              = 0
124   ioctl(24, SNDRV_CTL_IOCTL_ELEM_INFO, 0xbed43290) = 0
139   openat(AT_FDCWD, "/usr/local/Qt4.7.4/lib/neon/vfp/libcrypt.so.1", O_RDONLY|O_CLOEXEC) = -1 ENOENT (No such file or directory)
124   openat(AT_FDCWD, "/dev/snd/controlC0", O_RDONLY|O_CLOEXEC) = 27
139   openat(AT_FDCWD, "/usr/local/Qt4.7.4/lib/neon/libcrypt.so.1", O_RDONLY|O_CLOEXEC) = -1 ENOENT (No such file or directory)
124   ioctl(27, SNDRV_CTL_IOCTL_CARD_INFO, 0xbed42a18) = 0
139   openat(AT_FDCWD, "/usr/local/Qt4.7.4/lib/vfp/libcrypt.so.1", O_RDONLY|O_CLOEXEC) = -1 ENOENT (No such file or directory)
124   openat(AT_FDCWD, "/dev/snd/controlC0", O_RDWR|O_CLOEXEC) = 27
139   openat(AT_FDCWD, "/usr/local/Qt4.7.4/lib/libcrypt.so.1", O_RDONLY|O_CLOEXEC) = -1 ENOENT (No such file or directory)
124   ioctl(27, SNDRV_CTL_IOCTL_PVERSION, 0xbed42d38) = 0
139   openat(AT_FDCWD, "/usr/lib/tls/v7l/neon/vfp/libcrypt.so.1", O_RDONLY|O_CLOEXEC <unfinished ...>
124   ioctl(27, SNDRV_CTL_IOCTL_ELEM_INFO, 0xbed43150 <unfinished ...>
139   <... openat resumed>)             = -1 ENOENT (No such file or directory)
124   <... ioctl resumed>)              = 0
124   ioctl(27, SNDRV_CTL_IOCTL_ELEM_READ, 0xbed42e38) = 0
139   openat(AT_FDCWD, "/usr/lib/tls/v7l/neon/libcrypt.so.1", O_RDONLY|O_CLOEXEC <unfinished ...>
124   ioctl(27, SNDRV_CTL_IOCTL_ELEM_WRITE, 0xbed42e38 <unfinished ...>
139   <... openat resumed>)             = -1 ENOENT (No such file or directory)
124   <... ioctl resumed>)              = 0
139   openat(AT_FDCWD, "/usr/lib/tls/v7l/vfp/libcrypt.so.1", O_RDONLY|O_CLOEXEC) = -1 ENOENT (No such file or directory)
124   openat(AT_FDCWD, "/sys/class/gpio/export", O_WRONLY) = 24
139   openat(AT_FDCWD, "/usr/lib/tls/v7l/libcrypt.so.1", O_RDONLY|O_CLOEXEC) = -1 ENOENT (No such file or directory)
139   openat(AT_FDCWD, "/usr/lib/tls/neon/vfp/libcrypt.so.1", O_RDONLY|O_CLOEXEC <unfinished ...>
124   openat(AT_FDCWD, "/sys/class/gpio/gpio34/direction", O_WRONLY <unfinished ...>
139   <... openat resumed>)             = -1 ENOENT (No such file or directory)
124   <... openat resumed>)             = 24
139   openat(AT_FDCWD, "/usr/lib/tls/neon/libcrypt.so.1", O_RDONLY|O_CLOEXEC) = -1 ENOENT (No such file or directory)
124   openat(AT_FDCWD, "/sys/class/gpio/gpio34/value", O_WRONLY) = 24
139   openat(AT_FDCWD, "/usr/lib/tls/vfp/libcrypt.so.1", O_RDONLY|O_CLOEXEC) = -1 ENOENT (No such file or directory)
139   openat(AT_FDCWD, "/usr/lib/tls/libcrypt.so.1", O_RDONLY|O_CLOEXEC <unfinished ...>
124   openat(AT_FDCWD, "/dev/i2c-2", O_RDWR <unfinished ...>
139   <... openat resumed>)             = -1 ENOENT (No such file or directory)
124   <... openat resumed>)             = 24
124   ioctl(24, _IOC(_IOC_NONE, 0x7, 0x3, 0), 0x40) = 0
139   openat(AT_FDCWD, "/usr/lib/v7l/neon/vfp/libcrypt.so.1", O_RDONLY|O_CLOEXEC) = -1 ENOENT (No such file or directory)
139   openat(AT_FDCWD, "/usr/lib/v7l/neon/libcrypt.so.1", O_RDONLY|O_CLOEXEC) = -1 ENOENT (No such file or directory)
139   openat(AT_FDCWD, "/usr/lib/v7l/vfp/libcrypt.so.1", O_RDONLY|O_CLOEXEC) = -1 ENOENT (No such file or directory)
139   openat(AT_FDCWD, "/usr/lib/v7l/libcrypt.so.1", O_RDONLY|O_CLOEXEC) = -1 ENOENT (No such file or directory)
139   openat(AT_FDCWD, "/usr/lib/neon/vfp/libcrypt.so.1", O_RDONLY|O_CLOEXEC) = -1 ENOENT (No such file or directory)
139   openat(AT_FDCWD, "/usr/lib/neon/libcrypt.so.1", O_RDONLY|O_CLOEXEC) = -1 ENOENT (No such file or directory)
139   openat(AT_FDCWD, "/usr/lib/vfp/libcrypt.so.1", O_RDONLY|O_CLOEXEC) = -1 ENOENT (No such file or directory)
139   openat(AT_FDCWD, "/usr/lib/libcrypt.so.1", O_RDONLY|O_CLOEXEC) = -1 ENOENT (No such file or directory)
139   openat(AT_FDCWD, "/lib/tls/v7l/neon/vfp/libcrypt.so.1", O_RDONLY|O_CLOEXEC) = -1 ENOENT (No such file or directory)
139   openat(AT_FDCWD, "/lib/tls/v7l/neon/libcrypt.so.1", O_RDONLY|O_CLOEXEC) = -1 ENOENT (No such file or directory)
139   openat(AT_FDCWD, "/lib/tls/v7l/vfp/libcrypt.so.1", O_RDONLY|O_CLOEXEC) = -1 ENOENT (No such file or directory)
139   openat(AT_FDCWD, "/lib/tls/v7l/libcrypt.so.1", O_RDONLY|O_CLOEXEC) = -1 ENOENT (No such file or directory)
139   openat(AT_FDCWD, "/lib/tls/neon/vfp/libcrypt.so.1", O_RDONLY|O_CLOEXEC) = -1 ENOENT (No such file or directory)
139   openat(AT_FDCWD, "/lib/tls/neon/libcrypt.so.1", O_RDONLY|O_CLOEXEC) = -1 ENOENT (No such file or directory)
139   openat(AT_FDCWD, "/lib/tls/vfp/libcrypt.so.1", O_RDONLY|O_CLOEXEC) = -1 ENOENT (No such file or directory)
139   openat(AT_FDCWD, "/lib/tls/libcrypt.so.1", O_RDONLY|O_CLOEXEC) = -1 ENOENT (No such file or directory)
139   openat(AT_FDCWD, "/lib/v7l/neon/vfp/libcrypt.so.1", O_RDONLY|O_CLOEXEC) = -1 ENOENT (No such file or directory)
139   openat(AT_FDCWD, "/lib/v7l/neon/libcrypt.so.1", O_RDONLY|O_CLOEXEC) = -1 ENOENT (No such file or directory)
139   openat(AT_FDCWD, "/lib/v7l/vfp/libcrypt.so.1", O_RDONLY|O_CLOEXEC) = -1 ENOENT (No such file or directory)
139   openat(AT_FDCWD, "/lib/v7l/libcrypt.so.1", O_RDONLY|O_CLOEXEC) = -1 ENOENT (No such file or directory)
139   openat(AT_FDCWD, "/lib/neon/vfp/libcrypt.so.1", O_RDONLY|O_CLOEXEC) = -1 ENOENT (No such file or directory)
139   openat(AT_FDCWD, "/lib/neon/libcrypt.so.1", O_RDONLY|O_CLOEXEC) = -1 ENOENT (No such file or directory)
139   openat(AT_FDCWD, "/lib/vfp/libcrypt.so.1", O_RDONLY|O_CLOEXEC) = -1 ENOENT (No such file or directory)
139   openat(AT_FDCWD, "/lib/libcrypt.so.1", O_RDONLY|O_CLOEXEC) = 3
139   openat(AT_FDCWD, "/usr/local/Qt4.7.4/lib/libc.so.6", O_RDONLY|O_CLOEXEC) = -1 ENOENT (No such file or directory)
139   openat(AT_FDCWD, "/usr/lib/libc.so.6", O_RDONLY|O_CLOEXEC) = -1 ENOENT (No such file or directory)
139   openat(AT_FDCWD, "/lib/libc.so.6", O_RDONLY|O_CLOEXEC) = 3
139   openat(AT_FDCWD, "/dev/null", O_RDWR|O_LARGEFILE) = 3
139   openat(AT_FDCWD, "/sys/class", O_RDONLY|O_NONBLOCK|O_LARGEFILE|O_CLOEXEC|O_DIRECTORY) = 3
139   openat(AT_FDCWD, "/sys/class/pwm", O_RDONLY|O_NONBLOCK|O_LARGEFILE|O_CLOEXEC|O_DIRECTORY) = 4
139   openat(AT_FDCWD, "/sys/class/pwm/pwmchip0", O_RDONLY|O_NONBLOCK|O_LARGEFILE|O_CLOEXEC|O_DIRECTORY) = 5
139   openat(AT_FDCWD, "/sys/class/scsi_disk", O_RDONLY|O_NONBLOCK|O_LARGEFILE|O_CLOEXEC|O_DIRECTORY) = 4
139   openat(AT_FDCWD, "/sys/class/scsi_disk/0:0:0:0", O_RDONLY|O_NONBLOCK|O_LARGEFILE|O_CLOEXEC|O_DIRECTORY) = 5
139   openat(AT_FDCWD, "/sys/class/ata_port", O_RDONLY|O_NONBLOCK|O_LARGEFILE|O_CLOEXEC|O_DIRECTORY) = 4
139   openat(AT_FDCWD, "/sys/class/udc", O_RDONLY|O_NONBLOCK|O_LARGEFILE|O_CLOEXEC|O_DIRECTORY) = 4
139   openat(AT_FDCWD, "/sys/class/udc/musb-hdrc.1", O_RDONLY|O_NONBLOCK|O_LARGEFILE|O_CLOEXEC|O_DIRECTORY) = 5
139   openat(AT_FDCWD, "/sys/class/udc/musb-hdrc.0", O_RDONLY|O_NONBLOCK|O_LARGEFILE|O_CLOEXEC|O_DIRECTORY) = 5
139   openat(AT_FDCWD, "/sys/class/video4linux", O_RDONLY|O_NONBLOCK|O_LARGEFILE|O_CLOEXEC|O_DIRECTORY) = 4
139   openat(AT_FDCWD, "/sys/class/scsi_generic", O_RDONLY|O_NONBLOCK|O_LARGEFILE|O_CLOEXEC|O_DIRECTORY) = 4
139   openat(AT_FDCWD, "/sys/class/scsi_generic/sg0", O_RDONLY|O_NONBLOCK|O_LARGEFILE|O_CLOEXEC|O_DIRECTORY) = 5
139   openat(AT_FDCWD, "/sys/class/scsi_generic/sg0/dev", O_RDONLY|O_LARGEFILE) = 6
139   openat(AT_FDCWD, "/sys/class/scsi_generic/sg0/uevent", O_RDONLY|O_LARGEFILE) = 6
139   openat(AT_FDCWD, "/etc/mdev.conf", O_RDONLY|O_LARGEFILE) = -1 ENOENT (No such file or directory)
139   openat(AT_FDCWD, "/sys/class/ata_device", O_RDONLY|O_NONBLOCK|O_LARGEFILE|O_CLOEXEC|O_DIRECTORY) = 4
139   openat(AT_FDCWD, "/sys/class/vtconsole", O_RDONLY|O_NONBLOCK|O_LARGEFILE|O_CLOEXEC|O_DIRECTORY) = 4
139   openat(AT_FDCWD, "/sys/class/vtconsole/vtcon0", O_RDONLY|O_NONBLOCK|O_LARGEFILE|O_CLOEXEC|O_DIRECTORY) = 5
139   openat(AT_FDCWD, "/sys/class/mtd", O_RDONLY|O_NONBLOCK|O_LARGEFILE|O_CLOEXEC|O_DIRECTORY) = 4
139   openat(AT_FDCWD, "/sys/class/mtd/mtd0", O_RDONLY|O_NONBLOCK|O_LARGEFILE|O_CLOEXEC|O_DIRECTORY) = 5
139   openat(AT_FDCWD, "/sys/class/mtd/mtd0/dev", O_RDONLY|O_LARGEFILE) = 6
139   openat(AT_FDCWD, "/sys/class/mtd/mtd0/uevent", O_RDONLY|O_LARGEFILE) = 6
139   openat(AT_FDCWD, "/sys/class/mtd/mtd0ro", O_RDONLY|O_NONBLOCK|O_LARGEFILE|O_CLOEXEC|O_DIRECTORY) = 5
139   openat(AT_FDCWD, "/sys/class/mtd/mtd0ro/dev", O_RDONLY|O_LARGEFILE) = 6
139   openat(AT_FDCWD, "/sys/class/mtd/mtd0ro/uevent", O_RDONLY|O_LARGEFILE) = 6
139   openat(AT_FDCWD, "/sys/class/extcon", O_RDONLY|O_NONBLOCK|O_LARGEFILE|O_CLOEXEC|O_DIRECTORY) = 4
139   openat(AT_FDCWD, "/sys/class/mem", O_RDONLY|O_NONBLOCK|O_LARGEFILE|O_CLOEXEC|O_DIRECTORY) = 4
139   openat(AT_FDCWD, "/sys/class/mem/kmem", O_RDONLY|O_NONBLOCK|O_LARGEFILE|O_CLOEXEC|O_DIRECTORY) = 5
139   openat(AT_FDCWD, "/sys/class/mem/kmem/dev", O_RDONLY|O_LARGEFILE) = 6
124   openat(AT_FDCWD, "/sys/class/gpio/gpio34/value", O_WRONLY) = 27
139   openat(AT_FDCWD, "/sys/class/mem/kmem/uevent", O_RDONLY|O_LARGEFILE) = 6
139   openat(AT_FDCWD, "/sys/class/mem/mem", O_RDONLY|O_NONBLOCK|O_LARGEFILE|O_CLOEXEC|O_DIRECTORY) = 5
139   openat(AT_FDCWD, "/sys/class/mem/mem/dev", O_RDONLY|O_LARGEFILE) = 6
139   openat(AT_FDCWD, "/sys/class/mem/mem/uevent", O_RDONLY|O_LARGEFILE) = 6
139   openat(AT_FDCWD, "/sys/class/mem/zero", O_RDONLY|O_NONBLOCK|O_LARGEFILE|O_CLOEXEC|O_DIRECTORY) = 5
139   openat(AT_FDCWD, "/sys/class/mem/zero/dev", O_RDONLY|O_LARGEFILE) = 6
139   openat(AT_FDCWD, "/sys/class/mem/zero/uevent", O_RDONLY|O_LARGEFILE) = 6
139   openat(AT_FDCWD, "/sys/class/mem/kmsg", O_RDONLY|O_NONBLOCK|O_LARGEFILE|O_CLOEXEC|O_DIRECTORY) = 5
139   openat(AT_FDCWD, "/sys/class/mem/kmsg/dev", O_RDONLY|O_LARGEFILE) = 6
139   openat(AT_FDCWD, "/sys/class/mem/kmsg/uevent", O_RDONLY|O_LARGEFILE) = 6
139   openat(AT_FDCWD, "/sys/class/mem/full", O_RDONLY|O_NONBLOCK|O_LARGEFILE|O_CLOEXEC|O_DIRECTORY) = 5
139   openat(AT_FDCWD, "/sys/class/mem/full/dev", O_RDONLY|O_LARGEFILE) = 6
139   openat(AT_FDCWD, "/sys/class/mem/full/uevent", O_RDONLY|O_LARGEFILE) = 6
139   openat(AT_FDCWD, "/sys/class/mem/urandom", O_RDONLY|O_NONBLOCK|O_LARGEFILE|O_CLOEXEC|O_DIRECTORY) = 5
139   openat(AT_FDCWD, "/sys/class/mem/urandom/dev", O_RDONLY|O_LARGEFILE) = 6
139   openat(AT_FDCWD, "/sys/class/mem/urandom/uevent", O_RDONLY|O_LARGEFILE) = 6
139   openat(AT_FDCWD, "/sys/class/mem/null", O_RDONLY|O_NONBLOCK|O_LARGEFILE|O_CLOEXEC|O_DIRECTORY) = 5
139   openat(AT_FDCWD, "/sys/class/mem/null/dev", O_RDONLY|O_LARGEFILE) = 6
139   openat(AT_FDCWD, "/sys/class/mem/null/uevent", O_RDONLY|O_LARGEFILE) = 6
139   openat(AT_FDCWD, "/sys/class/mem/random", O_RDONLY|O_NONBLOCK|O_LARGEFILE|O_CLOEXEC|O_DIRECTORY) = 5
139   openat(AT_FDCWD, "/sys/class/mem/random/dev", O_RDONLY|O_LARGEFILE) = 6
139   openat(AT_FDCWD, "/sys/class/mem/random/uevent", O_RDONLY|O_LARGEFILE) = 6
139   openat(AT_FDCWD, "/sys/class/graphics", O_RDONLY|O_NONBLOCK|O_LARGEFILE|O_CLOEXEC|O_DIRECTORY) = 4
139   openat(AT_FDCWD, "/sys/class/graphics/fb1", O_RDONLY|O_NONBLOCK|O_LARGEFILE|O_CLOEXEC|O_DIRECTORY) = 5
139   openat(AT_FDCWD, "/sys/class/graphics/fb1/dev", O_RDONLY|O_LARGEFILE) = 6
139   openat(AT_FDCWD, "/sys/class/graphics/fb1/uevent", O_RDONLY|O_LARGEFILE) = 6
139   openat(AT_FDCWD, "/sys/class/graphics/fb4", O_RDONLY|O_NONBLOCK|O_LARGEFILE|O_CLOEXEC|O_DIRECTORY) = 5
139   openat(AT_FDCWD, "/sys/class/graphics/fb4/dev", O_RDONLY|O_LARGEFILE) = 6
139   openat(AT_FDCWD, "/sys/class/graphics/fb4/uevent", O_RDONLY|O_LARGEFILE) = 6
139   openat(AT_FDCWD, "/sys/class/graphics/fb2", O_RDONLY|O_NONBLOCK|O_LARGEFILE|O_CLOEXEC|O_DIRECTORY) = 5
139   openat(AT_FDCWD, "/sys/class/graphics/fb2/dev", O_RDONLY|O_LARGEFILE) = 6
139   openat(AT_FDCWD, "/sys/class/graphics/fb2/uevent", O_RDONLY|O_LARGEFILE) = 6
139   openat(AT_FDCWD, "/sys/class/graphics/fb0", O_RDONLY|O_NONBLOCK|O_LARGEFILE|O_CLOEXEC|O_DIRECTORY) = 5
139   openat(AT_FDCWD, "/sys/class/graphics/fb0/dev", O_RDONLY|O_LARGEFILE) = 6
139   openat(AT_FDCWD, "/sys/class/graphics/fb0/uevent", O_RDONLY|O_LARGEFILE) = 6
139   openat(AT_FDCWD, "/sys/class/graphics/fb3", O_RDONLY|O_NONBLOCK|O_LARGEFILE|O_CLOEXEC|O_DIRECTORY) = 5
139   openat(AT_FDCWD, "/sys/class/graphics/fb3/dev", O_RDONLY|O_LARGEFILE) = 6
139   openat(AT_FDCWD, "/sys/class/graphics/fb3/uevent", O_RDONLY|O_LARGEFILE) = 6
139   openat(AT_FDCWD, "/sys/class/gpio", O_RDONLY|O_NONBLOCK|O_LARGEFILE|O_CLOEXEC|O_DIRECTORY) = 4
139   openat(AT_FDCWD, "/sys/class/gpio/gpio34", O_RDONLY|O_NONBLOCK|O_LARGEFILE|O_CLOEXEC|O_DIRECTORY) = 5
139   openat(AT_FDCWD, "/sys/class/gpio/gpiochip32", O_RDONLY|O_NONBLOCK|O_LARGEFILE|O_CLOEXEC|O_DIRECTORY) = 5
139   openat(AT_FDCWD, "/sys/class/gpio/gpio30", O_RDONLY|O_NONBLOCK|O_LARGEFILE|O_CLOEXEC|O_DIRECTORY) = 5
139   openat(AT_FDCWD, "/sys/class/gpio/gpiochip0", O_RDONLY|O_NONBLOCK|O_LARGEFILE|O_CLOEXEC|O_DIRECTORY) = 5
139   openat(AT_FDCWD, "/sys/class/gpio/gpio35", O_RDONLY|O_NONBLOCK|O_LARGEFILE|O_CLOEXEC|O_DIRECTORY) = 5
139   openat(AT_FDCWD, "/sys/class/gpio/gpio33", O_RDONLY|O_NONBLOCK|O_LARGEFILE|O_CLOEXEC|O_DIRECTORY) = 5
139   openat(AT_FDCWD, "/sys/class/gpio/gpio31", O_RDONLY|O_NONBLOCK|O_LARGEFILE|O_CLOEXEC|O_DIRECTORY) = 5
139   openat(AT_FDCWD, "/sys/class/gpio/gpiochip96", O_RDONLY|O_NONBLOCK|O_LARGEFILE|O_CLOEXEC|O_DIRECTORY) = 5
139   openat(AT_FDCWD, "/sys/class/gpio/gpio38", O_RDONLY|O_NONBLOCK|O_LARGEFILE|O_CLOEXEC|O_DIRECTORY) = 5
139   openat(AT_FDCWD, "/sys/class/gpio/gpiochip64", O_RDONLY|O_NONBLOCK|O_LARGEFILE|O_CLOEXEC|O_DIRECTORY) = 5
139   openat(AT_FDCWD, "/sys/class/misc", O_RDONLY|O_NONBLOCK|O_LARGEFILE|O_CLOEXEC|O_DIRECTORY) = 4
139   openat(AT_FDCWD, "/sys/class/misc/network_latency", O_RDONLY|O_NONBLOCK|O_LARGEFILE|O_CLOEXEC|O_DIRECTORY) = 5
139   openat(AT_FDCWD, "/sys/class/misc/network_latency/dev", O_RDONLY|O_LARGEFILE) = 6
139   openat(AT_FDCWD, "/sys/class/misc/network_latency/uevent", O_RDONLY|O_LARGEFILE) = 6
139   openat(AT_FDCWD, "/sys/class/misc/ark_user_hid", O_RDONLY|O_NONBLOCK|O_LARGEFILE|O_CLOEXEC|O_DIRECTORY) = 5
139   openat(AT_FDCWD, "/sys/class/misc/ark_user_hid/dev", O_RDONLY|O_LARGEFILE) = 6
139   openat(AT_FDCWD, "/sys/class/misc/ark_user_hid/uevent", O_RDONLY|O_LARGEFILE) = 6
139   openat(AT_FDCWD, "/sys/class/misc/vdec", O_RDONLY|O_NONBLOCK|O_LARGEFILE|O_CLOEXEC|O_DIRECTORY) = 5
139   openat(AT_FDCWD, "/sys/class/misc/vdec/dev", O_RDONLY|O_LARGEFILE) = 6
139   openat(AT_FDCWD, "/sys/class/misc/vdec/uevent", O_RDONLY|O_LARGEFILE) = 6
139   openat(AT_FDCWD, "/sys/class/misc/memory_bandwidth", O_RDONLY|O_NONBLOCK|O_LARGEFILE|O_CLOEXEC|O_DIRECTORY) = 5
139   openat(AT_FDCWD, "/sys/class/misc/memory_bandwidth/dev", O_RDONLY|O_LARGEFILE) = 6
139   openat(AT_FDCWD, "/sys/class/misc/memory_bandwidth/uevent", O_RDONLY|O_LARGEFILE) = 6
139   openat(AT_FDCWD, "/sys/class/misc/ark_display", O_RDONLY|O_NONBLOCK|O_LARGEFILE|O_CLOEXEC|O_DIRECTORY) = 5
139   openat(AT_FDCWD, "/sys/class/misc/ark_display/dev", O_RDONLY|O_LARGEFILE) = 6
139   openat(AT_FDCWD, "/sys/class/misc/ark_display/uevent", O_RDONLY|O_LARGEFILE) = 6
139   openat(AT_FDCWD, "/sys/class/misc/cpu_dma_latency", O_RDONLY|O_NONBLOCK|O_LARGEFILE|O_CLOEXEC|O_DIRECTORY) = 5
139   openat(AT_FDCWD, "/sys/class/misc/cpu_dma_latency/dev", O_RDONLY|O_LARGEFILE) = 6
139   openat(AT_FDCWD, "/sys/class/misc/cpu_dma_latency/uevent", O_RDONLY|O_LARGEFILE) = 6
139   openat(AT_FDCWD, "/sys/class/misc/watchdog", O_RDONLY|O_NONBLOCK|O_LARGEFILE|O_CLOEXEC|O_DIRECTORY) = 5
139   openat(AT_FDCWD, "/sys/class/misc/watchdog/dev", O_RDONLY|O_LARGEFILE) = 6
139   openat(AT_FDCWD, "/sys/class/misc/watchdog/uevent", O_RDONLY|O_LARGEFILE) = 6
139   openat(AT_FDCWD, "/sys/class/misc/network_throughput", O_RDONLY|O_NONBLOCK|O_LARGEFILE|O_CLOEXEC|O_DIRECTORY) = 5
139   openat(AT_FDCWD, "/sys/class/misc/network_throughput/dev", O_RDONLY|O_LARGEFILE) = 6
139   openat(AT_FDCWD, "/sys/class/misc/network_throughput/uevent", O_RDONLY|O_LARGEFILE) = 6
139   openat(AT_FDCWD, "/sys/class/misc/ubi_ctrl", O_RDONLY|O_NONBLOCK|O_LARGEFILE|O_CLOEXEC|O_DIRECTORY) = 5
139   openat(AT_FDCWD, "/sys/class/misc/ubi_ctrl/dev", O_RDONLY|O_LARGEFILE) = 6
139   openat(AT_FDCWD, "/sys/class/misc/ubi_ctrl/uevent", O_RDONLY|O_LARGEFILE) = 6
139   openat(AT_FDCWD, "/sys/class/dma", O_RDONLY|O_NONBLOCK|O_LARGEFILE|O_CLOEXEC|O_DIRECTORY) = 4
139   openat(AT_FDCWD, "/sys/class/dma/dma0chan1", O_RDONLY|O_NONBLOCK|O_LARGEFILE|O_CLOEXEC|O_DIRECTORY) = 5
124   openat(AT_FDCWD, "/data/msncfg/mcusetup.ini", O_RDONLY <unfinished ...>
139   openat(AT_FDCWD, "/sys/class/dma/dma0chan6", O_RDONLY|O_NONBLOCK|O_LARGEFILE|O_CLOEXEC|O_DIRECTORY <unfinished ...>
124   <... openat resumed>)             = -1 ENOENT (No such file or directory)
139   <... openat resumed>)             = 5
139   openat(AT_FDCWD, "/sys/class/dma/dma0chan4", O_RDONLY|O_NONBLOCK|O_LARGEFILE|O_CLOEXEC|O_DIRECTORY) = 5
124   openat(AT_FDCWD, "/msnprofile/FangKong.config", O_RDONLY) = -1 ENOENT (No such file or directory)
139   openat(AT_FDCWD, "/sys/class/dma/dma0chan2", O_RDONLY|O_NONBLOCK|O_LARGEFILE|O_CLOEXEC|O_DIRECTORY) = 5
124   openat(AT_FDCWD, "/msnprofile/IRKey.config", O_RDONLY) = -1 ENOENT (No such file or directory)
124   openat(AT_FDCWD, "/usr/lib/libMcuCenter.so", O_RDONLY|O_CLOEXEC) = 27
139   openat(AT_FDCWD, "/sys/class/dma/dma0chan0", O_RDONLY|O_NONBLOCK|O_LARGEFILE|O_CLOEXEC|O_DIRECTORY) = 5
139   openat(AT_FDCWD, "/sys/class/dma/dma0chan7", O_RDONLY|O_NONBLOCK|O_LARGEFILE|O_CLOEXEC|O_DIRECTORY) = 5
139   openat(AT_FDCWD, "/sys/class/dma/dma0chan5", O_RDONLY|O_NONBLOCK|O_LARGEFILE|O_CLOEXEC|O_DIRECTORY) = 5
139   openat(AT_FDCWD, "/sys/class/dma/dma0chan3", O_RDONLY|O_NONBLOCK|O_LARGEFILE|O_CLOEXEC|O_DIRECTORY) = 5
139   openat(AT_FDCWD, "/sys/class/scsi_host", O_RDONLY|O_NONBLOCK|O_LARGEFILE|O_CLOEXEC|O_DIRECTORY) = 4
139   openat(AT_FDCWD, "/sys/class/scsi_host/host0", O_RDONLY|O_NONBLOCK|O_LARGEFILE|O_CLOEXEC|O_DIRECTORY) = 5
139   openat(AT_FDCWD, "/sys/class/mmc_host", O_RDONLY|O_NONBLOCK|O_LARGEFILE|O_CLOEXEC|O_DIRECTORY) = 4
139   openat(AT_FDCWD, "/sys/class/mmc_host/mmc1", O_RDONLY|O_NONBLOCK|O_LARGEFILE|O_CLOEXEC|O_DIRECTORY) = 5
139   openat(AT_FDCWD, "/sys/class/mmc_host/mmc0", O_RDONLY|O_NONBLOCK|O_LARGEFILE|O_CLOEXEC|O_DIRECTORY) = 5
139   openat(AT_FDCWD, "/sys/class/net", O_RDONLY|O_NONBLOCK|O_LARGEFILE|O_CLOEXEC|O_DIRECTORY) = 4
139   openat(AT_FDCWD, "/sys/class/net/lo", O_RDONLY|O_NONBLOCK|O_LARGEFILE|O_CLOEXEC|O_DIRECTORY) = 5
139   openat(AT_FDCWD, "/sys/class/net/sit0", O_RDONLY|O_NONBLOCK|O_LARGEFILE|O_CLOEXEC|O_DIRECTORY) = 5
124   openat(AT_FDCWD, "/tmp/qtembedded-0//fonts/_32_62.qsf", O_RDWR|O_CREAT|O_EXCL|O_LARGEFILE|O_CLOEXEC, 0644) = 27
139   openat(AT_FDCWD, "/sys/class/net/wlan0", O_RDONLY|O_NONBLOCK|O_LARGEFILE|O_CLOEXEC|O_DIRECTORY) = 5
139   openat(AT_FDCWD, "/sys/class/net/usb0", O_RDONLY|O_NONBLOCK|O_LARGEFILE|O_CLOEXEC|O_DIRECTORY) = 5
139   openat(AT_FDCWD, "/sys/class/net/wlan1", O_RDONLY|O_NONBLOCK|O_LARGEFILE|O_CLOEXEC|O_DIRECTORY) = 5
124   openat(AT_FDCWD, "/dev/ttyHS0", O_RDWR|O_NOCTTY|O_NONBLOCK <unfinished ...>
139   openat(AT_FDCWD, "/sys/class/lcd", O_RDONLY|O_NONBLOCK|O_LARGEFILE|O_CLOEXEC|O_DIRECTORY <unfinished ...>
124   <... openat resumed>)             = 29
139   <... openat resumed>)             = 4
124   ioctl(29, TCGETS <unfinished ...>
139   openat(AT_FDCWD, "/sys/class/gpu_class", O_RDONLY|O_NONBLOCK|O_LARGEFILE|O_CLOEXEC|O_DIRECTORY <unfinished ...>
124   <... ioctl resumed>, {c_iflag=ICRNL|IXON, c_oflag=NL0|CR0|TAB0|BS0|VT0|FF0|OPOST|ONLCR, c_cflag=B9600|CS8|CREAD|HUPCL|CLOCAL, c_lflag=ISIG|ICANON|ECHO|ECHOE|ECHOK|IEXTEN|ECHOCTL|ECHOKE, ...}) = 0
139   <... openat resumed>)             = 4
124   ioctl(29, TCFLSH, TCIOFLUSH)      = 0
124   ioctl(29, SNDCTL_TMR_START or TCSETS, {c_iflag=, c_oflag=NL0|CR0|TAB0|BS0|VT0|FF0|ONLCR, c_cflag=B38400|CS8|CREAD|HUPCL|CLOCAL, c_lflag=ECHOE|ECHOK|ECHOCTL|ECHOKE, ...}) = 0
139   openat(AT_FDCWD, "/sys/class/gpu_class/galcore", O_RDONLY|O_NONBLOCK|O_LARGEFILE|O_CLOEXEC|O_DIRECTORY) = 5
139   openat(AT_FDCWD, "/sys/class/gpu_class/galcore/dev", O_RDONLY|O_LARGEFILE) = 6
139   openat(AT_FDCWD, "/sys/class/gpu_class/galcore/uevent", O_RDONLY|O_LARGEFILE) = 6
139   openat(AT_FDCWD, "/sys/class/watchdog", O_RDONLY|O_NONBLOCK|O_LARGEFILE|O_CLOEXEC|O_DIRECTORY) = 4
139   openat(AT_FDCWD, "/sys/class/watchdog/watchdog0", O_RDONLY|O_NONBLOCK|O_LARGEFILE|O_CLOEXEC|O_DIRECTORY) = 5
124   openat(AT_FDCWD, "/dev/ttyS2", O_RDWR|O_NOCTTY|O_NONBLOCK) = 38
139   openat(AT_FDCWD, "/sys/class/watchdog/watchdog0/dev", O_RDONLY|O_LARGEFILE <unfinished ...>
124   ioctl(38, TCGETS <unfinished ...>
139   <... openat resumed>)             = 6
124   <... ioctl resumed>, {c_iflag=ICRNL|IXON, c_oflag=NL0|CR0|TAB0|BS0|VT0|FF0|OPOST|ONLCR, c_cflag=B9600|CS8|CREAD|HUPCL|CLOCAL, c_lflag=ISIG|ICANON|ECHO|ECHOE|ECHOK|IEXTEN|ECHOCTL|ECHOKE, ...}) = 0
139   openat(AT_FDCWD, "/sys/class/watchdog/watchdog0/uevent", O_RDONLY|O_LARGEFILE <unfinished ...>
124   ioctl(38, TCFLSH, TCIOFLUSH <unfinished ...>
139   <... openat resumed>)             = 6
124   <... ioctl resumed>)              = 0
124   ioctl(38, TCSETS, {c_iflag=, c_oflag=NL0|CR0|TAB0|BS0|VT0|FF0|ONLCR, c_cflag=B4800|CS8|CREAD|HUPCL|CLOCAL, c_lflag=ECHOE|ECHOK|ECHOCTL|ECHOKE, ...}) = 0
124   openat(AT_FDCWD, "/usr/lib/libCanBus.so", O_RDONLY|O_CLOEXEC) = 39
139   openat(AT_FDCWD, "/sys/class/ieee80211", O_RDONLY|O_NONBLOCK|O_LARGEFILE|O_CLOEXEC|O_DIRECTORY) = 4
139   openat(AT_FDCWD, "/sys/class/ieee80211/phy0", O_RDONLY|O_NONBLOCK|O_LARGEFILE|O_CLOEXEC|O_DIRECTORY) = 5
139   openat(AT_FDCWD, "/sys/class/ata_link", O_RDONLY|O_NONBLOCK|O_LARGEFILE|O_CLOEXEC|O_DIRECTORY) = 4
139   openat(AT_FDCWD, "/sys/class/tty", O_RDONLY|O_NONBLOCK|O_LARGEFILE|O_CLOEXEC|O_DIRECTORY) = 4
139   openat(AT_FDCWD, "/sys/class/tty/tty58", O_RDONLY|O_NONBLOCK|O_LARGEFILE|O_CLOEXEC|O_DIRECTORY) = 5
139   openat(AT_FDCWD, "/sys/class/tty/tty58/dev", O_RDONLY|O_LARGEFILE) = 6
139   openat(AT_FDCWD, "/sys/class/tty/tty58/uevent", O_RDONLY|O_LARGEFILE) = 6
139   openat(AT_FDCWD, "/sys/class/tty/ptmx", O_RDONLY|O_NONBLOCK|O_LARGEFILE|O_CLOEXEC|O_DIRECTORY) = 5
139   openat(AT_FDCWD, "/sys/class/tty/ptmx/dev", O_RDONLY|O_LARGEFILE) = 6
139   openat(AT_FDCWD, "/sys/class/tty/ptmx/uevent", O_RDONLY|O_LARGEFILE) = 6
139   openat(AT_FDCWD, "/sys/class/tty/tty48", O_RDONLY|O_NONBLOCK|O_LARGEFILE|O_CLOEXEC|O_DIRECTORY) = 5
139   openat(AT_FDCWD, "/sys/class/tty/tty48/dev", O_RDONLY|O_LARGEFILE) = 6
139   openat(AT_FDCWD, "/sys/class/tty/tty48/uevent", O_RDONLY|O_LARGEFILE) = 6
139   openat(AT_FDCWD, "/sys/class/tty/tty1", O_RDONLY|O_NONBLOCK|O_LARGEFILE|O_CLOEXEC|O_DIRECTORY) = 5
139   openat(AT_FDCWD, "/sys/class/tty/tty1/dev", O_RDONLY|O_LARGEFILE) = 6
139   openat(AT_FDCWD, "/sys/class/tty/tty1/uevent", O_RDONLY|O_LARGEFILE) = 6
139   openat(AT_FDCWD, "/sys/class/tty/tty38", O_RDONLY|O_NONBLOCK|O_LARGEFILE|O_CLOEXEC|O_DIRECTORY <unfinished ...>
124   openat(AT_FDCWD, "/usr/lib/libBlueTooth.so", O_RDONLY|O_CLOEXEC <unfinished ...>
139   <... openat resumed>)             = 5
124   <... openat resumed>)             = 39
139   openat(AT_FDCWD, "/sys/class/tty/tty38/dev", O_RDONLY|O_LARGEFILE) = 6
139   openat(AT_FDCWD, "/sys/class/tty/tty38/uevent", O_RDONLY|O_LARGEFILE) = 6
139   openat(AT_FDCWD, "/sys/class/tty/ttyHS0", O_RDONLY|O_NONBLOCK|O_LARGEFILE|O_CLOEXEC|O_DIRECTORY) = 5
139   openat(AT_FDCWD, "/sys/class/tty/ttyHS0/dev", O_RDONLY|O_LARGEFILE) = 6
139   openat(AT_FDCWD, "/sys/class/tty/ttyHS0/uevent", O_RDONLY|O_LARGEFILE) = 6
139   openat(AT_FDCWD, "/sys/class/tty/ptyp8", O_RDONLY|O_NONBLOCK|O_LARGEFILE|O_CLOEXEC|O_DIRECTORY) = 5
139   openat(AT_FDCWD, "/sys/class/tty/ptyp8/dev", O_RDONLY|O_LARGEFILE) = 6
139   openat(AT_FDCWD, "/sys/class/tty/ptyp8/uevent", O_RDONLY|O_LARGEFILE) = 6
139   openat(AT_FDCWD, "/sys/class/tty/ptypf", O_RDONLY|O_NONBLOCK|O_LARGEFILE|O_CLOEXEC|O_DIRECTORY) = 5
139   openat(AT_FDCWD, "/sys/class/tty/ptypf/dev", O_RDONLY|O_LARGEFILE) = 6
139   openat(AT_FDCWD, "/sys/class/tty/ptypf/uevent", O_RDONLY|O_LARGEFILE) = 6
139   openat(AT_FDCWD, "/sys/class/tty/tty28", O_RDONLY|O_NONBLOCK|O_LARGEFILE|O_CLOEXEC|O_DIRECTORY) = 5
139   openat(AT_FDCWD, "/sys/class/tty/tty28/dev", O_RDONLY|O_LARGEFILE) = 6
139   openat(AT_FDCWD, "/sys/class/tty/tty28/uevent", O_RDONLY|O_LARGEFILE) = 6
139   openat(AT_FDCWD, "/sys/class/tty/tty56", O_RDONLY|O_NONBLOCK|O_LARGEFILE|O_CLOEXEC|O_DIRECTORY) = 5
139   openat(AT_FDCWD, "/sys/class/tty/tty56/dev", O_RDONLY|O_LARGEFILE) = 6
139   openat(AT_FDCWD, "/sys/class/tty/tty56/uevent", O_RDONLY|O_LARGEFILE) = 6
139   openat(AT_FDCWD, "/sys/class/tty/tty18", O_RDONLY|O_NONBLOCK|O_LARGEFILE|O_CLOEXEC|O_DIRECTORY) = 5
124   openat(AT_FDCWD, "/dev/input/event0", O_RDONLY) = 39
139   openat(AT_FDCWD, "/sys/class/tty/tty18/dev", O_RDONLY|O_LARGEFILE) = 6
139   openat(AT_FDCWD, "/sys/class/tty/tty18/uevent", O_RDONLY|O_LARGEFILE) = 6
139   openat(AT_FDCWD, "/sys/class/tty/ttyp8", O_RDONLY|O_NONBLOCK|O_LARGEFILE|O_CLOEXEC|O_DIRECTORY) = 5
139   openat(AT_FDCWD, "/sys/class/tty/ttyp8/dev", O_RDONLY|O_LARGEFILE) = 6
139   openat(AT_FDCWD, "/sys/class/tty/ttyp8/uevent", O_RDONLY|O_LARGEFILE) = 6
139   openat(AT_FDCWD, "/sys/class/tty/ttypf", O_RDONLY|O_NONBLOCK|O_LARGEFILE|O_CLOEXEC|O_DIRECTORY) = 5
139   openat(AT_FDCWD, "/sys/class/tty/ttypf/dev", O_RDONLY|O_LARGEFILE) = 6
139   openat(AT_FDCWD, "/sys/class/tty/ttypf/uevent", O_RDONLY|O_LARGEFILE) = 6
139   openat(AT_FDCWD, "/sys/class/tty/tty46", O_RDONLY|O_NONBLOCK|O_LARGEFILE|O_CLOEXEC|O_DIRECTORY) = 5
139   openat(AT_FDCWD, "/sys/class/tty/tty46/dev", O_RDONLY|O_LARGEFILE) = 6
139   openat(AT_FDCWD, "/sys/class/tty/tty46/uevent", O_RDONLY|O_LARGEFILE) = 6
139   openat(AT_FDCWD, "/sys/class/tty/console", O_RDONLY|O_NONBLOCK|O_LARGEFILE|O_CLOEXEC|O_DIRECTORY) = 5
139   openat(AT_FDCWD, "/sys/class/tty/console/dev", O_RDONLY|O_LARGEFILE) = 6
139   openat(AT_FDCWD, "/sys/class/tty/console/uevent", O_RDONLY|O_LARGEFILE) = 6
124   openat(AT_FDCWD, "/msnprofile/resources/Setting.rcc", O_RDONLY|O_LARGEFILE|O_CLOEXEC) = 30
139   openat(AT_FDCWD, "/sys/class/tty/tty36", O_RDONLY|O_NONBLOCK|O_LARGEFILE|O_CLOEXEC|O_DIRECTORY) = 5
139   openat(AT_FDCWD, "/sys/class/tty/tty36/dev", O_RDONLY|O_LARGEFILE) = 6
139   openat(AT_FDCWD, "/sys/class/tty/tty36/uevent", O_RDONLY|O_LARGEFILE) = 6
139   openat(AT_FDCWD, "/sys/class/tty/ptyp6", O_RDONLY|O_NONBLOCK|O_LARGEFILE|O_CLOEXEC|O_DIRECTORY) = 5
139   openat(AT_FDCWD, "/sys/class/tty/ptyp6/dev", O_RDONLY|O_LARGEFILE) = 6
139   openat(AT_FDCWD, "/sys/class/tty/ptyp6/uevent", O_RDONLY|O_LARGEFILE) = 6
139   openat(AT_FDCWD, "/sys/class/tty/ptypd", O_RDONLY|O_NONBLOCK|O_LARGEFILE|O_CLOEXEC|O_DIRECTORY) = 5
139   openat(AT_FDCWD, "/sys/class/tty/ptypd/dev", O_RDONLY|O_LARGEFILE) = 6
139   openat(AT_FDCWD, "/sys/class/tty/ptypd/uevent", O_RDONLY|O_LARGEFILE) = 6
139   openat(AT_FDCWD, "/sys/class/tty/tty26", O_RDONLY|O_NONBLOCK|O_LARGEFILE|O_CLOEXEC|O_DIRECTORY) = 5
139   openat(AT_FDCWD, "/sys/class/tty/tty26/dev", O_RDONLY|O_LARGEFILE) = 6
139   openat(AT_FDCWD, "/sys/class/tty/tty26/uevent", O_RDONLY|O_LARGEFILE) = 6
139   openat(AT_FDCWD, "/sys/class/tty/tty54", O_RDONLY|O_NONBLOCK|O_LARGEFILE|O_CLOEXEC|O_DIRECTORY) = 5
139   openat(AT_FDCWD, "/sys/class/tty/tty54/dev", O_RDONLY|O_LARGEFILE) = 6
139   openat(AT_FDCWD, "/sys/class/tty/tty54/uevent", O_RDONLY|O_LARGEFILE) = 6
139   openat(AT_FDCWD, "/sys/class/tty/tty16", O_RDONLY|O_NONBLOCK|O_LARGEFILE|O_CLOEXEC|O_DIRECTORY) = 5
139   openat(AT_FDCWD, "/sys/class/tty/tty16/dev", O_RDONLY|O_LARGEFILE) = 6
139   openat(AT_FDCWD, "/sys/class/tty/tty16/uevent", O_RDONLY|O_LARGEFILE) = 6
139   openat(AT_FDCWD, "/sys/class/tty/ttyp6", O_RDONLY|O_NONBLOCK|O_LARGEFILE|O_CLOEXEC|O_DIRECTORY) = 5
139   openat(AT_FDCWD, "/sys/class/tty/ttyp6/dev", O_RDONLY|O_LARGEFILE) = 6
139   openat(AT_FDCWD, "/sys/class/tty/ttyp6/uevent", O_RDONLY|O_LARGEFILE) = 6
139   openat(AT_FDCWD, "/sys/class/tty/ttypd", O_RDONLY|O_NONBLOCK|O_LARGEFILE|O_CLOEXEC|O_DIRECTORY) = 5
139   openat(AT_FDCWD, "/sys/class/tty/ttypd/dev", O_RDONLY|O_LARGEFILE) = 6
139   openat(AT_FDCWD, "/sys/class/tty/ttypd/uevent", O_RDONLY|O_LARGEFILE) = 6
139   openat(AT_FDCWD, "/sys/class/tty/tty8", O_RDONLY|O_NONBLOCK|O_LARGEFILE|O_CLOEXEC|O_DIRECTORY <unfinished ...>
124   openat(AT_FDCWD, "/data/msncfg/Setting.config", O_RDWR|O_CREAT|O_TRUNC, 0666 <unfinished ...>
139   <... openat resumed>)             = 5
139   openat(AT_FDCWD, "/sys/class/tty/tty8/dev", O_RDONLY|O_LARGEFILE <unfinished ...>
124   <... openat resumed>)             = 30
139   <... openat resumed>)             = 6
139   openat(AT_FDCWD, "/sys/class/tty/tty8/uevent", O_RDONLY|O_LARGEFILE) = 6
139   openat(AT_FDCWD, "/sys/class/tty/tty44", O_RDONLY|O_NONBLOCK|O_LARGEFILE|O_CLOEXEC|O_DIRECTORY) = 5
139   openat(AT_FDCWD, "/sys/class/tty/tty44/dev", O_RDONLY|O_LARGEFILE) = 6
139   openat(AT_FDCWD, "/sys/class/tty/tty44/uevent", O_RDONLY|O_LARGEFILE) = 6
139   openat(AT_FDCWD, "/sys/class/tty/tty34", O_RDONLY|O_NONBLOCK|O_LARGEFILE|O_CLOEXEC|O_DIRECTORY) = 5
139   openat(AT_FDCWD, "/sys/class/tty/tty34/dev", O_RDONLY|O_LARGEFILE) = 6
139   openat(AT_FDCWD, "/sys/class/tty/tty34/uevent", O_RDONLY|O_LARGEFILE) = 6
139   openat(AT_FDCWD, "/sys/class/tty/tty62", O_RDONLY|O_NONBLOCK|O_LARGEFILE|O_CLOEXEC|O_DIRECTORY) = 5
124   openat(AT_FDCWD, "/data/msncfg/carsetting.ini", O_RDONLY <unfinished ...>
139   openat(AT_FDCWD, "/sys/class/tty/tty62/dev", O_RDONLY|O_LARGEFILE <unfinished ...>
124   <... openat resumed>)             = 30
139   <... openat resumed>)             = 6
139   openat(AT_FDCWD, "/sys/class/tty/tty62/uevent", O_RDONLY|O_LARGEFILE) = 6
124   openat(AT_FDCWD, "/usr/lib/libCarReversing.so", O_RDONLY|O_CLOEXEC) = -1 ENOENT (No such file or directory)
124   openat(AT_FDCWD, "/usr/lib/libCarReversing.so", O_RDONLY|O_CLOEXEC) = -1 ENOENT (No such file or directory)
124   openat(AT_FDCWD, "/Settings/Trolltech.conf", O_RDONLY|O_LARGEFILE|O_CLOEXEC) = 30
139   openat(AT_FDCWD, "/sys/class/tty/ptyp4", O_RDONLY|O_NONBLOCK|O_LARGEFILE|O_CLOEXEC|O_DIRECTORY) = 5
124   openat(AT_FDCWD, "/etc/localtime", O_RDONLY|O_CLOEXEC) = -1 ENOENT (No such file or directory)
139   openat(AT_FDCWD, "/sys/class/tty/ptyp4/dev", O_RDONLY|O_LARGEFILE) = 6
139   openat(AT_FDCWD, "/sys/class/tty/ptyp4/uevent", O_RDONLY|O_LARGEFILE) = 6
124   openat(AT_FDCWD, "/Settings/Trolltech.conf", O_RDONLY|O_LARGEFILE|O_CLOEXEC) = 30
124   openat(AT_FDCWD, "/etc/localtime", O_RDONLY|O_CLOEXEC) = -1 ENOENT (No such file or directory)
139   openat(AT_FDCWD, "/sys/class/tty/ptypb", O_RDONLY|O_NONBLOCK|O_LARGEFILE|O_CLOEXEC|O_DIRECTORY) = 5
139   openat(AT_FDCWD, "/sys/class/tty/ptypb/dev", O_RDONLY|O_LARGEFILE) = 6
139   openat(AT_FDCWD, "/sys/class/tty/ptypb/uevent", O_RDONLY|O_LARGEFILE) = 6
139   openat(AT_FDCWD, "/sys/class/tty/tty24", O_RDONLY|O_NONBLOCK|O_LARGEFILE|O_CLOEXEC|O_DIRECTORY) = 5
139   openat(AT_FDCWD, "/sys/class/tty/tty24/dev", O_RDONLY|O_LARGEFILE) = 6
139   openat(AT_FDCWD, "/sys/class/tty/tty24/uevent", O_RDONLY|O_LARGEFILE) = 6
139   openat(AT_FDCWD, "/sys/class/tty/tty52", O_RDONLY|O_NONBLOCK|O_LARGEFILE|O_CLOEXEC|O_DIRECTORY) = 5
139   openat(AT_FDCWD, "/sys/class/tty/tty52/dev", O_RDONLY|O_LARGEFILE) = 6
139   openat(AT_FDCWD, "/sys/class/tty/tty52/uevent", O_RDONLY|O_LARGEFILE) = 6
139   openat(AT_FDCWD, "/sys/class/tty/tty14", O_RDONLY|O_NONBLOCK|O_LARGEFILE|O_CLOEXEC|O_DIRECTORY) = 5
139   openat(AT_FDCWD, "/sys/class/tty/tty14/dev", O_RDONLY|O_LARGEFILE) = 6
139   openat(AT_FDCWD, "/sys/class/tty/tty14/uevent", O_RDONLY|O_LARGEFILE) = 6
139   openat(AT_FDCWD, "/sys/class/tty/ttyp4", O_RDONLY|O_NONBLOCK|O_LARGEFILE|O_CLOEXEC|O_DIRECTORY) = 5
139   openat(AT_FDCWD, "/sys/class/tty/ttyp4/dev", O_RDONLY|O_LARGEFILE) = 6
139   openat(AT_FDCWD, "/sys/class/tty/ttyp4/uevent", O_RDONLY|O_LARGEFILE) = 6
139   openat(AT_FDCWD, "/sys/class/tty/ttypb", O_RDONLY|O_NONBLOCK|O_LARGEFILE|O_CLOEXEC|O_DIRECTORY) = 5
141   openat(AT_FDCWD, "/usr/local/Qt4.7.4/lib/tls/v7l/neon/vfp/libcrypt.so.1", O_RDONLY|O_CLOEXEC) = -1 ENOENT (No such file or directory)
141   openat(AT_FDCWD, "/usr/local/Qt4.7.4/lib/tls/v7l/neon/libcrypt.so.1", O_RDONLY|O_CLOEXEC) = -1 ENOENT (No such file or directory)
139   openat(AT_FDCWD, "/sys/class/tty/ttypb/dev", O_RDONLY|O_LARGEFILE) = 6
141   openat(AT_FDCWD, "/usr/local/Qt4.7.4/lib/tls/v7l/vfp/libcrypt.so.1", O_RDONLY|O_CLOEXEC) = -1 ENOENT (No such file or directory)
141   openat(AT_FDCWD, "/usr/local/Qt4.7.4/lib/tls/v7l/libcrypt.so.1", O_RDONLY|O_CLOEXEC) = -1 ENOENT (No such file or directory)
139   openat(AT_FDCWD, "/sys/class/tty/ttypb/uevent", O_RDONLY|O_LARGEFILE) = 6
141   openat(AT_FDCWD, "/usr/local/Qt4.7.4/lib/tls/neon/vfp/libcrypt.so.1", O_RDONLY|O_CLOEXEC) = -1 ENOENT (No such file or directory)
141   openat(AT_FDCWD, "/usr/local/Qt4.7.4/lib/tls/neon/libcrypt.so.1", O_RDONLY|O_CLOEXEC) = -1 ENOENT (No such file or directory)
141   openat(AT_FDCWD, "/usr/local/Qt4.7.4/lib/tls/vfp/libcrypt.so.1", O_RDONLY|O_CLOEXEC) = -1 ENOENT (No such file or directory)
141   openat(AT_FDCWD, "/usr/local/Qt4.7.4/lib/tls/libcrypt.so.1", O_RDONLY|O_CLOEXEC) = -1 ENOENT (No such file or directory)
141   openat(AT_FDCWD, "/usr/local/Qt4.7.4/lib/v7l/neon/vfp/libcrypt.so.1", O_RDONLY|O_CLOEXEC) = -1 ENOENT (No such file or directory)
141   openat(AT_FDCWD, "/usr/local/Qt4.7.4/lib/v7l/neon/libcrypt.so.1", O_RDONLY|O_CLOEXEC) = -1 ENOENT (No such file or directory)
139   openat(AT_FDCWD, "/sys/class/tty/tty6", O_RDONLY|O_NONBLOCK|O_LARGEFILE|O_CLOEXEC|O_DIRECTORY) = 5
141   openat(AT_FDCWD, "/usr/local/Qt4.7.4/lib/v7l/vfp/libcrypt.so.1", O_RDONLY|O_CLOEXEC) = -1 ENOENT (No such file or directory)
141   openat(AT_FDCWD, "/usr/local/Qt4.7.4/lib/v7l/libcrypt.so.1", O_RDONLY|O_CLOEXEC) = -1 ENOENT (No such file or directory)
141   openat(AT_FDCWD, "/usr/local/Qt4.7.4/lib/neon/vfp/libcrypt.so.1", O_RDONLY|O_CLOEXEC) = -1 ENOENT (No such file or directory)
139   openat(AT_FDCWD, "/sys/class/tty/tty6/dev", O_RDONLY|O_LARGEFILE) = 6
141   openat(AT_FDCWD, "/usr/local/Qt4.7.4/lib/neon/libcrypt.so.1", O_RDONLY|O_CLOEXEC) = -1 ENOENT (No such file or directory)
141   openat(AT_FDCWD, "/usr/local/Qt4.7.4/lib/vfp/libcrypt.so.1", O_RDONLY|O_CLOEXEC) = -1 ENOENT (No such file or directory)
139   openat(AT_FDCWD, "/sys/class/tty/tty6/uevent", O_RDONLY|O_LARGEFILE) = 6
141   openat(AT_FDCWD, "/usr/local/Qt4.7.4/lib/libcrypt.so.1", O_RDONLY|O_CLOEXEC) = -1 ENOENT (No such file or directory)
141   openat(AT_FDCWD, "/usr/lib/tls/v7l/neon/vfp/libcrypt.so.1", O_RDONLY|O_CLOEXEC) = -1 ENOENT (No such file or directory)
141   openat(AT_FDCWD, "/usr/lib/tls/v7l/neon/libcrypt.so.1", O_RDONLY|O_CLOEXEC) = -1 ENOENT (No such file or directory)
141   openat(AT_FDCWD, "/usr/lib/tls/v7l/vfp/libcrypt.so.1", O_RDONLY|O_CLOEXEC) = -1 ENOENT (No such file or directory)
141   openat(AT_FDCWD, "/usr/lib/tls/v7l/libcrypt.so.1", O_RDONLY|O_CLOEXEC) = -1 ENOENT (No such file or directory)
141   openat(AT_FDCWD, "/usr/lib/tls/neon/vfp/libcrypt.so.1", O_RDONLY|O_CLOEXEC) = -1 ENOENT (No such file or directory)
139   openat(AT_FDCWD, "/sys/class/tty/tty42", O_RDONLY|O_NONBLOCK|O_LARGEFILE|O_CLOEXEC|O_DIRECTORY) = 5
141   openat(AT_FDCWD, "/usr/lib/tls/neon/libcrypt.so.1", O_RDONLY|O_CLOEXEC) = -1 ENOENT (No such file or directory)
141   openat(AT_FDCWD, "/usr/lib/tls/vfp/libcrypt.so.1", O_RDONLY|O_CLOEXEC) = -1 ENOENT (No such file or directory)
141   openat(AT_FDCWD, "/usr/lib/tls/libcrypt.so.1", O_RDONLY|O_CLOEXEC) = -1 ENOENT (No such file or directory)
139   openat(AT_FDCWD, "/sys/class/tty/tty42/dev", O_RDONLY|O_LARGEFILE) = 6
141   openat(AT_FDCWD, "/usr/lib/v7l/neon/vfp/libcrypt.so.1", O_RDONLY|O_CLOEXEC) = -1 ENOENT (No such file or directory)
141   openat(AT_FDCWD, "/usr/lib/v7l/neon/libcrypt.so.1", O_RDONLY|O_CLOEXEC) = -1 ENOENT (No such file or directory)
139   openat(AT_FDCWD, "/sys/class/tty/tty42/uevent", O_RDONLY|O_LARGEFILE) = 6
141   openat(AT_FDCWD, "/usr/lib/v7l/vfp/libcrypt.so.1", O_RDONLY|O_CLOEXEC) = -1 ENOENT (No such file or directory)
141   openat(AT_FDCWD, "/usr/lib/v7l/libcrypt.so.1", O_RDONLY|O_CLOEXEC) = -1 ENOENT (No such file or directory)
141   openat(AT_FDCWD, "/usr/lib/neon/vfp/libcrypt.so.1", O_RDONLY|O_CLOEXEC) = -1 ENOENT (No such file or directory)
141   openat(AT_FDCWD, "/usr/lib/neon/libcrypt.so.1", O_RDONLY|O_CLOEXEC) = -1 ENOENT (No such file or directory)
141   openat(AT_FDCWD, "/usr/lib/vfp/libcrypt.so.1", O_RDONLY|O_CLOEXEC) = -1 ENOENT (No such file or directory)
141   openat(AT_FDCWD, "/usr/lib/libcrypt.so.1", O_RDONLY|O_CLOEXEC) = -1 ENOENT (No such file or directory)
139   openat(AT_FDCWD, "/sys/class/tty/ttyS2", O_RDONLY|O_NONBLOCK|O_LARGEFILE|O_CLOEXEC|O_DIRECTORY) = 5
141   openat(AT_FDCWD, "/lib/tls/v7l/neon/vfp/libcrypt.so.1", O_RDONLY|O_CLOEXEC) = -1 ENOENT (No such file or directory)
141   openat(AT_FDCWD, "/lib/tls/v7l/neon/libcrypt.so.1", O_RDONLY|O_CLOEXEC) = -1 ENOENT (No such file or directory)
141   openat(AT_FDCWD, "/lib/tls/v7l/vfp/libcrypt.so.1", O_RDONLY|O_CLOEXEC) = -1 ENOENT (No such file or directory)
141   openat(AT_FDCWD, "/lib/tls/v7l/libcrypt.so.1", O_RDONLY|O_CLOEXEC) = -1 ENOENT (No such file or directory)
141   openat(AT_FDCWD, "/lib/tls/neon/vfp/libcrypt.so.1", O_RDONLY|O_CLOEXEC) = -1 ENOENT (No such file or directory)
141   openat(AT_FDCWD, "/lib/tls/neon/libcrypt.so.1", O_RDONLY|O_CLOEXEC) = -1 ENOENT (No such file or directory)
139   openat(AT_FDCWD, "/sys/class/tty/ttyS2/dev", O_RDONLY|O_LARGEFILE) = 6
141   openat(AT_FDCWD, "/lib/tls/vfp/libcrypt.so.1", O_RDONLY|O_CLOEXEC) = -1 ENOENT (No such file or directory)
141   openat(AT_FDCWD, "/lib/tls/libcrypt.so.1", O_RDONLY|O_CLOEXEC) = -1 ENOENT (No such file or directory)
139   openat(AT_FDCWD, "/sys/class/tty/ttyS2/uevent", O_RDONLY|O_LARGEFILE) = 6
141   openat(AT_FDCWD, "/lib/v7l/neon/vfp/libcrypt.so.1", O_RDONLY|O_CLOEXEC) = -1 ENOENT (No such file or directory)
141   openat(AT_FDCWD, "/lib/v7l/neon/libcrypt.so.1", O_RDONLY|O_CLOEXEC) = -1 ENOENT (No such file or directory)
141   openat(AT_FDCWD, "/lib/v7l/vfp/libcrypt.so.1", O_RDONLY|O_CLOEXEC) = -1 ENOENT (No such file or directory)
141   openat(AT_FDCWD, "/lib/v7l/libcrypt.so.1", O_RDONLY|O_CLOEXEC) = -1 ENOENT (No such file or directory)
141   openat(AT_FDCWD, "/lib/neon/vfp/libcrypt.so.1", O_RDONLY|O_CLOEXEC) = -1 ENOENT (No such file or directory)
141   openat(AT_FDCWD, "/lib/neon/libcrypt.so.1", O_RDONLY|O_CLOEXEC) = -1 ENOENT (No such file or directory)
141   openat(AT_FDCWD, "/lib/vfp/libcrypt.so.1", O_RDONLY|O_CLOEXEC) = -1 ENOENT (No such file or directory)
141   openat(AT_FDCWD, "/lib/libcrypt.so.1", O_RDONLY|O_CLOEXEC) = 3
139   openat(AT_FDCWD, "/sys/class/tty/tty32", O_RDONLY|O_NONBLOCK|O_LARGEFILE|O_CLOEXEC|O_DIRECTORY) = 5
141   openat(AT_FDCWD, "/usr/local/Qt4.7.4/lib/libc.so.6", O_RDONLY|O_CLOEXEC) = -1 ENOENT (No such file or directory)
141   openat(AT_FDCWD, "/usr/lib/libc.so.6", O_RDONLY|O_CLOEXEC) = -1 ENOENT (No such file or directory)
141   openat(AT_FDCWD, "/lib/libc.so.6", O_RDONLY|O_CLOEXEC <unfinished ...>
139   openat(AT_FDCWD, "/sys/class/tty/tty32/dev", O_RDONLY|O_LARGEFILE <unfinished ...>
141   <... openat resumed>)             = 3
139   <... openat resumed>)             = 6
139   openat(AT_FDCWD, "/sys/class/tty/tty32/uevent", O_RDONLY|O_LARGEFILE) = 6
139   openat(AT_FDCWD, "/sys/class/tty/tty60", O_RDONLY|O_NONBLOCK|O_LARGEFILE|O_CLOEXEC|O_DIRECTORY) = 5
139   openat(AT_FDCWD, "/sys/class/tty/tty60/dev", O_RDONLY|O_LARGEFILE) = 6
139   openat(AT_FDCWD, "/sys/class/tty/tty60/uevent", O_RDONLY|O_LARGEFILE) = 6
141   openat(AT_FDCWD, "/tmp/mcu_version", O_WRONLY|O_CREAT|O_TRUNC|O_LARGEFILE, 0666) = 3
141   +++ exited with 0 +++
136   --- SIGCHLD {si_signo=SIGCHLD, si_code=CLD_EXITED, si_pid=141, si_uid=0, si_status=0, si_utime=0, si_stime=3 /* 0.03 s */} ---
139   openat(AT_FDCWD, "/sys/class/tty/ptyp2", O_RDONLY|O_NONBLOCK|O_LARGEFILE|O_CLOEXEC|O_DIRECTORY) = 5
139   openat(AT_FDCWD, "/sys/class/tty/ptyp2/dev", O_RDONLY|O_LARGEFILE) = 6
139   openat(AT_FDCWD, "/sys/class/tty/ptyp2/uevent", O_RDONLY|O_LARGEFILE) = 6
124   openat(AT_FDCWD, "/usr/local/Qt4.7.4/lib/dbus-1", O_RDONLY|O_CLOEXEC) = -1 ENOENT (No such file or directory)
139   openat(AT_FDCWD, "/sys/class/tty/tty22", O_RDONLY|O_NONBLOCK|O_LARGEFILE|O_CLOEXEC|O_DIRECTORY <unfinished ...>
124   openat(AT_FDCWD, "/usr/lib/dbus-1", O_RDONLY|O_CLOEXEC <unfinished ...>
139   <... openat resumed>)             = 5
124   <... openat resumed>)             = -1 ENOENT (No such file or directory)
124   openat(AT_FDCWD, "/lib/dbus-1", O_RDONLY|O_CLOEXEC) = -1 ENOENT (No such file or directory)
124   openat(AT_FDCWD, "/usr//lib/dbus-1", O_RDONLY|O_CLOEXEC) = -1 ENOENT (No such file or directory)
124   openat(AT_FDCWD, "tls/v7l/neon/vfp/dbus-1", O_RDONLY|O_CLOEXEC) = -1 ENOENT (No such file or directory)
124   openat(AT_FDCWD, "tls/v7l/neon/dbus-1", O_RDONLY|O_CLOEXEC) = -1 ENOENT (No such file or directory)
124   openat(AT_FDCWD, "tls/v7l/vfp/dbus-1", O_RDONLY|O_CLOEXEC) = -1 ENOENT (No such file or directory)
139   openat(AT_FDCWD, "/sys/class/tty/tty22/dev", O_RDONLY|O_LARGEFILE <unfinished ...>
124   openat(AT_FDCWD, "tls/v7l/dbus-1", O_RDONLY|O_CLOEXEC <unfinished ...>
139   <... openat resumed>)             = 6
124   <... openat resumed>)             = -1 ENOENT (No such file or directory)
124   openat(AT_FDCWD, "tls/neon/vfp/dbus-1", O_RDONLY|O_CLOEXEC) = -1 ENOENT (No such file or directory)
124   openat(AT_FDCWD, "tls/neon/dbus-1", O_RDONLY|O_CLOEXEC) = -1 ENOENT (No such file or directory)
124   openat(AT_FDCWD, "tls/vfp/dbus-1", O_RDONLY|O_CLOEXEC) = -1 ENOENT (No such file or directory)
139   openat(AT_FDCWD, "/sys/class/tty/tty22/uevent", O_RDONLY|O_LARGEFILE <unfinished ...>
124   openat(AT_FDCWD, "tls/dbus-1", O_RDONLY|O_CLOEXEC <unfinished ...>
139   <... openat resumed>)             = 6
124   <... openat resumed>)             = -1 ENOENT (No such file or directory)
124   openat(AT_FDCWD, "v7l/neon/vfp/dbus-1", O_RDONLY|O_CLOEXEC) = -1 ENOENT (No such file or directory)
124   openat(AT_FDCWD, "v7l/neon/dbus-1", O_RDONLY|O_CLOEXEC) = -1 ENOENT (No such file or directory)
124   openat(AT_FDCWD, "v7l/vfp/dbus-1", O_RDONLY|O_CLOEXEC) = -1 ENOENT (No such file or directory)
124   openat(AT_FDCWD, "v7l/dbus-1", O_RDONLY|O_CLOEXEC) = -1 ENOENT (No such file or directory)
124   openat(AT_FDCWD, "neon/vfp/dbus-1", O_RDONLY|O_CLOEXEC) = -1 ENOENT (No such file or directory)
124   openat(AT_FDCWD, "neon/dbus-1", O_RDONLY|O_CLOEXEC) = -1 ENOENT (No such file or directory)
124   openat(AT_FDCWD, "vfp/dbus-1", O_RDONLY|O_CLOEXEC) = -1 ENOENT (No such file or directory)
124   openat(AT_FDCWD, "dbus-1", O_RDONLY|O_CLOEXEC) = -1 ENOENT (No such file or directory)
124   openat(AT_FDCWD, "/lib/dbus-1", O_RDONLY|O_CLOEXEC) = -1 ENOENT (No such file or directory)
124   openat(AT_FDCWD, "/usr/lib/dbus-1", O_RDONLY|O_CLOEXEC) = -1 ENOENT (No such file or directory)
124   openat(AT_FDCWD, "/usr/local/Qt4.7.4/lib/dbus-1.so.3", O_RDONLY|O_CLOEXEC) = -1 ENOENT (No such file or directory)
139   openat(AT_FDCWD, "/sys/class/tty/tty50", O_RDONLY|O_NONBLOCK|O_LARGEFILE|O_CLOEXEC|O_DIRECTORY <unfinished ...>
124   openat(AT_FDCWD, "/usr/lib/dbus-1.so.3", O_RDONLY|O_CLOEXEC <unfinished ...>
139   <... openat resumed>)             = 5
124   <... openat resumed>)             = -1 ENOENT (No such file or directory)
124   openat(AT_FDCWD, "/lib/dbus-1.so.3", O_RDONLY|O_CLOEXEC) = -1 ENOENT (No such file or directory)
124   openat(AT_FDCWD, "/usr//lib/dbus-1.so.3", O_RDONLY|O_CLOEXEC) = -1 ENOENT (No such file or directory)
124   openat(AT_FDCWD, "tls/v7l/neon/vfp/dbus-1.so.3", O_RDONLY|O_CLOEXEC) = -1 ENOENT (No such file or directory)
124   openat(AT_FDCWD, "tls/v7l/neon/dbus-1.so.3", O_RDONLY|O_CLOEXEC) = -1 ENOENT (No such file or directory)
124   openat(AT_FDCWD, "tls/v7l/vfp/dbus-1.so.3", O_RDONLY|O_CLOEXEC) = -1 ENOENT (No such file or directory)
139   openat(AT_FDCWD, "/sys/class/tty/tty50/dev", O_RDONLY|O_LARGEFILE <unfinished ...>
124   openat(AT_FDCWD, "tls/v7l/dbus-1.so.3", O_RDONLY|O_CLOEXEC <unfinished ...>
139   <... openat resumed>)             = 6
124   <... openat resumed>)             = -1 ENOENT (No such file or directory)
124   openat(AT_FDCWD, "tls/neon/vfp/dbus-1.so.3", O_RDONLY|O_CLOEXEC) = -1 ENOENT (No such file or directory)
124   openat(AT_FDCWD, "tls/neon/dbus-1.so.3", O_RDONLY|O_CLOEXEC) = -1 ENOENT (No such file or directory)
124   openat(AT_FDCWD, "tls/vfp/dbus-1.so.3", O_RDONLY|O_CLOEXEC) = -1 ENOENT (No such file or directory)
139   openat(AT_FDCWD, "/sys/class/tty/tty50/uevent", O_RDONLY|O_LARGEFILE <unfinished ...>
124   openat(AT_FDCWD, "tls/dbus-1.so.3", O_RDONLY|O_CLOEXEC <unfinished ...>
139   <... openat resumed>)             = 6
124   <... openat resumed>)             = -1 ENOENT (No such file or directory)
124   openat(AT_FDCWD, "v7l/neon/vfp/dbus-1.so.3", O_RDONLY|O_CLOEXEC) = -1 ENOENT (No such file or directory)
124   openat(AT_FDCWD, "v7l/neon/dbus-1.so.3", O_RDONLY|O_CLOEXEC) = -1 ENOENT (No such file or directory)
124   openat(AT_FDCWD, "v7l/vfp/dbus-1.so.3", O_RDONLY|O_CLOEXEC) = -1 ENOENT (No such file or directory)
124   openat(AT_FDCWD, "v7l/dbus-1.so.3", O_RDONLY|O_CLOEXEC) = -1 ENOENT (No such file or directory)
124   openat(AT_FDCWD, "neon/vfp/dbus-1.so.3", O_RDONLY|O_CLOEXEC) = -1 ENOENT (No such file or directory)
124   openat(AT_FDCWD, "neon/dbus-1.so.3", O_RDONLY|O_CLOEXEC) = -1 ENOENT (No such file or directory)
124   openat(AT_FDCWD, "vfp/dbus-1.so.3", O_RDONLY|O_CLOEXEC) = -1 ENOENT (No such file or directory)
124   openat(AT_FDCWD, "dbus-1.so.3", O_RDONLY|O_CLOEXEC) = -1 ENOENT (No such file or directory)
124   openat(AT_FDCWD, "/lib/dbus-1.so.3", O_RDONLY|O_CLOEXEC) = -1 ENOENT (No such file or directory)
124   openat(AT_FDCWD, "/usr/lib/dbus-1.so.3", O_RDONLY|O_CLOEXEC) = -1 ENOENT (No such file or directory)
124   openat(AT_FDCWD, "/usr/local/Qt4.7.4/lib/libdbus-1", O_RDONLY|O_CLOEXEC) = -1 ENOENT (No such file or directory)
139   openat(AT_FDCWD, "/sys/class/tty/tty12", O_RDONLY|O_NONBLOCK|O_LARGEFILE|O_CLOEXEC|O_DIRECTORY <unfinished ...>
124   openat(AT_FDCWD, "/usr/lib/libdbus-1", O_RDONLY|O_CLOEXEC <unfinished ...>
139   <... openat resumed>)             = 5
124   <... openat resumed>)             = -1 ENOENT (No such file or directory)
124   openat(AT_FDCWD, "/lib/libdbus-1", O_RDONLY|O_CLOEXEC) = -1 ENOENT (No such file or directory)
124   openat(AT_FDCWD, "/usr//lib/libdbus-1", O_RDONLY|O_CLOEXEC) = -1 ENOENT (No such file or directory)
124   openat(AT_FDCWD, "tls/v7l/neon/vfp/libdbus-1", O_RDONLY|O_CLOEXEC) = -1 ENOENT (No such file or directory)
124   openat(AT_FDCWD, "tls/v7l/neon/libdbus-1", O_RDONLY|O_CLOEXEC) = -1 ENOENT (No such file or directory)
124   openat(AT_FDCWD, "tls/v7l/vfp/libdbus-1", O_RDONLY|O_CLOEXEC) = -1 ENOENT (No such file or directory)
139   openat(AT_FDCWD, "/sys/class/tty/tty12/dev", O_RDONLY|O_LARGEFILE <unfinished ...>
124   openat(AT_FDCWD, "tls/v7l/libdbus-1", O_RDONLY|O_CLOEXEC <unfinished ...>
139   <... openat resumed>)             = 6
124   <... openat resumed>)             = -1 ENOENT (No such file or directory)
124   openat(AT_FDCWD, "tls/neon/vfp/libdbus-1", O_RDONLY|O_CLOEXEC) = -1 ENOENT (No such file or directory)
124   openat(AT_FDCWD, "tls/neon/libdbus-1", O_RDONLY|O_CLOEXEC) = -1 ENOENT (No such file or directory)
124   openat(AT_FDCWD, "tls/vfp/libdbus-1", O_RDONLY|O_CLOEXEC) = -1 ENOENT (No such file or directory)
139   openat(AT_FDCWD, "/sys/class/tty/tty12/uevent", O_RDONLY|O_LARGEFILE <unfinished ...>
124   openat(AT_FDCWD, "tls/libdbus-1", O_RDONLY|O_CLOEXEC <unfinished ...>
139   <... openat resumed>)             = 6
124   <... openat resumed>)             = -1 ENOENT (No such file or directory)
124   openat(AT_FDCWD, "v7l/neon/vfp/libdbus-1", O_RDONLY|O_CLOEXEC) = -1 ENOENT (No such file or directory)
124   openat(AT_FDCWD, "v7l/neon/libdbus-1", O_RDONLY|O_CLOEXEC) = -1 ENOENT (No such file or directory)
124   openat(AT_FDCWD, "v7l/vfp/libdbus-1", O_RDONLY|O_CLOEXEC) = -1 ENOENT (No such file or directory)
124   openat(AT_FDCWD, "v7l/libdbus-1", O_RDONLY|O_CLOEXEC) = -1 ENOENT (No such file or directory)
124   openat(AT_FDCWD, "neon/vfp/libdbus-1", O_RDONLY|O_CLOEXEC) = -1 ENOENT (No such file or directory)
124   openat(AT_FDCWD, "neon/libdbus-1", O_RDONLY|O_CLOEXEC) = -1 ENOENT (No such file or directory)
124   openat(AT_FDCWD, "vfp/libdbus-1", O_RDONLY|O_CLOEXEC) = -1 ENOENT (No such file or directory)
124   openat(AT_FDCWD, "libdbus-1", O_RDONLY|O_CLOEXEC) = -1 ENOENT (No such file or directory)
124   openat(AT_FDCWD, "/lib/libdbus-1", O_RDONLY|O_CLOEXEC) = -1 ENOENT (No such file or directory)
124   openat(AT_FDCWD, "/usr/lib/libdbus-1", O_RDONLY|O_CLOEXEC) = -1 ENOENT (No such file or directory)
124   openat(AT_FDCWD, "/usr/local/Qt4.7.4/lib/libdbus-1.so.3", O_RDONLY|O_CLOEXEC) = -1 ENOENT (No such file or directory)
139   openat(AT_FDCWD, "/sys/class/tty/ttyp2", O_RDONLY|O_NONBLOCK|O_LARGEFILE|O_CLOEXEC|O_DIRECTORY <unfinished ...>
124   openat(AT_FDCWD, "/usr/lib/libdbus-1.so.3", O_RDONLY|O_CLOEXEC <unfinished ...>
139   <... openat resumed>)             = 5
124   <... openat resumed>)             = 30
139   openat(AT_FDCWD, "/sys/class/tty/ttyp2/dev", O_RDONLY|O_LARGEFILE) = 6
139   openat(AT_FDCWD, "/sys/class/tty/ttyp2/uevent", O_RDONLY|O_LARGEFILE) = 6
139   openat(AT_FDCWD, "/sys/class/tty/tty4", O_RDONLY|O_NONBLOCK|O_LARGEFILE|O_CLOEXEC|O_DIRECTORY) = 5
139   openat(AT_FDCWD, "/sys/class/tty/tty4/dev", O_RDONLY|O_LARGEFILE) = 6
139   openat(AT_FDCWD, "/sys/class/tty/tty4/uevent", O_RDONLY|O_LARGEFILE) = 6
139   openat(AT_FDCWD, "/sys/class/tty/tty40", O_RDONLY|O_NONBLOCK|O_LARGEFILE|O_CLOEXEC|O_DIRECTORY) = 5
139   openat(AT_FDCWD, "/sys/class/tty/tty40/dev", O_RDONLY|O_LARGEFILE) = 6
139   openat(AT_FDCWD, "/sys/class/tty/tty40/uevent", O_RDONLY|O_LARGEFILE) = 6
139   openat(AT_FDCWD, "/sys/class/tty/ttyS0", O_RDONLY|O_NONBLOCK|O_LARGEFILE|O_CLOEXEC|O_DIRECTORY) = 5
139   openat(AT_FDCWD, "/sys/class/tty/ttyS0/dev", O_RDONLY|O_LARGEFILE) = 6
139   openat(AT_FDCWD, "/sys/class/tty/ttyS0/uevent", O_RDONLY|O_LARGEFILE) = 6
139   openat(AT_FDCWD, "/sys/class/tty/tty30", O_RDONLY|O_NONBLOCK|O_LARGEFILE|O_CLOEXEC|O_DIRECTORY) = 5
139   openat(AT_FDCWD, "/sys/class/tty/tty30/dev", O_RDONLY|O_LARGEFILE) = 6
139   openat(AT_FDCWD, "/sys/class/tty/tty30/uevent", O_RDONLY|O_LARGEFILE) = 6
139   openat(AT_FDCWD, "/sys/class/tty/tty59", O_RDONLY|O_NONBLOCK|O_LARGEFILE|O_CLOEXEC|O_DIRECTORY) = 5
139   openat(AT_FDCWD, "/sys/class/tty/tty59/dev", O_RDONLY|O_LARGEFILE) = 6
139   openat(AT_FDCWD, "/sys/class/tty/tty59/uevent", O_RDONLY|O_LARGEFILE) = 6
139   openat(AT_FDCWD, "/sys/class/tty/ptyp0", O_RDONLY|O_NONBLOCK|O_LARGEFILE|O_CLOEXEC|O_DIRECTORY) = 5
139   openat(AT_FDCWD, "/sys/class/tty/ptyp0/dev", O_RDONLY|O_LARGEFILE) = 6
139   openat(AT_FDCWD, "/sys/class/tty/ptyp0/uevent", O_RDONLY|O_LARGEFILE) = 6
139   openat(AT_FDCWD, "/sys/class/tty/tty20", O_RDONLY|O_NONBLOCK|O_LARGEFILE|O_CLOEXEC|O_DIRECTORY) = 5
139   openat(AT_FDCWD, "/sys/class/tty/tty20/dev", O_RDONLY|O_LARGEFILE) = 6
139   openat(AT_FDCWD, "/sys/class/tty/tty20/uevent", O_RDONLY|O_LARGEFILE) = 6
139   openat(AT_FDCWD, "/sys/class/tty/tty49", O_RDONLY|O_NONBLOCK|O_LARGEFILE|O_CLOEXEC|O_DIRECTORY) = 5
139   openat(AT_FDCWD, "/sys/class/tty/tty49/dev", O_RDONLY|O_LARGEFILE) = 6
139   openat(AT_FDCWD, "/sys/class/tty/tty49/uevent", O_RDONLY|O_LARGEFILE) = 6
139   openat(AT_FDCWD, "/sys/class/tty/tty10", O_RDONLY|O_NONBLOCK|O_LARGEFILE|O_CLOEXEC|O_DIRECTORY) = 5
139   openat(AT_FDCWD, "/sys/class/tty/tty10/dev", O_RDONLY|O_LARGEFILE) = 6
139   openat(AT_FDCWD, "/sys/class/tty/tty10/uevent", O_RDONLY|O_LARGEFILE) = 6
139   openat(AT_FDCWD, "/sys/class/tty/ttyp0", O_RDONLY|O_NONBLOCK|O_LARGEFILE|O_CLOEXEC|O_DIRECTORY) = 5
139   openat(AT_FDCWD, "/sys/class/tty/ttyp0/dev", O_RDONLY|O_LARGEFILE) = 6
139   openat(AT_FDCWD, "/sys/class/tty/ttyp0/uevent", O_RDONLY|O_LARGEFILE) = 6
139   openat(AT_FDCWD, "/sys/class/tty/tty2", O_RDONLY|O_NONBLOCK|O_LARGEFILE|O_CLOEXEC|O_DIRECTORY) = 5
139   openat(AT_FDCWD, "/sys/class/tty/tty2/dev", O_RDONLY|O_LARGEFILE) = 6
139   openat(AT_FDCWD, "/sys/class/tty/tty2/uevent", O_RDONLY|O_LARGEFILE) = 6
139   openat(AT_FDCWD, "/sys/class/tty/tty39", O_RDONLY|O_NONBLOCK|O_LARGEFILE|O_CLOEXEC|O_DIRECTORY) = 5
139   openat(AT_FDCWD, "/sys/class/tty/tty39/dev", O_RDONLY|O_LARGEFILE) = 6
139   openat(AT_FDCWD, "/sys/class/tty/tty39/uevent", O_RDONLY|O_LARGEFILE) = 6
139   openat(AT_FDCWD, "/sys/class/tty/ttyHS1", O_RDONLY|O_NONBLOCK|O_LARGEFILE|O_CLOEXEC|O_DIRECTORY) = 5
139   openat(AT_FDCWD, "/sys/class/tty/ttyHS1/dev", O_RDONLY|O_LARGEFILE) = 6
139   openat(AT_FDCWD, "/sys/class/tty/ttyHS1/uevent", O_RDONLY|O_LARGEFILE) = 6
139   openat(AT_FDCWD, "/sys/class/tty/ptyp9", O_RDONLY|O_NONBLOCK|O_LARGEFILE|O_CLOEXEC|O_DIRECTORY) = 5
139   openat(AT_FDCWD, "/sys/class/tty/ptyp9/dev", O_RDONLY|O_LARGEFILE) = 6
139   openat(AT_FDCWD, "/sys/class/tty/ptyp9/uevent", O_RDONLY|O_LARGEFILE) = 6
139   openat(AT_FDCWD, "/sys/class/tty/tty29", O_RDONLY|O_NONBLOCK|O_LARGEFILE|O_CLOEXEC|O_DIRECTORY) = 5
139   openat(AT_FDCWD, "/sys/class/tty/tty29/dev", O_RDONLY|O_LARGEFILE) = 6
139   openat(AT_FDCWD, "/sys/class/tty/tty29/uevent", O_RDONLY|O_LARGEFILE) = 6
139   openat(AT_FDCWD, "/sys/class/tty/tty57", O_RDONLY|O_NONBLOCK|O_LARGEFILE|O_CLOEXEC|O_DIRECTORY) = 5
139   openat(AT_FDCWD, "/sys/class/tty/tty57/dev", O_RDONLY|O_LARGEFILE) = 6
139   openat(AT_FDCWD, "/sys/class/tty/tty57/uevent", O_RDONLY|O_LARGEFILE) = 6
139   openat(AT_FDCWD, "/sys/class/tty/tty19", O_RDONLY|O_NONBLOCK|O_LARGEFILE|O_CLOEXEC|O_DIRECTORY) = 5
139   openat(AT_FDCWD, "/sys/class/tty/tty19/dev", O_RDONLY|O_LARGEFILE) = 6
139   openat(AT_FDCWD, "/sys/class/tty/tty19/uevent", O_RDONLY|O_LARGEFILE) = 6
139   openat(AT_FDCWD, "/sys/class/tty/ttyp9", O_RDONLY|O_NONBLOCK|O_LARGEFILE|O_CLOEXEC|O_DIRECTORY) = 5
139   openat(AT_FDCWD, "/sys/class/tty/ttyp9/dev", O_RDONLY|O_LARGEFILE) = 6
139   openat(AT_FDCWD, "/sys/class/tty/ttyp9/uevent", O_RDONLY|O_LARGEFILE) = 6
139   openat(AT_FDCWD, "/sys/class/tty/tty47", O_RDONLY|O_NONBLOCK|O_LARGEFILE|O_CLOEXEC|O_DIRECTORY) = 5
139   openat(AT_FDCWD, "/sys/class/tty/tty47/dev", O_RDONLY|O_LARGEFILE) = 6
139   openat(AT_FDCWD, "/sys/class/tty/tty47/uevent", O_RDONLY|O_LARGEFILE) = 6
139   openat(AT_FDCWD, "/sys/class/tty/tty0", O_RDONLY|O_NONBLOCK|O_LARGEFILE|O_CLOEXEC|O_DIRECTORY) = 5
139   openat(AT_FDCWD, "/sys/class/tty/tty0/dev", O_RDONLY|O_LARGEFILE) = 6
139   openat(AT_FDCWD, "/sys/class/tty/tty0/uevent", O_RDONLY|O_LARGEFILE) = 6
139   openat(AT_FDCWD, "/sys/class/tty/tty37", O_RDONLY|O_NONBLOCK|O_LARGEFILE|O_CLOEXEC|O_DIRECTORY) = 5
139   openat(AT_FDCWD, "/sys/class/tty/tty37/dev", O_RDONLY|O_LARGEFILE) = 6
139   openat(AT_FDCWD, "/sys/class/tty/tty37/uevent", O_RDONLY|O_LARGEFILE) = 6
139   openat(AT_FDCWD, "/sys/class/tty/ptyp7", O_RDONLY|O_NONBLOCK|O_LARGEFILE|O_CLOEXEC|O_DIRECTORY) = 5
139   openat(AT_FDCWD, "/sys/class/tty/ptyp7/dev", O_RDONLY|O_LARGEFILE) = 6
139   openat(AT_FDCWD, "/sys/class/tty/ptyp7/uevent", O_RDONLY|O_LARGEFILE) = 6
139   openat(AT_FDCWD, "/sys/class/tty/ptype", O_RDONLY|O_NONBLOCK|O_LARGEFILE|O_CLOEXEC|O_DIRECTORY) = 5
139   openat(AT_FDCWD, "/sys/class/tty/ptype/dev", O_RDONLY|O_LARGEFILE) = 6
139   openat(AT_FDCWD, "/sys/class/tty/ptype/uevent", O_RDONLY|O_LARGEFILE) = 6
139   openat(AT_FDCWD, "/sys/class/tty/tty27", O_RDONLY|O_NONBLOCK|O_LARGEFILE|O_CLOEXEC|O_DIRECTORY) = 5
139   openat(AT_FDCWD, "/sys/class/tty/tty27/dev", O_RDONLY|O_LARGEFILE) = 6
139   openat(AT_FDCWD, "/sys/class/tty/tty27/uevent", O_RDONLY|O_LARGEFILE) = 6
139   openat(AT_FDCWD, "/sys/class/tty/tty55", O_RDONLY|O_NONBLOCK|O_LARGEFILE|O_CLOEXEC|O_DIRECTORY) = 5
139   openat(AT_FDCWD, "/sys/class/tty/tty55/dev", O_RDONLY|O_LARGEFILE) = 6
139   openat(AT_FDCWD, "/sys/class/tty/tty55/uevent", O_RDONLY|O_LARGEFILE) = 6
139   openat(AT_FDCWD, "/sys/class/tty/tty17", O_RDONLY|O_NONBLOCK|O_LARGEFILE|O_CLOEXEC|O_DIRECTORY) = 5
139   openat(AT_FDCWD, "/sys/class/tty/tty17/dev", O_RDONLY|O_LARGEFILE) = 6
139   openat(AT_FDCWD, "/sys/class/tty/tty17/uevent", O_RDONLY|O_LARGEFILE) = 6
139   openat(AT_FDCWD, "/sys/class/tty/ttyp7", O_RDONLY|O_NONBLOCK|O_LARGEFILE|O_CLOEXEC|O_DIRECTORY) = 5
139   openat(AT_FDCWD, "/sys/class/tty/ttyp7/dev", O_RDONLY|O_LARGEFILE) = 6
139   openat(AT_FDCWD, "/sys/class/tty/ttyp7/uevent", O_RDONLY|O_LARGEFILE) = 6
139   openat(AT_FDCWD, "/sys/class/tty/ttype", O_RDONLY|O_NONBLOCK|O_LARGEFILE|O_CLOEXEC|O_DIRECTORY) = 5
139   openat(AT_FDCWD, "/sys/class/tty/ttype/dev", O_RDONLY|O_LARGEFILE) = 6
139   openat(AT_FDCWD, "/sys/class/tty/ttype/uevent", O_RDONLY|O_LARGEFILE) = 6
139   openat(AT_FDCWD, "/sys/class/tty/tty9", O_RDONLY|O_NONBLOCK|O_LARGEFILE|O_CLOEXEC|O_DIRECTORY) = 5
139   openat(AT_FDCWD, "/sys/class/tty/tty9/dev", O_RDONLY|O_LARGEFILE) = 6
139   openat(AT_FDCWD, "/sys/class/tty/tty9/uevent", O_RDONLY|O_LARGEFILE) = 6
139   openat(AT_FDCWD, "/sys/class/tty/tty45", O_RDONLY|O_NONBLOCK|O_LARGEFILE|O_CLOEXEC|O_DIRECTORY) = 5
139   openat(AT_FDCWD, "/sys/class/tty/tty45/dev", O_RDONLY|O_LARGEFILE) = 6
139   openat(AT_FDCWD, "/sys/class/tty/tty45/uevent", O_RDONLY|O_LARGEFILE) = 6
139   openat(AT_FDCWD, "/sys/class/tty/tty", O_RDONLY|O_NONBLOCK|O_LARGEFILE|O_CLOEXEC|O_DIRECTORY) = 5
139   openat(AT_FDCWD, "/sys/class/tty/tty/dev", O_RDONLY|O_LARGEFILE) = 6
139   openat(AT_FDCWD, "/sys/class/tty/tty/uevent", O_RDONLY|O_LARGEFILE) = 6
124   openat(AT_FDCWD, "/msnprofile/resources/BlueTooth-800x480.rcc", O_RDONLY|O_LARGEFILE|O_CLOEXEC) = 40
139   openat(AT_FDCWD, "/sys/class/tty/tty35", O_RDONLY|O_NONBLOCK|O_LARGEFILE|O_CLOEXEC|O_DIRECTORY) = 5
139   openat(AT_FDCWD, "/sys/class/tty/tty35/dev", O_RDONLY|O_LARGEFILE) = 6
139   openat(AT_FDCWD, "/sys/class/tty/tty35/uevent", O_RDONLY|O_LARGEFILE) = 6
139   openat(AT_FDCWD, "/sys/class/tty/tty63", O_RDONLY|O_NONBLOCK|O_LARGEFILE|O_CLOEXEC|O_DIRECTORY) = 5
139   openat(AT_FDCWD, "/sys/class/tty/tty63/dev", O_RDONLY|O_LARGEFILE) = 6
139   openat(AT_FDCWD, "/sys/class/tty/tty63/uevent", O_RDONLY|O_LARGEFILE) = 6
139   openat(AT_FDCWD, "/sys/class/tty/ptyp5", O_RDONLY|O_NONBLOCK|O_LARGEFILE|O_CLOEXEC|O_DIRECTORY) = 5
139   openat(AT_FDCWD, "/sys/class/tty/ptyp5/dev", O_RDONLY|O_LARGEFILE) = 6
139   openat(AT_FDCWD, "/sys/class/tty/ptyp5/uevent", O_RDONLY|O_LARGEFILE) = 6
139   openat(AT_FDCWD, "/sys/class/tty/ptypc", O_RDONLY|O_NONBLOCK|O_LARGEFILE|O_CLOEXEC|O_DIRECTORY) = 5
139   openat(AT_FDCWD, "/sys/class/tty/ptypc/dev", O_RDONLY|O_LARGEFILE) = 6
139   openat(AT_FDCWD, "/sys/class/tty/ptypc/uevent", O_RDONLY|O_LARGEFILE) = 6
139   openat(AT_FDCWD, "/sys/class/tty/tty25", O_RDONLY|O_NONBLOCK|O_LARGEFILE|O_CLOEXEC|O_DIRECTORY) = 5
139   openat(AT_FDCWD, "/sys/class/tty/tty25/dev", O_RDONLY|O_LARGEFILE) = 6
139   openat(AT_FDCWD, "/sys/class/tty/tty25/uevent", O_RDONLY|O_LARGEFILE <unfinished ...>
124   openat(AT_FDCWD, "/data/msncfg/BlueTooth.config", O_RDONLY <unfinished ...>
139   <... openat resumed>)             = 6
124   <... openat resumed>)             = -1 ENOENT (No such file or directory)
139   openat(AT_FDCWD, "/sys/class/tty/tty53", O_RDONLY|O_NONBLOCK|O_LARGEFILE|O_CLOEXEC|O_DIRECTORY) = 5
139   openat(AT_FDCWD, "/sys/class/tty/tty53/dev", O_RDONLY|O_LARGEFILE) = 6
139   openat(AT_FDCWD, "/sys/class/tty/tty53/uevent", O_RDONLY|O_LARGEFILE) = 6
139   openat(AT_FDCWD, "/sys/class/tty/tty15", O_RDONLY|O_NONBLOCK|O_LARGEFILE|O_CLOEXEC|O_DIRECTORY) = 5
139   openat(AT_FDCWD, "/sys/class/tty/tty15/dev", O_RDONLY|O_LARGEFILE) = 6
139   openat(AT_FDCWD, "/sys/class/tty/tty15/uevent", O_RDONLY|O_LARGEFILE) = 6
139   openat(AT_FDCWD, "/sys/class/tty/ttyp5", O_RDONLY|O_NONBLOCK|O_LARGEFILE|O_CLOEXEC|O_DIRECTORY) = 5
139   openat(AT_FDCWD, "/sys/class/tty/ttyp5/dev", O_RDONLY|O_LARGEFILE) = 6
139   openat(AT_FDCWD, "/sys/class/tty/ttyp5/uevent", O_RDONLY|O_LARGEFILE) = 6
139   openat(AT_FDCWD, "/sys/class/tty/ttypc", O_RDONLY|O_NONBLOCK|O_LARGEFILE|O_CLOEXEC|O_DIRECTORY) = 5
139   openat(AT_FDCWD, "/sys/class/tty/ttypc/dev", O_RDONLY|O_LARGEFILE) = 6
139   openat(AT_FDCWD, "/sys/class/tty/ttypc/uevent", O_RDONLY|O_LARGEFILE) = 6
139   openat(AT_FDCWD, "/sys/class/tty/tty7", O_RDONLY|O_NONBLOCK|O_LARGEFILE|O_CLOEXEC|O_DIRECTORY) = 5
139   openat(AT_FDCWD, "/sys/class/tty/tty7/dev", O_RDONLY|O_LARGEFILE) = 6
139   openat(AT_FDCWD, "/sys/class/tty/tty7/uevent", O_RDONLY|O_LARGEFILE) = 6
139   openat(AT_FDCWD, "/sys/class/tty/tty43", O_RDONLY|O_NONBLOCK|O_LARGEFILE|O_CLOEXEC|O_DIRECTORY) = 5
124   openat(AT_FDCWD, "/data/msncfg/CarPlayPairList", O_RDONLY <unfinished ...>
139   openat(AT_FDCWD, "/sys/class/tty/tty43/dev", O_RDONLY|O_LARGEFILE <unfinished ...>
124   <... openat resumed>)             = 40
139   <... openat resumed>)             = 6
139   openat(AT_FDCWD, "/sys/class/tty/tty43/uevent", O_RDONLY|O_LARGEFILE) = 6
139   openat(AT_FDCWD, "/sys/class/tty/ttyS3", O_RDONLY|O_NONBLOCK|O_LARGEFILE|O_CLOEXEC|O_DIRECTORY) = 5
139   openat(AT_FDCWD, "/sys/class/tty/ttyS3/dev", O_RDONLY|O_LARGEFILE) = 6
139   openat(AT_FDCWD, "/sys/class/tty/ttyS3/uevent", O_RDONLY|O_LARGEFILE) = 6
139   openat(AT_FDCWD, "/sys/class/tty/tty33", O_RDONLY|O_NONBLOCK|O_LARGEFILE|O_CLOEXEC|O_DIRECTORY) = 5
163   openat(AT_FDCWD, "/usr/local/Qt4.7.4/lib/tls/v7l/neon/vfp/libcrypt.so.1", O_RDONLY|O_CLOEXEC) = -1 ENOENT (No such file or directory)
163   openat(AT_FDCWD, "/usr/local/Qt4.7.4/lib/tls/v7l/neon/libcrypt.so.1", O_RDONLY|O_CLOEXEC) = -1 ENOENT (No such file or directory)
163   openat(AT_FDCWD, "/usr/local/Qt4.7.4/lib/tls/v7l/vfp/libcrypt.so.1", O_RDONLY|O_CLOEXEC <unfinished ...>
139   openat(AT_FDCWD, "/sys/class/tty/tty33/dev", O_RDONLY|O_LARGEFILE <unfinished ...>
163   <... openat resumed>)             = -1 ENOENT (No such file or directory)
139   <... openat resumed>)             = 6
163   openat(AT_FDCWD, "/usr/local/Qt4.7.4/lib/tls/v7l/libcrypt.so.1", O_RDONLY|O_CLOEXEC) = -1 ENOENT (No such file or directory)
163   openat(AT_FDCWD, "/usr/local/Qt4.7.4/lib/tls/neon/vfp/libcrypt.so.1", O_RDONLY|O_CLOEXEC <unfinished ...>
139   openat(AT_FDCWD, "/sys/class/tty/tty33/uevent", O_RDONLY|O_LARGEFILE <unfinished ...>
163   <... openat resumed>)             = -1 ENOENT (No such file or directory)
139   <... openat resumed>)             = 6
163   openat(AT_FDCWD, "/usr/local/Qt4.7.4/lib/tls/neon/libcrypt.so.1", O_RDONLY|O_CLOEXEC) = -1 ENOENT (No such file or directory)
163   openat(AT_FDCWD, "/usr/local/Qt4.7.4/lib/tls/vfp/libcrypt.so.1", O_RDONLY|O_CLOEXEC) = -1 ENOENT (No such file or directory)
163   openat(AT_FDCWD, "/usr/local/Qt4.7.4/lib/tls/libcrypt.so.1", O_RDONLY|O_CLOEXEC) = -1 ENOENT (No such file or directory)
163   openat(AT_FDCWD, "/usr/local/Qt4.7.4/lib/v7l/neon/vfp/libcrypt.so.1", O_RDONLY|O_CLOEXEC) = -1 ENOENT (No such file or directory)
163   openat(AT_FDCWD, "/usr/local/Qt4.7.4/lib/v7l/neon/libcrypt.so.1", O_RDONLY|O_CLOEXEC) = -1 ENOENT (No such file or directory)
163   openat(AT_FDCWD, "/usr/local/Qt4.7.4/lib/v7l/vfp/libcrypt.so.1", O_RDONLY|O_CLOEXEC <unfinished ...>
139   openat(AT_FDCWD, "/sys/class/tty/tty61", O_RDONLY|O_NONBLOCK|O_LARGEFILE|O_CLOEXEC|O_DIRECTORY <unfinished ...>
163   <... openat resumed>)             = -1 ENOENT (No such file or directory)
139   <... openat resumed>)             = 5
163   openat(AT_FDCWD, "/usr/local/Qt4.7.4/lib/v7l/libcrypt.so.1", O_RDONLY|O_CLOEXEC) = -1 ENOENT (No such file or directory)
163   openat(AT_FDCWD, "/usr/local/Qt4.7.4/lib/neon/vfp/libcrypt.so.1", O_RDONLY|O_CLOEXEC) = -1 ENOENT (No such file or directory)
163   openat(AT_FDCWD, "/usr/local/Qt4.7.4/lib/neon/libcrypt.so.1", O_RDONLY|O_CLOEXEC <unfinished ...>
139   openat(AT_FDCWD, "/sys/class/tty/tty61/dev", O_RDONLY|O_LARGEFILE <unfinished ...>
163   <... openat resumed>)             = -1 ENOENT (No such file or directory)
139   <... openat resumed>)             = 6
163   openat(AT_FDCWD, "/usr/local/Qt4.7.4/lib/vfp/libcrypt.so.1", O_RDONLY|O_CLOEXEC) = -1 ENOENT (No such file or directory)
163   openat(AT_FDCWD, "/usr/local/Qt4.7.4/lib/libcrypt.so.1", O_RDONLY|O_CLOEXEC <unfinished ...>
139   openat(AT_FDCWD, "/sys/class/tty/tty61/uevent", O_RDONLY|O_LARGEFILE <unfinished ...>
163   <... openat resumed>)             = -1 ENOENT (No such file or directory)
139   <... openat resumed>)             = 6
163   openat(AT_FDCWD, "/usr/lib/tls/v7l/neon/vfp/libcrypt.so.1", O_RDONLY|O_CLOEXEC) = -1 ENOENT (No such file or directory)
163   openat(AT_FDCWD, "/usr/lib/tls/v7l/neon/libcrypt.so.1", O_RDONLY|O_CLOEXEC) = -1 ENOENT (No such file or directory)
163   openat(AT_FDCWD, "/usr/lib/tls/v7l/vfp/libcrypt.so.1", O_RDONLY|O_CLOEXEC) = -1 ENOENT (No such file or directory)
163   openat(AT_FDCWD, "/usr/lib/tls/v7l/libcrypt.so.1", O_RDONLY|O_CLOEXEC) = -1 ENOENT (No such file or directory)
163   openat(AT_FDCWD, "/usr/lib/tls/neon/vfp/libcrypt.so.1", O_RDONLY|O_CLOEXEC) = -1 ENOENT (No such file or directory)
163   openat(AT_FDCWD, "/usr/lib/tls/neon/libcrypt.so.1", O_RDONLY|O_CLOEXEC <unfinished ...>
139   openat(AT_FDCWD, "/sys/class/tty/ptyp3", O_RDONLY|O_NONBLOCK|O_LARGEFILE|O_CLOEXEC|O_DIRECTORY <unfinished ...>
163   <... openat resumed>)             = -1 ENOENT (No such file or directory)
139   <... openat resumed>)             = 5
163   openat(AT_FDCWD, "/usr/lib/tls/vfp/libcrypt.so.1", O_RDONLY|O_CLOEXEC) = -1 ENOENT (No such file or directory)
163   openat(AT_FDCWD, "/usr/lib/tls/libcrypt.so.1", O_RDONLY|O_CLOEXEC) = -1 ENOENT (No such file or directory)
163   openat(AT_FDCWD, "/usr/lib/v7l/neon/vfp/libcrypt.so.1", O_RDONLY|O_CLOEXEC <unfinished ...>
139   openat(AT_FDCWD, "/sys/class/tty/ptyp3/dev", O_RDONLY|O_LARGEFILE <unfinished ...>
163   <... openat resumed>)             = -1 ENOENT (No such file or directory)
139   <... openat resumed>)             = 6
163   openat(AT_FDCWD, "/usr/lib/v7l/neon/libcrypt.so.1", O_RDONLY|O_CLOEXEC) = -1 ENOENT (No such file or directory)
163   openat(AT_FDCWD, "/usr/lib/v7l/vfp/libcrypt.so.1", O_RDONLY|O_CLOEXEC <unfinished ...>
139   openat(AT_FDCWD, "/sys/class/tty/ptyp3/uevent", O_RDONLY|O_LARGEFILE <unfinished ...>
163   <... openat resumed>)             = -1 ENOENT (No such file or directory)
139   <... openat resumed>)             = 6
163   openat(AT_FDCWD, "/usr/lib/v7l/libcrypt.so.1", O_RDONLY|O_CLOEXEC) = -1 ENOENT (No such file or directory)
163   openat(AT_FDCWD, "/usr/lib/neon/vfp/libcrypt.so.1", O_RDONLY|O_CLOEXEC) = -1 ENOENT (No such file or directory)
163   openat(AT_FDCWD, "/usr/lib/neon/libcrypt.so.1", O_RDONLY|O_CLOEXEC) = -1 ENOENT (No such file or directory)
163   openat(AT_FDCWD, "/usr/lib/vfp/libcrypt.so.1", O_RDONLY|O_CLOEXEC) = -1 ENOENT (No such file or directory)
163   openat(AT_FDCWD, "/usr/lib/libcrypt.so.1", O_RDONLY|O_CLOEXEC) = -1 ENOENT (No such file or directory)
163   openat(AT_FDCWD, "/lib/tls/v7l/neon/vfp/libcrypt.so.1", O_RDONLY|O_CLOEXEC <unfinished ...>
139   openat(AT_FDCWD, "/sys/class/tty/ptypa", O_RDONLY|O_NONBLOCK|O_LARGEFILE|O_CLOEXEC|O_DIRECTORY <unfinished ...>
163   <... openat resumed>)             = -1 ENOENT (No such file or directory)
139   <... openat resumed>)             = 5
163   openat(AT_FDCWD, "/lib/tls/v7l/neon/libcrypt.so.1", O_RDONLY|O_CLOEXEC) = -1 ENOENT (No such file or directory)
163   openat(AT_FDCWD, "/lib/tls/v7l/vfp/libcrypt.so.1", O_RDONLY|O_CLOEXEC) = -1 ENOENT (No such file or directory)
163   openat(AT_FDCWD, "/lib/tls/v7l/libcrypt.so.1", O_RDONLY|O_CLOEXEC <unfinished ...>
139   openat(AT_FDCWD, "/sys/class/tty/ptypa/dev", O_RDONLY|O_LARGEFILE <unfinished ...>
163   <... openat resumed>)             = -1 ENOENT (No such file or directory)
139   <... openat resumed>)             = 6
163   openat(AT_FDCWD, "/lib/tls/neon/vfp/libcrypt.so.1", O_RDONLY|O_CLOEXEC) = -1 ENOENT (No such file or directory)
163   openat(AT_FDCWD, "/lib/tls/neon/libcrypt.so.1", O_RDONLY|O_CLOEXEC <unfinished ...>
139   openat(AT_FDCWD, "/sys/class/tty/ptypa/uevent", O_RDONLY|O_LARGEFILE <unfinished ...>
163   <... openat resumed>)             = -1 ENOENT (No such file or directory)
139   <... openat resumed>)             = 6
163   openat(AT_FDCWD, "/lib/tls/vfp/libcrypt.so.1", O_RDONLY|O_CLOEXEC) = -1 ENOENT (No such file or directory)
163   openat(AT_FDCWD, "/lib/tls/libcrypt.so.1", O_RDONLY|O_CLOEXEC) = -1 ENOENT (No such file or directory)
163   openat(AT_FDCWD, "/lib/v7l/neon/vfp/libcrypt.so.1", O_RDONLY|O_CLOEXEC) = -1 ENOENT (No such file or directory)
163   openat(AT_FDCWD, "/lib/v7l/neon/libcrypt.so.1", O_RDONLY|O_CLOEXEC) = -1 ENOENT (No such file or directory)
163   openat(AT_FDCWD, "/lib/v7l/vfp/libcrypt.so.1", O_RDONLY|O_CLOEXEC) = -1 ENOENT (No such file or directory)
163   openat(AT_FDCWD, "/lib/v7l/libcrypt.so.1", O_RDONLY|O_CLOEXEC <unfinished ...>
139   openat(AT_FDCWD, "/sys/class/tty/tty23", O_RDONLY|O_NONBLOCK|O_LARGEFILE|O_CLOEXEC|O_DIRECTORY <unfinished ...>
163   <... openat resumed>)             = -1 ENOENT (No such file or directory)
139   <... openat resumed>)             = 5
163   openat(AT_FDCWD, "/lib/neon/vfp/libcrypt.so.1", O_RDONLY|O_CLOEXEC) = -1 ENOENT (No such file or directory)
163   openat(AT_FDCWD, "/lib/neon/libcrypt.so.1", O_RDONLY|O_CLOEXEC) = -1 ENOENT (No such file or directory)
163   openat(AT_FDCWD, "/lib/vfp/libcrypt.so.1", O_RDONLY|O_CLOEXEC <unfinished ...>
139   openat(AT_FDCWD, "/sys/class/tty/tty23/dev", O_RDONLY|O_LARGEFILE <unfinished ...>
163   <... openat resumed>)             = -1 ENOENT (No such file or directory)
139   <... openat resumed>)             = 6
163   openat(AT_FDCWD, "/lib/libcrypt.so.1", O_RDONLY|O_CLOEXEC) = 3
139   openat(AT_FDCWD, "/sys/class/tty/tty23/uevent", O_RDONLY|O_LARGEFILE) = 6
163   openat(AT_FDCWD, "/usr/local/Qt4.7.4/lib/libc.so.6", O_RDONLY|O_CLOEXEC) = -1 ENOENT (No such file or directory)
163   openat(AT_FDCWD, "/usr/lib/libc.so.6", O_RDONLY|O_CLOEXEC) = -1 ENOENT (No such file or directory)
163   openat(AT_FDCWD, "/lib/libc.so.6", O_RDONLY|O_CLOEXEC) = 3
139   openat(AT_FDCWD, "/sys/class/tty/tty51", O_RDONLY|O_NONBLOCK|O_LARGEFILE|O_CLOEXEC|O_DIRECTORY) = 5
139   openat(AT_FDCWD, "/sys/class/tty/tty51/dev", O_RDONLY|O_LARGEFILE) = 6
139   openat(AT_FDCWD, "/sys/class/tty/tty51/uevent", O_RDONLY|O_LARGEFILE) = 6
139   openat(AT_FDCWD, "/sys/class/tty/tty13", O_RDONLY|O_NONBLOCK|O_LARGEFILE|O_CLOEXEC|O_DIRECTORY) = 5
163   +++ exited with 0 +++
139   openat(AT_FDCWD, "/sys/class/tty/tty13/dev", O_RDONLY|O_LARGEFILE <unfinished ...>
136   --- SIGCHLD {si_signo=SIGCHLD, si_code=CLD_EXITED, si_pid=163, si_uid=0, si_status=0, si_utime=0, si_stime=2 /* 0.02 s */} ---
139   <... openat resumed>)             = 6
139   openat(AT_FDCWD, "/sys/class/tty/tty13/uevent", O_RDONLY|O_LARGEFILE) = 6
164   openat(AT_FDCWD, "/dev/null", O_RDONLY|O_LARGEFILE) = 0
164   openat(AT_FDCWD, "/dev/null", O_WRONLY|O_CREAT|O_TRUNC|O_LARGEFILE, 0666) = 3
139   openat(AT_FDCWD, "/sys/class/tty/ttyp3", O_RDONLY|O_NONBLOCK|O_LARGEFILE|O_CLOEXEC|O_DIRECTORY) = 5
139   openat(AT_FDCWD, "/sys/class/tty/ttyp3/dev", O_RDONLY|O_LARGEFILE) = 6
164   openat(AT_FDCWD, "/usr/local/Qt4.7.4/lib/tls/v7l/neon/vfp/libdl.so.2", O_RDONLY|O_CLOEXEC) = -1 ENOENT (No such file or directory)
164   openat(AT_FDCWD, "/usr/local/Qt4.7.4/lib/tls/v7l/neon/libdl.so.2", O_RDONLY|O_CLOEXEC) = -1 ENOENT (No such file or directory)
139   openat(AT_FDCWD, "/sys/class/tty/ttyp3/uevent", O_RDONLY|O_LARGEFILE <unfinished ...>
164   openat(AT_FDCWD, "/usr/local/Qt4.7.4/lib/tls/v7l/vfp/libdl.so.2", O_RDONLY|O_CLOEXEC <unfinished ...>
139   <... openat resumed>)             = 6
164   <... openat resumed>)             = -1 ENOENT (No such file or directory)
164   openat(AT_FDCWD, "/usr/local/Qt4.7.4/lib/tls/v7l/libdl.so.2", O_RDONLY|O_CLOEXEC) = -1 ENOENT (No such file or directory)
164   openat(AT_FDCWD, "/usr/local/Qt4.7.4/lib/tls/neon/vfp/libdl.so.2", O_RDONLY|O_CLOEXEC) = -1 ENOENT (No such file or directory)
164   openat(AT_FDCWD, "/usr/local/Qt4.7.4/lib/tls/neon/libdl.so.2", O_RDONLY|O_CLOEXEC) = -1 ENOENT (No such file or directory)
164   openat(AT_FDCWD, "/usr/local/Qt4.7.4/lib/tls/vfp/libdl.so.2", O_RDONLY|O_CLOEXEC) = -1 ENOENT (No such file or directory)
164   openat(AT_FDCWD, "/usr/local/Qt4.7.4/lib/tls/libdl.so.2", O_RDONLY|O_CLOEXEC) = -1 ENOENT (No such file or directory)
139   openat(AT_FDCWD, "/sys/class/tty/ttypa", O_RDONLY|O_NONBLOCK|O_LARGEFILE|O_CLOEXEC|O_DIRECTORY <unfinished ...>
164   openat(AT_FDCWD, "/usr/local/Qt4.7.4/lib/v7l/neon/vfp/libdl.so.2", O_RDONLY|O_CLOEXEC <unfinished ...>
139   <... openat resumed>)             = 5
164   <... openat resumed>)             = -1 ENOENT (No such file or directory)
124   openat(AT_FDCWD, "/dev/bw_serial", O_RDWR|O_NOCTTY|O_NONBLOCK) = -1 ENOENT (No such file or directory)
164   openat(AT_FDCWD, "/usr/local/Qt4.7.4/lib/v7l/neon/libdl.so.2", O_RDONLY|O_CLOEXEC) = -1 ENOENT (No such file or directory)
164   openat(AT_FDCWD, "/usr/local/Qt4.7.4/lib/v7l/vfp/libdl.so.2", O_RDONLY|O_CLOEXEC) = -1 ENOENT (No such file or directory)
139   openat(AT_FDCWD, "/sys/class/tty/ttypa/dev", O_RDONLY|O_LARGEFILE <unfinished ...>
164   openat(AT_FDCWD, "/usr/local/Qt4.7.4/lib/v7l/libdl.so.2", O_RDONLY|O_CLOEXEC <unfinished ...>
139   <... openat resumed>)             = 6
164   <... openat resumed>)             = -1 ENOENT (No such file or directory)
164   openat(AT_FDCWD, "/usr/local/Qt4.7.4/lib/neon/vfp/libdl.so.2", O_RDONLY|O_CLOEXEC) = -1 ENOENT (No such file or directory)
139   openat(AT_FDCWD, "/sys/class/tty/ttypa/uevent", O_RDONLY|O_LARGEFILE <unfinished ...>
164   openat(AT_FDCWD, "/usr/local/Qt4.7.4/lib/neon/libdl.so.2", O_RDONLY|O_CLOEXEC <unfinished ...>
139   <... openat resumed>)             = 6
164   <... openat resumed>)             = -1 ENOENT (No such file or directory)
164   openat(AT_FDCWD, "/usr/local/Qt4.7.4/lib/vfp/libdl.so.2", O_RDONLY|O_CLOEXEC) = -1 ENOENT (No such file or directory)
164   openat(AT_FDCWD, "/usr/local/Qt4.7.4/lib/libdl.so.2", O_RDONLY|O_CLOEXEC) = -1 ENOENT (No such file or directory)
164   openat(AT_FDCWD, "/usr/lib/tls/v7l/neon/vfp/libdl.so.2", O_RDONLY|O_CLOEXEC) = -1 ENOENT (No such file or directory)
164   openat(AT_FDCWD, "/usr/lib/tls/v7l/neon/libdl.so.2", O_RDONLY|O_CLOEXEC) = -1 ENOENT (No such file or directory)
124   openat(AT_FDCWD, "/dev/bw_serial", O_RDWR|O_NOCTTY|O_NONBLOCK <unfinished ...>
164   openat(AT_FDCWD, "/usr/lib/tls/v7l/vfp/libdl.so.2", O_RDONLY|O_CLOEXEC <unfinished ...>
124   <... openat resumed>)             = -1 ENOENT (No such file or directory)
164   <... openat resumed>)             = -1 ENOENT (No such file or directory)
139   openat(AT_FDCWD, "/sys/class/tty/tty5", O_RDONLY|O_NONBLOCK|O_LARGEFILE|O_CLOEXEC|O_DIRECTORY <unfinished ...>
164   openat(AT_FDCWD, "/usr/lib/tls/v7l/libdl.so.2", O_RDONLY|O_CLOEXEC <unfinished ...>
139   <... openat resumed>)             = 5
164   <... openat resumed>)             = -1 ENOENT (No such file or directory)
164   openat(AT_FDCWD, "/usr/lib/tls/neon/vfp/libdl.so.2", O_RDONLY|O_CLOEXEC) = -1 ENOENT (No such file or directory)
164   openat(AT_FDCWD, "/usr/lib/tls/neon/libdl.so.2", O_RDONLY|O_CLOEXEC) = -1 ENOENT (No such file or directory)
139   openat(AT_FDCWD, "/sys/class/tty/tty5/dev", O_RDONLY|O_LARGEFILE <unfinished ...>
164   openat(AT_FDCWD, "/usr/lib/tls/vfp/libdl.so.2", O_RDONLY|O_CLOEXEC <unfinished ...>
139   <... openat resumed>)             = 6
164   <... openat resumed>)             = -1 ENOENT (No such file or directory)
164   openat(AT_FDCWD, "/usr/lib/tls/libdl.so.2", O_RDONLY|O_CLOEXEC) = -1 ENOENT (No such file or directory)
139   openat(AT_FDCWD, "/sys/class/tty/tty5/uevent", O_RDONLY|O_LARGEFILE <unfinished ...>
164   openat(AT_FDCWD, "/usr/lib/v7l/neon/vfp/libdl.so.2", O_RDONLY|O_CLOEXEC <unfinished ...>
139   <... openat resumed>)             = 6
164   <... openat resumed>)             = -1 ENOENT (No such file or directory)
164   openat(AT_FDCWD, "/usr/lib/v7l/neon/libdl.so.2", O_RDONLY|O_CLOEXEC) = -1 ENOENT (No such file or directory)
164   openat(AT_FDCWD, "/usr/lib/v7l/vfp/libdl.so.2", O_RDONLY|O_CLOEXEC) = -1 ENOENT (No such file or directory)
164   openat(AT_FDCWD, "/usr/lib/v7l/libdl.so.2", O_RDONLY|O_CLOEXEC) = -1 ENOENT (No such file or directory)
164   openat(AT_FDCWD, "/usr/lib/neon/vfp/libdl.so.2", O_RDONLY|O_CLOEXEC) = -1 ENOENT (No such file or directory)
164   openat(AT_FDCWD, "/usr/lib/neon/libdl.so.2", O_RDONLY|O_CLOEXEC) = -1 ENOENT (No such file or directory)
139   openat(AT_FDCWD, "/sys/class/tty/tty41", O_RDONLY|O_NONBLOCK|O_LARGEFILE|O_CLOEXEC|O_DIRECTORY <unfinished ...>
164   openat(AT_FDCWD, "/usr/lib/vfp/libdl.so.2", O_RDONLY|O_CLOEXEC <unfinished ...>
139   <... openat resumed>)             = 5
164   <... openat resumed>)             = -1 ENOENT (No such file or directory)
164   openat(AT_FDCWD, "/usr/lib/libdl.so.2", O_RDONLY|O_CLOEXEC) = -1 ENOENT (No such file or directory)
164   openat(AT_FDCWD, "/lib/tls/v7l/neon/vfp/libdl.so.2", O_RDONLY|O_CLOEXEC) = -1 ENOENT (No such file or directory)
139   openat(AT_FDCWD, "/sys/class/tty/tty41/dev", O_RDONLY|O_LARGEFILE <unfinished ...>
164   openat(AT_FDCWD, "/lib/tls/v7l/neon/libdl.so.2", O_RDONLY|O_CLOEXEC <unfinished ...>
139   <... openat resumed>)             = 6
124   openat(AT_FDCWD, "/dev/bw_serial", O_RDWR|O_NOCTTY|O_NONBLOCK <unfinished ...>
164   <... openat resumed>)             = -1 ENOENT (No such file or directory)
124   <... openat resumed>)             = -1 ENOENT (No such file or directory)
164   openat(AT_FDCWD, "/lib/tls/v7l/vfp/libdl.so.2", O_RDONLY|O_CLOEXEC) = -1 ENOENT (No such file or directory)
139   openat(AT_FDCWD, "/sys/class/tty/tty41/uevent", O_RDONLY|O_LARGEFILE <unfinished ...>
164   openat(AT_FDCWD, "/lib/tls/v7l/libdl.so.2", O_RDONLY|O_CLOEXEC <unfinished ...>
139   <... openat resumed>)             = 6
164   <... openat resumed>)             = -1 ENOENT (No such file or directory)
164   openat(AT_FDCWD, "/lib/tls/neon/vfp/libdl.so.2", O_RDONLY|O_CLOEXEC) = -1 ENOENT (No such file or directory)
164   openat(AT_FDCWD, "/lib/tls/neon/libdl.so.2", O_RDONLY|O_CLOEXEC) = -1 ENOENT (No such file or directory)
164   openat(AT_FDCWD, "/lib/tls/vfp/libdl.so.2", O_RDONLY|O_CLOEXEC) = -1 ENOENT (No such file or directory)
164   openat(AT_FDCWD, "/lib/tls/libdl.so.2", O_RDONLY|O_CLOEXEC) = -1 ENOENT (No such file or directory)
164   openat(AT_FDCWD, "/lib/v7l/neon/vfp/libdl.so.2", O_RDONLY|O_CLOEXEC) = -1 ENOENT (No such file or directory)
139   openat(AT_FDCWD, "/sys/class/tty/tty31", O_RDONLY|O_NONBLOCK|O_LARGEFILE|O_CLOEXEC|O_DIRECTORY <unfinished ...>
164   openat(AT_FDCWD, "/lib/v7l/neon/libdl.so.2", O_RDONLY|O_CLOEXEC <unfinished ...>
139   <... openat resumed>)             = 5
164   <... openat resumed>)             = -1 ENOENT (No such file or directory)
164   openat(AT_FDCWD, "/lib/v7l/vfp/libdl.so.2", O_RDONLY|O_CLOEXEC) = -1 ENOENT (No such file or directory)
164   openat(AT_FDCWD, "/lib/v7l/libdl.so.2", O_RDONLY|O_CLOEXEC) = -1 ENOENT (No such file or directory)
139   openat(AT_FDCWD, "/sys/class/tty/tty31/dev", O_RDONLY|O_LARGEFILE <unfinished ...>
164   openat(AT_FDCWD, "/lib/neon/vfp/libdl.so.2", O_RDONLY|O_CLOEXEC <unfinished ...>
139   <... openat resumed>)             = 6
164   <... openat resumed>)             = -1 ENOENT (No such file or directory)
164   openat(AT_FDCWD, "/lib/neon/libdl.so.2", O_RDONLY|O_CLOEXEC) = -1 ENOENT (No such file or directory)
139   openat(AT_FDCWD, "/sys/class/tty/tty31/uevent", O_RDONLY|O_LARGEFILE <unfinished ...>
164   openat(AT_FDCWD, "/lib/vfp/libdl.so.2", O_RDONLY|O_CLOEXEC <unfinished ...>
139   <... openat resumed>)             = 6
164   <... openat resumed>)             = -1 ENOENT (No such file or directory)
164   openat(AT_FDCWD, "/lib/libdl.so.2", O_RDONLY|O_CLOEXEC) = 3
124   openat(AT_FDCWD, "/dev/bw_serial", O_RDWR|O_NOCTTY|O_NONBLOCK) = -1 ENOENT (No such file or directory)
164   openat(AT_FDCWD, "/usr/local/Qt4.7.4/lib/libasound.so.2", O_RDONLY|O_CLOEXEC) = -1 ENOENT (No such file or directory)
164   openat(AT_FDCWD, "/usr/lib/libasound.so.2", O_RDONLY|O_CLOEXEC) = 3
139   openat(AT_FDCWD, "/sys/class/tty/ptyp1", O_RDONLY|O_NONBLOCK|O_LARGEFILE|O_CLOEXEC|O_DIRECTORY) = 5
139   openat(AT_FDCWD, "/sys/class/tty/ptyp1/dev", O_RDONLY|O_LARGEFILE <unfinished ...>
164   openat(AT_FDCWD, "/usr/local/Qt4.7.4/lib/libm.so.6", O_RDONLY|O_CLOEXEC <unfinished ...>
139   <... openat resumed>)             = 6
164   <... openat resumed>)             = -1 ENOENT (No such file or directory)
164   openat(AT_FDCWD, "/usr/lib/libm.so.6", O_RDONLY|O_CLOEXEC <unfinished ...>
124   openat(AT_FDCWD, "/dev/bw_serial", O_RDWR|O_NOCTTY|O_NONBLOCK <unfinished ...>
164   <... openat resumed>)             = -1 ENOENT (No such file or directory)
124   <... openat resumed>)             = -1 ENOENT (No such file or directory)
164   openat(AT_FDCWD, "/lib/libm.so.6", O_RDONLY|O_CLOEXEC) = 3
139   openat(AT_FDCWD, "/sys/class/tty/ptyp1/uevent", O_RDONLY|O_LARGEFILE) = 6
164   openat(AT_FDCWD, "/usr/local/Qt4.7.4/lib/libgcc_s.so.1", O_RDONLY|O_CLOEXEC) = -1 ENOENT (No such file or directory)
164   openat(AT_FDCWD, "/usr/lib/libgcc_s.so.1", O_RDONLY|O_CLOEXEC) = -1 ENOENT (No such file or directory)
164   openat(AT_FDCWD, "/lib/libgcc_s.so.1", O_RDONLY|O_CLOEXEC) = 3
139   openat(AT_FDCWD, "/sys/class/tty/tty21", O_RDONLY|O_NONBLOCK|O_LARGEFILE|O_CLOEXEC|O_DIRECTORY) = 5
164   openat(AT_FDCWD, "/usr/local/Qt4.7.4/lib/libpthread.so.0", O_RDONLY|O_CLOEXEC) = -1 ENOENT (No such file or directory)
164   openat(AT_FDCWD, "/usr/lib/libpthread.so.0", O_RDONLY|O_CLOEXEC) = -1 ENOENT (No such file or directory)
164   openat(AT_FDCWD, "/lib/libpthread.so.0", O_RDONLY|O_CLOEXEC) = 3
139   openat(AT_FDCWD, "/sys/class/tty/tty21/dev", O_RDONLY|O_LARGEFILE) = 6
139   openat(AT_FDCWD, "/sys/class/tty/tty21/uevent", O_RDONLY|O_LARGEFILE) = 6
164   openat(AT_FDCWD, "/usr/local/Qt4.7.4/lib/libc.so.6", O_RDONLY|O_CLOEXEC) = -1 ENOENT (No such file or directory)
164   openat(AT_FDCWD, "/usr/lib/libc.so.6", O_RDONLY|O_CLOEXEC) = -1 ENOENT (No such file or directory)
164   openat(AT_FDCWD, "/lib/libc.so.6", O_RDONLY|O_CLOEXEC) = 3
124   openat(AT_FDCWD, "/dev/bw_serial", O_RDWR|O_NOCTTY|O_NONBLOCK) = -1 ENOENT (No such file or directory)
139   openat(AT_FDCWD, "/sys/class/tty/tty11", O_RDONLY|O_NONBLOCK|O_LARGEFILE|O_CLOEXEC|O_DIRECTORY <unfinished ...>
164   openat(AT_FDCWD, "/usr/local/Qt4.7.4/lib/librt.so.1", O_RDONLY|O_CLOEXEC <unfinished ...>
139   <... openat resumed>)             = 5
164   <... openat resumed>)             = -1 ENOENT (No such file or directory)
164   openat(AT_FDCWD, "/usr/lib/librt.so.1", O_RDONLY|O_CLOEXEC) = -1 ENOENT (No such file or directory)
164   openat(AT_FDCWD, "/lib/librt.so.1", O_RDONLY|O_CLOEXEC) = 3
139   openat(AT_FDCWD, "/sys/class/tty/tty11/dev", O_RDONLY|O_LARGEFILE) = 6
139   openat(AT_FDCWD, "/sys/class/tty/tty11/uevent", O_RDONLY|O_LARGEFILE) = 6
139   openat(AT_FDCWD, "/sys/class/tty/ttyp1", O_RDONLY|O_NONBLOCK|O_LARGEFILE|O_CLOEXEC|O_DIRECTORY) = 5
139   openat(AT_FDCWD, "/sys/class/tty/ttyp1/dev", O_RDONLY|O_LARGEFILE) = 6
139   openat(AT_FDCWD, "/sys/class/tty/ttyp1/uevent", O_RDONLY|O_LARGEFILE) = 6
164   openat(AT_FDCWD, "/etc/blueware-bw123.properties", O_RDONLY) = 3
164   openat(AT_FDCWD, "/etc/blueware-bw123.properties", O_RDONLY) = 3
139   openat(AT_FDCWD, "/sys/class/tty/tty3", O_RDONLY|O_NONBLOCK|O_LARGEFILE|O_CLOEXEC|O_DIRECTORY) = 5
139   openat(AT_FDCWD, "/sys/class/tty/tty3/dev", O_RDONLY|O_LARGEFILE) = 6
164   openat(AT_FDCWD, "/etc/blueware-bw123.properties", O_RDONLY) = 3
139   openat(AT_FDCWD, "/sys/class/tty/tty3/uevent", O_RDONLY|O_LARGEFILE) = 6
164   openat(AT_FDCWD, "/etc/blueware-bw123.properties", O_RDONLY) = 3
139   openat(AT_FDCWD, "/sys/class/memalloc-cls", O_RDONLY|O_NONBLOCK|O_LARGEFILE|O_CLOEXEC|O_DIRECTORY) = 4
139   openat(AT_FDCWD, "/sys/class/memalloc-cls/memalloc", O_RDONLY|O_NONBLOCK|O_LARGEFILE|O_CLOEXEC|O_DIRECTORY) = 5
139   openat(AT_FDCWD, "/sys/class/memalloc-cls/memalloc/dev", O_RDONLY|O_LARGEFILE) = 6
124   openat(AT_FDCWD, "/dev/bw_serial", O_RDWR|O_NOCTTY|O_NONBLOCK) = -1 ENOENT (No such file or directory)
139   openat(AT_FDCWD, "/sys/class/memalloc-cls/memalloc/uevent", O_RDONLY|O_LARGEFILE) = 6
124   openat(AT_FDCWD, "/dev/bw_serial", O_RDWR|O_NOCTTY|O_NONBLOCK) = -1 ENOENT (No such file or directory)
139   openat(AT_FDCWD, "/sys/class/bdi", O_RDONLY|O_NONBLOCK|O_LARGEFILE|O_CLOEXEC|O_DIRECTORY) = 4
139   openat(AT_FDCWD, "/sys/class/bdi/179:0", O_RDONLY|O_NONBLOCK|O_LARGEFILE|O_CLOEXEC|O_DIRECTORY) = 5
139   openat(AT_FDCWD, "/sys/class/bdi/mtd-0", O_RDONLY|O_NONBLOCK|O_LARGEFILE|O_CLOEXEC|O_DIRECTORY) = 5
164   openat(AT_FDCWD, "/dev/ptmx", O_RDWR|O_NOCTTY|O_NONBLOCK) = -1 ENOENT (No such file or directory)
164   openat(AT_FDCWD, "/dev/ptyp0", O_RDWR) = 3
164   ioctl(3, TCGETS <unfinished ...>
139   openat(AT_FDCWD, "/sys/class/bdi/31:0", O_RDONLY|O_NONBLOCK|O_LARGEFILE|O_CLOEXEC|O_DIRECTORY <unfinished ...>
164   <... ioctl resumed>, {c_iflag=ICRNL|IXON, c_oflag=NL0|CR0|TAB0|BS0|VT0|FF0|OPOST|ONLCR, c_cflag=B38400|CS8|CREAD, c_lflag=ISIG|ICANON|ECHO|ECHOE|ECHOK|IEXTEN|ECHOCTL|ECHOKE, ...}) = 0
139   <... openat resumed>)             = 5
164   ioctl(3, SNDCTL_TMR_START or TCSETS, {c_iflag=, c_oflag=NL0|CR0|TAB0|BS0|VT0|FF0|ONLCR, c_cflag=B38400|CS8|CREAD|CLOCAL, c_lflag=ECHOE|ECHOK|ECHOCTL|ECHOKE, ...}) = 0
164   ioctl(3, TCGETS, {c_iflag=, c_oflag=NL0|CR0|TAB0|BS0|VT0|FF0|ONLCR, c_cflag=B38400|CS8|CREAD|CLOCAL, c_lflag=ECHOE|ECHOK|ECHOCTL|ECHOKE, ...}) = 0
164   ioctl(3, SNDCTL_TMR_STOP or TCSETSW, {c_iflag=, c_oflag=NL0|CR0|TAB0|BS0|VT0|FF0|ONLCR, c_cflag=B115200|CS8|CREAD|CLOCAL, c_lflag=ECHOE|ECHOK|ECHOCTL|ECHOKE, ...}) = 0
139   openat(AT_FDCWD, "/sys/class/bdi/8:0", O_RDONLY|O_NONBLOCK|O_LARGEFILE|O_CLOEXEC|O_DIRECTORY) = 5
139   openat(AT_FDCWD, "/sys/class/sound", O_RDONLY|O_NONBLOCK|O_LARGEFILE|O_CLOEXEC|O_DIRECTORY) = 4
139   openat(AT_FDCWD, "/sys/class/sound/controlC0", O_RDONLY|O_NONBLOCK|O_LARGEFILE|O_CLOEXEC|O_DIRECTORY <unfinished ...>
165   openat(AT_FDCWD, "/data/feasycom/bw_conf0.db", O_RDWR <unfinished ...>
139   <... openat resumed>)             = 5
165   <... openat resumed>)             = 4
124   openat(AT_FDCWD, "/dev/bw_serial", O_RDWR|O_NOCTTY|O_NONBLOCK) = 40
124   ioctl(40, TCGETS, {c_iflag=, c_oflag=NL0|CR0|TAB0|BS0|VT0|FF0|ONLCR, c_cflag=B115200|CS8|CREAD|CLOCAL, c_lflag=ECHOE|ECHOK|ECHOCTL|ECHOKE, ...}) = 0
124   ioctl(40, TCFLSH, TCIOFLUSH)      = 0
124   ioctl(40, TCSETS, {c_iflag=, c_oflag=NL0|CR0|TAB0|BS0|VT0|FF0|ONLCR, c_cflag=B115200|CS8|CREAD|CLOCAL, c_lflag=ECHOE|ECHOK|ECHOCTL|ECHOKE, ...}) = 0
165   openat(AT_FDCWD, "/data/feasycom/bw_conf1.db", O_RDWR) = 4
139   openat(AT_FDCWD, "/sys/class/sound/controlC0/dev", O_RDONLY|O_LARGEFILE) = 6
139   openat(AT_FDCWD, "/sys/class/sound/controlC0/uevent", O_RDONLY|O_LARGEFILE <unfinished ...>
165   openat(AT_FDCWD, "/etc/blueware-bw123.properties", O_RDONLY <unfinished ...>
139   <... openat resumed>)             = 6
165   <... openat resumed>)             = 4
139   openat(AT_FDCWD, "/sys/class/sound/pcmC0D1c", O_RDONLY|O_NONBLOCK|O_LARGEFILE|O_CLOEXEC|O_DIRECTORY) = 5
139   openat(AT_FDCWD, "/sys/class/sound/pcmC0D1c/dev", O_RDONLY|O_LARGEFILE) = 6
139   openat(AT_FDCWD, "/sys/class/sound/pcmC0D1c/uevent", O_RDONLY|O_LARGEFILE) = 6
139   openat(AT_FDCWD, "/sys/class/sound/timer", O_RDONLY|O_NONBLOCK|O_LARGEFILE|O_CLOEXEC|O_DIRECTORY) = 5
139   openat(AT_FDCWD, "/sys/class/sound/timer/dev", O_RDONLY|O_LARGEFILE) = 6
139   openat(AT_FDCWD, "/sys/class/sound/timer/uevent", O_RDONLY|O_LARGEFILE) = 6
139   openat(AT_FDCWD, "/sys/class/sound/card0", O_RDONLY|O_NONBLOCK|O_LARGEFILE|O_CLOEXEC|O_DIRECTORY) = 5
139   openat(AT_FDCWD, "/sys/class/sound/pcmC0D0p", O_RDONLY|O_NONBLOCK|O_LARGEFILE|O_CLOEXEC|O_DIRECTORY) = 5
139   openat(AT_FDCWD, "/sys/class/sound/pcmC0D0p/dev", O_RDONLY|O_LARGEFILE) = 6
139   openat(AT_FDCWD, "/sys/class/sound/pcmC0D0p/uevent", O_RDONLY|O_LARGEFILE) = 6
139   openat(AT_FDCWD, "/sys/class/i2c-dev", O_RDONLY|O_NONBLOCK|O_LARGEFILE|O_CLOEXEC|O_DIRECTORY) = 4
139   openat(AT_FDCWD, "/sys/class/i2c-dev/i2c-1", O_RDONLY|O_NONBLOCK|O_LARGEFILE|O_CLOEXEC|O_DIRECTORY) = 5
139   openat(AT_FDCWD, "/sys/class/i2c-dev/i2c-1/dev", O_RDONLY|O_LARGEFILE) = 6
139   openat(AT_FDCWD, "/sys/class/i2c-dev/i2c-1/uevent", O_RDONLY|O_LARGEFILE) = 6
165   openat(AT_FDCWD, "/sys/class/gpio/export", O_WRONLY) = 4
165   openat(AT_FDCWD, "/sys/class/gpio/gpio91/direction", O_WRONLY) = 4
165   openat(AT_FDCWD, "/sys/class/gpio/gpio91/value", O_WRONLY) = 4
139   openat(AT_FDCWD, "/sys/class/i2c-dev/i2c-2", O_RDONLY|O_NONBLOCK|O_LARGEFILE|O_CLOEXEC|O_DIRECTORY) = 5
139   openat(AT_FDCWD, "/sys/class/i2c-dev/i2c-2/dev", O_RDONLY|O_LARGEFILE) = 6
139   openat(AT_FDCWD, "/sys/class/i2c-dev/i2c-2/uevent", O_RDONLY|O_LARGEFILE <unfinished ...>
165   ioctl(3, TCFLSH, TCIOFLUSH)       = 0
139   <... openat resumed>)             = 6
165   openat(AT_FDCWD, "/data/feasycom/bw_conf1.db", O_RDWR|O_CREAT|O_TRUNC, 0666 <unfinished ...>
139   openat(AT_FDCWD, "/sys/class/i2c-dev/i2c-0", O_RDONLY|O_NONBLOCK|O_LARGEFILE|O_CLOEXEC|O_DIRECTORY <unfinished ...>
165   <... openat resumed>)             = 5
139   <... openat resumed>)             = 5
139   openat(AT_FDCWD, "/sys/class/i2c-dev/i2c-0/dev", O_RDONLY|O_LARGEFILE) = 6
165   openat(AT_FDCWD, "/data/feasycom/bw_conf0.db", O_RDWR|O_CREAT|O_TRUNC, 0666 <unfinished ...>
139   openat(AT_FDCWD, "/sys/class/i2c-dev/i2c-0/uevent", O_RDONLY|O_LARGEFILE <unfinished ...>
165   <... openat resumed>)             = 5
139   <... openat resumed>)             = 6
139   openat(AT_FDCWD, "/sys/class/ubi", O_RDONLY|O_NONBLOCK|O_LARGEFILE|O_CLOEXEC|O_DIRECTORY) = 4
139   openat(AT_FDCWD, "/sys/class/block", O_RDONLY|O_NONBLOCK|O_LARGEFILE|O_CLOEXEC|O_DIRECTORY) = 4
139   openat(AT_FDCWD, "/sys/class/block/mmcblk0p2", O_RDONLY|O_NONBLOCK|O_LARGEFILE|O_CLOEXEC|O_DIRECTORY) = 5
139   openat(AT_FDCWD, "/sys/class/block/mmcblk0p2/dev", O_RDONLY|O_LARGEFILE) = 6
139   openat(AT_FDCWD, "/sys/class/block/mmcblk0p2/uevent", O_RDONLY|O_LARGEFILE) = 6
139   openat(AT_FDCWD, "/sys/class/block/sda2", O_RDONLY|O_NONBLOCK|O_LARGEFILE|O_CLOEXEC|O_DIRECTORY) = 5
139   openat(AT_FDCWD, "/sys/class/block/sda2/dev", O_RDONLY|O_LARGEFILE) = 6
139   openat(AT_FDCWD, "/sys/class/block/sda2/uevent", O_RDONLY|O_LARGEFILE) = 6
139   openat(AT_FDCWD, "/sys/class/block/mtdblock0", O_RDONLY|O_NONBLOCK|O_LARGEFILE|O_CLOEXEC|O_DIRECTORY) = 5
139   openat(AT_FDCWD, "/sys/class/block/mtdblock0/dev", O_RDONLY|O_LARGEFILE) = 6
139   openat(AT_FDCWD, "/sys/class/block/mtdblock0/uevent", O_RDONLY|O_LARGEFILE) = 6
139   openat(AT_FDCWD, "/sys/class/block/mmcblk0p3", O_RDONLY|O_NONBLOCK|O_LARGEFILE|O_CLOEXEC|O_DIRECTORY) = 5
139   openat(AT_FDCWD, "/sys/class/block/mmcblk0p3/dev", O_RDONLY|O_LARGEFILE) = 6
139   openat(AT_FDCWD, "/sys/class/block/mmcblk0p3/uevent", O_RDONLY|O_LARGEFILE) = 6
139   openat(AT_FDCWD, "/sys/class/block/sda3", O_RDONLY|O_NONBLOCK|O_LARGEFILE|O_CLOEXEC|O_DIRECTORY) = 5
139   openat(AT_FDCWD, "/sys/class/block/sda3/dev", O_RDONLY|O_LARGEFILE) = 6
139   openat(AT_FDCWD, "/sys/class/block/sda3/uevent", O_RDONLY|O_LARGEFILE) = 6
139   openat(AT_FDCWD, "/sys/class/block/mmcblk0p1", O_RDONLY|O_NONBLOCK|O_LARGEFILE|O_CLOEXEC|O_DIRECTORY) = 5
139   openat(AT_FDCWD, "/sys/class/block/mmcblk0p1/dev", O_RDONLY|O_LARGEFILE) = 6
139   openat(AT_FDCWD, "/sys/class/block/mmcblk0p1/uevent", O_RDONLY|O_LARGEFILE) = 6
139   openat(AT_FDCWD, "/sys/class/block/sda1", O_RDONLY|O_NONBLOCK|O_LARGEFILE|O_CLOEXEC|O_DIRECTORY) = 5
139   openat(AT_FDCWD, "/sys/class/block/sda1/dev", O_RDONLY|O_LARGEFILE) = 6
139   openat(AT_FDCWD, "/sys/class/block/sda1/uevent", O_RDONLY|O_LARGEFILE) = 6
139   openat(AT_FDCWD, "/sys/class/block/sda", O_RDONLY|O_NONBLOCK|O_LARGEFILE|O_CLOEXEC|O_DIRECTORY) = 5
139   openat(AT_FDCWD, "/sys/class/block/sda/dev", O_RDONLY|O_LARGEFILE) = 6
139   openat(AT_FDCWD, "/sys/class/block/sda/uevent", O_RDONLY|O_LARGEFILE) = 6
139   openat(AT_FDCWD, "/sys/class/block/mmcblk0", O_RDONLY|O_NONBLOCK|O_LARGEFILE|O_CLOEXEC|O_DIRECTORY) = 5
139   openat(AT_FDCWD, "/sys/class/block/mmcblk0/dev", O_RDONLY|O_LARGEFILE) = 6
165   openat(AT_FDCWD, "/sys/bus/sdio/devices/", O_RDONLY|O_NONBLOCK|O_LARGEFILE|O_CLOEXEC|O_DIRECTORY <unfinished ...>
139   openat(AT_FDCWD, "/sys/class/block/mmcblk0/uevent", O_RDONLY|O_LARGEFILE <unfinished ...>
165   <... openat resumed>)             = 5
139   <... openat resumed>)             = 6
165   openat(AT_FDCWD, "/usr/local/Qt4.7.4/lib/librtkvnd.so", O_RDONLY|O_CLOEXEC) = -1 ENOENT (No such file or directory)
165   openat(AT_FDCWD, "/usr/lib/librtkvnd.so", O_RDONLY|O_CLOEXEC) = 5
165   openat(AT_FDCWD, "/data/feasycom/rtkbt.conf", O_RDWR|O_CREAT|O_TRUNC, 0666 <unfinished ...>
139   openat(AT_FDCWD, "/sys/class/input", O_RDONLY|O_NONBLOCK|O_LARGEFILE|O_CLOEXEC|O_DIRECTORY <unfinished ...>
165   <... openat resumed>)             = 5
139   <... openat resumed>)             = 4
139   openat(AT_FDCWD, "/sys/class/input/input0", O_RDONLY|O_NONBLOCK|O_LARGEFILE|O_CLOEXEC|O_DIRECTORY) = 5
165   openat(AT_FDCWD, "/data/feasycom/rtl8761bt_config", O_RDWR|O_CREAT|O_TRUNC, 0666) = 5
139   openat(AT_FDCWD, "/sys/class/input/event0", O_RDONLY|O_NONBLOCK|O_LARGEFILE|O_CLOEXEC|O_DIRECTORY) = 5
165   ioctl(1, TCGETS, 0xbe9ba7fc)      = -1 ENOTTY (Inappropriate ioctl for device)
165   openat(AT_FDCWD, "/data/feasycom/rtkbt.conf", O_RDONLY) = 5
139   openat(AT_FDCWD, "/sys/class/input/event0/dev", O_RDONLY|O_LARGEFILE) = 6
165   openat(AT_FDCWD, "/data/feasycom/rtkbt.conf", O_RDONLY) = 5
139   openat(AT_FDCWD, "/sys/class/input/event0/uevent", O_RDONLY|O_LARGEFILE) = 6
139   openat(AT_FDCWD, "/sys/class/backlight", O_RDONLY|O_NONBLOCK|O_LARGEFILE|O_CLOEXEC|O_DIRECTORY) = 4
139   openat(AT_FDCWD, "/sys/class/backlight/backlight", O_RDONLY|O_NONBLOCK|O_LARGEFILE|O_CLOEXEC|O_DIRECTORY) = 5
165   openat(AT_FDCWD, "/proc/bluetooth/sleep/lpm", O_WRONLY) = -1 ENOENT (No such file or directory)
165   openat(AT_FDCWD, "/dev/ttyHS1", O_RDWR) = 6
139   openat(AT_FDCWD, "/sys/class/dvb", O_RDONLY|O_NONBLOCK|O_LARGEFILE|O_CLOEXEC|O_DIRECTORY <unfinished ...>
165   ioctl(6, TCFLSH, TCIOFLUSH <unfinished ...>
139   <... openat resumed>)             = 4
165   <... ioctl resumed>)              = 0
139   openat(AT_FDCWD, "/sys/class/ark_jpeg_class", O_RDONLY|O_NONBLOCK|O_LARGEFILE|O_CLOEXEC|O_DIRECTORY <unfinished ...>
165   ioctl(6, TCGETS <unfinished ...>
139   <... openat resumed>)             = 4
165   <... ioctl resumed>, {c_iflag=ICRNL|IXON, c_oflag=NL0|CR0|TAB0|BS0|VT0|FF0|OPOST|ONLCR, c_cflag=B9600|CS8|CREAD|HUPCL|CLOCAL, c_lflag=ISIG|ICANON|ECHO|ECHOE|ECHOK|IEXTEN|ECHOCTL|ECHOKE, ...}) = 0
165   ioctl(6, SNDCTL_TMR_START or TCSETS, {c_iflag=, c_oflag=NL0|CR0|TAB0|BS0|VT0|FF0|ONLCR, c_cflag=B9600|CS8|CREAD|PARENB|HUPCL|CLOCAL, c_lflag=ECHOE|ECHOK|ECHOCTL|ECHOKE, ...}) = 0
165   ioctl(6, TCFLSH, TCIOFLUSH)       = 0
165   ioctl(6, SNDCTL_TMR_START or TCSETS, {c_iflag=, c_oflag=NL0|CR0|TAB0|BS0|VT0|FF0|ONLCR, c_cflag=B9600|CS8|CREAD|PARENB|HUPCL|CLOCAL, c_lflag=ECHOE|ECHOK|ECHOCTL|ECHOKE, ...}) = 0
139   openat(AT_FDCWD, "/sys/class/ark_jpeg_class/ark_jpeg", O_RDONLY|O_NONBLOCK|O_LARGEFILE|O_CLOEXEC|O_DIRECTORY <unfinished ...>
165   ioctl(6, TCFLSH, TCIOFLUSH <unfinished ...>
139   <... openat resumed>)             = 5
165   <... ioctl resumed>)              = 0
165   ioctl(6, TCFLSH, TCIOFLUSH)       = 0
165   ioctl(6, SNDCTL_TMR_START or TCSETS, {c_iflag=, c_oflag=NL0|CR0|TAB0|BS0|VT0|FF0|ONLCR, c_cflag=B115200|CS8|CREAD|PARENB|HUPCL|CLOCAL, c_lflag=ECHOE|ECHOK|ECHOCTL|ECHOKE, ...}) = 0
139   openat(AT_FDCWD, "/sys/class/ark_jpeg_class/ark_jpeg/dev", O_RDONLY|O_LARGEFILE) = 6
139   openat(AT_FDCWD, "/sys/class/ark_jpeg_class/ark_jpeg/uevent", O_RDONLY|O_LARGEFILE) = 6
139   openat(AT_FDCWD, "/sys/class/scsi_device", O_RDONLY|O_NONBLOCK|O_LARGEFILE|O_CLOEXEC|O_DIRECTORY) = 4
139   openat(AT_FDCWD, "/sys/class/scsi_device/0:0:0:0", O_RDONLY|O_NONBLOCK|O_LARGEFILE|O_CLOEXEC|O_DIRECTORY) = 5
139   openat(AT_FDCWD, "/sys/class/rtc", O_RDONLY|O_NONBLOCK|O_LARGEFILE|O_CLOEXEC|O_DIRECTORY) = 4
139   openat(AT_FDCWD, "/sys/class/rtc/rtc0", O_RDONLY|O_NONBLOCK|O_LARGEFILE|O_CLOEXEC|O_DIRECTORY) = 5
139   openat(AT_FDCWD, "/sys/class/rtc/rtc0/dev", O_RDONLY|O_LARGEFILE) = 6
171   openat(AT_FDCWD, "/sys/devices/system/cpu/online", O_RDONLY|O_CLOEXEC) = 26
166   openat(AT_FDCWD, "/sys/devices/system/cpu/online", O_RDONLY|O_CLOEXEC <unfinished ...>
139   openat(AT_FDCWD, "/sys/class/rtc/rtc0/uevent", O_RDONLY|O_LARGEFILE <unfinished ...>
166   <... openat resumed>)             = 26
139   <... openat resumed>)             = 6
139   openat(AT_FDCWD, "/sys/class/vc", O_RDONLY|O_NONBLOCK|O_LARGEFILE|O_CLOEXEC|O_DIRECTORY) = 4
139   openat(AT_FDCWD, "/sys/class/vc/vcsu1", O_RDONLY|O_NONBLOCK|O_LARGEFILE|O_CLOEXEC|O_DIRECTORY) = 5
176   +++ exited with 0 +++
177   +++ exited with 0 +++
139   openat(AT_FDCWD, "/sys/class/vc/vcsu1/dev", O_RDONLY|O_LARGEFILE) = 6
139   openat(AT_FDCWD, "/sys/class/vc/vcsu1/uevent", O_RDONLY|O_LARGEFILE) = 6
178   +++ exited with 0 +++
139   openat(AT_FDCWD, "/sys/class/vc/vcsu", O_RDONLY|O_NONBLOCK|O_LARGEFILE|O_CLOEXEC|O_DIRECTORY) = 5
139   openat(AT_FDCWD, "/sys/class/vc/vcsu/dev", O_RDONLY|O_LARGEFILE) = 6
179   +++ exited with 0 +++
139   openat(AT_FDCWD, "/sys/class/vc/vcsu/uevent", O_RDONLY|O_LARGEFILE) = 6
180   +++ exited with 0 +++
181   +++ exited with 0 +++
139   openat(AT_FDCWD, "/sys/class/vc/vcsa1", O_RDONLY|O_NONBLOCK|O_LARGEFILE|O_CLOEXEC|O_DIRECTORY) = 5
182   +++ exited with 0 +++
139   openat(AT_FDCWD, "/sys/class/vc/vcsa1/dev", O_RDONLY|O_LARGEFILE) = 6
139   openat(AT_FDCWD, "/sys/class/vc/vcsa1/uevent", O_RDONLY|O_LARGEFILE) = 6
139   openat(AT_FDCWD, "/sys/class/vc/vcs", O_RDONLY|O_NONBLOCK|O_LARGEFILE|O_CLOEXEC|O_DIRECTORY) = 5
139   openat(AT_FDCWD, "/sys/class/vc/vcs/dev", O_RDONLY|O_LARGEFILE) = 6
139   openat(AT_FDCWD, "/sys/class/vc/vcs/uevent", O_RDONLY|O_LARGEFILE) = 6
139   openat(AT_FDCWD, "/sys/class/vc/vcsa", O_RDONLY|O_NONBLOCK|O_LARGEFILE|O_CLOEXEC|O_DIRECTORY) = 5
139   openat(AT_FDCWD, "/sys/class/vc/vcsa/dev", O_RDONLY|O_LARGEFILE) = 6
139   openat(AT_FDCWD, "/sys/class/vc/vcsa/uevent", O_RDONLY|O_LARGEFILE) = 6
139   openat(AT_FDCWD, "/sys/class/vc/vcs1", O_RDONLY|O_NONBLOCK|O_LARGEFILE|O_CLOEXEC|O_DIRECTORY) = 5
139   openat(AT_FDCWD, "/sys/class/vc/vcs1/dev", O_RDONLY|O_LARGEFILE) = 6
139   openat(AT_FDCWD, "/sys/class/vc/vcs1/uevent", O_RDONLY|O_LARGEFILE) = 6
175   openat(AT_FDCWD, "/data/feasycom/rtl8761bt_config", O_RDONLY) = 26
165   --- SIGSEGV {si_signo=SIGSEGV, si_code=SEGV_MAPERR, si_addr=0x810} ---
175   openat(AT_FDCWD, "/etc/bluetooth/rtk_btconfig.txt", O_RDONLY <unfinished ...>
139   +++ exited with 0 +++
175   +++ killed by SIGSEGV +++
174   +++ killed by SIGSEGV +++
173   +++ killed by SIGSEGV +++
172   +++ killed by SIGSEGV +++
171   +++ killed by SIGSEGV +++
170   +++ killed by SIGSEGV +++
169   +++ killed by SIGSEGV +++
168   +++ killed by SIGSEGV +++
167   +++ killed by SIGSEGV +++
166   +++ killed by SIGSEGV +++
137   --- SIGCHLD {si_signo=SIGCHLD, si_code=CLD_EXITED, si_pid=139, si_uid=0, si_status=0, si_utime=8 /* 0.08 s */, si_stime=55 /* 0.55 s */} ---
165   +++ killed by SIGSEGV +++
164   --- SIGCHLD {si_signo=SIGCHLD, si_code=CLD_KILLED, si_pid=165, si_uid=0, si_status=SIGSEGV, si_utime=2 /* 0.02 s */, si_stime=6 /* 0.06 s */} ---
183   openat(AT_FDCWD, "/usr/local/Qt4.7.4/lib/tls/v7l/neon/vfp/libcrypt.so.1", O_RDONLY|O_CLOEXEC) = -1 ENOENT (No such file or directory)
183   openat(AT_FDCWD, "/usr/local/Qt4.7.4/lib/tls/v7l/neon/libcrypt.so.1", O_RDONLY|O_CLOEXEC) = -1 ENOENT (No such file or directory)
183   openat(AT_FDCWD, "/usr/local/Qt4.7.4/lib/tls/v7l/vfp/libcrypt.so.1", O_RDONLY|O_CLOEXEC) = -1 ENOENT (No such file or directory)
183   openat(AT_FDCWD, "/usr/local/Qt4.7.4/lib/tls/v7l/libcrypt.so.1", O_RDONLY|O_CLOEXEC) = -1 ENOENT (No such file or directory)
183   openat(AT_FDCWD, "/usr/local/Qt4.7.4/lib/tls/neon/vfp/libcrypt.so.1", O_RDONLY|O_CLOEXEC) = -1 ENOENT (No such file or directory)
183   openat(AT_FDCWD, "/usr/local/Qt4.7.4/lib/tls/neon/libcrypt.so.1", O_RDONLY|O_CLOEXEC) = -1 ENOENT (No such file or directory)
183   openat(AT_FDCWD, "/usr/local/Qt4.7.4/lib/tls/vfp/libcrypt.so.1", O_RDONLY|O_CLOEXEC) = -1 ENOENT (No such file or directory)
183   openat(AT_FDCWD, "/usr/local/Qt4.7.4/lib/tls/libcrypt.so.1", O_RDONLY|O_CLOEXEC) = -1 ENOENT (No such file or directory)
183   openat(AT_FDCWD, "/usr/local/Qt4.7.4/lib/v7l/neon/vfp/libcrypt.so.1", O_RDONLY|O_CLOEXEC) = -1 ENOENT (No such file or directory)
183   openat(AT_FDCWD, "/usr/local/Qt4.7.4/lib/v7l/neon/libcrypt.so.1", O_RDONLY|O_CLOEXEC) = -1 ENOENT (No such file or directory)
183   openat(AT_FDCWD, "/usr/local/Qt4.7.4/lib/v7l/vfp/libcrypt.so.1", O_RDONLY|O_CLOEXEC) = -1 ENOENT (No such file or directory)
183   openat(AT_FDCWD, "/usr/local/Qt4.7.4/lib/v7l/libcrypt.so.1", O_RDONLY|O_CLOEXEC) = -1 ENOENT (No such file or directory)
183   openat(AT_FDCWD, "/usr/local/Qt4.7.4/lib/neon/vfp/libcrypt.so.1", O_RDONLY|O_CLOEXEC) = -1 ENOENT (No such file or directory)
183   openat(AT_FDCWD, "/usr/local/Qt4.7.4/lib/neon/libcrypt.so.1", O_RDONLY|O_CLOEXEC) = -1 ENOENT (No such file or directory)
183   openat(AT_FDCWD, "/usr/local/Qt4.7.4/lib/vfp/libcrypt.so.1", O_RDONLY|O_CLOEXEC) = -1 ENOENT (No such file or directory)
183   openat(AT_FDCWD, "/usr/local/Qt4.7.4/lib/libcrypt.so.1", O_RDONLY|O_CLOEXEC) = -1 ENOENT (No such file or directory)
183   openat(AT_FDCWD, "/usr/lib/tls/v7l/neon/vfp/libcrypt.so.1", O_RDONLY|O_CLOEXEC) = -1 ENOENT (No such file or directory)
183   openat(AT_FDCWD, "/usr/lib/tls/v7l/neon/libcrypt.so.1", O_RDONLY|O_CLOEXEC) = -1 ENOENT (No such file or directory)
183   openat(AT_FDCWD, "/usr/lib/tls/v7l/vfp/libcrypt.so.1", O_RDONLY|O_CLOEXEC) = -1 ENOENT (No such file or directory)
183   openat(AT_FDCWD, "/usr/lib/tls/v7l/libcrypt.so.1", O_RDONLY|O_CLOEXEC) = -1 ENOENT (No such file or directory)
183   openat(AT_FDCWD, "/usr/lib/tls/neon/vfp/libcrypt.so.1", O_RDONLY|O_CLOEXEC) = -1 ENOENT (No such file or directory)
183   openat(AT_FDCWD, "/usr/lib/tls/neon/libcrypt.so.1", O_RDONLY|O_CLOEXEC) = -1 ENOENT (No such file or directory)
183   openat(AT_FDCWD, "/usr/lib/tls/vfp/libcrypt.so.1", O_RDONLY|O_CLOEXEC) = -1 ENOENT (No such file or directory)
183   openat(AT_FDCWD, "/usr/lib/tls/libcrypt.so.1", O_RDONLY|O_CLOEXEC <unfinished ...>
184   openat(AT_FDCWD, "/data/feasycom/bw_conf0.db", O_RDWR <unfinished ...>
183   <... openat resumed>)             = -1 ENOENT (No such file or directory)
184   <... openat resumed>)             = 4
183   openat(AT_FDCWD, "/usr/lib/v7l/neon/vfp/libcrypt.so.1", O_RDONLY|O_CLOEXEC) = -1 ENOENT (No such file or directory)
183   openat(AT_FDCWD, "/usr/lib/v7l/neon/libcrypt.so.1", O_RDONLY|O_CLOEXEC) = -1 ENOENT (No such file or directory)
183   openat(AT_FDCWD, "/usr/lib/v7l/vfp/libcrypt.so.1", O_RDONLY|O_CLOEXEC <unfinished ...>
184   openat(AT_FDCWD, "/data/feasycom/bw_conf1.db", O_RDWR <unfinished ...>
183   <... openat resumed>)             = -1 ENOENT (No such file or directory)
184   <... openat resumed>)             = 4
183   openat(AT_FDCWD, "/usr/lib/v7l/libcrypt.so.1", O_RDONLY|O_CLOEXEC) = -1 ENOENT (No such file or directory)
183   openat(AT_FDCWD, "/usr/lib/neon/vfp/libcrypt.so.1", O_RDONLY|O_CLOEXEC) = -1 ENOENT (No such file or directory)
184   openat(AT_FDCWD, "/etc/blueware-bw123.properties", O_RDONLY) = 4
183   openat(AT_FDCWD, "/usr/lib/neon/libcrypt.so.1", O_RDONLY|O_CLOEXEC) = -1 ENOENT (No such file or directory)
183   openat(AT_FDCWD, "/usr/lib/vfp/libcrypt.so.1", O_RDONLY|O_CLOEXEC) = -1 ENOENT (No such file or directory)
183   openat(AT_FDCWD, "/usr/lib/libcrypt.so.1", O_RDONLY|O_CLOEXEC) = -1 ENOENT (No such file or directory)
183   openat(AT_FDCWD, "/lib/tls/v7l/neon/vfp/libcrypt.so.1", O_RDONLY|O_CLOEXEC) = -1 ENOENT (No such file or directory)
183   openat(AT_FDCWD, "/lib/tls/v7l/neon/libcrypt.so.1", O_RDONLY|O_CLOEXEC) = -1 ENOENT (No such file or directory)
183   openat(AT_FDCWD, "/lib/tls/v7l/vfp/libcrypt.so.1", O_RDONLY|O_CLOEXEC) = -1 ENOENT (No such file or directory)
183   openat(AT_FDCWD, "/lib/tls/v7l/libcrypt.so.1", O_RDONLY|O_CLOEXEC) = -1 ENOENT (No such file or directory)
183   openat(AT_FDCWD, "/lib/tls/neon/vfp/libcrypt.so.1", O_RDONLY|O_CLOEXEC) = -1 ENOENT (No such file or directory)
183   openat(AT_FDCWD, "/lib/tls/neon/libcrypt.so.1", O_RDONLY|O_CLOEXEC) = -1 ENOENT (No such file or directory)
183   openat(AT_FDCWD, "/lib/tls/vfp/libcrypt.so.1", O_RDONLY|O_CLOEXEC) = -1 ENOENT (No such file or directory)
183   openat(AT_FDCWD, "/lib/tls/libcrypt.so.1", O_RDONLY|O_CLOEXEC) = -1 ENOENT (No such file or directory)
183   openat(AT_FDCWD, "/lib/v7l/neon/vfp/libcrypt.so.1", O_RDONLY|O_CLOEXEC) = -1 ENOENT (No such file or directory)
183   openat(AT_FDCWD, "/lib/v7l/neon/libcrypt.so.1", O_RDONLY|O_CLOEXEC) = -1 ENOENT (No such file or directory)
183   openat(AT_FDCWD, "/lib/v7l/vfp/libcrypt.so.1", O_RDONLY|O_CLOEXEC) = -1 ENOENT (No such file or directory)
183   openat(AT_FDCWD, "/lib/v7l/libcrypt.so.1", O_RDONLY|O_CLOEXEC) = -1 ENOENT (No such file or directory)
183   openat(AT_FDCWD, "/lib/neon/vfp/libcrypt.so.1", O_RDONLY|O_CLOEXEC) = -1 ENOENT (No such file or directory)
183   openat(AT_FDCWD, "/lib/neon/libcrypt.so.1", O_RDONLY|O_CLOEXEC) = -1 ENOENT (No such file or directory)
183   openat(AT_FDCWD, "/lib/vfp/libcrypt.so.1", O_RDONLY|O_CLOEXEC) = -1 ENOENT (No such file or directory)
183   openat(AT_FDCWD, "/lib/libcrypt.so.1", O_RDONLY|O_CLOEXEC) = 3
183   openat(AT_FDCWD, "/usr/local/Qt4.7.4/lib/libc.so.6", O_RDONLY|O_CLOEXEC) = -1 ENOENT (No such file or directory)
183   openat(AT_FDCWD, "/usr/lib/libc.so.6", O_RDONLY|O_CLOEXEC) = -1 ENOENT (No such file or directory)
183   openat(AT_FDCWD, "/lib/libc.so.6", O_RDONLY|O_CLOEXEC) = 3
183   openat(AT_FDCWD, "./memalloc_load.sh", O_RDONLY|O_LARGEFILE) = 3
124   ioctl(26, FIONREAD, [1])          = 0
185   openat(AT_FDCWD, "/usr/local/Qt4.7.4/lib/tls/v7l/neon/vfp/libcrypt.so.1", O_RDONLY|O_CLOEXEC) = -1 ENOENT (No such file or directory)
185   openat(AT_FDCWD, "/usr/local/Qt4.7.4/lib/tls/v7l/neon/libcrypt.so.1", O_RDONLY|O_CLOEXEC) = -1 ENOENT (No such file or directory)
185   openat(AT_FDCWD, "/usr/local/Qt4.7.4/lib/tls/v7l/vfp/libcrypt.so.1", O_RDONLY|O_CLOEXEC) = -1 ENOENT (No such file or directory)
185   openat(AT_FDCWD, "/usr/local/Qt4.7.4/lib/tls/v7l/libcrypt.so.1", O_RDONLY|O_CLOEXEC) = -1 ENOENT (No such file or directory)
185   openat(AT_FDCWD, "/usr/local/Qt4.7.4/lib/tls/neon/vfp/libcrypt.so.1", O_RDONLY|O_CLOEXEC) = -1 ENOENT (No such file or directory)
184   openat(AT_FDCWD, "/sys/class/gpio/export", O_WRONLY) = 4
185   openat(AT_FDCWD, "/usr/local/Qt4.7.4/lib/tls/neon/libcrypt.so.1", O_RDONLY|O_CLOEXEC) = -1 ENOENT (No such file or directory)
185   openat(AT_FDCWD, "/usr/local/Qt4.7.4/lib/tls/vfp/libcrypt.so.1", O_RDONLY|O_CLOEXEC <unfinished ...>
184   openat(AT_FDCWD, "/sys/class/gpio/gpio91/direction", O_WRONLY <unfinished ...>
185   <... openat resumed>)             = -1 ENOENT (No such file or directory)
184   <... openat resumed>)             = 4
185   openat(AT_FDCWD, "/usr/local/Qt4.7.4/lib/tls/libcrypt.so.1", O_RDONLY|O_CLOEXEC) = -1 ENOENT (No such file or directory)
184   openat(AT_FDCWD, "/sys/class/gpio/gpio91/value", O_WRONLY) = 4
185   openat(AT_FDCWD, "/usr/local/Qt4.7.4/lib/v7l/neon/vfp/libcrypt.so.1", O_RDONLY|O_CLOEXEC) = -1 ENOENT (No such file or directory)
185   openat(AT_FDCWD, "/usr/local/Qt4.7.4/lib/v7l/neon/libcrypt.so.1", O_RDONLY|O_CLOEXEC) = -1 ENOENT (No such file or directory)
185   openat(AT_FDCWD, "/usr/local/Qt4.7.4/lib/v7l/vfp/libcrypt.so.1", O_RDONLY|O_CLOEXEC) = -1 ENOENT (No such file or directory)
185   openat(AT_FDCWD, "/usr/local/Qt4.7.4/lib/v7l/libcrypt.so.1", O_RDONLY|O_CLOEXEC) = -1 ENOENT (No such file or directory)
185   openat(AT_FDCWD, "/usr/local/Qt4.7.4/lib/neon/vfp/libcrypt.so.1", O_RDONLY|O_CLOEXEC) = -1 ENOENT (No such file or directory)
185   openat(AT_FDCWD, "/usr/local/Qt4.7.4/lib/neon/libcrypt.so.1", O_RDONLY|O_CLOEXEC) = -1 ENOENT (No such file or directory)
185   openat(AT_FDCWD, "/usr/local/Qt4.7.4/lib/vfp/libcrypt.so.1", O_RDONLY|O_CLOEXEC) = -1 ENOENT (No such file or directory)
185   openat(AT_FDCWD, "/usr/local/Qt4.7.4/lib/libcrypt.so.1", O_RDONLY|O_CLOEXEC) = -1 ENOENT (No such file or directory)
185   openat(AT_FDCWD, "/usr/lib/tls/v7l/neon/vfp/libcrypt.so.1", O_RDONLY|O_CLOEXEC) = -1 ENOENT (No such file or directory)
185   openat(AT_FDCWD, "/usr/lib/tls/v7l/neon/libcrypt.so.1", O_RDONLY|O_CLOEXEC) = -1 ENOENT (No such file or directory)
185   openat(AT_FDCWD, "/usr/lib/tls/v7l/vfp/libcrypt.so.1", O_RDONLY|O_CLOEXEC) = -1 ENOENT (No such file or directory)
185   openat(AT_FDCWD, "/usr/lib/tls/v7l/libcrypt.so.1", O_RDONLY|O_CLOEXEC) = -1 ENOENT (No such file or directory)
184   ioctl(3, TCFLSH, TCIOFLUSH)       = 0
185   openat(AT_FDCWD, "/usr/lib/tls/neon/vfp/libcrypt.so.1", O_RDONLY|O_CLOEXEC) = -1 ENOENT (No such file or directory)
185   openat(AT_FDCWD, "/usr/lib/tls/neon/libcrypt.so.1", O_RDONLY|O_CLOEXEC) = -1 ENOENT (No such file or directory)
185   openat(AT_FDCWD, "/usr/lib/tls/vfp/libcrypt.so.1", O_RDONLY|O_CLOEXEC) = -1 ENOENT (No such file or directory)
184   openat(AT_FDCWD, "/data/feasycom/bw_conf1.db", O_RDWR|O_CREAT|O_TRUNC, 0666 <unfinished ...>
185   openat(AT_FDCWD, "/usr/lib/tls/libcrypt.so.1", O_RDONLY|O_CLOEXEC) = -1 ENOENT (No such file or directory)
184   <... openat resumed>)             = 5
185   openat(AT_FDCWD, "/usr/lib/v7l/neon/vfp/libcrypt.so.1", O_RDONLY|O_CLOEXEC) = -1 ENOENT (No such file or directory)
185   openat(AT_FDCWD, "/usr/lib/v7l/neon/libcrypt.so.1", O_RDONLY|O_CLOEXEC) = -1 ENOENT (No such file or directory)
185   openat(AT_FDCWD, "/usr/lib/v7l/vfp/libcrypt.so.1", O_RDONLY|O_CLOEXEC) = -1 ENOENT (No such file or directory)
184   openat(AT_FDCWD, "/data/feasycom/bw_conf0.db", O_RDWR|O_CREAT|O_TRUNC, 0666 <unfinished ...>
185   openat(AT_FDCWD, "/usr/lib/v7l/libcrypt.so.1", O_RDONLY|O_CLOEXEC) = -1 ENOENT (No such file or directory)
184   <... openat resumed>)             = 5
185   openat(AT_FDCWD, "/usr/lib/neon/vfp/libcrypt.so.1", O_RDONLY|O_CLOEXEC) = -1 ENOENT (No such file or directory)
185   openat(AT_FDCWD, "/usr/lib/neon/libcrypt.so.1", O_RDONLY|O_CLOEXEC) = -1 ENOENT (No such file or directory)
185   openat(AT_FDCWD, "/usr/lib/vfp/libcrypt.so.1", O_RDONLY|O_CLOEXEC) = -1 ENOENT (No such file or directory)
185   openat(AT_FDCWD, "/usr/lib/libcrypt.so.1", O_RDONLY|O_CLOEXEC) = -1 ENOENT (No such file or directory)
185   openat(AT_FDCWD, "/lib/tls/v7l/neon/vfp/libcrypt.so.1", O_RDONLY|O_CLOEXEC) = -1 ENOENT (No such file or directory)
185   openat(AT_FDCWD, "/lib/tls/v7l/neon/libcrypt.so.1", O_RDONLY|O_CLOEXEC) = -1 ENOENT (No such file or directory)
185   openat(AT_FDCWD, "/lib/tls/v7l/vfp/libcrypt.so.1", O_RDONLY|O_CLOEXEC) = -1 ENOENT (No such file or directory)
185   openat(AT_FDCWD, "/lib/tls/v7l/libcrypt.so.1", O_RDONLY|O_CLOEXEC) = -1 ENOENT (No such file or directory)
185   openat(AT_FDCWD, "/lib/tls/neon/vfp/libcrypt.so.1", O_RDONLY|O_CLOEXEC) = -1 ENOENT (No such file or directory)
185   openat(AT_FDCWD, "/lib/tls/neon/libcrypt.so.1", O_RDONLY|O_CLOEXEC) = -1 ENOENT (No such file or directory)
185   openat(AT_FDCWD, "/lib/tls/vfp/libcrypt.so.1", O_RDONLY|O_CLOEXEC) = -1 ENOENT (No such file or directory)
185   openat(AT_FDCWD, "/lib/tls/libcrypt.so.1", O_RDONLY|O_CLOEXEC) = -1 ENOENT (No such file or directory)
185   openat(AT_FDCWD, "/lib/v7l/neon/vfp/libcrypt.so.1", O_RDONLY|O_CLOEXEC) = -1 ENOENT (No such file or directory)
185   openat(AT_FDCWD, "/lib/v7l/neon/libcrypt.so.1", O_RDONLY|O_CLOEXEC) = -1 ENOENT (No such file or directory)
185   openat(AT_FDCWD, "/lib/v7l/vfp/libcrypt.so.1", O_RDONLY|O_CLOEXEC) = -1 ENOENT (No such file or directory)
185   openat(AT_FDCWD, "/lib/v7l/libcrypt.so.1", O_RDONLY|O_CLOEXEC) = -1 ENOENT (No such file or directory)
185   openat(AT_FDCWD, "/lib/neon/vfp/libcrypt.so.1", O_RDONLY|O_CLOEXEC) = -1 ENOENT (No such file or directory)
185   openat(AT_FDCWD, "/lib/neon/libcrypt.so.1", O_RDONLY|O_CLOEXEC) = -1 ENOENT (No such file or directory)
185   openat(AT_FDCWD, "/lib/vfp/libcrypt.so.1", O_RDONLY|O_CLOEXEC) = -1 ENOENT (No such file or directory)
185   openat(AT_FDCWD, "/lib/libcrypt.so.1", O_RDONLY|O_CLOEXEC) = 3
185   openat(AT_FDCWD, "/usr/local/Qt4.7.4/lib/libc.so.6", O_RDONLY|O_CLOEXEC) = -1 ENOENT (No such file or directory)
185   openat(AT_FDCWD, "/usr/lib/libc.so.6", O_RDONLY|O_CLOEXEC) = -1 ENOENT (No such file or directory)
185   openat(AT_FDCWD, "/lib/libc.so.6", O_RDONLY|O_CLOEXEC) = 3
185   +++ exited with 0 +++
183   --- SIGCHLD {si_signo=SIGCHLD, si_code=CLD_EXITED, si_pid=185, si_uid=0, si_status=0, si_utime=1 /* 0.01 s */, si_stime=0} ---
186   openat(AT_FDCWD, "/usr/local/Qt4.7.4/lib/tls/v7l/neon/vfp/libcrypt.so.1", O_RDONLY|O_CLOEXEC) = -1 ENOENT (No such file or directory)
186   openat(AT_FDCWD, "/usr/local/Qt4.7.4/lib/tls/v7l/neon/libcrypt.so.1", O_RDONLY|O_CLOEXEC) = -1 ENOENT (No such file or directory)
186   openat(AT_FDCWD, "/usr/local/Qt4.7.4/lib/tls/v7l/vfp/libcrypt.so.1", O_RDONLY|O_CLOEXEC) = -1 ENOENT (No such file or directory)
186   openat(AT_FDCWD, "/usr/local/Qt4.7.4/lib/tls/v7l/libcrypt.so.1", O_RDONLY|O_CLOEXEC) = -1 ENOENT (No such file or directory)
186   openat(AT_FDCWD, "/usr/local/Qt4.7.4/lib/tls/neon/vfp/libcrypt.so.1", O_RDONLY|O_CLOEXEC) = -1 ENOENT (No such file or directory)
186   openat(AT_FDCWD, "/usr/local/Qt4.7.4/lib/tls/neon/libcrypt.so.1", O_RDONLY|O_CLOEXEC) = -1 ENOENT (No such file or directory)
186   openat(AT_FDCWD, "/usr/local/Qt4.7.4/lib/tls/vfp/libcrypt.so.1", O_RDONLY|O_CLOEXEC) = -1 ENOENT (No such file or directory)
186   openat(AT_FDCWD, "/usr/local/Qt4.7.4/lib/tls/libcrypt.so.1", O_RDONLY|O_CLOEXEC) = -1 ENOENT (No such file or directory)
186   openat(AT_FDCWD, "/usr/local/Qt4.7.4/lib/v7l/neon/vfp/libcrypt.so.1", O_RDONLY|O_CLOEXEC) = -1 ENOENT (No such file or directory)
186   openat(AT_FDCWD, "/usr/local/Qt4.7.4/lib/v7l/neon/libcrypt.so.1", O_RDONLY|O_CLOEXEC) = -1 ENOENT (No such file or directory)
186   openat(AT_FDCWD, "/usr/local/Qt4.7.4/lib/v7l/vfp/libcrypt.so.1", O_RDONLY|O_CLOEXEC) = -1 ENOENT (No such file or directory)
186   openat(AT_FDCWD, "/usr/local/Qt4.7.4/lib/v7l/libcrypt.so.1", O_RDONLY|O_CLOEXEC) = -1 ENOENT (No such file or directory)
186   openat(AT_FDCWD, "/usr/local/Qt4.7.4/lib/neon/vfp/libcrypt.so.1", O_RDONLY|O_CLOEXEC) = -1 ENOENT (No such file or directory)
186   openat(AT_FDCWD, "/usr/local/Qt4.7.4/lib/neon/libcrypt.so.1", O_RDONLY|O_CLOEXEC) = -1 ENOENT (No such file or directory)
186   openat(AT_FDCWD, "/usr/local/Qt4.7.4/lib/vfp/libcrypt.so.1", O_RDONLY|O_CLOEXEC) = -1 ENOENT (No such file or directory)
186   openat(AT_FDCWD, "/usr/local/Qt4.7.4/lib/libcrypt.so.1", O_RDONLY|O_CLOEXEC) = -1 ENOENT (No such file or directory)
186   openat(AT_FDCWD, "/usr/lib/tls/v7l/neon/vfp/libcrypt.so.1", O_RDONLY|O_CLOEXEC) = -1 ENOENT (No such file or directory)
186   openat(AT_FDCWD, "/usr/lib/tls/v7l/neon/libcrypt.so.1", O_RDONLY|O_CLOEXEC) = -1 ENOENT (No such file or directory)
186   openat(AT_FDCWD, "/usr/lib/tls/v7l/vfp/libcrypt.so.1", O_RDONLY|O_CLOEXEC) = -1 ENOENT (No such file or directory)
186   openat(AT_FDCWD, "/usr/lib/tls/v7l/libcrypt.so.1", O_RDONLY|O_CLOEXEC) = -1 ENOENT (No such file or directory)
184   openat(AT_FDCWD, "/sys/bus/sdio/devices/", O_RDONLY|O_NONBLOCK|O_LARGEFILE|O_CLOEXEC|O_DIRECTORY) = 5
186   openat(AT_FDCWD, "/usr/lib/tls/neon/vfp/libcrypt.so.1", O_RDONLY|O_CLOEXEC) = -1 ENOENT (No such file or directory)
186   openat(AT_FDCWD, "/usr/lib/tls/neon/libcrypt.so.1", O_RDONLY|O_CLOEXEC) = -1 ENOENT (No such file or directory)
186   openat(AT_FDCWD, "/usr/lib/tls/vfp/libcrypt.so.1", O_RDONLY|O_CLOEXEC) = -1 ENOENT (No such file or directory)
184   openat(AT_FDCWD, "/usr/local/Qt4.7.4/lib/librtkvnd.so", O_RDONLY|O_CLOEXEC) = -1 ENOENT (No such file or directory)
186   openat(AT_FDCWD, "/usr/lib/tls/libcrypt.so.1", O_RDONLY|O_CLOEXEC <unfinished ...>
184   openat(AT_FDCWD, "/usr/lib/librtkvnd.so", O_RDONLY|O_CLOEXEC <unfinished ...>
186   <... openat resumed>)             = -1 ENOENT (No such file or directory)
184   <... openat resumed>)             = 5
186   openat(AT_FDCWD, "/usr/lib/v7l/neon/vfp/libcrypt.so.1", O_RDONLY|O_CLOEXEC) = -1 ENOENT (No such file or directory)
186   openat(AT_FDCWD, "/usr/lib/v7l/neon/libcrypt.so.1", O_RDONLY|O_CLOEXEC) = -1 ENOENT (No such file or directory)
186   openat(AT_FDCWD, "/usr/lib/v7l/vfp/libcrypt.so.1", O_RDONLY|O_CLOEXEC) = -1 ENOENT (No such file or directory)
186   openat(AT_FDCWD, "/usr/lib/v7l/libcrypt.so.1", O_RDONLY|O_CLOEXEC) = -1 ENOENT (No such file or directory)
184   openat(AT_FDCWD, "/data/feasycom/rtkbt.conf", O_RDWR|O_CREAT|O_TRUNC, 0666 <unfinished ...>
186   openat(AT_FDCWD, "/usr/lib/neon/vfp/libcrypt.so.1", O_RDONLY|O_CLOEXEC) = -1 ENOENT (No such file or directory)
184   <... openat resumed>)             = 5
186   openat(AT_FDCWD, "/usr/lib/neon/libcrypt.so.1", O_RDONLY|O_CLOEXEC) = -1 ENOENT (No such file or directory)
186   openat(AT_FDCWD, "/usr/lib/vfp/libcrypt.so.1", O_RDONLY|O_CLOEXEC) = -1 ENOENT (No such file or directory)
184   openat(AT_FDCWD, "/data/feasycom/rtl8761bt_config", O_RDWR|O_CREAT|O_TRUNC, 0666 <unfinished ...>
186   openat(AT_FDCWD, "/usr/lib/libcrypt.so.1", O_RDONLY|O_CLOEXEC) = -1 ENOENT (No such file or directory)
184   <... openat resumed>)             = 5
186   openat(AT_FDCWD, "/lib/tls/v7l/neon/vfp/libcrypt.so.1", O_RDONLY|O_CLOEXEC) = -1 ENOENT (No such file or directory)
186   openat(AT_FDCWD, "/lib/tls/v7l/neon/libcrypt.so.1", O_RDONLY|O_CLOEXEC) = -1 ENOENT (No such file or directory)
184   ioctl(1, TCGETS <unfinished ...>
186   openat(AT_FDCWD, "/lib/tls/v7l/vfp/libcrypt.so.1", O_RDONLY|O_CLOEXEC <unfinished ...>
184   <... ioctl resumed>, 0xbe9ba7fc)  = -1 ENOTTY (Inappropriate ioctl for device)
186   <... openat resumed>)             = -1 ENOENT (No such file or directory)
184   openat(AT_FDCWD, "/data/feasycom/rtkbt.conf", O_RDONLY) = 5
186   openat(AT_FDCWD, "/lib/tls/v7l/libcrypt.so.1", O_RDONLY|O_CLOEXEC) = -1 ENOENT (No such file or directory)
186   openat(AT_FDCWD, "/lib/tls/neon/vfp/libcrypt.so.1", O_RDONLY|O_CLOEXEC) = -1 ENOENT (No such file or directory)
184   openat(AT_FDCWD, "/data/feasycom/rtkbt.conf", O_RDONLY <unfinished ...>
186   openat(AT_FDCWD, "/lib/tls/neon/libcrypt.so.1", O_RDONLY|O_CLOEXEC <unfinished ...>
184   <... openat resumed>)             = 5
186   <... openat resumed>)             = -1 ENOENT (No such file or directory)
186   openat(AT_FDCWD, "/lib/tls/vfp/libcrypt.so.1", O_RDONLY|O_CLOEXEC) = -1 ENOENT (No such file or directory)
186   openat(AT_FDCWD, "/lib/tls/libcrypt.so.1", O_RDONLY|O_CLOEXEC) = -1 ENOENT (No such file or directory)
186   openat(AT_FDCWD, "/lib/v7l/neon/vfp/libcrypt.so.1", O_RDONLY|O_CLOEXEC) = -1 ENOENT (No such file or directory)
186   openat(AT_FDCWD, "/lib/v7l/neon/libcrypt.so.1", O_RDONLY|O_CLOEXEC) = -1 ENOENT (No such file or directory)
186   openat(AT_FDCWD, "/lib/v7l/vfp/libcrypt.so.1", O_RDONLY|O_CLOEXEC) = -1 ENOENT (No such file or directory)
186   openat(AT_FDCWD, "/lib/v7l/libcrypt.so.1", O_RDONLY|O_CLOEXEC) = -1 ENOENT (No such file or directory)
186   openat(AT_FDCWD, "/lib/neon/vfp/libcrypt.so.1", O_RDONLY|O_CLOEXEC) = -1 ENOENT (No such file or directory)
186   openat(AT_FDCWD, "/lib/neon/libcrypt.so.1", O_RDONLY|O_CLOEXEC) = -1 ENOENT (No such file or directory)
186   openat(AT_FDCWD, "/lib/vfp/libcrypt.so.1", O_RDONLY|O_CLOEXEC) = -1 ENOENT (No such file or directory)
186   openat(AT_FDCWD, "/lib/libcrypt.so.1", O_RDONLY|O_CLOEXEC) = 3
186   openat(AT_FDCWD, "/usr/local/Qt4.7.4/lib/libc.so.6", O_RDONLY|O_CLOEXEC) = -1 ENOENT (No such file or directory)
186   openat(AT_FDCWD, "/usr/lib/libc.so.6", O_RDONLY|O_CLOEXEC) = -1 ENOENT (No such file or directory)
186   openat(AT_FDCWD, "/lib/libc.so.6", O_RDONLY|O_CLOEXEC) = 3
184   openat(AT_FDCWD, "/proc/bluetooth/sleep/lpm", O_WRONLY) = -1 ENOENT (No such file or directory)
184   openat(AT_FDCWD, "/dev/ttyHS1", O_RDWR) = 6
184   ioctl(6, TCFLSH, TCIOFLUSH)       = 0
184   ioctl(6, TCGETS, {c_iflag=, c_oflag=NL0|CR0|TAB0|BS0|VT0|FF0|ONLCR, c_cflag=B115200|CS8|CREAD|PARENB|HUPCL|CLOCAL, c_lflag=ECHOE|ECHOK|ECHOCTL|ECHOKE, ...}) = 0
184   ioctl(6, SNDCTL_TMR_START or TCSETS, {c_iflag=, c_oflag=NL0|CR0|TAB0|BS0|VT0|FF0|ONLCR, c_cflag=B115200|CS8|CREAD|PARENB|HUPCL|CLOCAL, c_lflag=ECHOE|ECHOK|ECHOCTL|ECHOKE, ...}) = 0
184   ioctl(6, TCFLSH, TCIOFLUSH)       = 0
184   ioctl(6, SNDCTL_TMR_START or TCSETS, {c_iflag=, c_oflag=NL0|CR0|TAB0|BS0|VT0|FF0|ONLCR, c_cflag=B115200|CS8|CREAD|PARENB|HUPCL|CLOCAL, c_lflag=ECHOE|ECHOK|ECHOCTL|ECHOKE, ...}) = 0
184   ioctl(6, TCFLSH, TCIOFLUSH)       = 0
184   ioctl(6, TCFLSH, TCIOFLUSH)       = 0
184   ioctl(6, SNDCTL_TMR_START or TCSETS, {c_iflag=, c_oflag=NL0|CR0|TAB0|BS0|VT0|FF0|ONLCR, c_cflag=B115200|CS8|CREAD|PARENB|HUPCL|CLOCAL, c_lflag=ECHOE|ECHOK|ECHOCTL|ECHOKE, ...}) = 0
186   openat(AT_FDCWD, "/lib/modules/3.4.0/kernel/drivers/ark/memalloc/memalloc.ko", O_RDONLY|O_LARGEFILE) = -1 ENOENT (No such file or directory)
124   ioctl(28, FIONREAD, [107])        = 0
186   +++ exited with 1 +++
183   --- SIGCHLD {si_signo=SIGCHLD, si_code=CLD_EXITED, si_pid=186, si_uid=0, si_status=1, si_utime=1 /* 0.01 s */, si_stime=2 /* 0.02 s */} ---
183   +++ exited with 1 +++
137   --- SIGCHLD {si_signo=SIGCHLD, si_code=CLD_EXITED, si_pid=183, si_uid=0, si_status=1, si_utime=0, si_stime=1 /* 0.01 s */} ---
193   openat(AT_FDCWD, "/usr/local/Qt4.7.4/lib/tls/v7l/neon/vfp/libcrypt.so.1", O_RDONLY|O_CLOEXEC) = -1 ENOENT (No such file or directory)
192   openat(AT_FDCWD, "/sys/devices/system/cpu/online", O_RDONLY|O_CLOEXEC) = 26
193   openat(AT_FDCWD, "/usr/local/Qt4.7.4/lib/tls/v7l/neon/libcrypt.so.1", O_RDONLY|O_CLOEXEC) = -1 ENOENT (No such file or directory)
187   openat(AT_FDCWD, "/sys/devices/system/cpu/online", O_RDONLY|O_CLOEXEC) = 26
193   openat(AT_FDCWD, "/usr/local/Qt4.7.4/lib/tls/v7l/vfp/libcrypt.so.1", O_RDONLY|O_CLOEXEC) = -1 ENOENT (No such file or directory)
193   openat(AT_FDCWD, "/usr/local/Qt4.7.4/lib/tls/v7l/libcrypt.so.1", O_RDONLY|O_CLOEXEC) = -1 ENOENT (No such file or directory)
193   openat(AT_FDCWD, "/usr/local/Qt4.7.4/lib/tls/neon/vfp/libcrypt.so.1", O_RDONLY|O_CLOEXEC) = -1 ENOENT (No such file or directory)
193   openat(AT_FDCWD, "/usr/local/Qt4.7.4/lib/tls/neon/libcrypt.so.1", O_RDONLY|O_CLOEXEC) = -1 ENOENT (No such file or directory)
193   openat(AT_FDCWD, "/usr/local/Qt4.7.4/lib/tls/vfp/libcrypt.so.1", O_RDONLY|O_CLOEXEC) = -1 ENOENT (No such file or directory)
193   openat(AT_FDCWD, "/usr/local/Qt4.7.4/lib/tls/libcrypt.so.1", O_RDONLY|O_CLOEXEC) = -1 ENOENT (No such file or directory)
193   openat(AT_FDCWD, "/usr/local/Qt4.7.4/lib/v7l/neon/vfp/libcrypt.so.1", O_RDONLY|O_CLOEXEC) = -1 ENOENT (No such file or directory)
193   openat(AT_FDCWD, "/usr/local/Qt4.7.4/lib/v7l/neon/libcrypt.so.1", O_RDONLY|O_CLOEXEC) = -1 ENOENT (No such file or directory)
198   +++ exited with 0 +++
193   openat(AT_FDCWD, "/usr/local/Qt4.7.4/lib/v7l/vfp/libcrypt.so.1", O_RDONLY|O_CLOEXEC) = -1 ENOENT (No such file or directory)
199   +++ exited with 0 +++
193   openat(AT_FDCWD, "/usr/local/Qt4.7.4/lib/v7l/libcrypt.so.1", O_RDONLY|O_CLOEXEC) = -1 ENOENT (No such file or directory)
193   openat(AT_FDCWD, "/usr/local/Qt4.7.4/lib/neon/vfp/libcrypt.so.1", O_RDONLY|O_CLOEXEC) = -1 ENOENT (No such file or directory)
193   openat(AT_FDCWD, "/usr/local/Qt4.7.4/lib/neon/libcrypt.so.1", O_RDONLY|O_CLOEXEC) = -1 ENOENT (No such file or directory)
200   +++ exited with 0 +++
193   openat(AT_FDCWD, "/usr/local/Qt4.7.4/lib/vfp/libcrypt.so.1", O_RDONLY|O_CLOEXEC) = -1 ENOENT (No such file or directory)
201   +++ exited with 0 +++
193   openat(AT_FDCWD, "/usr/local/Qt4.7.4/lib/libcrypt.so.1", O_RDONLY|O_CLOEXEC) = -1 ENOENT (No such file or directory)
202   +++ exited with 0 +++
193   openat(AT_FDCWD, "/usr/lib/tls/v7l/neon/vfp/libcrypt.so.1", O_RDONLY|O_CLOEXEC) = -1 ENOENT (No such file or directory)
193   openat(AT_FDCWD, "/usr/lib/tls/v7l/neon/libcrypt.so.1", O_RDONLY|O_CLOEXEC) = -1 ENOENT (No such file or directory)
203   +++ exited with 0 +++
193   openat(AT_FDCWD, "/usr/lib/tls/v7l/vfp/libcrypt.so.1", O_RDONLY|O_CLOEXEC) = -1 ENOENT (No such file or directory)
204   +++ exited with 0 +++
193   openat(AT_FDCWD, "/usr/lib/tls/v7l/libcrypt.so.1", O_RDONLY|O_CLOEXEC) = -1 ENOENT (No such file or directory)
193   openat(AT_FDCWD, "/usr/lib/tls/neon/vfp/libcrypt.so.1", O_RDONLY|O_CLOEXEC) = -1 ENOENT (No such file or directory)
193   openat(AT_FDCWD, "/usr/lib/tls/neon/libcrypt.so.1", O_RDONLY|O_CLOEXEC) = -1 ENOENT (No such file or directory)
205   +++ exited with 0 +++
193   openat(AT_FDCWD, "/usr/lib/tls/vfp/libcrypt.so.1", O_RDONLY|O_CLOEXEC) = -1 ENOENT (No such file or directory)
206   +++ exited with 0 +++
193   openat(AT_FDCWD, "/usr/lib/tls/libcrypt.so.1", O_RDONLY|O_CLOEXEC) = -1 ENOENT (No such file or directory)
207   +++ exited with 0 +++
193   openat(AT_FDCWD, "/usr/lib/v7l/neon/vfp/libcrypt.so.1", O_RDONLY|O_CLOEXEC) = -1 ENOENT (No such file or directory)
193   openat(AT_FDCWD, "/usr/lib/v7l/neon/libcrypt.so.1", O_RDONLY|O_CLOEXEC) = -1 ENOENT (No such file or directory)
193   openat(AT_FDCWD, "/usr/lib/v7l/vfp/libcrypt.so.1", O_RDONLY|O_CLOEXEC) = -1 ENOENT (No such file or directory)
193   openat(AT_FDCWD, "/usr/lib/v7l/libcrypt.so.1", O_RDONLY|O_CLOEXEC) = -1 ENOENT (No such file or directory)
193   openat(AT_FDCWD, "/usr/lib/neon/vfp/libcrypt.so.1", O_RDONLY|O_CLOEXEC) = -1 ENOENT (No such file or directory)
193   openat(AT_FDCWD, "/usr/lib/neon/libcrypt.so.1", O_RDONLY|O_CLOEXEC) = -1 ENOENT (No such file or directory)
193   openat(AT_FDCWD, "/usr/lib/vfp/libcrypt.so.1", O_RDONLY|O_CLOEXEC) = -1 ENOENT (No such file or directory)
193   openat(AT_FDCWD, "/usr/lib/libcrypt.so.1", O_RDONLY|O_CLOEXEC) = -1 ENOENT (No such file or directory)
208   +++ exited with 0 +++
193   openat(AT_FDCWD, "/lib/tls/v7l/neon/vfp/libcrypt.so.1", O_RDONLY|O_CLOEXEC) = -1 ENOENT (No such file or directory)
193   openat(AT_FDCWD, "/lib/tls/v7l/neon/libcrypt.so.1", O_RDONLY|O_CLOEXEC) = -1 ENOENT (No such file or directory)
193   openat(AT_FDCWD, "/lib/tls/v7l/vfp/libcrypt.so.1", O_RDONLY|O_CLOEXEC) = -1 ENOENT (No such file or directory)
193   openat(AT_FDCWD, "/lib/tls/v7l/libcrypt.so.1", O_RDONLY|O_CLOEXEC) = -1 ENOENT (No such file or directory)
193   openat(AT_FDCWD, "/lib/tls/neon/vfp/libcrypt.so.1", O_RDONLY|O_CLOEXEC) = -1 ENOENT (No such file or directory)
193   openat(AT_FDCWD, "/lib/tls/neon/libcrypt.so.1", O_RDONLY|O_CLOEXEC) = -1 ENOENT (No such file or directory)
193   openat(AT_FDCWD, "/lib/tls/vfp/libcrypt.so.1", O_RDONLY|O_CLOEXEC) = -1 ENOENT (No such file or directory)
193   openat(AT_FDCWD, "/lib/tls/libcrypt.so.1", O_RDONLY|O_CLOEXEC) = -1 ENOENT (No such file or directory)
193   openat(AT_FDCWD, "/lib/v7l/neon/vfp/libcrypt.so.1", O_RDONLY|O_CLOEXEC) = -1 ENOENT (No such file or directory)
193   openat(AT_FDCWD, "/lib/v7l/neon/libcrypt.so.1", O_RDONLY|O_CLOEXEC) = -1 ENOENT (No such file or directory)
193   openat(AT_FDCWD, "/lib/v7l/vfp/libcrypt.so.1", O_RDONLY|O_CLOEXEC) = -1 ENOENT (No such file or directory)
193   openat(AT_FDCWD, "/lib/v7l/libcrypt.so.1", O_RDONLY|O_CLOEXEC) = -1 ENOENT (No such file or directory)
193   openat(AT_FDCWD, "/lib/neon/vfp/libcrypt.so.1", O_RDONLY|O_CLOEXEC) = -1 ENOENT (No such file or directory)
193   openat(AT_FDCWD, "/lib/neon/libcrypt.so.1", O_RDONLY|O_CLOEXEC) = -1 ENOENT (No such file or directory)
193   openat(AT_FDCWD, "/lib/vfp/libcrypt.so.1", O_RDONLY|O_CLOEXEC) = -1 ENOENT (No such file or directory)
193   openat(AT_FDCWD, "/lib/libcrypt.so.1", O_RDONLY|O_CLOEXEC) = 3
209   +++ exited with 0 +++
193   openat(AT_FDCWD, "/usr/local/Qt4.7.4/lib/libc.so.6", O_RDONLY|O_CLOEXEC) = -1 ENOENT (No such file or directory)
193   openat(AT_FDCWD, "/usr/lib/libc.so.6", O_RDONLY|O_CLOEXEC) = -1 ENOENT (No such file or directory)
193   openat(AT_FDCWD, "/lib/libc.so.6", O_RDONLY|O_CLOEXEC) = 3
197   openat(AT_FDCWD, "/data/feasycom/rtl8761bt_config", O_RDONLY) = 26
197   openat(AT_FDCWD, "/etc/bluetooth/rtk_btconfig.txt", O_RDONLY) = -1 ENOENT (No such file or directory)
197   openat(AT_FDCWD, "/etc/rtl8761bt_fw", O_RDONLY) = 26
193   openat(AT_FDCWD, "./driver_load.sh", O_RDONLY|O_LARGEFILE) = 3
124   ioctl(26, FIONREAD, [1])          = 0
210   +++ exited with 0 +++
211   +++ exited with 0 +++
212   openat(AT_FDCWD, "/usr/local/Qt4.7.4/lib/tls/v7l/neon/vfp/libcrypt.so.1", O_RDONLY|O_CLOEXEC <unfinished ...>
197   ioctl(6, TCGETS <unfinished ...>
212   <... openat resumed>)             = -1 ENOENT (No such file or directory)
197   <... ioctl resumed>, {c_iflag=, c_oflag=NL0|CR0|TAB0|BS0|VT0|FF0|ONLCR, c_cflag=B115200|CS8|CREAD|PARENB|HUPCL|CLOCAL, c_lflag=ECHOE|ECHOK|ECHOCTL|ECHOKE, ...}) = 0
197   ioctl(6, SNDCTL_TMR_START or TCSETS, {c_iflag=, c_oflag=NL0|CR0|TAB0|BS0|VT0|FF0|ONLCR, c_cflag=B1500000|CS8|CREAD|PARENB|HUPCL|CLOCAL, c_lflag=ECHOE|ECHOK|ECHOCTL|ECHOKE, ...}) = 0
212   openat(AT_FDCWD, "/usr/local/Qt4.7.4/lib/tls/v7l/neon/libcrypt.so.1", O_RDONLY|O_CLOEXEC <unfinished ...>
197   ioctl(6, SNDCTL_TMR_STOP or TCSETSW, {c_iflag=, c_oflag=NL0|CR0|TAB0|BS0|VT0|FF0|ONLCR, c_cflag=B1500000|CS8|CREAD|PARENB|HUPCL|CLOCAL, c_lflag=ECHOE|ECHOK|ECHOCTL|ECHOKE, ...} <unfinished ...>
212   <... openat resumed>)             = -1 ENOENT (No such file or directory)
197   <... ioctl resumed>)              = 0
197   ioctl(6, TCGETS, {c_iflag=, c_oflag=NL0|CR0|TAB0|BS0|VT0|FF0|ONLCR, c_cflag=B1500000|CS8|CREAD|PARENB|HUPCL|CLOCAL, c_lflag=ECHOE|ECHOK|ECHOCTL|ECHOKE, ...}) = 0
212   openat(AT_FDCWD, "/usr/local/Qt4.7.4/lib/tls/v7l/vfp/libcrypt.so.1", O_RDONLY|O_CLOEXEC) = -1 ENOENT (No such file or directory)
212   openat(AT_FDCWD, "/usr/local/Qt4.7.4/lib/tls/v7l/libcrypt.so.1", O_RDONLY|O_CLOEXEC) = -1 ENOENT (No such file or directory)
212   openat(AT_FDCWD, "/usr/local/Qt4.7.4/lib/tls/neon/vfp/libcrypt.so.1", O_RDONLY|O_CLOEXEC) = -1 ENOENT (No such file or directory)
212   openat(AT_FDCWD, "/usr/local/Qt4.7.4/lib/tls/neon/libcrypt.so.1", O_RDONLY|O_CLOEXEC) = -1 ENOENT (No such file or directory)
212   openat(AT_FDCWD, "/usr/local/Qt4.7.4/lib/tls/vfp/libcrypt.so.1", O_RDONLY|O_CLOEXEC) = -1 ENOENT (No such file or directory)
212   openat(AT_FDCWD, "/usr/local/Qt4.7.4/lib/tls/libcrypt.so.1", O_RDONLY|O_CLOEXEC) = -1 ENOENT (No such file or directory)
212   openat(AT_FDCWD, "/usr/local/Qt4.7.4/lib/v7l/neon/vfp/libcrypt.so.1", O_RDONLY|O_CLOEXEC) = -1 ENOENT (No such file or directory)
212   openat(AT_FDCWD, "/usr/local/Qt4.7.4/lib/v7l/neon/libcrypt.so.1", O_RDONLY|O_CLOEXEC) = -1 ENOENT (No such file or directory)
212   openat(AT_FDCWD, "/usr/local/Qt4.7.4/lib/v7l/vfp/libcrypt.so.1", O_RDONLY|O_CLOEXEC) = -1 ENOENT (No such file or directory)
212   openat(AT_FDCWD, "/usr/local/Qt4.7.4/lib/v7l/libcrypt.so.1", O_RDONLY|O_CLOEXEC <unfinished ...>
197   +++ exited with 254 +++
196   +++ exited with 254 +++
195   +++ exited with 254 +++
194   +++ exited with 254 +++
192   +++ exited with 254 +++
191   +++ exited with 254 +++
190   +++ exited with 254 +++
189   +++ exited with 254 +++
188   +++ exited with 254 +++
187   +++ exited with 254 +++
184   +++ exited with 254 +++
212   <... openat resumed>)             = -1 ENOENT (No such file or directory)
164   --- SIGCHLD {si_signo=SIGCHLD, si_code=CLD_EXITED, si_pid=184, si_uid=0, si_status=254, si_utime=2 /* 0.02 s */, si_stime=11 /* 0.11 s */} ---
212   openat(AT_FDCWD, "/usr/local/Qt4.7.4/lib/neon/vfp/libcrypt.so.1", O_RDONLY|O_CLOEXEC) = -1 ENOENT (No such file or directory)
212   openat(AT_FDCWD, "/usr/local/Qt4.7.4/lib/neon/libcrypt.so.1", O_RDONLY|O_CLOEXEC) = -1 ENOENT (No such file or directory)
212   openat(AT_FDCWD, "/usr/local/Qt4.7.4/lib/vfp/libcrypt.so.1", O_RDONLY|O_CLOEXEC) = -1 ENOENT (No such file or directory)
212   openat(AT_FDCWD, "/usr/local/Qt4.7.4/lib/libcrypt.so.1", O_RDONLY|O_CLOEXEC) = -1 ENOENT (No such file or directory)
212   openat(AT_FDCWD, "/usr/lib/tls/v7l/neon/vfp/libcrypt.so.1", O_RDONLY|O_CLOEXEC) = -1 ENOENT (No such file or directory)
212   openat(AT_FDCWD, "/usr/lib/tls/v7l/neon/libcrypt.so.1", O_RDONLY|O_CLOEXEC) = -1 ENOENT (No such file or directory)
212   openat(AT_FDCWD, "/usr/lib/tls/v7l/vfp/libcrypt.so.1", O_RDONLY|O_CLOEXEC) = -1 ENOENT (No such file or directory)
212   openat(AT_FDCWD, "/usr/lib/tls/v7l/libcrypt.so.1", O_RDONLY|O_CLOEXEC) = -1 ENOENT (No such file or directory)
212   openat(AT_FDCWD, "/usr/lib/tls/neon/vfp/libcrypt.so.1", O_RDONLY|O_CLOEXEC) = -1 ENOENT (No such file or directory)
212   openat(AT_FDCWD, "/usr/lib/tls/neon/libcrypt.so.1", O_RDONLY|O_CLOEXEC) = -1 ENOENT (No such file or directory)
212   openat(AT_FDCWD, "/usr/lib/tls/vfp/libcrypt.so.1", O_RDONLY|O_CLOEXEC) = -1 ENOENT (No such file or directory)
212   openat(AT_FDCWD, "/usr/lib/tls/libcrypt.so.1", O_RDONLY|O_CLOEXEC) = -1 ENOENT (No such file or directory)
212   openat(AT_FDCWD, "/usr/lib/v7l/neon/vfp/libcrypt.so.1", O_RDONLY|O_CLOEXEC) = -1 ENOENT (No such file or directory)
212   openat(AT_FDCWD, "/usr/lib/v7l/neon/libcrypt.so.1", O_RDONLY|O_CLOEXEC) = -1 ENOENT (No such file or directory)
212   openat(AT_FDCWD, "/usr/lib/v7l/vfp/libcrypt.so.1", O_RDONLY|O_CLOEXEC) = -1 ENOENT (No such file or directory)
212   openat(AT_FDCWD, "/usr/lib/v7l/libcrypt.so.1", O_RDONLY|O_CLOEXEC) = -1 ENOENT (No such file or directory)
212   openat(AT_FDCWD, "/usr/lib/neon/vfp/libcrypt.so.1", O_RDONLY|O_CLOEXEC) = -1 ENOENT (No such file or directory)
212   openat(AT_FDCWD, "/usr/lib/neon/libcrypt.so.1", O_RDONLY|O_CLOEXEC) = -1 ENOENT (No such file or directory)
212   openat(AT_FDCWD, "/usr/lib/vfp/libcrypt.so.1", O_RDONLY|O_CLOEXEC) = -1 ENOENT (No such file or directory)
212   openat(AT_FDCWD, "/usr/lib/libcrypt.so.1", O_RDONLY|O_CLOEXEC) = -1 ENOENT (No such file or directory)
212   openat(AT_FDCWD, "/lib/tls/v7l/neon/vfp/libcrypt.so.1", O_RDONLY|O_CLOEXEC) = -1 ENOENT (No such file or directory)
212   openat(AT_FDCWD, "/lib/tls/v7l/neon/libcrypt.so.1", O_RDONLY|O_CLOEXEC) = -1 ENOENT (No such file or directory)
212   openat(AT_FDCWD, "/lib/tls/v7l/vfp/libcrypt.so.1", O_RDONLY|O_CLOEXEC) = -1 ENOENT (No such file or directory)
212   openat(AT_FDCWD, "/lib/tls/v7l/libcrypt.so.1", O_RDONLY|O_CLOEXEC) = -1 ENOENT (No such file or directory)
212   openat(AT_FDCWD, "/lib/tls/neon/vfp/libcrypt.so.1", O_RDONLY|O_CLOEXEC) = -1 ENOENT (No such file or directory)
212   openat(AT_FDCWD, "/lib/tls/neon/libcrypt.so.1", O_RDONLY|O_CLOEXEC) = -1 ENOENT (No such file or directory)
212   openat(AT_FDCWD, "/lib/tls/vfp/libcrypt.so.1", O_RDONLY|O_CLOEXEC) = -1 ENOENT (No such file or directory)
212   openat(AT_FDCWD, "/lib/tls/libcrypt.so.1", O_RDONLY|O_CLOEXEC) = -1 ENOENT (No such file or directory)
212   openat(AT_FDCWD, "/lib/v7l/neon/vfp/libcrypt.so.1", O_RDONLY|O_CLOEXEC) = -1 ENOENT (No such file or directory)
212   openat(AT_FDCWD, "/lib/v7l/neon/libcrypt.so.1", O_RDONLY|O_CLOEXEC) = -1 ENOENT (No such file or directory)
212   openat(AT_FDCWD, "/lib/v7l/vfp/libcrypt.so.1", O_RDONLY|O_CLOEXEC) = -1 ENOENT (No such file or directory)
212   openat(AT_FDCWD, "/lib/v7l/libcrypt.so.1", O_RDONLY|O_CLOEXEC) = -1 ENOENT (No such file or directory)
212   openat(AT_FDCWD, "/lib/neon/vfp/libcrypt.so.1", O_RDONLY|O_CLOEXEC) = -1 ENOENT (No such file or directory)
212   openat(AT_FDCWD, "/lib/neon/libcrypt.so.1", O_RDONLY|O_CLOEXEC) = -1 ENOENT (No such file or directory)
212   openat(AT_FDCWD, "/lib/vfp/libcrypt.so.1", O_RDONLY|O_CLOEXEC) = -1 ENOENT (No such file or directory)
212   openat(AT_FDCWD, "/lib/libcrypt.so.1", O_RDONLY|O_CLOEXEC) = 3
212   openat(AT_FDCWD, "/usr/local/Qt4.7.4/lib/libc.so.6", O_RDONLY|O_CLOEXEC) = -1 ENOENT (No such file or directory)
212   openat(AT_FDCWD, "/usr/lib/libc.so.6", O_RDONLY|O_CLOEXEC) = -1 ENOENT (No such file or directory)
212   openat(AT_FDCWD, "/lib/libc.so.6", O_RDONLY|O_CLOEXEC) = 3
212   openat(AT_FDCWD, "/lib/modules/3.4.0/kernel/drivers/ark/hx170dec/hx170dec.ko", O_RDONLY|O_LARGEFILE) = -1 ENOENT (No such file or directory)
124   ioctl(28, FIONREAD, [107])        = 0
212   +++ exited with 1 +++
193   --- SIGCHLD {si_signo=SIGCHLD, si_code=CLD_EXITED, si_pid=212, si_uid=0, si_status=1, si_utime=0, si_stime=2 /* 0.02 s */} ---
193   +++ exited with 1 +++
137   --- SIGCHLD {si_signo=SIGCHLD, si_code=CLD_EXITED, si_pid=193, si_uid=0, si_status=1, si_utime=0, si_stime=1 /* 0.01 s */} ---
213   openat(AT_FDCWD, "/usr/local/Qt4.7.4/lib/tls/v7l/neon/vfp/libcrypt.so.1", O_RDONLY|O_CLOEXEC) = -1 ENOENT (No such file or directory)
213   openat(AT_FDCWD, "/usr/local/Qt4.7.4/lib/tls/v7l/neon/libcrypt.so.1", O_RDONLY|O_CLOEXEC) = -1 ENOENT (No such file or directory)
213   openat(AT_FDCWD, "/usr/local/Qt4.7.4/lib/tls/v7l/vfp/libcrypt.so.1", O_RDONLY|O_CLOEXEC) = -1 ENOENT (No such file or directory)
213   openat(AT_FDCWD, "/usr/local/Qt4.7.4/lib/tls/v7l/libcrypt.so.1", O_RDONLY|O_CLOEXEC) = -1 ENOENT (No such file or directory)
213   openat(AT_FDCWD, "/usr/local/Qt4.7.4/lib/tls/neon/vfp/libcrypt.so.1", O_RDONLY|O_CLOEXEC) = -1 ENOENT (No such file or directory)
213   openat(AT_FDCWD, "/usr/local/Qt4.7.4/lib/tls/neon/libcrypt.so.1", O_RDONLY|O_CLOEXEC) = -1 ENOENT (No such file or directory)
213   openat(AT_FDCWD, "/usr/local/Qt4.7.4/lib/tls/vfp/libcrypt.so.1", O_RDONLY|O_CLOEXEC) = -1 ENOENT (No such file or directory)
213   openat(AT_FDCWD, "/usr/local/Qt4.7.4/lib/tls/libcrypt.so.1", O_RDONLY|O_CLOEXEC) = -1 ENOENT (No such file or directory)
213   openat(AT_FDCWD, "/usr/local/Qt4.7.4/lib/v7l/neon/vfp/libcrypt.so.1", O_RDONLY|O_CLOEXEC) = -1 ENOENT (No such file or directory)
213   openat(AT_FDCWD, "/usr/local/Qt4.7.4/lib/v7l/neon/libcrypt.so.1", O_RDONLY|O_CLOEXEC) = -1 ENOENT (No such file or directory)
213   openat(AT_FDCWD, "/usr/local/Qt4.7.4/lib/v7l/vfp/libcrypt.so.1", O_RDONLY|O_CLOEXEC) = -1 ENOENT (No such file or directory)
213   openat(AT_FDCWD, "/usr/local/Qt4.7.4/lib/v7l/libcrypt.so.1", O_RDONLY|O_CLOEXEC) = -1 ENOENT (No such file or directory)
213   openat(AT_FDCWD, "/usr/local/Qt4.7.4/lib/neon/vfp/libcrypt.so.1", O_RDONLY|O_CLOEXEC) = -1 ENOENT (No such file or directory)
213   openat(AT_FDCWD, "/usr/local/Qt4.7.4/lib/neon/libcrypt.so.1", O_RDONLY|O_CLOEXEC) = -1 ENOENT (No such file or directory)
213   openat(AT_FDCWD, "/usr/local/Qt4.7.4/lib/vfp/libcrypt.so.1", O_RDONLY|O_CLOEXEC) = -1 ENOENT (No such file or directory)
213   openat(AT_FDCWD, "/usr/local/Qt4.7.4/lib/libcrypt.so.1", O_RDONLY|O_CLOEXEC) = -1 ENOENT (No such file or directory)
213   openat(AT_FDCWD, "/usr/lib/tls/v7l/neon/vfp/libcrypt.so.1", O_RDONLY|O_CLOEXEC) = -1 ENOENT (No such file or directory)
213   openat(AT_FDCWD, "/usr/lib/tls/v7l/neon/libcrypt.so.1", O_RDONLY|O_CLOEXEC) = -1 ENOENT (No such file or directory)
213   openat(AT_FDCWD, "/usr/lib/tls/v7l/vfp/libcrypt.so.1", O_RDONLY|O_CLOEXEC) = -1 ENOENT (No such file or directory)
213   openat(AT_FDCWD, "/usr/lib/tls/v7l/libcrypt.so.1", O_RDONLY|O_CLOEXEC) = -1 ENOENT (No such file or directory)
213   openat(AT_FDCWD, "/usr/lib/tls/neon/vfp/libcrypt.so.1", O_RDONLY|O_CLOEXEC) = -1 ENOENT (No such file or directory)
213   openat(AT_FDCWD, "/usr/lib/tls/neon/libcrypt.so.1", O_RDONLY|O_CLOEXEC) = -1 ENOENT (No such file or directory)
213   openat(AT_FDCWD, "/usr/lib/tls/vfp/libcrypt.so.1", O_RDONLY|O_CLOEXEC) = -1 ENOENT (No such file or directory)
213   openat(AT_FDCWD, "/usr/lib/tls/libcrypt.so.1", O_RDONLY|O_CLOEXEC) = -1 ENOENT (No such file or directory)
213   openat(AT_FDCWD, "/usr/lib/v7l/neon/vfp/libcrypt.so.1", O_RDONLY|O_CLOEXEC) = -1 ENOENT (No such file or directory)
213   openat(AT_FDCWD, "/usr/lib/v7l/neon/libcrypt.so.1", O_RDONLY|O_CLOEXEC) = -1 ENOENT (No such file or directory)
213   openat(AT_FDCWD, "/usr/lib/v7l/vfp/libcrypt.so.1", O_RDONLY|O_CLOEXEC) = -1 ENOENT (No such file or directory)
213   openat(AT_FDCWD, "/usr/lib/v7l/libcrypt.so.1", O_RDONLY|O_CLOEXEC) = -1 ENOENT (No such file or directory)
213   openat(AT_FDCWD, "/usr/lib/neon/vfp/libcrypt.so.1", O_RDONLY|O_CLOEXEC) = -1 ENOENT (No such file or directory)
213   openat(AT_FDCWD, "/usr/lib/neon/libcrypt.so.1", O_RDONLY|O_CLOEXEC) = -1 ENOENT (No such file or directory)
213   openat(AT_FDCWD, "/usr/lib/vfp/libcrypt.so.1", O_RDONLY|O_CLOEXEC) = -1 ENOENT (No such file or directory)
213   openat(AT_FDCWD, "/usr/lib/libcrypt.so.1", O_RDONLY|O_CLOEXEC) = -1 ENOENT (No such file or directory)
213   openat(AT_FDCWD, "/lib/tls/v7l/neon/vfp/libcrypt.so.1", O_RDONLY|O_CLOEXEC) = -1 ENOENT (No such file or directory)
213   openat(AT_FDCWD, "/lib/tls/v7l/neon/libcrypt.so.1", O_RDONLY|O_CLOEXEC) = -1 ENOENT (No such file or directory)
213   openat(AT_FDCWD, "/lib/tls/v7l/vfp/libcrypt.so.1", O_RDONLY|O_CLOEXEC) = -1 ENOENT (No such file or directory)
214   openat(AT_FDCWD, "/data/feasycom/bw_conf0.db", O_RDWR) = 4
213   openat(AT_FDCWD, "/lib/tls/v7l/libcrypt.so.1", O_RDONLY|O_CLOEXEC) = -1 ENOENT (No such file or directory)
213   openat(AT_FDCWD, "/lib/tls/neon/vfp/libcrypt.so.1", O_RDONLY|O_CLOEXEC) = -1 ENOENT (No such file or directory)
213   openat(AT_FDCWD, "/lib/tls/neon/libcrypt.so.1", O_RDONLY|O_CLOEXEC) = -1 ENOENT (No such file or directory)
214   openat(AT_FDCWD, "/data/feasycom/bw_conf1.db", O_RDWR) = 4
213   openat(AT_FDCWD, "/lib/tls/vfp/libcrypt.so.1", O_RDONLY|O_CLOEXEC) = -1 ENOENT (No such file or directory)
213   openat(AT_FDCWD, "/lib/tls/libcrypt.so.1", O_RDONLY|O_CLOEXEC) = -1 ENOENT (No such file or directory)
213   openat(AT_FDCWD, "/lib/v7l/neon/vfp/libcrypt.so.1", O_RDONLY|O_CLOEXEC <unfinished ...>
214   openat(AT_FDCWD, "/etc/blueware-bw123.properties", O_RDONLY <unfinished ...>
213   <... openat resumed>)             = -1 ENOENT (No such file or directory)
214   <... openat resumed>)             = 4
213   openat(AT_FDCWD, "/lib/v7l/neon/libcrypt.so.1", O_RDONLY|O_CLOEXEC) = -1 ENOENT (No such file or directory)
213   openat(AT_FDCWD, "/lib/v7l/vfp/libcrypt.so.1", O_RDONLY|O_CLOEXEC) = -1 ENOENT (No such file or directory)
213   openat(AT_FDCWD, "/lib/v7l/libcrypt.so.1", O_RDONLY|O_CLOEXEC) = -1 ENOENT (No such file or directory)
213   openat(AT_FDCWD, "/lib/neon/vfp/libcrypt.so.1", O_RDONLY|O_CLOEXEC) = -1 ENOENT (No such file or directory)
213   openat(AT_FDCWD, "/lib/neon/libcrypt.so.1", O_RDONLY|O_CLOEXEC) = -1 ENOENT (No such file or directory)
213   openat(AT_FDCWD, "/lib/vfp/libcrypt.so.1", O_RDONLY|O_CLOEXEC) = -1 ENOENT (No such file or directory)
213   openat(AT_FDCWD, "/lib/libcrypt.so.1", O_RDONLY|O_CLOEXEC) = 3
213   openat(AT_FDCWD, "/usr/local/Qt4.7.4/lib/libc.so.6", O_RDONLY|O_CLOEXEC) = -1 ENOENT (No such file or directory)
213   openat(AT_FDCWD, "/usr/lib/libc.so.6", O_RDONLY|O_CLOEXEC) = -1 ENOENT (No such file or directory)
213   openat(AT_FDCWD, "/lib/libc.so.6", O_RDONLY|O_CLOEXEC) = 3
213   openat(AT_FDCWD, "./itu656_load.sh", O_RDONLY|O_LARGEFILE) = 3
124   ioctl(26, FIONREAD, [1])          = 0
215   openat(AT_FDCWD, "/usr/local/Qt4.7.4/lib/tls/v7l/neon/vfp/libcrypt.so.1", O_RDONLY|O_CLOEXEC) = -1 ENOENT (No such file or directory)
215   openat(AT_FDCWD, "/usr/local/Qt4.7.4/lib/tls/v7l/neon/libcrypt.so.1", O_RDONLY|O_CLOEXEC) = -1 ENOENT (No such file or directory)
215   openat(AT_FDCWD, "/usr/local/Qt4.7.4/lib/tls/v7l/vfp/libcrypt.so.1", O_RDONLY|O_CLOEXEC) = -1 ENOENT (No such file or directory)
215   openat(AT_FDCWD, "/usr/local/Qt4.7.4/lib/tls/v7l/libcrypt.so.1", O_RDONLY|O_CLOEXEC) = -1 ENOENT (No such file or directory)
215   openat(AT_FDCWD, "/usr/local/Qt4.7.4/lib/tls/neon/vfp/libcrypt.so.1", O_RDONLY|O_CLOEXEC) = -1 ENOENT (No such file or directory)
215   openat(AT_FDCWD, "/usr/local/Qt4.7.4/lib/tls/neon/libcrypt.so.1", O_RDONLY|O_CLOEXEC) = -1 ENOENT (No such file or directory)
215   openat(AT_FDCWD, "/usr/local/Qt4.7.4/lib/tls/vfp/libcrypt.so.1", O_RDONLY|O_CLOEXEC) = -1 ENOENT (No such file or directory)
215   openat(AT_FDCWD, "/usr/local/Qt4.7.4/lib/tls/libcrypt.so.1", O_RDONLY|O_CLOEXEC) = -1 ENOENT (No such file or directory)
215   openat(AT_FDCWD, "/usr/local/Qt4.7.4/lib/v7l/neon/vfp/libcrypt.so.1", O_RDONLY|O_CLOEXEC) = -1 ENOENT (No such file or directory)
215   openat(AT_FDCWD, "/usr/local/Qt4.7.4/lib/v7l/neon/libcrypt.so.1", O_RDONLY|O_CLOEXEC) = -1 ENOENT (No such file or directory)
214   openat(AT_FDCWD, "/sys/class/gpio/export", O_WRONLY) = 4
215   openat(AT_FDCWD, "/usr/local/Qt4.7.4/lib/v7l/vfp/libcrypt.so.1", O_RDONLY|O_CLOEXEC) = -1 ENOENT (No such file or directory)
215   openat(AT_FDCWD, "/usr/local/Qt4.7.4/lib/v7l/libcrypt.so.1", O_RDONLY|O_CLOEXEC <unfinished ...>
214   openat(AT_FDCWD, "/sys/class/gpio/gpio91/direction", O_WRONLY <unfinished ...>
215   <... openat resumed>)             = -1 ENOENT (No such file or directory)
214   <... openat resumed>)             = 4
215   openat(AT_FDCWD, "/usr/local/Qt4.7.4/lib/neon/vfp/libcrypt.so.1", O_RDONLY|O_CLOEXEC) = -1 ENOENT (No such file or directory)
214   openat(AT_FDCWD, "/sys/class/gpio/gpio91/value", O_WRONLY) = 4
215   openat(AT_FDCWD, "/usr/local/Qt4.7.4/lib/neon/libcrypt.so.1", O_RDONLY|O_CLOEXEC) = -1 ENOENT (No such file or directory)
215   openat(AT_FDCWD, "/usr/local/Qt4.7.4/lib/vfp/libcrypt.so.1", O_RDONLY|O_CLOEXEC) = -1 ENOENT (No such file or directory)
215   openat(AT_FDCWD, "/usr/local/Qt4.7.4/lib/libcrypt.so.1", O_RDONLY|O_CLOEXEC) = -1 ENOENT (No such file or directory)
215   openat(AT_FDCWD, "/usr/lib/tls/v7l/neon/vfp/libcrypt.so.1", O_RDONLY|O_CLOEXEC) = -1 ENOENT (No such file or directory)
214   ioctl(3, TCFLSH, TCIOFLUSH)       = 0
215   openat(AT_FDCWD, "/usr/lib/tls/v7l/neon/libcrypt.so.1", O_RDONLY|O_CLOEXEC) = -1 ENOENT (No such file or directory)
215   openat(AT_FDCWD, "/usr/lib/tls/v7l/vfp/libcrypt.so.1", O_RDONLY|O_CLOEXEC) = -1 ENOENT (No such file or directory)
215   openat(AT_FDCWD, "/usr/lib/tls/v7l/libcrypt.so.1", O_RDONLY|O_CLOEXEC) = -1 ENOENT (No such file or directory)
214   openat(AT_FDCWD, "/data/feasycom/bw_conf1.db", O_RDWR|O_CREAT|O_TRUNC, 0666 <unfinished ...>
215   openat(AT_FDCWD, "/usr/lib/tls/neon/vfp/libcrypt.so.1", O_RDONLY|O_CLOEXEC) = -1 ENOENT (No such file or directory)
214   <... openat resumed>)             = 5
215   openat(AT_FDCWD, "/usr/lib/tls/neon/libcrypt.so.1", O_RDONLY|O_CLOEXEC) = -1 ENOENT (No such file or directory)
215   openat(AT_FDCWD, "/usr/lib/tls/vfp/libcrypt.so.1", O_RDONLY|O_CLOEXEC) = -1 ENOENT (No such file or directory)
215   openat(AT_FDCWD, "/usr/lib/tls/libcrypt.so.1", O_RDONLY|O_CLOEXEC) = -1 ENOENT (No such file or directory)
214   openat(AT_FDCWD, "/data/feasycom/bw_conf0.db", O_RDWR|O_CREAT|O_TRUNC, 0666 <unfinished ...>
215   openat(AT_FDCWD, "/usr/lib/v7l/neon/vfp/libcrypt.so.1", O_RDONLY|O_CLOEXEC) = -1 ENOENT (No such file or directory)
214   <... openat resumed>)             = 5
215   openat(AT_FDCWD, "/usr/lib/v7l/neon/libcrypt.so.1", O_RDONLY|O_CLOEXEC) = -1 ENOENT (No such file or directory)
215   openat(AT_FDCWD, "/usr/lib/v7l/vfp/libcrypt.so.1", O_RDONLY|O_CLOEXEC) = -1 ENOENT (No such file or directory)
215   openat(AT_FDCWD, "/usr/lib/v7l/libcrypt.so.1", O_RDONLY|O_CLOEXEC) = -1 ENOENT (No such file or directory)
215   openat(AT_FDCWD, "/usr/lib/neon/vfp/libcrypt.so.1", O_RDONLY|O_CLOEXEC) = -1 ENOENT (No such file or directory)
215   openat(AT_FDCWD, "/usr/lib/neon/libcrypt.so.1", O_RDONLY|O_CLOEXEC) = -1 ENOENT (No such file or directory)
215   openat(AT_FDCWD, "/usr/lib/vfp/libcrypt.so.1", O_RDONLY|O_CLOEXEC) = -1 ENOENT (No such file or directory)
215   openat(AT_FDCWD, "/usr/lib/libcrypt.so.1", O_RDONLY|O_CLOEXEC) = -1 ENOENT (No such file or directory)
215   openat(AT_FDCWD, "/lib/tls/v7l/neon/vfp/libcrypt.so.1", O_RDONLY|O_CLOEXEC) = -1 ENOENT (No such file or directory)
215   openat(AT_FDCWD, "/lib/tls/v7l/neon/libcrypt.so.1", O_RDONLY|O_CLOEXEC) = -1 ENOENT (No such file or directory)
215   openat(AT_FDCWD, "/lib/tls/v7l/vfp/libcrypt.so.1", O_RDONLY|O_CLOEXEC) = -1 ENOENT (No such file or directory)
215   openat(AT_FDCWD, "/lib/tls/v7l/libcrypt.so.1", O_RDONLY|O_CLOEXEC) = -1 ENOENT (No such file or directory)
215   openat(AT_FDCWD, "/lib/tls/neon/vfp/libcrypt.so.1", O_RDONLY|O_CLOEXEC) = -1 ENOENT (No such file or directory)
215   openat(AT_FDCWD, "/lib/tls/neon/libcrypt.so.1", O_RDONLY|O_CLOEXEC) = -1 ENOENT (No such file or directory)
215   openat(AT_FDCWD, "/lib/tls/vfp/libcrypt.so.1", O_RDONLY|O_CLOEXEC) = -1 ENOENT (No such file or directory)
215   openat(AT_FDCWD, "/lib/tls/libcrypt.so.1", O_RDONLY|O_CLOEXEC) = -1 ENOENT (No such file or directory)
215   openat(AT_FDCWD, "/lib/v7l/neon/vfp/libcrypt.so.1", O_RDONLY|O_CLOEXEC) = -1 ENOENT (No such file or directory)
215   openat(AT_FDCWD, "/lib/v7l/neon/libcrypt.so.1", O_RDONLY|O_CLOEXEC) = -1 ENOENT (No such file or directory)
215   openat(AT_FDCWD, "/lib/v7l/vfp/libcrypt.so.1", O_RDONLY|O_CLOEXEC) = -1 ENOENT (No such file or directory)
215   openat(AT_FDCWD, "/lib/v7l/libcrypt.so.1", O_RDONLY|O_CLOEXEC) = -1 ENOENT (No such file or directory)
215   openat(AT_FDCWD, "/lib/neon/vfp/libcrypt.so.1", O_RDONLY|O_CLOEXEC) = -1 ENOENT (No such file or directory)
215   openat(AT_FDCWD, "/lib/neon/libcrypt.so.1", O_RDONLY|O_CLOEXEC) = -1 ENOENT (No such file or directory)
215   openat(AT_FDCWD, "/lib/vfp/libcrypt.so.1", O_RDONLY|O_CLOEXEC) = -1 ENOENT (No such file or directory)
215   openat(AT_FDCWD, "/lib/libcrypt.so.1", O_RDONLY|O_CLOEXEC) = 3
215   openat(AT_FDCWD, "/usr/local/Qt4.7.4/lib/libc.so.6", O_RDONLY|O_CLOEXEC) = -1 ENOENT (No such file or directory)
215   openat(AT_FDCWD, "/usr/lib/libc.so.6", O_RDONLY|O_CLOEXEC) = -1 ENOENT (No such file or directory)
215   openat(AT_FDCWD, "/lib/libc.so.6", O_RDONLY|O_CLOEXEC) = 3
215   +++ exited with 0 +++
213   --- SIGCHLD {si_signo=SIGCHLD, si_code=CLD_EXITED, si_pid=215, si_uid=0, si_status=0, si_utime=0, si_stime=3 /* 0.03 s */} ---
124   ioctl(26, FIONREAD, [20])         = 0
216   openat(AT_FDCWD, "/usr/local/Qt4.7.4/lib/tls/v7l/neon/vfp/libcrypt.so.1", O_RDONLY|O_CLOEXEC) = -1 ENOENT (No such file or directory)
214   openat(AT_FDCWD, "/sys/bus/sdio/devices/", O_RDONLY|O_NONBLOCK|O_LARGEFILE|O_CLOEXEC|O_DIRECTORY) = 5
216   openat(AT_FDCWD, "/usr/local/Qt4.7.4/lib/tls/v7l/neon/libcrypt.so.1", O_RDONLY|O_CLOEXEC) = -1 ENOENT (No such file or directory)
216   openat(AT_FDCWD, "/usr/local/Qt4.7.4/lib/tls/v7l/vfp/libcrypt.so.1", O_RDONLY|O_CLOEXEC) = -1 ENOENT (No such file or directory)
216   openat(AT_FDCWD, "/usr/local/Qt4.7.4/lib/tls/v7l/libcrypt.so.1", O_RDONLY|O_CLOEXEC) = -1 ENOENT (No such file or directory)
214   openat(AT_FDCWD, "/usr/local/Qt4.7.4/lib/librtkvnd.so", O_RDONLY|O_CLOEXEC) = -1 ENOENT (No such file or directory)
214   openat(AT_FDCWD, "/usr/lib/librtkvnd.so", O_RDONLY|O_CLOEXEC <unfinished ...>
216   openat(AT_FDCWD, "/usr/local/Qt4.7.4/lib/tls/neon/vfp/libcrypt.so.1", O_RDONLY|O_CLOEXEC <unfinished ...>
214   <... openat resumed>)             = 5
216   <... openat resumed>)             = -1 ENOENT (No such file or directory)
216   openat(AT_FDCWD, "/usr/local/Qt4.7.4/lib/tls/neon/libcrypt.so.1", O_RDONLY|O_CLOEXEC) = -1 ENOENT (No such file or directory)
216   openat(AT_FDCWD, "/usr/local/Qt4.7.4/lib/tls/vfp/libcrypt.so.1", O_RDONLY|O_CLOEXEC) = -1 ENOENT (No such file or directory)
216   openat(AT_FDCWD, "/usr/local/Qt4.7.4/lib/tls/libcrypt.so.1", O_RDONLY|O_CLOEXEC) = -1 ENOENT (No such file or directory)
216   openat(AT_FDCWD, "/usr/local/Qt4.7.4/lib/v7l/neon/vfp/libcrypt.so.1", O_RDONLY|O_CLOEXEC) = -1 ENOENT (No such file or directory)
214   openat(AT_FDCWD, "/data/feasycom/rtkbt.conf", O_RDWR|O_CREAT|O_TRUNC, 0666 <unfinished ...>
216   openat(AT_FDCWD, "/usr/local/Qt4.7.4/lib/v7l/neon/libcrypt.so.1", O_RDONLY|O_CLOEXEC) = -1 ENOENT (No such file or directory)
214   <... openat resumed>)             = 5
216   openat(AT_FDCWD, "/usr/local/Qt4.7.4/lib/v7l/vfp/libcrypt.so.1", O_RDONLY|O_CLOEXEC) = -1 ENOENT (No such file or directory)
216   openat(AT_FDCWD, "/usr/local/Qt4.7.4/lib/v7l/libcrypt.so.1", O_RDONLY|O_CLOEXEC) = -1 ENOENT (No such file or directory)
214   openat(AT_FDCWD, "/data/feasycom/rtl8761bt_config", O_RDWR|O_CREAT|O_TRUNC, 0666 <unfinished ...>
216   openat(AT_FDCWD, "/usr/local/Qt4.7.4/lib/neon/vfp/libcrypt.so.1", O_RDONLY|O_CLOEXEC) = -1 ENOENT (No such file or directory)
214   <... openat resumed>)             = 5
216   openat(AT_FDCWD, "/usr/local/Qt4.7.4/lib/neon/libcrypt.so.1", O_RDONLY|O_CLOEXEC) = -1 ENOENT (No such file or directory)
216   openat(AT_FDCWD, "/usr/local/Qt4.7.4/lib/vfp/libcrypt.so.1", O_RDONLY|O_CLOEXEC) = -1 ENOENT (No such file or directory)
214   ioctl(1, TCGETS <unfinished ...>
216   openat(AT_FDCWD, "/usr/local/Qt4.7.4/lib/libcrypt.so.1", O_RDONLY|O_CLOEXEC <unfinished ...>
214   <... ioctl resumed>, 0xbe9ba7fc)  = -1 ENOTTY (Inappropriate ioctl for device)
216   <... openat resumed>)             = -1 ENOENT (No such file or directory)
214   openat(AT_FDCWD, "/data/feasycom/rtkbt.conf", O_RDONLY) = 5
216   openat(AT_FDCWD, "/usr/lib/tls/v7l/neon/vfp/libcrypt.so.1", O_RDONLY|O_CLOEXEC) = -1 ENOENT (No such file or directory)
216   openat(AT_FDCWD, "/usr/lib/tls/v7l/neon/libcrypt.so.1", O_RDONLY|O_CLOEXEC) = -1 ENOENT (No such file or directory)
214   openat(AT_FDCWD, "/data/feasycom/rtkbt.conf", O_RDONLY <unfinished ...>
216   openat(AT_FDCWD, "/usr/lib/tls/v7l/vfp/libcrypt.so.1", O_RDONLY|O_CLOEXEC <unfinished ...>
214   <... openat resumed>)             = 5
216   <... openat resumed>)             = -1 ENOENT (No such file or directory)
216   openat(AT_FDCWD, "/usr/lib/tls/v7l/libcrypt.so.1", O_RDONLY|O_CLOEXEC) = -1 ENOENT (No such file or directory)
216   openat(AT_FDCWD, "/usr/lib/tls/neon/vfp/libcrypt.so.1", O_RDONLY|O_CLOEXEC) = -1 ENOENT (No such file or directory)
216   openat(AT_FDCWD, "/usr/lib/tls/neon/libcrypt.so.1", O_RDONLY|O_CLOEXEC) = -1 ENOENT (No such file or directory)
216   openat(AT_FDCWD, "/usr/lib/tls/vfp/libcrypt.so.1", O_RDONLY|O_CLOEXEC) = -1 ENOENT (No such file or directory)
216   openat(AT_FDCWD, "/usr/lib/tls/libcrypt.so.1", O_RDONLY|O_CLOEXEC) = -1 ENOENT (No such file or directory)
216   openat(AT_FDCWD, "/usr/lib/v7l/neon/vfp/libcrypt.so.1", O_RDONLY|O_CLOEXEC) = -1 ENOENT (No such file or directory)
216   openat(AT_FDCWD, "/usr/lib/v7l/neon/libcrypt.so.1", O_RDONLY|O_CLOEXEC) = -1 ENOENT (No such file or directory)
216   openat(AT_FDCWD, "/usr/lib/v7l/vfp/libcrypt.so.1", O_RDONLY|O_CLOEXEC) = -1 ENOENT (No such file or directory)
216   openat(AT_FDCWD, "/usr/lib/v7l/libcrypt.so.1", O_RDONLY|O_CLOEXEC) = -1 ENOENT (No such file or directory)
216   openat(AT_FDCWD, "/usr/lib/neon/vfp/libcrypt.so.1", O_RDONLY|O_CLOEXEC) = -1 ENOENT (No such file or directory)
216   openat(AT_FDCWD, "/usr/lib/neon/libcrypt.so.1", O_RDONLY|O_CLOEXEC) = -1 ENOENT (No such file or directory)
216   openat(AT_FDCWD, "/usr/lib/vfp/libcrypt.so.1", O_RDONLY|O_CLOEXEC) = -1 ENOENT (No such file or directory)
216   openat(AT_FDCWD, "/usr/lib/libcrypt.so.1", O_RDONLY|O_CLOEXEC) = -1 ENOENT (No such file or directory)
216   openat(AT_FDCWD, "/lib/tls/v7l/neon/vfp/libcrypt.so.1", O_RDONLY|O_CLOEXEC) = -1 ENOENT (No such file or directory)
216   openat(AT_FDCWD, "/lib/tls/v7l/neon/libcrypt.so.1", O_RDONLY|O_CLOEXEC) = -1 ENOENT (No such file or directory)
216   openat(AT_FDCWD, "/lib/tls/v7l/vfp/libcrypt.so.1", O_RDONLY|O_CLOEXEC) = -1 ENOENT (No such file or directory)
214   openat(AT_FDCWD, "/proc/bluetooth/sleep/lpm", O_WRONLY <unfinished ...>
216   openat(AT_FDCWD, "/lib/tls/v7l/libcrypt.so.1", O_RDONLY|O_CLOEXEC) = -1 ENOENT (No such file or directory)
214   <... openat resumed>)             = -1 ENOENT (No such file or directory)
214   openat(AT_FDCWD, "/dev/ttyHS1", O_RDWR) = 6
216   openat(AT_FDCWD, "/lib/tls/neon/vfp/libcrypt.so.1", O_RDONLY|O_CLOEXEC <unfinished ...>
214   ioctl(6, TCFLSH, TCIOFLUSH <unfinished ...>
216   <... openat resumed>)             = -1 ENOENT (No such file or directory)
214   <... ioctl resumed>)              = 0
214   ioctl(6, TCGETS, {c_iflag=, c_oflag=NL0|CR0|TAB0|BS0|VT0|FF0|ONLCR, c_cflag=B1500000|CS8|CREAD|PARENB|HUPCL|CLOCAL, c_lflag=ECHOE|ECHOK|ECHOCTL|ECHOKE, ...}) = 0
216   openat(AT_FDCWD, "/lib/tls/neon/libcrypt.so.1", O_RDONLY|O_CLOEXEC <unfinished ...>
214   ioctl(6, SNDCTL_TMR_START or TCSETS, {c_iflag=, c_oflag=NL0|CR0|TAB0|BS0|VT0|FF0|ONLCR, c_cflag=B1500000|CS8|CREAD|PARENB|HUPCL|CLOCAL, c_lflag=ECHOE|ECHOK|ECHOCTL|ECHOKE, ...} <unfinished ...>
216   <... openat resumed>)             = -1 ENOENT (No such file or directory)
214   <... ioctl resumed>)              = 0
214   ioctl(6, TCFLSH, TCIOFLUSH)       = 0
216   openat(AT_FDCWD, "/lib/tls/vfp/libcrypt.so.1", O_RDONLY|O_CLOEXEC <unfinished ...>
214   ioctl(6, SNDCTL_TMR_START or TCSETS, {c_iflag=, c_oflag=NL0|CR0|TAB0|BS0|VT0|FF0|ONLCR, c_cflag=B1500000|CS8|CREAD|PARENB|HUPCL|CLOCAL, c_lflag=ECHOE|ECHOK|ECHOCTL|ECHOKE, ...} <unfinished ...>
216   <... openat resumed>)             = -1 ENOENT (No such file or directory)
214   <... ioctl resumed>)              = 0
214   ioctl(6, TCFLSH, TCIOFLUSH)       = 0
216   openat(AT_FDCWD, "/lib/tls/libcrypt.so.1", O_RDONLY|O_CLOEXEC <unfinished ...>
214   ioctl(6, TCFLSH, TCIOFLUSH <unfinished ...>
216   <... openat resumed>)             = -1 ENOENT (No such file or directory)
214   <... ioctl resumed>)              = 0
214   ioctl(6, SNDCTL_TMR_START or TCSETS, {c_iflag=, c_oflag=NL0|CR0|TAB0|BS0|VT0|FF0|ONLCR, c_cflag=B115200|CS8|CREAD|PARENB|HUPCL|CLOCAL, c_lflag=ECHOE|ECHOK|ECHOCTL|ECHOKE, ...}) = 0
216   openat(AT_FDCWD, "/lib/v7l/neon/vfp/libcrypt.so.1", O_RDONLY|O_CLOEXEC) = -1 ENOENT (No such file or directory)
216   openat(AT_FDCWD, "/lib/v7l/neon/libcrypt.so.1", O_RDONLY|O_CLOEXEC) = -1 ENOENT (No such file or directory)
216   openat(AT_FDCWD, "/lib/v7l/vfp/libcrypt.so.1", O_RDONLY|O_CLOEXEC) = -1 ENOENT (No such file or directory)
216   openat(AT_FDCWD, "/lib/v7l/libcrypt.so.1", O_RDONLY|O_CLOEXEC) = -1 ENOENT (No such file or directory)
216   openat(AT_FDCWD, "/lib/neon/vfp/libcrypt.so.1", O_RDONLY|O_CLOEXEC) = -1 ENOENT (No such file or directory)
216   openat(AT_FDCWD, "/lib/neon/libcrypt.so.1", O_RDONLY|O_CLOEXEC) = -1 ENOENT (No such file or directory)
216   openat(AT_FDCWD, "/lib/vfp/libcrypt.so.1", O_RDONLY|O_CLOEXEC) = -1 ENOENT (No such file or directory)
216   openat(AT_FDCWD, "/lib/libcrypt.so.1", O_RDONLY|O_CLOEXEC) = 3
216   openat(AT_FDCWD, "/usr/local/Qt4.7.4/lib/libc.so.6", O_RDONLY|O_CLOEXEC) = -1 ENOENT (No such file or directory)
216   openat(AT_FDCWD, "/usr/lib/libc.so.6", O_RDONLY|O_CLOEXEC) = -1 ENOENT (No such file or directory)
216   openat(AT_FDCWD, "/lib/libc.so.6", O_RDONLY|O_CLOEXEC) = 3
216   +++ exited with 0 +++
213   --- SIGCHLD {si_signo=SIGCHLD, si_code=CLD_EXITED, si_pid=216, si_uid=0, si_status=0, si_utime=2 /* 0.02 s */, si_stime=0} ---
222   openat(AT_FDCWD, "/sys/devices/system/cpu/online", O_RDONLY|O_CLOEXEC) = 26
217   openat(AT_FDCWD, "/sys/devices/system/cpu/online", O_RDONLY|O_CLOEXEC) = 26
229   +++ exited with 0 +++
230   openat(AT_FDCWD, "/usr/local/Qt4.7.4/lib/tls/v7l/neon/vfp/libcrypt.so.1", O_RDONLY|O_CLOEXEC <unfinished ...>
228   openat(AT_FDCWD, "/usr/local/Qt4.7.4/lib/tls/v7l/neon/vfp/libcrypt.so.1", O_RDONLY|O_CLOEXEC <unfinished ...>
230   <... openat resumed>)             = -1 ENOENT (No such file or directory)
228   <... openat resumed>)             = -1 ENOENT (No such file or directory)
230   openat(AT_FDCWD, "/usr/local/Qt4.7.4/lib/tls/v7l/neon/libcrypt.so.1", O_RDONLY|O_CLOEXEC <unfinished ...>
228   openat(AT_FDCWD, "/usr/local/Qt4.7.4/lib/tls/v7l/neon/libcrypt.so.1", O_RDONLY|O_CLOEXEC <unfinished ...>
232   +++ exited with 0 +++
230   <... openat resumed>)             = -1 ENOENT (No such file or directory)
228   <... openat resumed>)             = -1 ENOENT (No such file or directory)
231   openat(AT_FDCWD, "/usr/local/Qt4.7.4/lib/tls/v7l/neon/vfp/libcrypt.so.1", O_RDONLY|O_CLOEXEC) = -1 ENOENT (No such file or directory)
230   openat(AT_FDCWD, "/usr/local/Qt4.7.4/lib/tls/v7l/vfp/libcrypt.so.1", O_RDONLY|O_CLOEXEC <unfinished ...>
228   openat(AT_FDCWD, "/usr/local/Qt4.7.4/lib/tls/v7l/vfp/libcrypt.so.1", O_RDONLY|O_CLOEXEC <unfinished ...>
230   <... openat resumed>)             = -1 ENOENT (No such file or directory)
228   <... openat resumed>)             = -1 ENOENT (No such file or directory)
231   openat(AT_FDCWD, "/usr/local/Qt4.7.4/lib/tls/v7l/neon/libcrypt.so.1", O_RDONLY|O_CLOEXEC) = -1 ENOENT (No such file or directory)
230   openat(AT_FDCWD, "/usr/local/Qt4.7.4/lib/tls/v7l/libcrypt.so.1", O_RDONLY|O_CLOEXEC <unfinished ...>
228   openat(AT_FDCWD, "/usr/local/Qt4.7.4/lib/tls/v7l/libcrypt.so.1", O_RDONLY|O_CLOEXEC <unfinished ...>
230   <... openat resumed>)             = -1 ENOENT (No such file or directory)
228   <... openat resumed>)             = -1 ENOENT (No such file or directory)
231   openat(AT_FDCWD, "/usr/local/Qt4.7.4/lib/tls/v7l/vfp/libcrypt.so.1", O_RDONLY|O_CLOEXEC) = -1 ENOENT (No such file or directory)
230   openat(AT_FDCWD, "/usr/local/Qt4.7.4/lib/tls/neon/vfp/libcrypt.so.1", O_RDONLY|O_CLOEXEC <unfinished ...>
228   openat(AT_FDCWD, "/usr/local/Qt4.7.4/lib/tls/neon/vfp/libcrypt.so.1", O_RDONLY|O_CLOEXEC <unfinished ...>
230   <... openat resumed>)             = -1 ENOENT (No such file or directory)
228   <... openat resumed>)             = -1 ENOENT (No such file or directory)
231   openat(AT_FDCWD, "/usr/local/Qt4.7.4/lib/tls/v7l/libcrypt.so.1", O_RDONLY|O_CLOEXEC) = -1 ENOENT (No such file or directory)
230   openat(AT_FDCWD, "/usr/local/Qt4.7.4/lib/tls/neon/libcrypt.so.1", O_RDONLY|O_CLOEXEC <unfinished ...>
228   openat(AT_FDCWD, "/usr/local/Qt4.7.4/lib/tls/neon/libcrypt.so.1", O_RDONLY|O_CLOEXEC <unfinished ...>
230   <... openat resumed>)             = -1 ENOENT (No such file or directory)
228   <... openat resumed>)             = -1 ENOENT (No such file or directory)
231   openat(AT_FDCWD, "/usr/local/Qt4.7.4/lib/tls/neon/vfp/libcrypt.so.1", O_RDONLY|O_CLOEXEC) = -1 ENOENT (No such file or directory)
230   openat(AT_FDCWD, "/usr/local/Qt4.7.4/lib/tls/vfp/libcrypt.so.1", O_RDONLY|O_CLOEXEC <unfinished ...>
228   openat(AT_FDCWD, "/usr/local/Qt4.7.4/lib/tls/vfp/libcrypt.so.1", O_RDONLY|O_CLOEXEC <unfinished ...>
230   <... openat resumed>)             = -1 ENOENT (No such file or directory)
228   <... openat resumed>)             = -1 ENOENT (No such file or directory)
233   +++ exited with 0 +++
231   openat(AT_FDCWD, "/usr/local/Qt4.7.4/lib/tls/neon/libcrypt.so.1", O_RDONLY|O_CLOEXEC) = -1 ENOENT (No such file or directory)
230   openat(AT_FDCWD, "/usr/local/Qt4.7.4/lib/tls/libcrypt.so.1", O_RDONLY|O_CLOEXEC <unfinished ...>
228   openat(AT_FDCWD, "/usr/local/Qt4.7.4/lib/tls/libcrypt.so.1", O_RDONLY|O_CLOEXEC <unfinished ...>
230   <... openat resumed>)             = -1 ENOENT (No such file or directory)
228   <... openat resumed>)             = -1 ENOENT (No such file or directory)
234   +++ exited with 0 +++
231   openat(AT_FDCWD, "/usr/local/Qt4.7.4/lib/tls/vfp/libcrypt.so.1", O_RDONLY|O_CLOEXEC) = -1 ENOENT (No such file or directory)
230   openat(AT_FDCWD, "/usr/local/Qt4.7.4/lib/v7l/neon/vfp/libcrypt.so.1", O_RDONLY|O_CLOEXEC <unfinished ...>
228   openat(AT_FDCWD, "/usr/local/Qt4.7.4/lib/v7l/neon/vfp/libcrypt.so.1", O_RDONLY|O_CLOEXEC <unfinished ...>
235   +++ exited with 254 +++
230   <... openat resumed>)             = -1 ENOENT (No such file or directory)
228   <... openat resumed>)             = -1 ENOENT (No such file or directory)
226   +++ exited with 254 +++
225   +++ exited with 254 +++
224   +++ exited with 254 +++
223   +++ exited with 254 +++
222   +++ exited with 254 +++
221   +++ exited with 254 +++
220   +++ exited with 254 +++
219   +++ exited with 254 +++
218   +++ exited with 254 +++
217   +++ exited with 254 +++
236   +++ exited with 254 +++
231   openat(AT_FDCWD, "/usr/local/Qt4.7.4/lib/tls/libcrypt.so.1", O_RDONLY|O_CLOEXEC <unfinished ...>
214   +++ exited with 254 +++
231   <... openat resumed>)             = -1 ENOENT (No such file or directory)
164   --- SIGCHLD {si_signo=SIGCHLD, si_code=CLD_EXITED, si_pid=214, si_uid=0, si_status=254, si_utime=0, si_stime=2 /* 0.02 s */} ---
230   openat(AT_FDCWD, "/usr/local/Qt4.7.4/lib/v7l/neon/libcrypt.so.1", O_RDONLY|O_CLOEXEC <unfinished ...>
228   openat(AT_FDCWD, "/usr/local/Qt4.7.4/lib/v7l/neon/libcrypt.so.1", O_RDONLY|O_CLOEXEC <unfinished ...>
230   <... openat resumed>)             = -1 ENOENT (No such file or directory)
228   <... openat resumed>)             = -1 ENOENT (No such file or directory)
231   openat(AT_FDCWD, "/usr/local/Qt4.7.4/lib/v7l/neon/vfp/libcrypt.so.1", O_RDONLY|O_CLOEXEC) = -1 ENOENT (No such file or directory)
230   openat(AT_FDCWD, "/usr/local/Qt4.7.4/lib/v7l/vfp/libcrypt.so.1", O_RDONLY|O_CLOEXEC <unfinished ...>
228   openat(AT_FDCWD, "/usr/local/Qt4.7.4/lib/v7l/vfp/libcrypt.so.1", O_RDONLY|O_CLOEXEC <unfinished ...>
230   <... openat resumed>)             = -1 ENOENT (No such file or directory)
228   <... openat resumed>)             = -1 ENOENT (No such file or directory)
231   openat(AT_FDCWD, "/usr/local/Qt4.7.4/lib/v7l/neon/libcrypt.so.1", O_RDONLY|O_CLOEXEC) = -1 ENOENT (No such file or directory)
230   openat(AT_FDCWD, "/usr/local/Qt4.7.4/lib/v7l/libcrypt.so.1", O_RDONLY|O_CLOEXEC <unfinished ...>
228   openat(AT_FDCWD, "/usr/local/Qt4.7.4/lib/v7l/libcrypt.so.1", O_RDONLY|O_CLOEXEC <unfinished ...>
230   <... openat resumed>)             = -1 ENOENT (No such file or directory)
228   <... openat resumed>)             = -1 ENOENT (No such file or directory)
231   openat(AT_FDCWD, "/usr/local/Qt4.7.4/lib/v7l/vfp/libcrypt.so.1", O_RDONLY|O_CLOEXEC) = -1 ENOENT (No such file or directory)
230   openat(AT_FDCWD, "/usr/local/Qt4.7.4/lib/neon/vfp/libcrypt.so.1", O_RDONLY|O_CLOEXEC <unfinished ...>
228   openat(AT_FDCWD, "/usr/local/Qt4.7.4/lib/neon/vfp/libcrypt.so.1", O_RDONLY|O_CLOEXEC <unfinished ...>
230   <... openat resumed>)             = -1 ENOENT (No such file or directory)
228   <... openat resumed>)             = -1 ENOENT (No such file or directory)
231   openat(AT_FDCWD, "/usr/local/Qt4.7.4/lib/v7l/libcrypt.so.1", O_RDONLY|O_CLOEXEC) = -1 ENOENT (No such file or directory)
230   openat(AT_FDCWD, "/usr/local/Qt4.7.4/lib/neon/libcrypt.so.1", O_RDONLY|O_CLOEXEC <unfinished ...>
228   openat(AT_FDCWD, "/usr/local/Qt4.7.4/lib/neon/libcrypt.so.1", O_RDONLY|O_CLOEXEC <unfinished ...>
230   <... openat resumed>)             = -1 ENOENT (No such file or directory)
228   <... openat resumed>)             = -1 ENOENT (No such file or directory)
231   openat(AT_FDCWD, "/usr/local/Qt4.7.4/lib/neon/vfp/libcrypt.so.1", O_RDONLY|O_CLOEXEC) = -1 ENOENT (No such file or directory)
230   openat(AT_FDCWD, "/usr/local/Qt4.7.4/lib/vfp/libcrypt.so.1", O_RDONLY|O_CLOEXEC <unfinished ...>
228   openat(AT_FDCWD, "/usr/local/Qt4.7.4/lib/vfp/libcrypt.so.1", O_RDONLY|O_CLOEXEC <unfinished ...>
230   <... openat resumed>)             = -1 ENOENT (No such file or directory)
228   <... openat resumed>)             = -1 ENOENT (No such file or directory)
231   openat(AT_FDCWD, "/usr/local/Qt4.7.4/lib/neon/libcrypt.so.1", O_RDONLY|O_CLOEXEC) = -1 ENOENT (No such file or directory)
230   openat(AT_FDCWD, "/usr/local/Qt4.7.4/lib/libcrypt.so.1", O_RDONLY|O_CLOEXEC <unfinished ...>
228   openat(AT_FDCWD, "/usr/local/Qt4.7.4/lib/libcrypt.so.1", O_RDONLY|O_CLOEXEC <unfinished ...>
230   <... openat resumed>)             = -1 ENOENT (No such file or directory)
228   <... openat resumed>)             = -1 ENOENT (No such file or directory)
231   openat(AT_FDCWD, "/usr/local/Qt4.7.4/lib/vfp/libcrypt.so.1", O_RDONLY|O_CLOEXEC) = -1 ENOENT (No such file or directory)
230   openat(AT_FDCWD, "/usr/lib/tls/v7l/neon/vfp/libcrypt.so.1", O_RDONLY|O_CLOEXEC <unfinished ...>
228   openat(AT_FDCWD, "/usr/lib/tls/v7l/neon/vfp/libcrypt.so.1", O_RDONLY|O_CLOEXEC <unfinished ...>
230   <... openat resumed>)             = -1 ENOENT (No such file or directory)
228   <... openat resumed>)             = -1 ENOENT (No such file or directory)
231   openat(AT_FDCWD, "/usr/local/Qt4.7.4/lib/libcrypt.so.1", O_RDONLY|O_CLOEXEC) = -1 ENOENT (No such file or directory)
230   openat(AT_FDCWD, "/usr/lib/tls/v7l/neon/libcrypt.so.1", O_RDONLY|O_CLOEXEC <unfinished ...>
228   openat(AT_FDCWD, "/usr/lib/tls/v7l/neon/libcrypt.so.1", O_RDONLY|O_CLOEXEC <unfinished ...>
230   <... openat resumed>)             = -1 ENOENT (No such file or directory)
228   <... openat resumed>)             = -1 ENOENT (No such file or directory)
231   openat(AT_FDCWD, "/usr/lib/tls/v7l/neon/vfp/libcrypt.so.1", O_RDONLY|O_CLOEXEC) = -1 ENOENT (No such file or directory)
230   openat(AT_FDCWD, "/usr/lib/tls/v7l/vfp/libcrypt.so.1", O_RDONLY|O_CLOEXEC <unfinished ...>
228   openat(AT_FDCWD, "/usr/lib/tls/v7l/vfp/libcrypt.so.1", O_RDONLY|O_CLOEXEC <unfinished ...>
230   <... openat resumed>)             = -1 ENOENT (No such file or directory)
228   <... openat resumed>)             = -1 ENOENT (No such file or directory)
231   openat(AT_FDCWD, "/usr/lib/tls/v7l/neon/libcrypt.so.1", O_RDONLY|O_CLOEXEC) = -1 ENOENT (No such file or directory)
230   openat(AT_FDCWD, "/usr/lib/tls/v7l/libcrypt.so.1", O_RDONLY|O_CLOEXEC <unfinished ...>
228   openat(AT_FDCWD, "/usr/lib/tls/v7l/libcrypt.so.1", O_RDONLY|O_CLOEXEC <unfinished ...>
230   <... openat resumed>)             = -1 ENOENT (No such file or directory)
228   <... openat resumed>)             = -1 ENOENT (No such file or directory)
231   openat(AT_FDCWD, "/usr/lib/tls/v7l/vfp/libcrypt.so.1", O_RDONLY|O_CLOEXEC <unfinished ...>
237   openat(AT_FDCWD, "/data/feasycom/bw_conf0.db", O_RDWR <unfinished ...>
231   <... openat resumed>)             = -1 ENOENT (No such file or directory)
237   <... openat resumed>)             = 4
230   openat(AT_FDCWD, "/usr/lib/tls/neon/vfp/libcrypt.so.1", O_RDONLY|O_CLOEXEC <unfinished ...>
228   openat(AT_FDCWD, "/usr/lib/tls/neon/vfp/libcrypt.so.1", O_RDONLY|O_CLOEXEC <unfinished ...>
230   <... openat resumed>)             = -1 ENOENT (No such file or directory)
228   <... openat resumed>)             = -1 ENOENT (No such file or directory)
231   openat(AT_FDCWD, "/usr/lib/tls/v7l/libcrypt.so.1", O_RDONLY|O_CLOEXEC) = -1 ENOENT (No such file or directory)
230   openat(AT_FDCWD, "/usr/lib/tls/neon/libcrypt.so.1", O_RDONLY|O_CLOEXEC <unfinished ...>
228   openat(AT_FDCWD, "/usr/lib/tls/neon/libcrypt.so.1", O_RDONLY|O_CLOEXEC <unfinished ...>
230   <... openat resumed>)             = -1 ENOENT (No such file or directory)
228   <... openat resumed>)             = -1 ENOENT (No such file or directory)
231   openat(AT_FDCWD, "/usr/lib/tls/neon/vfp/libcrypt.so.1", O_RDONLY|O_CLOEXEC) = -1 ENOENT (No such file or directory)
230   openat(AT_FDCWD, "/usr/lib/tls/vfp/libcrypt.so.1", O_RDONLY|O_CLOEXEC <unfinished ...>
228   openat(AT_FDCWD, "/usr/lib/tls/vfp/libcrypt.so.1", O_RDONLY|O_CLOEXEC <unfinished ...>
230   <... openat resumed>)             = -1 ENOENT (No such file or directory)
237   openat(AT_FDCWD, "/data/feasycom/bw_conf1.db", O_RDWR <unfinished ...>
231   openat(AT_FDCWD, "/usr/lib/tls/neon/libcrypt.so.1", O_RDONLY|O_CLOEXEC <unfinished ...>
228   <... openat resumed>)             = -1 ENOENT (No such file or directory)
237   <... openat resumed>)             = 4
231   <... openat resumed>)             = -1 ENOENT (No such file or directory)
230   openat(AT_FDCWD, "/usr/lib/tls/libcrypt.so.1", O_RDONLY|O_CLOEXEC <unfinished ...>
228   openat(AT_FDCWD, "/usr/lib/tls/libcrypt.so.1", O_RDONLY|O_CLOEXEC <unfinished ...>
231   openat(AT_FDCWD, "/usr/lib/tls/vfp/libcrypt.so.1", O_RDONLY|O_CLOEXEC <unfinished ...>
230   <... openat resumed>)             = -1 ENOENT (No such file or directory)
228   <... openat resumed>)             = -1 ENOENT (No such file or directory)
231   <... openat resumed>)             = -1 ENOENT (No such file or directory)
230   openat(AT_FDCWD, "/usr/lib/v7l/neon/vfp/libcrypt.so.1", O_RDONLY|O_CLOEXEC <unfinished ...>
228   openat(AT_FDCWD, "/usr/lib/v7l/neon/vfp/libcrypt.so.1", O_RDONLY|O_CLOEXEC <unfinished ...>
237   openat(AT_FDCWD, "/etc/blueware-bw123.properties", O_RDONLY <unfinished ...>
231   openat(AT_FDCWD, "/usr/lib/tls/libcrypt.so.1", O_RDONLY|O_CLOEXEC <unfinished ...>
230   <... openat resumed>)             = -1 ENOENT (No such file or directory)
237   <... openat resumed>)             = 4
231   <... openat resumed>)             = -1 ENOENT (No such file or directory)
228   <... openat resumed>)             = -1 ENOENT (No such file or directory)
231   openat(AT_FDCWD, "/usr/lib/v7l/neon/vfp/libcrypt.so.1", O_RDONLY|O_CLOEXEC <unfinished ...>
230   openat(AT_FDCWD, "/usr/lib/v7l/neon/libcrypt.so.1", O_RDONLY|O_CLOEXEC <unfinished ...>
231   <... openat resumed>)             = -1 ENOENT (No such file or directory)
230   <... openat resumed>)             = -1 ENOENT (No such file or directory)
228   openat(AT_FDCWD, "/usr/lib/v7l/neon/libcrypt.so.1", O_RDONLY|O_CLOEXEC) = -1 ENOENT (No such file or directory)
231   openat(AT_FDCWD, "/usr/lib/v7l/neon/libcrypt.so.1", O_RDONLY|O_CLOEXEC <unfinished ...>
230   openat(AT_FDCWD, "/usr/lib/v7l/vfp/libcrypt.so.1", O_RDONLY|O_CLOEXEC <unfinished ...>
231   <... openat resumed>)             = -1 ENOENT (No such file or directory)
230   <... openat resumed>)             = -1 ENOENT (No such file or directory)
228   openat(AT_FDCWD, "/usr/lib/v7l/vfp/libcrypt.so.1", O_RDONLY|O_CLOEXEC <unfinished ...>
231   openat(AT_FDCWD, "/usr/lib/v7l/vfp/libcrypt.so.1", O_RDONLY|O_CLOEXEC <unfinished ...>
228   <... openat resumed>)             = -1 ENOENT (No such file or directory)
231   <... openat resumed>)             = -1 ENOENT (No such file or directory)
230   openat(AT_FDCWD, "/usr/lib/v7l/libcrypt.so.1", O_RDONLY|O_CLOEXEC) = -1 ENOENT (No such file or directory)
231   openat(AT_FDCWD, "/usr/lib/v7l/libcrypt.so.1", O_RDONLY|O_CLOEXEC <unfinished ...>
228   openat(AT_FDCWD, "/usr/lib/v7l/libcrypt.so.1", O_RDONLY|O_CLOEXEC <unfinished ...>
231   <... openat resumed>)             = -1 ENOENT (No such file or directory)
228   <... openat resumed>)             = -1 ENOENT (No such file or directory)
230   openat(AT_FDCWD, "/usr/lib/neon/vfp/libcrypt.so.1", O_RDONLY|O_CLOEXEC <unfinished ...>
231   openat(AT_FDCWD, "/usr/lib/neon/vfp/libcrypt.so.1", O_RDONLY|O_CLOEXEC <unfinished ...>
230   <... openat resumed>)             = -1 ENOENT (No such file or directory)
231   <... openat resumed>)             = -1 ENOENT (No such file or directory)
228   openat(AT_FDCWD, "/usr/lib/neon/vfp/libcrypt.so.1", O_RDONLY|O_CLOEXEC <unfinished ...>
230   openat(AT_FDCWD, "/usr/lib/neon/libcrypt.so.1", O_RDONLY|O_CLOEXEC <unfinished ...>
228   <... openat resumed>)             = -1 ENOENT (No such file or directory)
231   openat(AT_FDCWD, "/usr/lib/neon/libcrypt.so.1", O_RDONLY|O_CLOEXEC <unfinished ...>
230   <... openat resumed>)             = -1 ENOENT (No such file or directory)
231   <... openat resumed>)             = -1 ENOENT (No such file or directory)
230   openat(AT_FDCWD, "/usr/lib/vfp/libcrypt.so.1", O_RDONLY|O_CLOEXEC <unfinished ...>
228   openat(AT_FDCWD, "/usr/lib/neon/libcrypt.so.1", O_RDONLY|O_CLOEXEC <unfinished ...>
231   openat(AT_FDCWD, "/usr/lib/vfp/libcrypt.so.1", O_RDONLY|O_CLOEXEC <unfinished ...>
230   <... openat resumed>)             = -1 ENOENT (No such file or directory)
231   <... openat resumed>)             = -1 ENOENT (No such file or directory)
228   <... openat resumed>)             = -1 ENOENT (No such file or directory)
231   openat(AT_FDCWD, "/usr/lib/libcrypt.so.1", O_RDONLY|O_CLOEXEC <unfinished ...>
230   openat(AT_FDCWD, "/usr/lib/libcrypt.so.1", O_RDONLY|O_CLOEXEC <unfinished ...>
231   <... openat resumed>)             = -1 ENOENT (No such file or directory)
230   <... openat resumed>)             = -1 ENOENT (No such file or directory)
228   openat(AT_FDCWD, "/usr/lib/vfp/libcrypt.so.1", O_RDONLY|O_CLOEXEC) = -1 ENOENT (No such file or directory)
231   openat(AT_FDCWD, "/lib/tls/v7l/neon/vfp/libcrypt.so.1", O_RDONLY|O_CLOEXEC <unfinished ...>
230   openat(AT_FDCWD, "/lib/tls/v7l/neon/vfp/libcrypt.so.1", O_RDONLY|O_CLOEXEC <unfinished ...>
231   <... openat resumed>)             = -1 ENOENT (No such file or directory)
230   <... openat resumed>)             = -1 ENOENT (No such file or directory)
228   openat(AT_FDCWD, "/usr/lib/libcrypt.so.1", O_RDONLY|O_CLOEXEC <unfinished ...>
231   openat(AT_FDCWD, "/lib/tls/v7l/neon/libcrypt.so.1", O_RDONLY|O_CLOEXEC <unfinished ...>
228   <... openat resumed>)             = -1 ENOENT (No such file or directory)
231   <... openat resumed>)             = -1 ENOENT (No such file or directory)
230   openat(AT_FDCWD, "/lib/tls/v7l/neon/libcrypt.so.1", O_RDONLY|O_CLOEXEC) = -1 ENOENT (No such file or directory)
231   openat(AT_FDCWD, "/lib/tls/v7l/vfp/libcrypt.so.1", O_RDONLY|O_CLOEXEC <unfinished ...>
228   openat(AT_FDCWD, "/lib/tls/v7l/neon/vfp/libcrypt.so.1", O_RDONLY|O_CLOEXEC <unfinished ...>
231   <... openat resumed>)             = -1 ENOENT (No such file or directory)
228   <... openat resumed>)             = -1 ENOENT (No such file or directory)
230   openat(AT_FDCWD, "/lib/tls/v7l/vfp/libcrypt.so.1", O_RDONLY|O_CLOEXEC <unfinished ...>
231   openat(AT_FDCWD, "/lib/tls/v7l/libcrypt.so.1", O_RDONLY|O_CLOEXEC <unfinished ...>
230   <... openat resumed>)             = -1 ENOENT (No such file or directory)
231   <... openat resumed>)             = -1 ENOENT (No such file or directory)
228   openat(AT_FDCWD, "/lib/tls/v7l/neon/libcrypt.so.1", O_RDONLY|O_CLOEXEC <unfinished ...>
230   openat(AT_FDCWD, "/lib/tls/v7l/libcrypt.so.1", O_RDONLY|O_CLOEXEC <unfinished ...>
228   <... openat resumed>)             = -1 ENOENT (No such file or directory)
231   openat(AT_FDCWD, "/lib/tls/neon/vfp/libcrypt.so.1", O_RDONLY|O_CLOEXEC <unfinished ...>
230   <... openat resumed>)             = -1 ENOENT (No such file or directory)
231   <... openat resumed>)             = -1 ENOENT (No such file or directory)
230   openat(AT_FDCWD, "/lib/tls/neon/vfp/libcrypt.so.1", O_RDONLY|O_CLOEXEC <unfinished ...>
228   openat(AT_FDCWD, "/lib/tls/v7l/vfp/libcrypt.so.1", O_RDONLY|O_CLOEXEC <unfinished ...>
231   openat(AT_FDCWD, "/lib/tls/neon/libcrypt.so.1", O_RDONLY|O_CLOEXEC <unfinished ...>
230   <... openat resumed>)             = -1 ENOENT (No such file or directory)
231   <... openat resumed>)             = -1 ENOENT (No such file or directory)
228   <... openat resumed>)             = -1 ENOENT (No such file or directory)
230   openat(AT_FDCWD, "/lib/tls/neon/libcrypt.so.1", O_RDONLY|O_CLOEXEC <unfinished ...>
231   openat(AT_FDCWD, "/lib/tls/vfp/libcrypt.so.1", O_RDONLY|O_CLOEXEC <unfinished ...>
230   <... openat resumed>)             = -1 ENOENT (No such file or directory)
228   openat(AT_FDCWD, "/lib/tls/v7l/libcrypt.so.1", O_RDONLY|O_CLOEXEC <unfinished ...>
231   <... openat resumed>)             = -1 ENOENT (No such file or directory)
228   <... openat resumed>)             = -1 ENOENT (No such file or directory)
230   openat(AT_FDCWD, "/lib/tls/vfp/libcrypt.so.1", O_RDONLY|O_CLOEXEC <unfinished ...>
231   openat(AT_FDCWD, "/lib/tls/libcrypt.so.1", O_RDONLY|O_CLOEXEC <unfinished ...>
230   <... openat resumed>)             = -1 ENOENT (No such file or directory)
231   <... openat resumed>)             = -1 ENOENT (No such file or directory)
228   openat(AT_FDCWD, "/lib/tls/neon/vfp/libcrypt.so.1", O_RDONLY|O_CLOEXEC <unfinished ...>
230   openat(AT_FDCWD, "/lib/tls/libcrypt.so.1", O_RDONLY|O_CLOEXEC <unfinished ...>
228   <... openat resumed>)             = -1 ENOENT (No such file or directory)
231   openat(AT_FDCWD, "/lib/v7l/neon/vfp/libcrypt.so.1", O_RDONLY|O_CLOEXEC <unfinished ...>
230   <... openat resumed>)             = -1 ENOENT (No such file or directory)
231   <... openat resumed>)             = -1 ENOENT (No such file or directory)
230   openat(AT_FDCWD, "/lib/v7l/neon/vfp/libcrypt.so.1", O_RDONLY|O_CLOEXEC <unfinished ...>
228   openat(AT_FDCWD, "/lib/tls/neon/libcrypt.so.1", O_RDONLY|O_CLOEXEC <unfinished ...>
231   openat(AT_FDCWD, "/lib/v7l/neon/libcrypt.so.1", O_RDONLY|O_CLOEXEC <unfinished ...>
230   <... openat resumed>)             = -1 ENOENT (No such file or directory)
231   <... openat resumed>)             = -1 ENOENT (No such file or directory)
228   <... openat resumed>)             = -1 ENOENT (No such file or directory)
231   openat(AT_FDCWD, "/lib/v7l/vfp/libcrypt.so.1", O_RDONLY|O_CLOEXEC <unfinished ...>
230   openat(AT_FDCWD, "/lib/v7l/neon/libcrypt.so.1", O_RDONLY|O_CLOEXEC <unfinished ...>
228   openat(AT_FDCWD, "/lib/tls/vfp/libcrypt.so.1", O_RDONLY|O_CLOEXEC <unfinished ...>
231   <... openat resumed>)             = -1 ENOENT (No such file or directory)
230   <... openat resumed>)             = -1 ENOENT (No such file or directory)
228   <... openat resumed>)             = -1 ENOENT (No such file or directory)
231   openat(AT_FDCWD, "/lib/v7l/libcrypt.so.1", O_RDONLY|O_CLOEXEC) = -1 ENOENT (No such file or directory)
230   openat(AT_FDCWD, "/lib/v7l/vfp/libcrypt.so.1", O_RDONLY|O_CLOEXEC) = -1 ENOENT (No such file or directory)
228   openat(AT_FDCWD, "/lib/tls/libcrypt.so.1", O_RDONLY|O_CLOEXEC <unfinished ...>
231   openat(AT_FDCWD, "/lib/neon/vfp/libcrypt.so.1", O_RDONLY|O_CLOEXEC <unfinished ...>
228   <... openat resumed>)             = -1 ENOENT (No such file or directory)
231   <... openat resumed>)             = -1 ENOENT (No such file or directory)
230   openat(AT_FDCWD, "/lib/v7l/libcrypt.so.1", O_RDONLY|O_CLOEXEC <unfinished ...>
231   openat(AT_FDCWD, "/lib/neon/libcrypt.so.1", O_RDONLY|O_CLOEXEC <unfinished ...>
230   <... openat resumed>)             = -1 ENOENT (No such file or directory)
228   openat(AT_FDCWD, "/lib/v7l/neon/vfp/libcrypt.so.1", O_RDONLY|O_CLOEXEC <unfinished ...>
231   <... openat resumed>)             = -1 ENOENT (No such file or directory)
228   <... openat resumed>)             = -1 ENOENT (No such file or directory)
230   openat(AT_FDCWD, "/lib/neon/vfp/libcrypt.so.1", O_RDONLY|O_CLOEXEC <unfinished ...>
231   openat(AT_FDCWD, "/lib/vfp/libcrypt.so.1", O_RDONLY|O_CLOEXEC <unfinished ...>
230   <... openat resumed>)             = -1 ENOENT (No such file or directory)
231   <... openat resumed>)             = -1 ENOENT (No such file or directory)
228   openat(AT_FDCWD, "/lib/v7l/neon/libcrypt.so.1", O_RDONLY|O_CLOEXEC) = -1 ENOENT (No such file or directory)
230   openat(AT_FDCWD, "/lib/neon/libcrypt.so.1", O_RDONLY|O_CLOEXEC <unfinished ...>
231   openat(AT_FDCWD, "/lib/libcrypt.so.1", O_RDONLY|O_CLOEXEC <unfinished ...>
230   <... openat resumed>)             = -1 ENOENT (No such file or directory)
231   <... openat resumed>)             = 3
228   openat(AT_FDCWD, "/lib/v7l/vfp/libcrypt.so.1", O_RDONLY|O_CLOEXEC <unfinished ...>
230   openat(AT_FDCWD, "/lib/vfp/libcrypt.so.1", O_RDONLY|O_CLOEXEC <unfinished ...>
228   <... openat resumed>)             = -1 ENOENT (No such file or directory)
230   <... openat resumed>)             = -1 ENOENT (No such file or directory)
228   openat(AT_FDCWD, "/lib/v7l/libcrypt.so.1", O_RDONLY|O_CLOEXEC <unfinished ...>
230   openat(AT_FDCWD, "/lib/libcrypt.so.1", O_RDONLY|O_CLOEXEC <unfinished ...>
228   <... openat resumed>)             = -1 ENOENT (No such file or directory)
230   <... openat resumed>)             = 3
228   openat(AT_FDCWD, "/lib/neon/vfp/libcrypt.so.1", O_RDONLY|O_CLOEXEC) = -1 ENOENT (No such file or directory)
231   openat(AT_FDCWD, "/usr/local/Qt4.7.4/lib/libc.so.6", O_RDONLY|O_CLOEXEC) = -1 ENOENT (No such file or directory)
228   openat(AT_FDCWD, "/lib/neon/libcrypt.so.1", O_RDONLY|O_CLOEXEC <unfinished ...>
231   openat(AT_FDCWD, "/usr/lib/libc.so.6", O_RDONLY|O_CLOEXEC <unfinished ...>
228   <... openat resumed>)             = -1 ENOENT (No such file or directory)
231   <... openat resumed>)             = -1 ENOENT (No such file or directory)
231   openat(AT_FDCWD, "/lib/libc.so.6", O_RDONLY|O_CLOEXEC) = 3
228   openat(AT_FDCWD, "/lib/vfp/libcrypt.so.1", O_RDONLY|O_CLOEXEC) = -1 ENOENT (No such file or directory)
230   openat(AT_FDCWD, "/usr/local/Qt4.7.4/lib/libc.so.6", O_RDONLY|O_CLOEXEC) = -1 ENOENT (No such file or directory)
228   openat(AT_FDCWD, "/lib/libcrypt.so.1", O_RDONLY|O_CLOEXEC <unfinished ...>
230   openat(AT_FDCWD, "/usr/lib/libc.so.6", O_RDONLY|O_CLOEXEC <unfinished ...>
228   <... openat resumed>)             = 3
230   <... openat resumed>)             = -1 ENOENT (No such file or directory)
230   openat(AT_FDCWD, "/lib/libc.so.6", O_RDONLY|O_CLOEXEC) = 3
237   openat(AT_FDCWD, "/sys/class/gpio/export", O_WRONLY) = 4
237   openat(AT_FDCWD, "/sys/class/gpio/gpio91/direction", O_WRONLY) = 4
237   openat(AT_FDCWD, "/sys/class/gpio/gpio91/value", O_WRONLY) = 4
228   openat(AT_FDCWD, "/usr/local/Qt4.7.4/lib/libc.so.6", O_RDONLY|O_CLOEXEC) = -1 ENOENT (No such file or directory)
228   openat(AT_FDCWD, "/usr/lib/libc.so.6", O_RDONLY|O_CLOEXEC) = -1 ENOENT (No such file or directory)
228   openat(AT_FDCWD, "/lib/libc.so.6", O_RDONLY|O_CLOEXEC) = 3
228   openat(AT_FDCWD, "/proc/devices", O_RDONLY|O_LARGEFILE) = 3
228   +++ exited with 0 +++
227   --- SIGCHLD {si_signo=SIGCHLD, si_code=CLD_EXITED, si_pid=228, si_uid=0, si_status=0, si_utime=0, si_stime=1 /* 0.01 s */} ---
230   +++ exited with 1 +++
227   --- SIGCHLD {si_signo=SIGCHLD, si_code=CLD_EXITED, si_pid=230, si_uid=0, si_status=1, si_utime=0, si_stime=0} ---
231   +++ exited with 0 +++
227   --- SIGCHLD {si_signo=SIGCHLD, si_code=CLD_EXITED, si_pid=231, si_uid=0, si_status=0, si_utime=0, si_stime=1 /* 0.01 s */} ---
227   +++ exited with 0 +++
213   --- SIGCHLD {si_signo=SIGCHLD, si_code=CLD_EXITED, si_pid=227, si_uid=0, si_status=0, si_utime=0, si_stime=1 /* 0.01 s */} ---
238   openat(AT_FDCWD, "/usr/local/Qt4.7.4/lib/tls/v7l/neon/vfp/libcrypt.so.1", O_RDONLY|O_CLOEXEC) = -1 ENOENT (No such file or directory)
238   openat(AT_FDCWD, "/usr/local/Qt4.7.4/lib/tls/v7l/neon/libcrypt.so.1", O_RDONLY|O_CLOEXEC) = -1 ENOENT (No such file or directory)
237   ioctl(3, TCFLSH, TCIOFLUSH <unfinished ...>
238   openat(AT_FDCWD, "/usr/local/Qt4.7.4/lib/tls/v7l/vfp/libcrypt.so.1", O_RDONLY|O_CLOEXEC <unfinished ...>
237   <... ioctl resumed>)              = 0
238   <... openat resumed>)             = -1 ENOENT (No such file or directory)
238   openat(AT_FDCWD, "/usr/local/Qt4.7.4/lib/tls/v7l/libcrypt.so.1", O_RDONLY|O_CLOEXEC) = -1 ENOENT (No such file or directory)
238   openat(AT_FDCWD, "/usr/local/Qt4.7.4/lib/tls/neon/vfp/libcrypt.so.1", O_RDONLY|O_CLOEXEC) = -1 ENOENT (No such file or directory)
238   openat(AT_FDCWD, "/usr/local/Qt4.7.4/lib/tls/neon/libcrypt.so.1", O_RDONLY|O_CLOEXEC) = -1 ENOENT (No such file or directory)
237   openat(AT_FDCWD, "/data/feasycom/bw_conf1.db", O_RDWR|O_CREAT|O_TRUNC, 0666 <unfinished ...>
238   openat(AT_FDCWD, "/usr/local/Qt4.7.4/lib/tls/vfp/libcrypt.so.1", O_RDONLY|O_CLOEXEC <unfinished ...>
237   <... openat resumed>)             = 5
238   <... openat resumed>)             = -1 ENOENT (No such file or directory)
238   openat(AT_FDCWD, "/usr/local/Qt4.7.4/lib/tls/libcrypt.so.1", O_RDONLY|O_CLOEXEC) = -1 ENOENT (No such file or directory)
238   openat(AT_FDCWD, "/usr/local/Qt4.7.4/lib/v7l/neon/vfp/libcrypt.so.1", O_RDONLY|O_CLOEXEC) = -1 ENOENT (No such file or directory)
238   openat(AT_FDCWD, "/usr/local/Qt4.7.4/lib/v7l/neon/libcrypt.so.1", O_RDONLY|O_CLOEXEC) = -1 ENOENT (No such file or directory)
237   openat(AT_FDCWD, "/data/feasycom/bw_conf0.db", O_RDWR|O_CREAT|O_TRUNC, 0666 <unfinished ...>
238   openat(AT_FDCWD, "/usr/local/Qt4.7.4/lib/v7l/vfp/libcrypt.so.1", O_RDONLY|O_CLOEXEC) = -1 ENOENT (No such file or directory)
237   <... openat resumed>)             = 5
238   openat(AT_FDCWD, "/usr/local/Qt4.7.4/lib/v7l/libcrypt.so.1", O_RDONLY|O_CLOEXEC <unfinished ...>
124   ioctl(26, FIONREAD <unfinished ...>
238   <... openat resumed>)             = -1 ENOENT (No such file or directory)
124   <... ioctl resumed>, [13])        = 0
238   openat(AT_FDCWD, "/usr/local/Qt4.7.4/lib/neon/vfp/libcrypt.so.1", O_RDONLY|O_CLOEXEC) = -1 ENOENT (No such file or directory)
238   openat(AT_FDCWD, "/usr/local/Qt4.7.4/lib/neon/libcrypt.so.1", O_RDONLY|O_CLOEXEC) = -1 ENOENT (No such file or directory)
238   openat(AT_FDCWD, "/usr/local/Qt4.7.4/lib/vfp/libcrypt.so.1", O_RDONLY|O_CLOEXEC) = -1 ENOENT (No such file or directory)
238   openat(AT_FDCWD, "/usr/local/Qt4.7.4/lib/libcrypt.so.1", O_RDONLY|O_CLOEXEC) = -1 ENOENT (No such file or directory)
238   openat(AT_FDCWD, "/usr/lib/tls/v7l/neon/vfp/libcrypt.so.1", O_RDONLY|O_CLOEXEC) = -1 ENOENT (No such file or directory)
238   openat(AT_FDCWD, "/usr/lib/tls/v7l/neon/libcrypt.so.1", O_RDONLY|O_CLOEXEC) = -1 ENOENT (No such file or directory)
238   openat(AT_FDCWD, "/usr/lib/tls/v7l/vfp/libcrypt.so.1", O_RDONLY|O_CLOEXEC) = -1 ENOENT (No such file or directory)
238   openat(AT_FDCWD, "/usr/lib/tls/v7l/libcrypt.so.1", O_RDONLY|O_CLOEXEC) = -1 ENOENT (No such file or directory)
238   openat(AT_FDCWD, "/usr/lib/tls/neon/vfp/libcrypt.so.1", O_RDONLY|O_CLOEXEC) = -1 ENOENT (No such file or directory)
238   openat(AT_FDCWD, "/usr/lib/tls/neon/libcrypt.so.1", O_RDONLY|O_CLOEXEC) = -1 ENOENT (No such file or directory)
238   openat(AT_FDCWD, "/usr/lib/tls/vfp/libcrypt.so.1", O_RDONLY|O_CLOEXEC) = -1 ENOENT (No such file or directory)
238   openat(AT_FDCWD, "/usr/lib/tls/libcrypt.so.1", O_RDONLY|O_CLOEXEC) = -1 ENOENT (No such file or directory)
238   openat(AT_FDCWD, "/usr/lib/v7l/neon/vfp/libcrypt.so.1", O_RDONLY|O_CLOEXEC) = -1 ENOENT (No such file or directory)
238   openat(AT_FDCWD, "/usr/lib/v7l/neon/libcrypt.so.1", O_RDONLY|O_CLOEXEC) = -1 ENOENT (No such file or directory)
238   openat(AT_FDCWD, "/usr/lib/v7l/vfp/libcrypt.so.1", O_RDONLY|O_CLOEXEC) = -1 ENOENT (No such file or directory)
238   openat(AT_FDCWD, "/usr/lib/v7l/libcrypt.so.1", O_RDONLY|O_CLOEXEC) = -1 ENOENT (No such file or directory)
238   openat(AT_FDCWD, "/usr/lib/neon/vfp/libcrypt.so.1", O_RDONLY|O_CLOEXEC) = -1 ENOENT (No such file or directory)
238   openat(AT_FDCWD, "/usr/lib/neon/libcrypt.so.1", O_RDONLY|O_CLOEXEC) = -1 ENOENT (No such file or directory)
238   openat(AT_FDCWD, "/usr/lib/vfp/libcrypt.so.1", O_RDONLY|O_CLOEXEC) = -1 ENOENT (No such file or directory)
238   openat(AT_FDCWD, "/usr/lib/libcrypt.so.1", O_RDONLY|O_CLOEXEC) = -1 ENOENT (No such file or directory)
238   openat(AT_FDCWD, "/lib/tls/v7l/neon/vfp/libcrypt.so.1", O_RDONLY|O_CLOEXEC) = -1 ENOENT (No such file or directory)
238   openat(AT_FDCWD, "/lib/tls/v7l/neon/libcrypt.so.1", O_RDONLY|O_CLOEXEC) = -1 ENOENT (No such file or directory)
238   openat(AT_FDCWD, "/lib/tls/v7l/vfp/libcrypt.so.1", O_RDONLY|O_CLOEXEC) = -1 ENOENT (No such file or directory)
238   openat(AT_FDCWD, "/lib/tls/v7l/libcrypt.so.1", O_RDONLY|O_CLOEXEC) = -1 ENOENT (No such file or directory)
238   openat(AT_FDCWD, "/lib/tls/neon/vfp/libcrypt.so.1", O_RDONLY|O_CLOEXEC) = -1 ENOENT (No such file or directory)
238   openat(AT_FDCWD, "/lib/tls/neon/libcrypt.so.1", O_RDONLY|O_CLOEXEC) = -1 ENOENT (No such file or directory)
238   openat(AT_FDCWD, "/lib/tls/vfp/libcrypt.so.1", O_RDONLY|O_CLOEXEC) = -1 ENOENT (No such file or directory)
238   openat(AT_FDCWD, "/lib/tls/libcrypt.so.1", O_RDONLY|O_CLOEXEC) = -1 ENOENT (No such file or directory)
238   openat(AT_FDCWD, "/lib/v7l/neon/vfp/libcrypt.so.1", O_RDONLY|O_CLOEXEC) = -1 ENOENT (No such file or directory)
238   openat(AT_FDCWD, "/lib/v7l/neon/libcrypt.so.1", O_RDONLY|O_CLOEXEC) = -1 ENOENT (No such file or directory)
238   openat(AT_FDCWD, "/lib/v7l/vfp/libcrypt.so.1", O_RDONLY|O_CLOEXEC) = -1 ENOENT (No such file or directory)
238   openat(AT_FDCWD, "/lib/v7l/libcrypt.so.1", O_RDONLY|O_CLOEXEC) = -1 ENOENT (No such file or directory)
238   openat(AT_FDCWD, "/lib/neon/vfp/libcrypt.so.1", O_RDONLY|O_CLOEXEC) = -1 ENOENT (No such file or directory)
238   openat(AT_FDCWD, "/lib/neon/libcrypt.so.1", O_RDONLY|O_CLOEXEC) = -1 ENOENT (No such file or directory)
238   openat(AT_FDCWD, "/lib/vfp/libcrypt.so.1", O_RDONLY|O_CLOEXEC) = -1 ENOENT (No such file or directory)
238   openat(AT_FDCWD, "/lib/libcrypt.so.1", O_RDONLY|O_CLOEXEC) = 3
237   openat(AT_FDCWD, "/sys/bus/sdio/devices/", O_RDONLY|O_NONBLOCK|O_LARGEFILE|O_CLOEXEC|O_DIRECTORY) = 5
237   openat(AT_FDCWD, "/usr/local/Qt4.7.4/lib/librtkvnd.so", O_RDONLY|O_CLOEXEC <unfinished ...>
238   openat(AT_FDCWD, "/usr/local/Qt4.7.4/lib/libc.so.6", O_RDONLY|O_CLOEXEC <unfinished ...>
237   <... openat resumed>)             = -1 ENOENT (No such file or directory)
238   <... openat resumed>)             = -1 ENOENT (No such file or directory)
237   openat(AT_FDCWD, "/usr/lib/librtkvnd.so", O_RDONLY|O_CLOEXEC <unfinished ...>
238   openat(AT_FDCWD, "/usr/lib/libc.so.6", O_RDONLY|O_CLOEXEC <unfinished ...>
237   <... openat resumed>)             = 5
238   <... openat resumed>)             = -1 ENOENT (No such file or directory)
238   openat(AT_FDCWD, "/lib/libc.so.6", O_RDONLY|O_CLOEXEC) = 3
237   openat(AT_FDCWD, "/data/feasycom/rtkbt.conf", O_RDWR|O_CREAT|O_TRUNC, 0666) = 5
237   openat(AT_FDCWD, "/data/feasycom/rtl8761bt_config", O_RDWR|O_CREAT|O_TRUNC, 0666) = 5
237   ioctl(1, TCGETS, 0xbe9ba7fc)      = -1 ENOTTY (Inappropriate ioctl for device)
237   openat(AT_FDCWD, "/data/feasycom/rtkbt.conf", O_RDONLY) = 5
237   openat(AT_FDCWD, "/data/feasycom/rtkbt.conf", O_RDONLY) = 5
238   +++ exited with 1 +++
213   --- SIGCHLD {si_signo=SIGCHLD, si_code=CLD_EXITED, si_pid=238, si_uid=0, si_status=1, si_utime=3 /* 0.03 s */, si_stime=0} ---
237   openat(AT_FDCWD, "/proc/bluetooth/sleep/lpm", O_WRONLY) = -1 ENOENT (No such file or directory)
237   openat(AT_FDCWD, "/dev/ttyHS1", O_RDWR) = 6
237   ioctl(6, TCFLSH, TCIOFLUSH)       = 0
237   ioctl(6, TCGETS, {c_iflag=, c_oflag=NL0|CR0|TAB0|BS0|VT0|FF0|ONLCR, c_cflag=B115200|CS8|CREAD|PARENB|HUPCL|CLOCAL, c_lflag=ECHOE|ECHOK|ECHOCTL|ECHOKE, ...}) = 0
240   openat(AT_FDCWD, "/usr/local/Qt4.7.4/lib/tls/v7l/neon/vfp/libcrypt.so.1", O_RDONLY|O_CLOEXEC <unfinished ...>
237   ioctl(6, SNDCTL_TMR_START or TCSETS, {c_iflag=, c_oflag=NL0|CR0|TAB0|BS0|VT0|FF0|ONLCR, c_cflag=B115200|CS8|CREAD|PARENB|HUPCL|CLOCAL, c_lflag=ECHOE|ECHOK|ECHOCTL|ECHOKE, ...} <unfinished ...>
240   <... openat resumed>)             = -1 ENOENT (No such file or directory)
237   <... ioctl resumed>)              = 0
237   ioctl(6, TCFLSH, TCIOFLUSH <unfinished ...>
240   openat(AT_FDCWD, "/usr/local/Qt4.7.4/lib/tls/v7l/neon/libcrypt.so.1", O_RDONLY|O_CLOEXEC <unfinished ...>
237   <... ioctl resumed>)              = 0
240   <... openat resumed>)             = -1 ENOENT (No such file or directory)
237   ioctl(6, SNDCTL_TMR_START or TCSETS, {c_iflag=, c_oflag=NL0|CR0|TAB0|BS0|VT0|FF0|ONLCR, c_cflag=B115200|CS8|CREAD|PARENB|HUPCL|CLOCAL, c_lflag=ECHOE|ECHOK|ECHOCTL|ECHOKE, ...}) = 0
240   openat(AT_FDCWD, "/usr/local/Qt4.7.4/lib/tls/v7l/vfp/libcrypt.so.1", O_RDONLY|O_CLOEXEC <unfinished ...>
237   ioctl(6, TCFLSH, TCIOFLUSH <unfinished ...>
240   <... openat resumed>)             = -1 ENOENT (No such file or directory)
237   <... ioctl resumed>)              = 0
237   ioctl(6, TCFLSH, TCIOFLUSH <unfinished ...>
240   openat(AT_FDCWD, "/usr/local/Qt4.7.4/lib/tls/v7l/libcrypt.so.1", O_RDONLY|O_CLOEXEC <unfinished ...>
237   <... ioctl resumed>)              = 0
240   <... openat resumed>)             = -1 ENOENT (No such file or directory)
237   ioctl(6, SNDCTL_TMR_START or TCSETS, {c_iflag=, c_oflag=NL0|CR0|TAB0|BS0|VT0|FF0|ONLCR, c_cflag=B115200|CS8|CREAD|PARENB|HUPCL|CLOCAL, c_lflag=ECHOE|ECHOK|ECHOCTL|ECHOKE, ...}) = 0
240   openat(AT_FDCWD, "/usr/local/Qt4.7.4/lib/tls/neon/vfp/libcrypt.so.1", O_RDONLY|O_CLOEXEC) = -1 ENOENT (No such file or directory)
240   openat(AT_FDCWD, "/usr/local/Qt4.7.4/lib/tls/neon/libcrypt.so.1", O_RDONLY|O_CLOEXEC) = -1 ENOENT (No such file or directory)
240   openat(AT_FDCWD, "/usr/local/Qt4.7.4/lib/tls/vfp/libcrypt.so.1", O_RDONLY|O_CLOEXEC) = -1 ENOENT (No such file or directory)
240   openat(AT_FDCWD, "/usr/local/Qt4.7.4/lib/tls/libcrypt.so.1", O_RDONLY|O_CLOEXEC) = -1 ENOENT (No such file or directory)
240   openat(AT_FDCWD, "/usr/local/Qt4.7.4/lib/v7l/neon/vfp/libcrypt.so.1", O_RDONLY|O_CLOEXEC) = -1 ENOENT (No such file or directory)
240   openat(AT_FDCWD, "/usr/local/Qt4.7.4/lib/v7l/neon/libcrypt.so.1", O_RDONLY|O_CLOEXEC) = -1 ENOENT (No such file or directory)
240   openat(AT_FDCWD, "/usr/local/Qt4.7.4/lib/v7l/vfp/libcrypt.so.1", O_RDONLY|O_CLOEXEC) = -1 ENOENT (No such file or directory)
240   openat(AT_FDCWD, "/usr/local/Qt4.7.4/lib/v7l/libcrypt.so.1", O_RDONLY|O_CLOEXEC) = -1 ENOENT (No such file or directory)
240   openat(AT_FDCWD, "/usr/local/Qt4.7.4/lib/neon/vfp/libcrypt.so.1", O_RDONLY|O_CLOEXEC) = -1 ENOENT (No such file or directory)
240   openat(AT_FDCWD, "/usr/local/Qt4.7.4/lib/neon/libcrypt.so.1", O_RDONLY|O_CLOEXEC) = -1 ENOENT (No such file or directory)
240   openat(AT_FDCWD, "/usr/local/Qt4.7.4/lib/vfp/libcrypt.so.1", O_RDONLY|O_CLOEXEC) = -1 ENOENT (No such file or directory)
240   openat(AT_FDCWD, "/usr/local/Qt4.7.4/lib/libcrypt.so.1", O_RDONLY|O_CLOEXEC) = -1 ENOENT (No such file or directory)
240   openat(AT_FDCWD, "/usr/lib/tls/v7l/neon/vfp/libcrypt.so.1", O_RDONLY|O_CLOEXEC) = -1 ENOENT (No such file or directory)
240   openat(AT_FDCWD, "/usr/lib/tls/v7l/neon/libcrypt.so.1", O_RDONLY|O_CLOEXEC) = -1 ENOENT (No such file or directory)
240   openat(AT_FDCWD, "/usr/lib/tls/v7l/vfp/libcrypt.so.1", O_RDONLY|O_CLOEXEC) = -1 ENOENT (No such file or directory)
240   openat(AT_FDCWD, "/usr/lib/tls/v7l/libcrypt.so.1", O_RDONLY|O_CLOEXEC) = -1 ENOENT (No such file or directory)
240   openat(AT_FDCWD, "/usr/lib/tls/neon/vfp/libcrypt.so.1", O_RDONLY|O_CLOEXEC) = -1 ENOENT (No such file or directory)
240   openat(AT_FDCWD, "/usr/lib/tls/neon/libcrypt.so.1", O_RDONLY|O_CLOEXEC) = -1 ENOENT (No such file or directory)
240   openat(AT_FDCWD, "/usr/lib/tls/vfp/libcrypt.so.1", O_RDONLY|O_CLOEXEC) = -1 ENOENT (No such file or directory)
240   openat(AT_FDCWD, "/usr/lib/tls/libcrypt.so.1", O_RDONLY|O_CLOEXEC) = -1 ENOENT (No such file or directory)
240   openat(AT_FDCWD, "/usr/lib/v7l/neon/vfp/libcrypt.so.1", O_RDONLY|O_CLOEXEC) = -1 ENOENT (No such file or directory)
240   openat(AT_FDCWD, "/usr/lib/v7l/neon/libcrypt.so.1", O_RDONLY|O_CLOEXEC) = -1 ENOENT (No such file or directory)
240   openat(AT_FDCWD, "/usr/lib/v7l/vfp/libcrypt.so.1", O_RDONLY|O_CLOEXEC) = -1 ENOENT (No such file or directory)
240   openat(AT_FDCWD, "/usr/lib/v7l/libcrypt.so.1", O_RDONLY|O_CLOEXEC) = -1 ENOENT (No such file or directory)
240   openat(AT_FDCWD, "/usr/lib/neon/vfp/libcrypt.so.1", O_RDONLY|O_CLOEXEC) = -1 ENOENT (No such file or directory)
240   openat(AT_FDCWD, "/usr/lib/neon/libcrypt.so.1", O_RDONLY|O_CLOEXEC) = -1 ENOENT (No such file or directory)
246   openat(AT_FDCWD, "/sys/devices/system/cpu/online", O_RDONLY|O_CLOEXEC) = 26
240   openat(AT_FDCWD, "/usr/lib/vfp/libcrypt.so.1", O_RDONLY|O_CLOEXEC) = -1 ENOENT (No such file or directory)
239   openat(AT_FDCWD, "/sys/devices/system/cpu/online", O_RDONLY|O_CLOEXEC <unfinished ...>
240   openat(AT_FDCWD, "/usr/lib/libcrypt.so.1", O_RDONLY|O_CLOEXEC <unfinished ...>
239   <... openat resumed>)             = 26
240   <... openat resumed>)             = -1 ENOENT (No such file or directory)
240   openat(AT_FDCWD, "/lib/tls/v7l/neon/vfp/libcrypt.so.1", O_RDONLY|O_CLOEXEC) = -1 ENOENT (No such file or directory)
240   openat(AT_FDCWD, "/lib/tls/v7l/neon/libcrypt.so.1", O_RDONLY|O_CLOEXEC) = -1 ENOENT (No such file or directory)
240   openat(AT_FDCWD, "/lib/tls/v7l/vfp/libcrypt.so.1", O_RDONLY|O_CLOEXEC) = -1 ENOENT (No such file or directory)
240   openat(AT_FDCWD, "/lib/tls/v7l/libcrypt.so.1", O_RDONLY|O_CLOEXEC) = -1 ENOENT (No such file or directory)
240   openat(AT_FDCWD, "/lib/tls/neon/vfp/libcrypt.so.1", O_RDONLY|O_CLOEXEC) = -1 ENOENT (No such file or directory)
250   +++ exited with 0 +++
240   openat(AT_FDCWD, "/lib/tls/neon/libcrypt.so.1", O_RDONLY|O_CLOEXEC) = -1 ENOENT (No such file or directory)
240   openat(AT_FDCWD, "/lib/tls/vfp/libcrypt.so.1", O_RDONLY|O_CLOEXEC) = -1 ENOENT (No such file or directory)
240   openat(AT_FDCWD, "/lib/tls/libcrypt.so.1", O_RDONLY|O_CLOEXEC) = -1 ENOENT (No such file or directory)
251   +++ exited with 0 +++
252   +++ exited with 0 +++
240   openat(AT_FDCWD, "/lib/v7l/neon/vfp/libcrypt.so.1", O_RDONLY|O_CLOEXEC) = -1 ENOENT (No such file or directory)
240   openat(AT_FDCWD, "/lib/v7l/neon/libcrypt.so.1", O_RDONLY|O_CLOEXEC) = -1 ENOENT (No such file or directory)
240   openat(AT_FDCWD, "/lib/v7l/vfp/libcrypt.so.1", O_RDONLY|O_CLOEXEC) = -1 ENOENT (No such file or directory)
253   +++ exited with 0 +++
240   openat(AT_FDCWD, "/lib/v7l/libcrypt.so.1", O_RDONLY|O_CLOEXEC) = -1 ENOENT (No such file or directory)
254   +++ exited with 0 +++
240   openat(AT_FDCWD, "/lib/neon/vfp/libcrypt.so.1", O_RDONLY|O_CLOEXEC) = -1 ENOENT (No such file or directory)
240   openat(AT_FDCWD, "/lib/neon/libcrypt.so.1", O_RDONLY|O_CLOEXEC) = -1 ENOENT (No such file or directory)
255   +++ exited with 0 +++
240   openat(AT_FDCWD, "/lib/vfp/libcrypt.so.1", O_RDONLY|O_CLOEXEC) = -1 ENOENT (No such file or directory)
240   openat(AT_FDCWD, "/lib/libcrypt.so.1", O_RDONLY|O_CLOEXEC) = 3
240   openat(AT_FDCWD, "/usr/local/Qt4.7.4/lib/libc.so.6", O_RDONLY|O_CLOEXEC) = -1 ENOENT (No such file or directory)
240   openat(AT_FDCWD, "/usr/lib/libc.so.6", O_RDONLY|O_CLOEXEC) = -1 ENOENT (No such file or directory)
240   openat(AT_FDCWD, "/lib/libc.so.6", O_RDONLY|O_CLOEXEC) = 3
256   +++ exited with 0 +++
240   +++ exited with 1 +++
213   --- SIGCHLD {si_signo=SIGCHLD, si_code=CLD_EXITED, si_pid=240, si_uid=0, si_status=1, si_utime=0, si_stime=2 /* 0.02 s */} ---
213   +++ exited with 0 +++
137   --- SIGCHLD {si_signo=SIGCHLD, si_code=CLD_EXITED, si_pid=213, si_uid=0, si_status=0, si_utime=0, si_stime=2 /* 0.02 s */} ---
257   openat(AT_FDCWD, "/usr/local/Qt4.7.4/lib/tls/v7l/neon/vfp/libcrypt.so.1", O_RDONLY|O_CLOEXEC) = -1 ENOENT (No such file or directory)
257   openat(AT_FDCWD, "/usr/local/Qt4.7.4/lib/tls/v7l/neon/libcrypt.so.1", O_RDONLY|O_CLOEXEC) = -1 ENOENT (No such file or directory)
257   openat(AT_FDCWD, "/usr/local/Qt4.7.4/lib/tls/v7l/vfp/libcrypt.so.1", O_RDONLY|O_CLOEXEC) = -1 ENOENT (No such file or directory)
257   openat(AT_FDCWD, "/usr/local/Qt4.7.4/lib/tls/v7l/libcrypt.so.1", O_RDONLY|O_CLOEXEC) = -1 ENOENT (No such file or directory)
249   +++ exited with 254 +++
248   +++ exited with 254 +++
247   +++ exited with 254 +++
246   +++ exited with 254 +++
245   +++ exited with 254 +++
244   +++ exited with 254 +++
243   +++ exited with 254 +++
242   +++ exited with 254 +++
241   +++ exited with 254 +++
239   +++ exited with 254 +++
237   +++ exited with 254 +++
164   --- SIGCHLD {si_signo=SIGCHLD, si_code=CLD_EXITED, si_pid=237, si_uid=0, si_status=254, si_utime=3 /* 0.03 s */, si_stime=8 /* 0.08 s */} ---
257   openat(AT_FDCWD, "/usr/local/Qt4.7.4/lib/tls/neon/vfp/libcrypt.so.1", O_RDONLY|O_CLOEXEC) = -1 ENOENT (No such file or directory)
257   openat(AT_FDCWD, "/usr/local/Qt4.7.4/lib/tls/neon/libcrypt.so.1", O_RDONLY|O_CLOEXEC) = -1 ENOENT (No such file or directory)
257   openat(AT_FDCWD, "/usr/local/Qt4.7.4/lib/tls/vfp/libcrypt.so.1", O_RDONLY|O_CLOEXEC) = -1 ENOENT (No such file or directory)
257   openat(AT_FDCWD, "/usr/local/Qt4.7.4/lib/tls/libcrypt.so.1", O_RDONLY|O_CLOEXEC) = -1 ENOENT (No such file or directory)
257   openat(AT_FDCWD, "/usr/local/Qt4.7.4/lib/v7l/neon/vfp/libcrypt.so.1", O_RDONLY|O_CLOEXEC) = -1 ENOENT (No such file or directory)
257   openat(AT_FDCWD, "/usr/local/Qt4.7.4/lib/v7l/neon/libcrypt.so.1", O_RDONLY|O_CLOEXEC) = -1 ENOENT (No such file or directory)
257   openat(AT_FDCWD, "/usr/local/Qt4.7.4/lib/v7l/vfp/libcrypt.so.1", O_RDONLY|O_CLOEXEC) = -1 ENOENT (No such file or directory)
257   openat(AT_FDCWD, "/usr/local/Qt4.7.4/lib/v7l/libcrypt.so.1", O_RDONLY|O_CLOEXEC) = -1 ENOENT (No such file or directory)
257   openat(AT_FDCWD, "/usr/local/Qt4.7.4/lib/neon/vfp/libcrypt.so.1", O_RDONLY|O_CLOEXEC) = -1 ENOENT (No such file or directory)
257   openat(AT_FDCWD, "/usr/local/Qt4.7.4/lib/neon/libcrypt.so.1", O_RDONLY|O_CLOEXEC) = -1 ENOENT (No such file or directory)
257   openat(AT_FDCWD, "/usr/local/Qt4.7.4/lib/vfp/libcrypt.so.1", O_RDONLY|O_CLOEXEC) = -1 ENOENT (No such file or directory)
257   openat(AT_FDCWD, "/usr/local/Qt4.7.4/lib/libcrypt.so.1", O_RDONLY|O_CLOEXEC) = -1 ENOENT (No such file or directory)
257   openat(AT_FDCWD, "/usr/lib/tls/v7l/neon/vfp/libcrypt.so.1", O_RDONLY|O_CLOEXEC) = -1 ENOENT (No such file or directory)
257   openat(AT_FDCWD, "/usr/lib/tls/v7l/neon/libcrypt.so.1", O_RDONLY|O_CLOEXEC) = -1 ENOENT (No such file or directory)
257   openat(AT_FDCWD, "/usr/lib/tls/v7l/vfp/libcrypt.so.1", O_RDONLY|O_CLOEXEC) = -1 ENOENT (No such file or directory)
257   openat(AT_FDCWD, "/usr/lib/tls/v7l/libcrypt.so.1", O_RDONLY|O_CLOEXEC) = -1 ENOENT (No such file or directory)
257   openat(AT_FDCWD, "/usr/lib/tls/neon/vfp/libcrypt.so.1", O_RDONLY|O_CLOEXEC) = -1 ENOENT (No such file or directory)
257   openat(AT_FDCWD, "/usr/lib/tls/neon/libcrypt.so.1", O_RDONLY|O_CLOEXEC) = -1 ENOENT (No such file or directory)
257   openat(AT_FDCWD, "/usr/lib/tls/vfp/libcrypt.so.1", O_RDONLY|O_CLOEXEC) = -1 ENOENT (No such file or directory)
257   openat(AT_FDCWD, "/usr/lib/tls/libcrypt.so.1", O_RDONLY|O_CLOEXEC) = -1 ENOENT (No such file or directory)
257   openat(AT_FDCWD, "/usr/lib/v7l/neon/vfp/libcrypt.so.1", O_RDONLY|O_CLOEXEC) = -1 ENOENT (No such file or directory)
257   openat(AT_FDCWD, "/usr/lib/v7l/neon/libcrypt.so.1", O_RDONLY|O_CLOEXEC) = -1 ENOENT (No such file or directory)
257   openat(AT_FDCWD, "/usr/lib/v7l/vfp/libcrypt.so.1", O_RDONLY|O_CLOEXEC) = -1 ENOENT (No such file or directory)
257   openat(AT_FDCWD, "/usr/lib/v7l/libcrypt.so.1", O_RDONLY|O_CLOEXEC) = -1 ENOENT (No such file or directory)
257   openat(AT_FDCWD, "/usr/lib/neon/vfp/libcrypt.so.1", O_RDONLY|O_CLOEXEC) = -1 ENOENT (No such file or directory)
257   openat(AT_FDCWD, "/usr/lib/neon/libcrypt.so.1", O_RDONLY|O_CLOEXEC) = -1 ENOENT (No such file or directory)
257   openat(AT_FDCWD, "/usr/lib/vfp/libcrypt.so.1", O_RDONLY|O_CLOEXEC) = -1 ENOENT (No such file or directory)
257   openat(AT_FDCWD, "/usr/lib/libcrypt.so.1", O_RDONLY|O_CLOEXEC) = -1 ENOENT (No such file or directory)
257   openat(AT_FDCWD, "/lib/tls/v7l/neon/vfp/libcrypt.so.1", O_RDONLY|O_CLOEXEC) = -1 ENOENT (No such file or directory)
258   openat(AT_FDCWD, "/data/feasycom/bw_conf0.db", O_RDWR) = 4
257   openat(AT_FDCWD, "/lib/tls/v7l/neon/libcrypt.so.1", O_RDONLY|O_CLOEXEC) = -1 ENOENT (No such file or directory)
257   openat(AT_FDCWD, "/lib/tls/v7l/vfp/libcrypt.so.1", O_RDONLY|O_CLOEXEC) = -1 ENOENT (No such file or directory)
258   openat(AT_FDCWD, "/data/feasycom/bw_conf1.db", O_RDWR) = 4
257   openat(AT_FDCWD, "/lib/tls/v7l/libcrypt.so.1", O_RDONLY|O_CLOEXEC) = -1 ENOENT (No such file or directory)
257   openat(AT_FDCWD, "/lib/tls/neon/vfp/libcrypt.so.1", O_RDONLY|O_CLOEXEC <unfinished ...>
258   openat(AT_FDCWD, "/etc/blueware-bw123.properties", O_RDONLY <unfinished ...>
257   <... openat resumed>)             = -1 ENOENT (No such file or directory)
258   <... openat resumed>)             = 4
257   openat(AT_FDCWD, "/lib/tls/neon/libcrypt.so.1", O_RDONLY|O_CLOEXEC) = -1 ENOENT (No such file or directory)
257   openat(AT_FDCWD, "/lib/tls/vfp/libcrypt.so.1", O_RDONLY|O_CLOEXEC) = -1 ENOENT (No such file or directory)
257   openat(AT_FDCWD, "/lib/tls/libcrypt.so.1", O_RDONLY|O_CLOEXEC) = -1 ENOENT (No such file or directory)
257   openat(AT_FDCWD, "/lib/v7l/neon/vfp/libcrypt.so.1", O_RDONLY|O_CLOEXEC) = -1 ENOENT (No such file or directory)
257   openat(AT_FDCWD, "/lib/v7l/neon/libcrypt.so.1", O_RDONLY|O_CLOEXEC) = -1 ENOENT (No such file or directory)
257   openat(AT_FDCWD, "/lib/v7l/vfp/libcrypt.so.1", O_RDONLY|O_CLOEXEC) = -1 ENOENT (No such file or directory)
257   openat(AT_FDCWD, "/lib/v7l/libcrypt.so.1", O_RDONLY|O_CLOEXEC) = -1 ENOENT (No such file or directory)
257   openat(AT_FDCWD, "/lib/neon/vfp/libcrypt.so.1", O_RDONLY|O_CLOEXEC) = -1 ENOENT (No such file or directory)
257   openat(AT_FDCWD, "/lib/neon/libcrypt.so.1", O_RDONLY|O_CLOEXEC) = -1 ENOENT (No such file or directory)
257   openat(AT_FDCWD, "/lib/vfp/libcrypt.so.1", O_RDONLY|O_CLOEXEC) = -1 ENOENT (No such file or directory)
257   openat(AT_FDCWD, "/lib/libcrypt.so.1", O_RDONLY|O_CLOEXEC) = 3
257   openat(AT_FDCWD, "/usr/local/Qt4.7.4/lib/libc.so.6", O_RDONLY|O_CLOEXEC) = -1 ENOENT (No such file or directory)
257   openat(AT_FDCWD, "/usr/lib/libc.so.6", O_RDONLY|O_CLOEXEC) = -1 ENOENT (No such file or directory)
257   openat(AT_FDCWD, "/lib/libc.so.6", O_RDONLY|O_CLOEXEC) = 3
257   openat(AT_FDCWD, "/lib/modules/3.4.0/kernel/drivers/usb/musb/musb_hdrc.ko", O_RDONLY|O_LARGEFILE) = -1 ENOENT (No such file or directory)
257   +++ exited with 1 +++
137   --- SIGCHLD {si_signo=SIGCHLD, si_code=CLD_EXITED, si_pid=257, si_uid=0, si_status=1, si_utime=0, si_stime=1 /* 0.01 s */} ---
259   openat(AT_FDCWD, "/usr/local/Qt4.7.4/lib/tls/v7l/neon/vfp/libcrypt.so.1", O_RDONLY|O_CLOEXEC) = -1 ENOENT (No such file or directory)
259   openat(AT_FDCWD, "/usr/local/Qt4.7.4/lib/tls/v7l/neon/libcrypt.so.1", O_RDONLY|O_CLOEXEC) = -1 ENOENT (No such file or directory)
259   openat(AT_FDCWD, "/usr/local/Qt4.7.4/lib/tls/v7l/vfp/libcrypt.so.1", O_RDONLY|O_CLOEXEC) = -1 ENOENT (No such file or directory)
259   openat(AT_FDCWD, "/usr/local/Qt4.7.4/lib/tls/v7l/libcrypt.so.1", O_RDONLY|O_CLOEXEC) = -1 ENOENT (No such file or directory)
259   openat(AT_FDCWD, "/usr/local/Qt4.7.4/lib/tls/neon/vfp/libcrypt.so.1", O_RDONLY|O_CLOEXEC) = -1 ENOENT (No such file or directory)
259   openat(AT_FDCWD, "/usr/local/Qt4.7.4/lib/tls/neon/libcrypt.so.1", O_RDONLY|O_CLOEXEC) = -1 ENOENT (No such file or directory)
258   openat(AT_FDCWD, "/sys/class/gpio/export", O_WRONLY) = 4
259   openat(AT_FDCWD, "/usr/local/Qt4.7.4/lib/tls/vfp/libcrypt.so.1", O_RDONLY|O_CLOEXEC) = -1 ENOENT (No such file or directory)
259   openat(AT_FDCWD, "/usr/local/Qt4.7.4/lib/tls/libcrypt.so.1", O_RDONLY|O_CLOEXEC <unfinished ...>
258   openat(AT_FDCWD, "/sys/class/gpio/gpio91/direction", O_WRONLY <unfinished ...>
259   <... openat resumed>)             = -1 ENOENT (No such file or directory)
258   <... openat resumed>)             = 4
259   openat(AT_FDCWD, "/usr/local/Qt4.7.4/lib/v7l/neon/vfp/libcrypt.so.1", O_RDONLY|O_CLOEXEC) = -1 ENOENT (No such file or directory)
258   openat(AT_FDCWD, "/sys/class/gpio/gpio91/value", O_WRONLY <unfinished ...>
259   openat(AT_FDCWD, "/usr/local/Qt4.7.4/lib/v7l/neon/libcrypt.so.1", O_RDONLY|O_CLOEXEC <unfinished ...>
258   <... openat resumed>)             = 4
259   <... openat resumed>)             = -1 ENOENT (No such file or directory)
259   openat(AT_FDCWD, "/usr/local/Qt4.7.4/lib/v7l/vfp/libcrypt.so.1", O_RDONLY|O_CLOEXEC) = -1 ENOENT (No such file or directory)
259   openat(AT_FDCWD, "/usr/local/Qt4.7.4/lib/v7l/libcrypt.so.1", O_RDONLY|O_CLOEXEC) = -1 ENOENT (No such file or directory)
258   ioctl(3, TCFLSH, TCIOFLUSH <unfinished ...>
259   openat(AT_FDCWD, "/usr/local/Qt4.7.4/lib/neon/vfp/libcrypt.so.1", O_RDONLY|O_CLOEXEC <unfinished ...>
258   <... ioctl resumed>)              = 0
259   <... openat resumed>)             = -1 ENOENT (No such file or directory)
259   openat(AT_FDCWD, "/usr/local/Qt4.7.4/lib/neon/libcrypt.so.1", O_RDONLY|O_CLOEXEC) = -1 ENOENT (No such file or directory)
259   openat(AT_FDCWD, "/usr/local/Qt4.7.4/lib/vfp/libcrypt.so.1", O_RDONLY|O_CLOEXEC) = -1 ENOENT (No such file or directory)
259   openat(AT_FDCWD, "/usr/local/Qt4.7.4/lib/libcrypt.so.1", O_RDONLY|O_CLOEXEC) = -1 ENOENT (No such file or directory)
259   openat(AT_FDCWD, "/usr/lib/tls/v7l/neon/vfp/libcrypt.so.1", O_RDONLY|O_CLOEXEC <unfinished ...>
258   openat(AT_FDCWD, "/data/feasycom/bw_conf1.db", O_RDWR|O_CREAT|O_TRUNC, 0666 <unfinished ...>
259   <... openat resumed>)             = -1 ENOENT (No such file or directory)
258   <... openat resumed>)             = 5
259   openat(AT_FDCWD, "/usr/lib/tls/v7l/neon/libcrypt.so.1", O_RDONLY|O_CLOEXEC) = -1 ENOENT (No such file or directory)
259   openat(AT_FDCWD, "/usr/lib/tls/v7l/vfp/libcrypt.so.1", O_RDONLY|O_CLOEXEC) = -1 ENOENT (No such file or directory)
259   openat(AT_FDCWD, "/usr/lib/tls/v7l/libcrypt.so.1", O_RDONLY|O_CLOEXEC) = -1 ENOENT (No such file or directory)
259   openat(AT_FDCWD, "/usr/lib/tls/neon/vfp/libcrypt.so.1", O_RDONLY|O_CLOEXEC) = -1 ENOENT (No such file or directory)
258   openat(AT_FDCWD, "/data/feasycom/bw_conf0.db", O_RDWR|O_CREAT|O_TRUNC, 0666 <unfinished ...>
259   openat(AT_FDCWD, "/usr/lib/tls/neon/libcrypt.so.1", O_RDONLY|O_CLOEXEC) = -1 ENOENT (No such file or directory)
258   <... openat resumed>)             = 5
259   openat(AT_FDCWD, "/usr/lib/tls/vfp/libcrypt.so.1", O_RDONLY|O_CLOEXEC) = -1 ENOENT (No such file or directory)
259   openat(AT_FDCWD, "/usr/lib/tls/libcrypt.so.1", O_RDONLY|O_CLOEXEC) = -1 ENOENT (No such file or directory)
259   openat(AT_FDCWD, "/usr/lib/v7l/neon/vfp/libcrypt.so.1", O_RDONLY|O_CLOEXEC) = -1 ENOENT (No such file or directory)
259   openat(AT_FDCWD, "/usr/lib/v7l/neon/libcrypt.so.1", O_RDONLY|O_CLOEXEC) = -1 ENOENT (No such file or directory)
259   openat(AT_FDCWD, "/usr/lib/v7l/vfp/libcrypt.so.1", O_RDONLY|O_CLOEXEC) = -1 ENOENT (No such file or directory)
259   openat(AT_FDCWD, "/usr/lib/v7l/libcrypt.so.1", O_RDONLY|O_CLOEXEC) = -1 ENOENT (No such file or directory)
259   openat(AT_FDCWD, "/usr/lib/neon/vfp/libcrypt.so.1", O_RDONLY|O_CLOEXEC) = -1 ENOENT (No such file or directory)
259   openat(AT_FDCWD, "/usr/lib/neon/libcrypt.so.1", O_RDONLY|O_CLOEXEC) = -1 ENOENT (No such file or directory)
259   openat(AT_FDCWD, "/usr/lib/vfp/libcrypt.so.1", O_RDONLY|O_CLOEXEC) = -1 ENOENT (No such file or directory)
259   openat(AT_FDCWD, "/usr/lib/libcrypt.so.1", O_RDONLY|O_CLOEXEC) = -1 ENOENT (No such file or directory)
259   openat(AT_FDCWD, "/lib/tls/v7l/neon/vfp/libcrypt.so.1", O_RDONLY|O_CLOEXEC) = -1 ENOENT (No such file or directory)
259   openat(AT_FDCWD, "/lib/tls/v7l/neon/libcrypt.so.1", O_RDONLY|O_CLOEXEC) = -1 ENOENT (No such file or directory)
259   openat(AT_FDCWD, "/lib/tls/v7l/vfp/libcrypt.so.1", O_RDONLY|O_CLOEXEC) = -1 ENOENT (No such file or directory)
259   openat(AT_FDCWD, "/lib/tls/v7l/libcrypt.so.1", O_RDONLY|O_CLOEXEC) = -1 ENOENT (No such file or directory)
259   openat(AT_FDCWD, "/lib/tls/neon/vfp/libcrypt.so.1", O_RDONLY|O_CLOEXEC) = -1 ENOENT (No such file or directory)
259   openat(AT_FDCWD, "/lib/tls/neon/libcrypt.so.1", O_RDONLY|O_CLOEXEC) = -1 ENOENT (No such file or directory)
259   openat(AT_FDCWD, "/lib/tls/vfp/libcrypt.so.1", O_RDONLY|O_CLOEXEC) = -1 ENOENT (No such file or directory)
259   openat(AT_FDCWD, "/lib/tls/libcrypt.so.1", O_RDONLY|O_CLOEXEC) = -1 ENOENT (No such file or directory)
259   openat(AT_FDCWD, "/lib/v7l/neon/vfp/libcrypt.so.1", O_RDONLY|O_CLOEXEC) = -1 ENOENT (No such file or directory)
259   openat(AT_FDCWD, "/lib/v7l/neon/libcrypt.so.1", O_RDONLY|O_CLOEXEC) = -1 ENOENT (No such file or directory)
259   openat(AT_FDCWD, "/lib/v7l/vfp/libcrypt.so.1", O_RDONLY|O_CLOEXEC) = -1 ENOENT (No such file or directory)
259   openat(AT_FDCWD, "/lib/v7l/libcrypt.so.1", O_RDONLY|O_CLOEXEC) = -1 ENOENT (No such file or directory)
259   openat(AT_FDCWD, "/lib/neon/vfp/libcrypt.so.1", O_RDONLY|O_CLOEXEC) = -1 ENOENT (No such file or directory)
259   openat(AT_FDCWD, "/lib/neon/libcrypt.so.1", O_RDONLY|O_CLOEXEC) = -1 ENOENT (No such file or directory)
259   openat(AT_FDCWD, "/lib/vfp/libcrypt.so.1", O_RDONLY|O_CLOEXEC) = -1 ENOENT (No such file or directory)
259   openat(AT_FDCWD, "/lib/libcrypt.so.1", O_RDONLY|O_CLOEXEC) = 3
259   openat(AT_FDCWD, "/usr/local/Qt4.7.4/lib/libc.so.6", O_RDONLY|O_CLOEXEC) = -1 ENOENT (No such file or directory)
259   openat(AT_FDCWD, "/usr/lib/libc.so.6", O_RDONLY|O_CLOEXEC) = -1 ENOENT (No such file or directory)
259   openat(AT_FDCWD, "/lib/libc.so.6", O_RDONLY|O_CLOEXEC) = 3
258   openat(AT_FDCWD, "/sys/bus/sdio/devices/", O_RDONLY|O_NONBLOCK|O_LARGEFILE|O_CLOEXEC|O_DIRECTORY) = 5
258   openat(AT_FDCWD, "/usr/local/Qt4.7.4/lib/librtkvnd.so", O_RDONLY|O_CLOEXEC) = -1 ENOENT (No such file or directory)
258   openat(AT_FDCWD, "/usr/lib/librtkvnd.so", O_RDONLY|O_CLOEXEC) = 5
259   openat(AT_FDCWD, "/lib/modules/3.4.0/kernel/drivers/usb/musb/ark1680_musb.ko", O_RDONLY|O_LARGEFILE) = -1 ENOENT (No such file or directory)
258   openat(AT_FDCWD, "/data/feasycom/rtkbt.conf", O_RDWR|O_CREAT|O_TRUNC, 0666 <unfinished ...>
259   +++ exited with 1 +++
258   <... openat resumed>)             = 5
137   --- SIGCHLD {si_signo=SIGCHLD, si_code=CLD_EXITED, si_pid=259, si_uid=0, si_status=1, si_utime=0, si_stime=5 /* 0.05 s */} ---
258   openat(AT_FDCWD, "/data/feasycom/rtl8761bt_config", O_RDWR|O_CREAT|O_TRUNC, 0666) = 5
258   ioctl(1, TCGETS, 0xbe9ba7fc)      = -1 ENOTTY (Inappropriate ioctl for device)
258   openat(AT_FDCWD, "/data/feasycom/rtkbt.conf", O_RDONLY) = 5
258   openat(AT_FDCWD, "/data/feasycom/rtkbt.conf", O_RDONLY) = 5
260   openat(AT_FDCWD, "/usr/local/Qt4.7.4/lib/tls/v7l/neon/vfp/libcrypt.so.1", O_RDONLY|O_CLOEXEC) = -1 ENOENT (No such file or directory)
260   openat(AT_FDCWD, "/usr/local/Qt4.7.4/lib/tls/v7l/neon/libcrypt.so.1", O_RDONLY|O_CLOEXEC) = -1 ENOENT (No such file or directory)
260   openat(AT_FDCWD, "/usr/local/Qt4.7.4/lib/tls/v7l/vfp/libcrypt.so.1", O_RDONLY|O_CLOEXEC) = -1 ENOENT (No such file or directory)
260   openat(AT_FDCWD, "/usr/local/Qt4.7.4/lib/tls/v7l/libcrypt.so.1", O_RDONLY|O_CLOEXEC) = -1 ENOENT (No such file or directory)
260   openat(AT_FDCWD, "/usr/local/Qt4.7.4/lib/tls/neon/vfp/libcrypt.so.1", O_RDONLY|O_CLOEXEC) = -1 ENOENT (No such file or directory)
260   openat(AT_FDCWD, "/usr/local/Qt4.7.4/lib/tls/neon/libcrypt.so.1", O_RDONLY|O_CLOEXEC) = -1 ENOENT (No such file or directory)
260   openat(AT_FDCWD, "/usr/local/Qt4.7.4/lib/tls/vfp/libcrypt.so.1", O_RDONLY|O_CLOEXEC) = -1 ENOENT (No such file or directory)
260   openat(AT_FDCWD, "/usr/local/Qt4.7.4/lib/tls/libcrypt.so.1", O_RDONLY|O_CLOEXEC) = -1 ENOENT (No such file or directory)
260   openat(AT_FDCWD, "/usr/local/Qt4.7.4/lib/v7l/neon/vfp/libcrypt.so.1", O_RDONLY|O_CLOEXEC) = -1 ENOENT (No such file or directory)
260   openat(AT_FDCWD, "/usr/local/Qt4.7.4/lib/v7l/neon/libcrypt.so.1", O_RDONLY|O_CLOEXEC) = -1 ENOENT (No such file or directory)
260   openat(AT_FDCWD, "/usr/local/Qt4.7.4/lib/v7l/vfp/libcrypt.so.1", O_RDONLY|O_CLOEXEC) = -1 ENOENT (No such file or directory)
260   openat(AT_FDCWD, "/usr/local/Qt4.7.4/lib/v7l/libcrypt.so.1", O_RDONLY|O_CLOEXEC) = -1 ENOENT (No such file or directory)
260   openat(AT_FDCWD, "/usr/local/Qt4.7.4/lib/neon/vfp/libcrypt.so.1", O_RDONLY|O_CLOEXEC) = -1 ENOENT (No such file or directory)
260   openat(AT_FDCWD, "/usr/local/Qt4.7.4/lib/neon/libcrypt.so.1", O_RDONLY|O_CLOEXEC) = -1 ENOENT (No such file or directory)
260   openat(AT_FDCWD, "/usr/local/Qt4.7.4/lib/vfp/libcrypt.so.1", O_RDONLY|O_CLOEXEC) = -1 ENOENT (No such file or directory)
260   openat(AT_FDCWD, "/usr/local/Qt4.7.4/lib/libcrypt.so.1", O_RDONLY|O_CLOEXEC) = -1 ENOENT (No such file or directory)
258   openat(AT_FDCWD, "/proc/bluetooth/sleep/lpm", O_WRONLY <unfinished ...>
260   openat(AT_FDCWD, "/usr/lib/tls/v7l/neon/vfp/libcrypt.so.1", O_RDONLY|O_CLOEXEC <unfinished ...>
258   <... openat resumed>)             = -1 ENOENT (No such file or directory)
260   <... openat resumed>)             = -1 ENOENT (No such file or directory)
258   openat(AT_FDCWD, "/dev/ttyHS1", O_RDWR) = 6
260   openat(AT_FDCWD, "/usr/lib/tls/v7l/neon/libcrypt.so.1", O_RDONLY|O_CLOEXEC <unfinished ...>
258   ioctl(6, TCFLSH, TCIOFLUSH <unfinished ...>
260   <... openat resumed>)             = -1 ENOENT (No such file or directory)
258   <... ioctl resumed>)              = 0
258   ioctl(6, TCGETS <unfinished ...>
260   openat(AT_FDCWD, "/usr/lib/tls/v7l/vfp/libcrypt.so.1", O_RDONLY|O_CLOEXEC <unfinished ...>
258   <... ioctl resumed>, {c_iflag=, c_oflag=NL0|CR0|TAB0|BS0|VT0|FF0|ONLCR, c_cflag=B115200|CS8|CREAD|PARENB|HUPCL|CLOCAL, c_lflag=ECHOE|ECHOK|ECHOCTL|ECHOKE, ...}) = 0
260   <... openat resumed>)             = -1 ENOENT (No such file or directory)
258   ioctl(6, SNDCTL_TMR_START or TCSETS, {c_iflag=, c_oflag=NL0|CR0|TAB0|BS0|VT0|FF0|ONLCR, c_cflag=B115200|CS8|CREAD|PARENB|HUPCL|CLOCAL, c_lflag=ECHOE|ECHOK|ECHOCTL|ECHOKE, ...}) = 0
260   openat(AT_FDCWD, "/usr/lib/tls/v7l/libcrypt.so.1", O_RDONLY|O_CLOEXEC <unfinished ...>
258   ioctl(6, TCFLSH, TCIOFLUSH <unfinished ...>
260   <... openat resumed>)             = -1 ENOENT (No such file or directory)
258   <... ioctl resumed>)              = 0
258   ioctl(6, SNDCTL_TMR_START or TCSETS, {c_iflag=, c_oflag=NL0|CR0|TAB0|BS0|VT0|FF0|ONLCR, c_cflag=B115200|CS8|CREAD|PARENB|HUPCL|CLOCAL, c_lflag=ECHOE|ECHOK|ECHOCTL|ECHOKE, ...} <unfinished ...>
260   openat(AT_FDCWD, "/usr/lib/tls/neon/vfp/libcrypt.so.1", O_RDONLY|O_CLOEXEC <unfinished ...>
258   <... ioctl resumed>)              = 0
260   <... openat resumed>)             = -1 ENOENT (No such file or directory)
258   ioctl(6, TCFLSH, TCIOFLUSH)       = 0
260   openat(AT_FDCWD, "/usr/lib/tls/neon/libcrypt.so.1", O_RDONLY|O_CLOEXEC <unfinished ...>
258   ioctl(6, TCFLSH, TCIOFLUSH <unfinished ...>
260   <... openat resumed>)             = -1 ENOENT (No such file or directory)
258   <... ioctl resumed>)              = 0
258   ioctl(6, SNDCTL_TMR_START or TCSETS, {c_iflag=, c_oflag=NL0|CR0|TAB0|BS0|VT0|FF0|ONLCR, c_cflag=B115200|CS8|CREAD|PARENB|HUPCL|CLOCAL, c_lflag=ECHOE|ECHOK|ECHOCTL|ECHOKE, ...} <unfinished ...>
260   openat(AT_FDCWD, "/usr/lib/tls/vfp/libcrypt.so.1", O_RDONLY|O_CLOEXEC) = -1 ENOENT (No such file or directory)
258   <... ioctl resumed>)              = 0
260   openat(AT_FDCWD, "/usr/lib/tls/libcrypt.so.1", O_RDONLY|O_CLOEXEC) = -1 ENOENT (No such file or directory)
260   openat(AT_FDCWD, "/usr/lib/v7l/neon/vfp/libcrypt.so.1", O_RDONLY|O_CLOEXEC) = -1 ENOENT (No such file or directory)
260   openat(AT_FDCWD, "/usr/lib/v7l/neon/libcrypt.so.1", O_RDONLY|O_CLOEXEC) = -1 ENOENT (No such file or directory)
260   openat(AT_FDCWD, "/usr/lib/v7l/vfp/libcrypt.so.1", O_RDONLY|O_CLOEXEC) = -1 ENOENT (No such file or directory)
260   openat(AT_FDCWD, "/usr/lib/v7l/libcrypt.so.1", O_RDONLY|O_CLOEXEC) = -1 ENOENT (No such file or directory)
260   openat(AT_FDCWD, "/usr/lib/neon/vfp/libcrypt.so.1", O_RDONLY|O_CLOEXEC) = -1 ENOENT (No such file or directory)
260   openat(AT_FDCWD, "/usr/lib/neon/libcrypt.so.1", O_RDONLY|O_CLOEXEC) = -1 ENOENT (No such file or directory)
260   openat(AT_FDCWD, "/usr/lib/vfp/libcrypt.so.1", O_RDONLY|O_CLOEXEC) = -1 ENOENT (No such file or directory)
260   openat(AT_FDCWD, "/usr/lib/libcrypt.so.1", O_RDONLY|O_CLOEXEC) = -1 ENOENT (No such file or directory)
260   openat(AT_FDCWD, "/lib/tls/v7l/neon/vfp/libcrypt.so.1", O_RDONLY|O_CLOEXEC) = -1 ENOENT (No such file or directory)
260   openat(AT_FDCWD, "/lib/tls/v7l/neon/libcrypt.so.1", O_RDONLY|O_CLOEXEC) = -1 ENOENT (No such file or directory)
260   openat(AT_FDCWD, "/lib/tls/v7l/vfp/libcrypt.so.1", O_RDONLY|O_CLOEXEC) = -1 ENOENT (No such file or directory)
260   openat(AT_FDCWD, "/lib/tls/v7l/libcrypt.so.1", O_RDONLY|O_CLOEXEC) = -1 ENOENT (No such file or directory)
260   openat(AT_FDCWD, "/lib/tls/neon/vfp/libcrypt.so.1", O_RDONLY|O_CLOEXEC) = -1 ENOENT (No such file or directory)
260   openat(AT_FDCWD, "/lib/tls/neon/libcrypt.so.1", O_RDONLY|O_CLOEXEC) = -1 ENOENT (No such file or directory)
260   openat(AT_FDCWD, "/lib/tls/vfp/libcrypt.so.1", O_RDONLY|O_CLOEXEC) = -1 ENOENT (No such file or directory)
260   openat(AT_FDCWD, "/lib/tls/libcrypt.so.1", O_RDONLY|O_CLOEXEC) = -1 ENOENT (No such file or directory)
260   openat(AT_FDCWD, "/lib/v7l/neon/vfp/libcrypt.so.1", O_RDONLY|O_CLOEXEC) = -1 ENOENT (No such file or directory)
260   openat(AT_FDCWD, "/lib/v7l/neon/libcrypt.so.1", O_RDONLY|O_CLOEXEC) = -1 ENOENT (No such file or directory)
260   openat(AT_FDCWD, "/lib/v7l/vfp/libcrypt.so.1", O_RDONLY|O_CLOEXEC) = -1 ENOENT (No such file or directory)
260   openat(AT_FDCWD, "/lib/v7l/libcrypt.so.1", O_RDONLY|O_CLOEXEC) = -1 ENOENT (No such file or directory)
260   openat(AT_FDCWD, "/lib/neon/vfp/libcrypt.so.1", O_RDONLY|O_CLOEXEC) = -1 ENOENT (No such file or directory)
260   openat(AT_FDCWD, "/lib/neon/libcrypt.so.1", O_RDONLY|O_CLOEXEC) = -1 ENOENT (No such file or directory)
260   openat(AT_FDCWD, "/lib/vfp/libcrypt.so.1", O_RDONLY|O_CLOEXEC) = -1 ENOENT (No such file or directory)
260   openat(AT_FDCWD, "/lib/libcrypt.so.1", O_RDONLY|O_CLOEXEC <unfinished ...>
267   openat(AT_FDCWD, "/sys/devices/system/cpu/online", O_RDONLY|O_CLOEXEC <unfinished ...>
260   <... openat resumed>)             = 3
267   <... openat resumed>)             = 26
261   openat(AT_FDCWD, "/sys/devices/system/cpu/online", O_RDONLY|O_CLOEXEC) = 27
260   openat(AT_FDCWD, "/usr/local/Qt4.7.4/lib/libc.so.6", O_RDONLY|O_CLOEXEC) = -1 ENOENT (No such file or directory)
260   openat(AT_FDCWD, "/usr/lib/libc.so.6", O_RDONLY|O_CLOEXEC) = -1 ENOENT (No such file or directory)
260   openat(AT_FDCWD, "/lib/libc.so.6", O_RDONLY|O_CLOEXEC) = 3
271   +++ exited with 0 +++
272   +++ exited with 0 +++
260   openat(AT_FDCWD, "/lib/modules/3.4.0/kernel/drivers/usb/gadget/g_ncm.ko", O_RDONLY|O_LARGEFILE <unfinished ...>
273   +++ exited with 0 +++
260   <... openat resumed>)             = -1 ENOENT (No such file or directory)
260   +++ exited with 1 +++
137   --- SIGCHLD {si_signo=SIGCHLD, si_code=CLD_EXITED, si_pid=260, si_uid=0, si_status=1, si_utime=0, si_stime=0} ---
274   +++ exited with 0 +++
275   openat(AT_FDCWD, "/usr/local/Qt4.7.4/lib/tls/v7l/neon/vfp/libcrypt.so.1", O_RDONLY|O_CLOEXEC) = -1 ENOENT (No such file or directory)
275   openat(AT_FDCWD, "/usr/local/Qt4.7.4/lib/tls/v7l/neon/libcrypt.so.1", O_RDONLY|O_CLOEXEC) = -1 ENOENT (No such file or directory)
275   openat(AT_FDCWD, "/usr/local/Qt4.7.4/lib/tls/v7l/vfp/libcrypt.so.1", O_RDONLY|O_CLOEXEC) = -1 ENOENT (No such file or directory)
275   openat(AT_FDCWD, "/usr/local/Qt4.7.4/lib/tls/v7l/libcrypt.so.1", O_RDONLY|O_CLOEXEC) = -1 ENOENT (No such file or directory)
275   openat(AT_FDCWD, "/usr/local/Qt4.7.4/lib/tls/neon/vfp/libcrypt.so.1", O_RDONLY|O_CLOEXEC) = -1 ENOENT (No such file or directory)
275   openat(AT_FDCWD, "/usr/local/Qt4.7.4/lib/tls/neon/libcrypt.so.1", O_RDONLY|O_CLOEXEC) = -1 ENOENT (No such file or directory)
275   openat(AT_FDCWD, "/usr/local/Qt4.7.4/lib/tls/vfp/libcrypt.so.1", O_RDONLY|O_CLOEXEC) = -1 ENOENT (No such file or directory)
275   openat(AT_FDCWD, "/usr/local/Qt4.7.4/lib/tls/libcrypt.so.1", O_RDONLY|O_CLOEXEC) = -1 ENOENT (No such file or directory)
275   openat(AT_FDCWD, "/usr/local/Qt4.7.4/lib/v7l/neon/vfp/libcrypt.so.1", O_RDONLY|O_CLOEXEC) = -1 ENOENT (No such file or directory)
275   openat(AT_FDCWD, "/usr/local/Qt4.7.4/lib/v7l/neon/libcrypt.so.1", O_RDONLY|O_CLOEXEC) = -1 ENOENT (No such file or directory)
275   openat(AT_FDCWD, "/usr/local/Qt4.7.4/lib/v7l/vfp/libcrypt.so.1", O_RDONLY|O_CLOEXEC) = -1 ENOENT (No such file or directory)
275   openat(AT_FDCWD, "/usr/local/Qt4.7.4/lib/v7l/libcrypt.so.1", O_RDONLY|O_CLOEXEC) = -1 ENOENT (No such file or directory)
275   openat(AT_FDCWD, "/usr/local/Qt4.7.4/lib/neon/vfp/libcrypt.so.1", O_RDONLY|O_CLOEXEC) = -1 ENOENT (No such file or directory)
275   openat(AT_FDCWD, "/usr/local/Qt4.7.4/lib/neon/libcrypt.so.1", O_RDONLY|O_CLOEXEC) = -1 ENOENT (No such file or directory)
275   openat(AT_FDCWD, "/usr/local/Qt4.7.4/lib/vfp/libcrypt.so.1", O_RDONLY|O_CLOEXEC) = -1 ENOENT (No such file or directory)
275   openat(AT_FDCWD, "/usr/local/Qt4.7.4/lib/libcrypt.so.1", O_RDONLY|O_CLOEXEC) = -1 ENOENT (No such file or directory)
275   openat(AT_FDCWD, "/usr/lib/tls/v7l/neon/vfp/libcrypt.so.1", O_RDONLY|O_CLOEXEC) = -1 ENOENT (No such file or directory)
275   openat(AT_FDCWD, "/usr/lib/tls/v7l/neon/libcrypt.so.1", O_RDONLY|O_CLOEXEC) = -1 ENOENT (No such file or directory)
275   openat(AT_FDCWD, "/usr/lib/tls/v7l/vfp/libcrypt.so.1", O_RDONLY|O_CLOEXEC) = -1 ENOENT (No such file or directory)
276   +++ exited with 254 +++
275   openat(AT_FDCWD, "/usr/lib/tls/v7l/libcrypt.so.1", O_RDONLY|O_CLOEXEC <unfinished ...>
270   +++ exited with 254 +++
269   +++ exited with 254 +++
268   +++ exited with 254 +++
267   +++ exited with 254 +++
266   +++ exited with 254 +++
265   +++ exited with 254 +++
264   +++ exited with 254 +++
263   +++ exited with 254 +++
262   +++ exited with 254 +++
261   +++ exited with 254 +++
258   +++ exited with 254 +++
275   <... openat resumed>)             = -1 ENOENT (No such file or directory)
164   --- SIGCHLD {si_signo=SIGCHLD, si_code=CLD_EXITED, si_pid=258, si_uid=0, si_status=254, si_utime=3 /* 0.03 s */, si_stime=4 /* 0.04 s */} ---
275   openat(AT_FDCWD, "/usr/lib/tls/neon/vfp/libcrypt.so.1", O_RDONLY|O_CLOEXEC) = -1 ENOENT (No such file or directory)
124   ioctl(28, FIONREAD <unfinished ...>
275   openat(AT_FDCWD, "/usr/lib/tls/neon/libcrypt.so.1", O_RDONLY|O_CLOEXEC <unfinished ...>
124   <... ioctl resumed>, [648])       = 0
275   <... openat resumed>)             = -1 ENOENT (No such file or directory)
124   ioctl(26, FIONREAD <unfinished ...>
275   openat(AT_FDCWD, "/usr/lib/tls/vfp/libcrypt.so.1", O_RDONLY|O_CLOEXEC <unfinished ...>
124   <... ioctl resumed>, [50])        = 0
275   <... openat resumed>)             = -1 ENOENT (No such file or directory)
275   openat(AT_FDCWD, "/usr/lib/tls/libcrypt.so.1", O_RDONLY|O_CLOEXEC) = -1 ENOENT (No such file or directory)
275   openat(AT_FDCWD, "/usr/lib/v7l/neon/vfp/libcrypt.so.1", O_RDONLY|O_CLOEXEC) = -1 ENOENT (No such file or directory)
275   openat(AT_FDCWD, "/usr/lib/v7l/neon/libcrypt.so.1", O_RDONLY|O_CLOEXEC) = -1 ENOENT (No such file or directory)
275   openat(AT_FDCWD, "/usr/lib/v7l/vfp/libcrypt.so.1", O_RDONLY|O_CLOEXEC) = -1 ENOENT (No such file or directory)
275   openat(AT_FDCWD, "/usr/lib/v7l/libcrypt.so.1", O_RDONLY|O_CLOEXEC) = -1 ENOENT (No such file or directory)
275   openat(AT_FDCWD, "/usr/lib/neon/vfp/libcrypt.so.1", O_RDONLY|O_CLOEXEC) = -1 ENOENT (No such file or directory)
275   openat(AT_FDCWD, "/usr/lib/neon/libcrypt.so.1", O_RDONLY|O_CLOEXEC) = -1 ENOENT (No such file or directory)
275   openat(AT_FDCWD, "/usr/lib/vfp/libcrypt.so.1", O_RDONLY|O_CLOEXEC) = -1 ENOENT (No such file or directory)
275   openat(AT_FDCWD, "/usr/lib/libcrypt.so.1", O_RDONLY|O_CLOEXEC) = -1 ENOENT (No such file or directory)
275   openat(AT_FDCWD, "/lib/tls/v7l/neon/vfp/libcrypt.so.1", O_RDONLY|O_CLOEXEC) = -1 ENOENT (No such file or directory)
275   openat(AT_FDCWD, "/lib/tls/v7l/neon/libcrypt.so.1", O_RDONLY|O_CLOEXEC) = -1 ENOENT (No such file or directory)
275   openat(AT_FDCWD, "/lib/tls/v7l/vfp/libcrypt.so.1", O_RDONLY|O_CLOEXEC) = -1 ENOENT (No such file or directory)
275   openat(AT_FDCWD, "/lib/tls/v7l/libcrypt.so.1", O_RDONLY|O_CLOEXEC) = -1 ENOENT (No such file or directory)
277   openat(AT_FDCWD, "/data/feasycom/bw_conf0.db", O_RDWR) = 4
275   openat(AT_FDCWD, "/lib/tls/neon/vfp/libcrypt.so.1", O_RDONLY|O_CLOEXEC) = -1 ENOENT (No such file or directory)
275   openat(AT_FDCWD, "/lib/tls/neon/libcrypt.so.1", O_RDONLY|O_CLOEXEC) = -1 ENOENT (No such file or directory)
275   openat(AT_FDCWD, "/lib/tls/vfp/libcrypt.so.1", O_RDONLY|O_CLOEXEC) = -1 ENOENT (No such file or directory)
277   openat(AT_FDCWD, "/data/feasycom/bw_conf1.db", O_RDWR) = 4
275   openat(AT_FDCWD, "/lib/tls/libcrypt.so.1", O_RDONLY|O_CLOEXEC) = -1 ENOENT (No such file or directory)
275   openat(AT_FDCWD, "/lib/v7l/neon/vfp/libcrypt.so.1", O_RDONLY|O_CLOEXEC) = -1 ENOENT (No such file or directory)
275   openat(AT_FDCWD, "/lib/v7l/neon/libcrypt.so.1", O_RDONLY|O_CLOEXEC <unfinished ...>
277   openat(AT_FDCWD, "/etc/blueware-bw123.properties", O_RDONLY <unfinished ...>
275   <... openat resumed>)             = -1 ENOENT (No such file or directory)
277   <... openat resumed>)             = 4
275   openat(AT_FDCWD, "/lib/v7l/vfp/libcrypt.so.1", O_RDONLY|O_CLOEXEC) = -1 ENOENT (No such file or directory)
275   openat(AT_FDCWD, "/lib/v7l/libcrypt.so.1", O_RDONLY|O_CLOEXEC) = -1 ENOENT (No such file or directory)
275   openat(AT_FDCWD, "/lib/neon/vfp/libcrypt.so.1", O_RDONLY|O_CLOEXEC) = -1 ENOENT (No such file or directory)
275   openat(AT_FDCWD, "/lib/neon/libcrypt.so.1", O_RDONLY|O_CLOEXEC) = -1 ENOENT (No such file or directory)
275   openat(AT_FDCWD, "/lib/vfp/libcrypt.so.1", O_RDONLY|O_CLOEXEC) = -1 ENOENT (No such file or directory)
275   openat(AT_FDCWD, "/lib/libcrypt.so.1", O_RDONLY|O_CLOEXEC) = 3
275   openat(AT_FDCWD, "/usr/local/Qt4.7.4/lib/libc.so.6", O_RDONLY|O_CLOEXEC) = -1 ENOENT (No such file or directory)
275   openat(AT_FDCWD, "/usr/lib/libc.so.6", O_RDONLY|O_CLOEXEC) = -1 ENOENT (No such file or directory)
275   openat(AT_FDCWD, "/lib/libc.so.6", O_RDONLY|O_CLOEXEC) = 3
275   openat(AT_FDCWD, "/lib/modules/3.4.0/kernel/drivers/usb/gadget/g_zero.ko", O_RDONLY|O_LARGEFILE) = -1 ENOENT (No such file or directory)
124   ioctl(28, FIONREAD, [103])        = 0
275   +++ exited with 1 +++
137   --- SIGCHLD {si_signo=SIGCHLD, si_code=CLD_EXITED, si_pid=275, si_uid=0, si_status=1, si_utime=1 /* 0.01 s */, si_stime=0} ---
278   openat(AT_FDCWD, "/usr/local/Qt4.7.4/lib/tls/v7l/neon/vfp/libcrypt.so.1", O_RDONLY|O_CLOEXEC) = -1 ENOENT (No such file or directory)
278   openat(AT_FDCWD, "/usr/local/Qt4.7.4/lib/tls/v7l/neon/libcrypt.so.1", O_RDONLY|O_CLOEXEC) = -1 ENOENT (No such file or directory)
278   openat(AT_FDCWD, "/usr/local/Qt4.7.4/lib/tls/v7l/vfp/libcrypt.so.1", O_RDONLY|O_CLOEXEC) = -1 ENOENT (No such file or directory)
278   openat(AT_FDCWD, "/usr/local/Qt4.7.4/lib/tls/v7l/libcrypt.so.1", O_RDONLY|O_CLOEXEC) = -1 ENOENT (No such file or directory)
278   openat(AT_FDCWD, "/usr/local/Qt4.7.4/lib/tls/neon/vfp/libcrypt.so.1", O_RDONLY|O_CLOEXEC) = -1 ENOENT (No such file or directory)
278   openat(AT_FDCWD, "/usr/local/Qt4.7.4/lib/tls/neon/libcrypt.so.1", O_RDONLY|O_CLOEXEC) = -1 ENOENT (No such file or directory)
278   openat(AT_FDCWD, "/usr/local/Qt4.7.4/lib/tls/vfp/libcrypt.so.1", O_RDONLY|O_CLOEXEC) = -1 ENOENT (No such file or directory)
278   openat(AT_FDCWD, "/usr/local/Qt4.7.4/lib/tls/libcrypt.so.1", O_RDONLY|O_CLOEXEC) = -1 ENOENT (No such file or directory)
278   openat(AT_FDCWD, "/usr/local/Qt4.7.4/lib/v7l/neon/vfp/libcrypt.so.1", O_RDONLY|O_CLOEXEC) = -1 ENOENT (No such file or directory)
278   openat(AT_FDCWD, "/usr/local/Qt4.7.4/lib/v7l/neon/libcrypt.so.1", O_RDONLY|O_CLOEXEC) = -1 ENOENT (No such file or directory)
277   openat(AT_FDCWD, "/sys/class/gpio/export", O_WRONLY) = 4
278   openat(AT_FDCWD, "/usr/local/Qt4.7.4/lib/v7l/vfp/libcrypt.so.1", O_RDONLY|O_CLOEXEC) = -1 ENOENT (No such file or directory)
278   openat(AT_FDCWD, "/usr/local/Qt4.7.4/lib/v7l/libcrypt.so.1", O_RDONLY|O_CLOEXEC <unfinished ...>
277   openat(AT_FDCWD, "/sys/class/gpio/gpio91/direction", O_WRONLY <unfinished ...>
278   <... openat resumed>)             = -1 ENOENT (No such file or directory)
277   <... openat resumed>)             = 4
278   openat(AT_FDCWD, "/usr/local/Qt4.7.4/lib/neon/vfp/libcrypt.so.1", O_RDONLY|O_CLOEXEC) = -1 ENOENT (No such file or directory)
277   openat(AT_FDCWD, "/sys/class/gpio/gpio91/value", O_WRONLY) = 4
278   openat(AT_FDCWD, "/usr/local/Qt4.7.4/lib/neon/libcrypt.so.1", O_RDONLY|O_CLOEXEC) = -1 ENOENT (No such file or directory)
278   openat(AT_FDCWD, "/usr/local/Qt4.7.4/lib/vfp/libcrypt.so.1", O_RDONLY|O_CLOEXEC) = -1 ENOENT (No such file or directory)
278   openat(AT_FDCWD, "/usr/local/Qt4.7.4/lib/libcrypt.so.1", O_RDONLY|O_CLOEXEC) = -1 ENOENT (No such file or directory)
278   openat(AT_FDCWD, "/usr/lib/tls/v7l/neon/vfp/libcrypt.so.1", O_RDONLY|O_CLOEXEC) = -1 ENOENT (No such file or directory)
278   openat(AT_FDCWD, "/usr/lib/tls/v7l/neon/libcrypt.so.1", O_RDONLY|O_CLOEXEC) = -1 ENOENT (No such file or directory)
278   openat(AT_FDCWD, "/usr/lib/tls/v7l/vfp/libcrypt.so.1", O_RDONLY|O_CLOEXEC) = -1 ENOENT (No such file or directory)
278   openat(AT_FDCWD, "/usr/lib/tls/v7l/libcrypt.so.1", O_RDONLY|O_CLOEXEC) = -1 ENOENT (No such file or directory)
278   openat(AT_FDCWD, "/usr/lib/tls/neon/vfp/libcrypt.so.1", O_RDONLY|O_CLOEXEC) = -1 ENOENT (No such file or directory)
278   openat(AT_FDCWD, "/usr/lib/tls/neon/libcrypt.so.1", O_RDONLY|O_CLOEXEC) = -1 ENOENT (No such file or directory)
278   openat(AT_FDCWD, "/usr/lib/tls/vfp/libcrypt.so.1", O_RDONLY|O_CLOEXEC) = -1 ENOENT (No such file or directory)
278   openat(AT_FDCWD, "/usr/lib/tls/libcrypt.so.1", O_RDONLY|O_CLOEXEC) = -1 ENOENT (No such file or directory)
278   openat(AT_FDCWD, "/usr/lib/v7l/neon/vfp/libcrypt.so.1", O_RDONLY|O_CLOEXEC) = -1 ENOENT (No such file or directory)
278   openat(AT_FDCWD, "/usr/lib/v7l/neon/libcrypt.so.1", O_RDONLY|O_CLOEXEC) = -1 ENOENT (No such file or directory)
277   ioctl(3, TCFLSH, TCIOFLUSH)       = 0
278   openat(AT_FDCWD, "/usr/lib/v7l/vfp/libcrypt.so.1", O_RDONLY|O_CLOEXEC) = -1 ENOENT (No such file or directory)
278   openat(AT_FDCWD, "/usr/lib/v7l/libcrypt.so.1", O_RDONLY|O_CLOEXEC) = -1 ENOENT (No such file or directory)
278   openat(AT_FDCWD, "/usr/lib/neon/vfp/libcrypt.so.1", O_RDONLY|O_CLOEXEC) = -1 ENOENT (No such file or directory)
277   openat(AT_FDCWD, "/data/feasycom/bw_conf1.db", O_RDWR|O_CREAT|O_TRUNC, 0666 <unfinished ...>
278   openat(AT_FDCWD, "/usr/lib/neon/libcrypt.so.1", O_RDONLY|O_CLOEXEC) = -1 ENOENT (No such file or directory)
277   <... openat resumed>)             = 5
278   openat(AT_FDCWD, "/usr/lib/vfp/libcrypt.so.1", O_RDONLY|O_CLOEXEC) = -1 ENOENT (No such file or directory)
278   openat(AT_FDCWD, "/usr/lib/libcrypt.so.1", O_RDONLY|O_CLOEXEC) = -1 ENOENT (No such file or directory)
278   openat(AT_FDCWD, "/lib/tls/v7l/neon/vfp/libcrypt.so.1", O_RDONLY|O_CLOEXEC) = -1 ENOENT (No such file or directory)
277   openat(AT_FDCWD, "/data/feasycom/bw_conf0.db", O_RDWR|O_CREAT|O_TRUNC, 0666 <unfinished ...>
278   openat(AT_FDCWD, "/lib/tls/v7l/neon/libcrypt.so.1", O_RDONLY|O_CLOEXEC) = -1 ENOENT (No such file or directory)
277   <... openat resumed>)             = 5
278   openat(AT_FDCWD, "/lib/tls/v7l/vfp/libcrypt.so.1", O_RDONLY|O_CLOEXEC) = -1 ENOENT (No such file or directory)
278   openat(AT_FDCWD, "/lib/tls/v7l/libcrypt.so.1", O_RDONLY|O_CLOEXEC) = -1 ENOENT (No such file or directory)
278   openat(AT_FDCWD, "/lib/tls/neon/vfp/libcrypt.so.1", O_RDONLY|O_CLOEXEC) = -1 ENOENT (No such file or directory)
278   openat(AT_FDCWD, "/lib/tls/neon/libcrypt.so.1", O_RDONLY|O_CLOEXEC) = -1 ENOENT (No such file or directory)
278   openat(AT_FDCWD, "/lib/tls/vfp/libcrypt.so.1", O_RDONLY|O_CLOEXEC) = -1 ENOENT (No such file or directory)
278   openat(AT_FDCWD, "/lib/tls/libcrypt.so.1", O_RDONLY|O_CLOEXEC) = -1 ENOENT (No such file or directory)
278   openat(AT_FDCWD, "/lib/v7l/neon/vfp/libcrypt.so.1", O_RDONLY|O_CLOEXEC) = -1 ENOENT (No such file or directory)
278   openat(AT_FDCWD, "/lib/v7l/neon/libcrypt.so.1", O_RDONLY|O_CLOEXEC) = -1 ENOENT (No such file or directory)
278   openat(AT_FDCWD, "/lib/v7l/vfp/libcrypt.so.1", O_RDONLY|O_CLOEXEC) = -1 ENOENT (No such file or directory)
278   openat(AT_FDCWD, "/lib/v7l/libcrypt.so.1", O_RDONLY|O_CLOEXEC) = -1 ENOENT (No such file or directory)
278   openat(AT_FDCWD, "/lib/neon/vfp/libcrypt.so.1", O_RDONLY|O_CLOEXEC) = -1 ENOENT (No such file or directory)
278   openat(AT_FDCWD, "/lib/neon/libcrypt.so.1", O_RDONLY|O_CLOEXEC) = -1 ENOENT (No such file or directory)
278   openat(AT_FDCWD, "/lib/vfp/libcrypt.so.1", O_RDONLY|O_CLOEXEC) = -1 ENOENT (No such file or directory)
278   openat(AT_FDCWD, "/lib/libcrypt.so.1", O_RDONLY|O_CLOEXEC) = 3
278   openat(AT_FDCWD, "/usr/local/Qt4.7.4/lib/libc.so.6", O_RDONLY|O_CLOEXEC) = -1 ENOENT (No such file or directory)
278   openat(AT_FDCWD, "/usr/lib/libc.so.6", O_RDONLY|O_CLOEXEC) = -1 ENOENT (No such file or directory)
278   openat(AT_FDCWD, "/lib/libc.so.6", O_RDONLY|O_CLOEXEC) = 3
278   openat(AT_FDCWD, "/etc/switchotg.sh", O_RDONLY|O_LARGEFILE) = 3
279   openat(AT_FDCWD, "/usr/local/Qt4.7.4/lib/tls/v7l/neon/vfp/libcrypt.so.1", O_RDONLY|O_CLOEXEC) = -1 ENOENT (No such file or directory)
279   openat(AT_FDCWD, "/usr/local/Qt4.7.4/lib/tls/v7l/neon/libcrypt.so.1", O_RDONLY|O_CLOEXEC) = -1 ENOENT (No such file or directory)
279   openat(AT_FDCWD, "/usr/local/Qt4.7.4/lib/tls/v7l/vfp/libcrypt.so.1", O_RDONLY|O_CLOEXEC) = -1 ENOENT (No such file or directory)
279   openat(AT_FDCWD, "/usr/local/Qt4.7.4/lib/tls/v7l/libcrypt.so.1", O_RDONLY|O_CLOEXEC) = -1 ENOENT (No such file or directory)
279   openat(AT_FDCWD, "/usr/local/Qt4.7.4/lib/tls/neon/vfp/libcrypt.so.1", O_RDONLY|O_CLOEXEC) = -1 ENOENT (No such file or directory)
279   openat(AT_FDCWD, "/usr/local/Qt4.7.4/lib/tls/neon/libcrypt.so.1", O_RDONLY|O_CLOEXEC) = -1 ENOENT (No such file or directory)
279   openat(AT_FDCWD, "/usr/local/Qt4.7.4/lib/tls/vfp/libcrypt.so.1", O_RDONLY|O_CLOEXEC) = -1 ENOENT (No such file or directory)
279   openat(AT_FDCWD, "/usr/local/Qt4.7.4/lib/tls/libcrypt.so.1", O_RDONLY|O_CLOEXEC) = -1 ENOENT (No such file or directory)
279   openat(AT_FDCWD, "/usr/local/Qt4.7.4/lib/v7l/neon/vfp/libcrypt.so.1", O_RDONLY|O_CLOEXEC) = -1 ENOENT (No such file or directory)
279   openat(AT_FDCWD, "/usr/local/Qt4.7.4/lib/v7l/neon/libcrypt.so.1", O_RDONLY|O_CLOEXEC) = -1 ENOENT (No such file or directory)
279   openat(AT_FDCWD, "/usr/local/Qt4.7.4/lib/v7l/vfp/libcrypt.so.1", O_RDONLY|O_CLOEXEC) = -1 ENOENT (No such file or directory)
279   openat(AT_FDCWD, "/usr/local/Qt4.7.4/lib/v7l/libcrypt.so.1", O_RDONLY|O_CLOEXEC) = -1 ENOENT (No such file or directory)
279   openat(AT_FDCWD, "/usr/local/Qt4.7.4/lib/neon/vfp/libcrypt.so.1", O_RDONLY|O_CLOEXEC) = -1 ENOENT (No such file or directory)
279   openat(AT_FDCWD, "/usr/local/Qt4.7.4/lib/neon/libcrypt.so.1", O_RDONLY|O_CLOEXEC) = -1 ENOENT (No such file or directory)
279   openat(AT_FDCWD, "/usr/local/Qt4.7.4/lib/vfp/libcrypt.so.1", O_RDONLY|O_CLOEXEC) = -1 ENOENT (No such file or directory)
279   openat(AT_FDCWD, "/usr/local/Qt4.7.4/lib/libcrypt.so.1", O_RDONLY|O_CLOEXEC) = -1 ENOENT (No such file or directory)
279   openat(AT_FDCWD, "/usr/lib/tls/v7l/neon/vfp/libcrypt.so.1", O_RDONLY|O_CLOEXEC) = -1 ENOENT (No such file or directory)
279   openat(AT_FDCWD, "/usr/lib/tls/v7l/neon/libcrypt.so.1", O_RDONLY|O_CLOEXEC) = -1 ENOENT (No such file or directory)
279   openat(AT_FDCWD, "/usr/lib/tls/v7l/vfp/libcrypt.so.1", O_RDONLY|O_CLOEXEC) = -1 ENOENT (No such file or directory)
277   openat(AT_FDCWD, "/sys/bus/sdio/devices/", O_RDONLY|O_NONBLOCK|O_LARGEFILE|O_CLOEXEC|O_DIRECTORY) = 5
279   openat(AT_FDCWD, "/usr/lib/tls/v7l/libcrypt.so.1", O_RDONLY|O_CLOEXEC) = -1 ENOENT (No such file or directory)
279   openat(AT_FDCWD, "/usr/lib/tls/neon/vfp/libcrypt.so.1", O_RDONLY|O_CLOEXEC) = -1 ENOENT (No such file or directory)
279   openat(AT_FDCWD, "/usr/lib/tls/neon/libcrypt.so.1", O_RDONLY|O_CLOEXEC) = -1 ENOENT (No such file or directory)
277   openat(AT_FDCWD, "/usr/local/Qt4.7.4/lib/librtkvnd.so", O_RDONLY|O_CLOEXEC) = -1 ENOENT (No such file or directory)
279   openat(AT_FDCWD, "/usr/lib/tls/vfp/libcrypt.so.1", O_RDONLY|O_CLOEXEC <unfinished ...>
277   openat(AT_FDCWD, "/usr/lib/librtkvnd.so", O_RDONLY|O_CLOEXEC <unfinished ...>
279   <... openat resumed>)             = -1 ENOENT (No such file or directory)
277   <... openat resumed>)             = 5
279   openat(AT_FDCWD, "/usr/lib/tls/libcrypt.so.1", O_RDONLY|O_CLOEXEC) = -1 ENOENT (No such file or directory)
279   openat(AT_FDCWD, "/usr/lib/v7l/neon/vfp/libcrypt.so.1", O_RDONLY|O_CLOEXEC) = -1 ENOENT (No such file or directory)
279   openat(AT_FDCWD, "/usr/lib/v7l/neon/libcrypt.so.1", O_RDONLY|O_CLOEXEC) = -1 ENOENT (No such file or directory)
279   openat(AT_FDCWD, "/usr/lib/v7l/vfp/libcrypt.so.1", O_RDONLY|O_CLOEXEC) = -1 ENOENT (No such file or directory)
277   openat(AT_FDCWD, "/data/feasycom/rtkbt.conf", O_RDWR|O_CREAT|O_TRUNC, 0666 <unfinished ...>
279   openat(AT_FDCWD, "/usr/lib/v7l/libcrypt.so.1", O_RDONLY|O_CLOEXEC) = -1 ENOENT (No such file or directory)
277   <... openat resumed>)             = 5
279   openat(AT_FDCWD, "/usr/lib/neon/vfp/libcrypt.so.1", O_RDONLY|O_CLOEXEC) = -1 ENOENT (No such file or directory)
279   openat(AT_FDCWD, "/usr/lib/neon/libcrypt.so.1", O_RDONLY|O_CLOEXEC) = -1 ENOENT (No such file or directory)
277   openat(AT_FDCWD, "/data/feasycom/rtl8761bt_config", O_RDWR|O_CREAT|O_TRUNC, 0666 <unfinished ...>
279   openat(AT_FDCWD, "/usr/lib/vfp/libcrypt.so.1", O_RDONLY|O_CLOEXEC) = -1 ENOENT (No such file or directory)
277   <... openat resumed>)             = 5
279   openat(AT_FDCWD, "/usr/lib/libcrypt.so.1", O_RDONLY|O_CLOEXEC) = -1 ENOENT (No such file or directory)
279   openat(AT_FDCWD, "/lib/tls/v7l/neon/vfp/libcrypt.so.1", O_RDONLY|O_CLOEXEC) = -1 ENOENT (No such file or directory)
277   ioctl(1, TCGETS <unfinished ...>
279   openat(AT_FDCWD, "/lib/tls/v7l/neon/libcrypt.so.1", O_RDONLY|O_CLOEXEC <unfinished ...>
277   <... ioctl resumed>, 0xbe9ba7fc)  = -1 ENOTTY (Inappropriate ioctl for device)
279   <... openat resumed>)             = -1 ENOENT (No such file or directory)
277   openat(AT_FDCWD, "/data/feasycom/rtkbt.conf", O_RDONLY) = 5
279   openat(AT_FDCWD, "/lib/tls/v7l/vfp/libcrypt.so.1", O_RDONLY|O_CLOEXEC) = -1 ENOENT (No such file or directory)
279   openat(AT_FDCWD, "/lib/tls/v7l/libcrypt.so.1", O_RDONLY|O_CLOEXEC) = -1 ENOENT (No such file or directory)
277   openat(AT_FDCWD, "/data/feasycom/rtkbt.conf", O_RDONLY <unfinished ...>
279   openat(AT_FDCWD, "/lib/tls/neon/vfp/libcrypt.so.1", O_RDONLY|O_CLOEXEC <unfinished ...>
277   <... openat resumed>)             = 5
279   <... openat resumed>)             = -1 ENOENT (No such file or directory)
279   openat(AT_FDCWD, "/lib/tls/neon/libcrypt.so.1", O_RDONLY|O_CLOEXEC) = -1 ENOENT (No such file or directory)
279   openat(AT_FDCWD, "/lib/tls/vfp/libcrypt.so.1", O_RDONLY|O_CLOEXEC) = -1 ENOENT (No such file or directory)
279   openat(AT_FDCWD, "/lib/tls/libcrypt.so.1", O_RDONLY|O_CLOEXEC) = -1 ENOENT (No such file or directory)
279   openat(AT_FDCWD, "/lib/v7l/neon/vfp/libcrypt.so.1", O_RDONLY|O_CLOEXEC) = -1 ENOENT (No such file or directory)
279   openat(AT_FDCWD, "/lib/v7l/neon/libcrypt.so.1", O_RDONLY|O_CLOEXEC) = -1 ENOENT (No such file or directory)
279   openat(AT_FDCWD, "/lib/v7l/vfp/libcrypt.so.1", O_RDONLY|O_CLOEXEC) = -1 ENOENT (No such file or directory)
279   openat(AT_FDCWD, "/lib/v7l/libcrypt.so.1", O_RDONLY|O_CLOEXEC) = -1 ENOENT (No such file or directory)
279   openat(AT_FDCWD, "/lib/neon/vfp/libcrypt.so.1", O_RDONLY|O_CLOEXEC) = -1 ENOENT (No such file or directory)
279   openat(AT_FDCWD, "/lib/neon/libcrypt.so.1", O_RDONLY|O_CLOEXEC) = -1 ENOENT (No such file or directory)
279   openat(AT_FDCWD, "/lib/vfp/libcrypt.so.1", O_RDONLY|O_CLOEXEC) = -1 ENOENT (No such file or directory)
279   openat(AT_FDCWD, "/lib/libcrypt.so.1", O_RDONLY|O_CLOEXEC) = 3
279   openat(AT_FDCWD, "/usr/local/Qt4.7.4/lib/libc.so.6", O_RDONLY|O_CLOEXEC) = -1 ENOENT (No such file or directory)
279   openat(AT_FDCWD, "/usr/lib/libc.so.6", O_RDONLY|O_CLOEXEC) = -1 ENOENT (No such file or directory)
279   openat(AT_FDCWD, "/lib/libc.so.6", O_RDONLY|O_CLOEXEC) = 3
277   openat(AT_FDCWD, "/proc/bluetooth/sleep/lpm", O_WRONLY) = -1 ENOENT (No such file or directory)
277   openat(AT_FDCWD, "/dev/ttyHS1", O_RDWR) = 6
277   ioctl(6, TCFLSH, TCIOFLUSH)       = 0
277   ioctl(6, TCGETS, {c_iflag=, c_oflag=NL0|CR0|TAB0|BS0|VT0|FF0|ONLCR, c_cflag=B115200|CS8|CREAD|PARENB|HUPCL|CLOCAL, c_lflag=ECHOE|ECHOK|ECHOCTL|ECHOKE, ...}) = 0
277   ioctl(6, SNDCTL_TMR_START or TCSETS, {c_iflag=, c_oflag=NL0|CR0|TAB0|BS0|VT0|FF0|ONLCR, c_cflag=B115200|CS8|CREAD|PARENB|HUPCL|CLOCAL, c_lflag=ECHOE|ECHOK|ECHOCTL|ECHOKE, ...}) = 0
277   ioctl(6, TCFLSH, TCIOFLUSH)       = 0
277   ioctl(6, SNDCTL_TMR_START or TCSETS, {c_iflag=, c_oflag=NL0|CR0|TAB0|BS0|VT0|FF0|ONLCR, c_cflag=B115200|CS8|CREAD|PARENB|HUPCL|CLOCAL, c_lflag=ECHOE|ECHOK|ECHOCTL|ECHOKE, ...}) = 0
277   ioctl(6, TCFLSH, TCIOFLUSH)       = 0
277   ioctl(6, TCFLSH, TCIOFLUSH)       = 0
277   ioctl(6, SNDCTL_TMR_START or TCSETS, {c_iflag=, c_oflag=NL0|CR0|TAB0|BS0|VT0|FF0|ONLCR, c_cflag=B115200|CS8|CREAD|PARENB|HUPCL|CLOCAL, c_lflag=ECHOE|ECHOK|ECHOCTL|ECHOKE, ...}) = 0
279   openat(AT_FDCWD, "/proc/cmdline", O_RDONLY|O_LARGEFILE) = 3
279   +++ exited with 0 +++
278   --- SIGCHLD {si_signo=SIGCHLD, si_code=CLD_EXITED, si_pid=279, si_uid=0, si_status=0, si_utime=0, si_stime=1 /* 0.01 s */} ---
124   ioctl(26, FIONREAD, [89])         = 0
124   ioctl(26, FIONREAD, [97])         = 0
287   openat(AT_FDCWD, "/usr/local/Qt4.7.4/lib/tls/v7l/neon/vfp/libcrypt.so.1", O_RDONLY|O_CLOEXEC) = -1 ENOENT (No such file or directory)
287   openat(AT_FDCWD, "/usr/local/Qt4.7.4/lib/tls/v7l/neon/libcrypt.so.1", O_RDONLY|O_CLOEXEC) = -1 ENOENT (No such file or directory)
287   openat(AT_FDCWD, "/usr/local/Qt4.7.4/lib/tls/v7l/vfp/libcrypt.so.1", O_RDONLY|O_CLOEXEC) = -1 ENOENT (No such file or directory)
287   openat(AT_FDCWD, "/usr/local/Qt4.7.4/lib/tls/v7l/libcrypt.so.1", O_RDONLY|O_CLOEXEC) = -1 ENOENT (No such file or directory)
286   openat(AT_FDCWD, "/sys/devices/system/cpu/online", O_RDONLY|O_CLOEXEC) = 26
287   openat(AT_FDCWD, "/usr/local/Qt4.7.4/lib/tls/neon/vfp/libcrypt.so.1", O_RDONLY|O_CLOEXEC <unfinished ...>
280   openat(AT_FDCWD, "/sys/devices/system/cpu/online", O_RDONLY|O_CLOEXEC <unfinished ...>
287   <... openat resumed>)             = -1 ENOENT (No such file or directory)
280   <... openat resumed>)             = 27
287   openat(AT_FDCWD, "/usr/local/Qt4.7.4/lib/tls/neon/libcrypt.so.1", O_RDONLY|O_CLOEXEC) = -1 ENOENT (No such file or directory)
287   openat(AT_FDCWD, "/usr/local/Qt4.7.4/lib/tls/vfp/libcrypt.so.1", O_RDONLY|O_CLOEXEC) = -1 ENOENT (No such file or directory)
287   openat(AT_FDCWD, "/usr/local/Qt4.7.4/lib/tls/libcrypt.so.1", O_RDONLY|O_CLOEXEC) = -1 ENOENT (No such file or directory)
287   openat(AT_FDCWD, "/usr/local/Qt4.7.4/lib/v7l/neon/vfp/libcrypt.so.1", O_RDONLY|O_CLOEXEC) = -1 ENOENT (No such file or directory)
287   openat(AT_FDCWD, "/usr/local/Qt4.7.4/lib/v7l/neon/libcrypt.so.1", O_RDONLY|O_CLOEXEC) = -1 ENOENT (No such file or directory)
287   openat(AT_FDCWD, "/usr/local/Qt4.7.4/lib/v7l/vfp/libcrypt.so.1", O_RDONLY|O_CLOEXEC) = -1 ENOENT (No such file or directory)
287   openat(AT_FDCWD, "/usr/local/Qt4.7.4/lib/v7l/libcrypt.so.1", O_RDONLY|O_CLOEXEC) = -1 ENOENT (No such file or directory)
287   openat(AT_FDCWD, "/usr/local/Qt4.7.4/lib/neon/vfp/libcrypt.so.1", O_RDONLY|O_CLOEXEC <unfinished ...>
291   +++ exited with 0 +++
287   <... openat resumed>)             = -1 ENOENT (No such file or directory)
292   +++ exited with 0 +++
287   openat(AT_FDCWD, "/usr/local/Qt4.7.4/lib/neon/libcrypt.so.1", O_RDONLY|O_CLOEXEC) = -1 ENOENT (No such file or directory)
287   openat(AT_FDCWD, "/usr/local/Qt4.7.4/lib/vfp/libcrypt.so.1", O_RDONLY|O_CLOEXEC) = -1 ENOENT (No such file or directory)
287   openat(AT_FDCWD, "/usr/local/Qt4.7.4/lib/libcrypt.so.1", O_RDONLY|O_CLOEXEC) = -1 ENOENT (No such file or directory)
293   +++ exited with 0 +++
287   openat(AT_FDCWD, "/usr/lib/tls/v7l/neon/vfp/libcrypt.so.1", O_RDONLY|O_CLOEXEC) = -1 ENOENT (No such file or directory)
287   openat(AT_FDCWD, "/usr/lib/tls/v7l/neon/libcrypt.so.1", O_RDONLY|O_CLOEXEC) = -1 ENOENT (No such file or directory)
287   openat(AT_FDCWD, "/usr/lib/tls/v7l/vfp/libcrypt.so.1", O_RDONLY|O_CLOEXEC <unfinished ...>
294   +++ exited with 0 +++
287   <... openat resumed>)             = -1 ENOENT (No such file or directory)
287   openat(AT_FDCWD, "/usr/lib/tls/v7l/libcrypt.so.1", O_RDONLY|O_CLOEXEC <unfinished ...>
295   +++ exited with 0 +++
287   <... openat resumed>)             = -1 ENOENT (No such file or directory)
296   +++ exited with 0 +++
287   openat(AT_FDCWD, "/usr/lib/tls/neon/vfp/libcrypt.so.1", O_RDONLY|O_CLOEXEC) = -1 ENOENT (No such file or directory)
287   openat(AT_FDCWD, "/usr/lib/tls/neon/libcrypt.so.1", O_RDONLY|O_CLOEXEC) = -1 ENOENT (No such file or directory)
287   openat(AT_FDCWD, "/usr/lib/tls/vfp/libcrypt.so.1", O_RDONLY|O_CLOEXEC) = -1 ENOENT (No such file or directory)
298   +++ exited with 0 +++
297   +++ exited with 0 +++
287   openat(AT_FDCWD, "/usr/lib/tls/libcrypt.so.1", O_RDONLY|O_CLOEXEC) = -1 ENOENT (No such file or directory)
287   openat(AT_FDCWD, "/usr/lib/v7l/neon/vfp/libcrypt.so.1", O_RDONLY|O_CLOEXEC) = -1 ENOENT (No such file or directory)
287   openat(AT_FDCWD, "/usr/lib/v7l/neon/libcrypt.so.1", O_RDONLY|O_CLOEXEC) = -1 ENOENT (No such file or directory)
299   +++ exited with 0 +++
287   openat(AT_FDCWD, "/usr/lib/v7l/vfp/libcrypt.so.1", O_RDONLY|O_CLOEXEC) = -1 ENOENT (No such file or directory)
287   openat(AT_FDCWD, "/usr/lib/v7l/libcrypt.so.1", O_RDONLY|O_CLOEXEC) = -1 ENOENT (No such file or directory)
290   +++ exited with 254 +++
289   +++ exited with 254 +++
288   +++ exited with 254 +++
286   +++ exited with 254 +++
285   +++ exited with 254 +++
284   +++ exited with 254 +++
283   +++ exited with 254 +++
282   +++ exited with 254 +++
281   +++ exited with 254 +++
280   +++ exited with 254 +++
277   +++ exited with 254 +++
287   openat(AT_FDCWD, "/usr/lib/neon/vfp/libcrypt.so.1", O_RDONLY|O_CLOEXEC <unfinished ...>
164   --- SIGCHLD {si_signo=SIGCHLD, si_code=CLD_EXITED, si_pid=277, si_uid=0, si_status=254, si_utime=4 /* 0.04 s */, si_stime=2 /* 0.02 s */} ---
287   <... openat resumed>)             = -1 ENOENT (No such file or directory)
287   openat(AT_FDCWD, "/usr/lib/neon/libcrypt.so.1", O_RDONLY|O_CLOEXEC) = -1 ENOENT (No such file or directory)
287   openat(AT_FDCWD, "/usr/lib/vfp/libcrypt.so.1", O_RDONLY|O_CLOEXEC) = -1 ENOENT (No such file or directory)
287   openat(AT_FDCWD, "/usr/lib/libcrypt.so.1", O_RDONLY|O_CLOEXEC) = -1 ENOENT (No such file or directory)
287   openat(AT_FDCWD, "/lib/tls/v7l/neon/vfp/libcrypt.so.1", O_RDONLY|O_CLOEXEC) = -1 ENOENT (No such file or directory)
287   openat(AT_FDCWD, "/lib/tls/v7l/neon/libcrypt.so.1", O_RDONLY|O_CLOEXEC) = -1 ENOENT (No such file or directory)
287   openat(AT_FDCWD, "/lib/tls/v7l/vfp/libcrypt.so.1", O_RDONLY|O_CLOEXEC) = -1 ENOENT (No such file or directory)
287   openat(AT_FDCWD, "/lib/tls/v7l/libcrypt.so.1", O_RDONLY|O_CLOEXEC) = -1 ENOENT (No such file or directory)
287   openat(AT_FDCWD, "/lib/tls/neon/vfp/libcrypt.so.1", O_RDONLY|O_CLOEXEC) = -1 ENOENT (No such file or directory)
287   openat(AT_FDCWD, "/lib/tls/neon/libcrypt.so.1", O_RDONLY|O_CLOEXEC) = -1 ENOENT (No such file or directory)
287   openat(AT_FDCWD, "/lib/tls/vfp/libcrypt.so.1", O_RDONLY|O_CLOEXEC) = -1 ENOENT (No such file or directory)
287   openat(AT_FDCWD, "/lib/tls/libcrypt.so.1", O_RDONLY|O_CLOEXEC) = -1 ENOENT (No such file or directory)
287   openat(AT_FDCWD, "/lib/v7l/neon/vfp/libcrypt.so.1", O_RDONLY|O_CLOEXEC) = -1 ENOENT (No such file or directory)
287   openat(AT_FDCWD, "/lib/v7l/neon/libcrypt.so.1", O_RDONLY|O_CLOEXEC) = -1 ENOENT (No such file or directory)
287   openat(AT_FDCWD, "/lib/v7l/vfp/libcrypt.so.1", O_RDONLY|O_CLOEXEC) = -1 ENOENT (No such file or directory)
287   openat(AT_FDCWD, "/lib/v7l/libcrypt.so.1", O_RDONLY|O_CLOEXEC) = -1 ENOENT (No such file or directory)
287   openat(AT_FDCWD, "/lib/neon/vfp/libcrypt.so.1", O_RDONLY|O_CLOEXEC) = -1 ENOENT (No such file or directory)
287   openat(AT_FDCWD, "/lib/neon/libcrypt.so.1", O_RDONLY|O_CLOEXEC) = -1 ENOENT (No such file or directory)
287   openat(AT_FDCWD, "/lib/vfp/libcrypt.so.1", O_RDONLY|O_CLOEXEC) = -1 ENOENT (No such file or directory)
287   openat(AT_FDCWD, "/lib/libcrypt.so.1", O_RDONLY|O_CLOEXEC) = 3
300   openat(AT_FDCWD, "/data/feasycom/bw_conf0.db", O_RDWR) = 4
300   openat(AT_FDCWD, "/data/feasycom/bw_conf1.db", O_RDWR) = 4
287   openat(AT_FDCWD, "/usr/local/Qt4.7.4/lib/libc.so.6", O_RDONLY|O_CLOEXEC) = -1 ENOENT (No such file or directory)
287   openat(AT_FDCWD, "/usr/lib/libc.so.6", O_RDONLY|O_CLOEXEC) = -1 ENOENT (No such file or directory)
287   openat(AT_FDCWD, "/lib/libc.so.6", O_RDONLY|O_CLOEXEC) = 3
300   openat(AT_FDCWD, "/etc/blueware-bw123.properties", O_RDONLY) = 4
287   ioctl(3, SIOCGIFFLAGS, {ifr_name="lo", ifr_flags=IFF_UP|IFF_LOOPBACK|IFF_RUNNING}) = 0
287   ioctl(3, SIOCSIFFLAGS, {ifr_name="lo", ifr_flags=IFF_UP|IFF_LOOPBACK|IFF_RUNNING}) = 0
287   +++ exited with 0 +++
278   --- SIGCHLD {si_signo=SIGCHLD, si_code=CLD_EXITED, si_pid=287, si_uid=0, si_status=0, si_utime=0, si_stime=1 /* 0.01 s */} ---
301   openat(AT_FDCWD, "/usr/local/Qt4.7.4/lib/tls/v7l/neon/vfp/libcrypt.so.1", O_RDONLY|O_CLOEXEC) = -1 ENOENT (No such file or directory)
301   openat(AT_FDCWD, "/usr/local/Qt4.7.4/lib/tls/v7l/neon/libcrypt.so.1", O_RDONLY|O_CLOEXEC) = -1 ENOENT (No such file or directory)
301   openat(AT_FDCWD, "/usr/local/Qt4.7.4/lib/tls/v7l/vfp/libcrypt.so.1", O_RDONLY|O_CLOEXEC) = -1 ENOENT (No such file or directory)
300   openat(AT_FDCWD, "/sys/class/gpio/export", O_WRONLY) = 4
301   openat(AT_FDCWD, "/usr/local/Qt4.7.4/lib/tls/v7l/libcrypt.so.1", O_RDONLY|O_CLOEXEC) = -1 ENOENT (No such file or directory)
300   openat(AT_FDCWD, "/sys/class/gpio/gpio91/direction", O_WRONLY <unfinished ...>
301   openat(AT_FDCWD, "/usr/local/Qt4.7.4/lib/tls/neon/vfp/libcrypt.so.1", O_RDONLY|O_CLOEXEC <unfinished ...>
300   <... openat resumed>)             = 4
301   <... openat resumed>)             = -1 ENOENT (No such file or directory)
301   openat(AT_FDCWD, "/usr/local/Qt4.7.4/lib/tls/neon/libcrypt.so.1", O_RDONLY|O_CLOEXEC) = -1 ENOENT (No such file or directory)
300   openat(AT_FDCWD, "/sys/class/gpio/gpio91/value", O_WRONLY) = 4
301   openat(AT_FDCWD, "/usr/local/Qt4.7.4/lib/tls/vfp/libcrypt.so.1", O_RDONLY|O_CLOEXEC) = -1 ENOENT (No such file or directory)
301   openat(AT_FDCWD, "/usr/local/Qt4.7.4/lib/tls/libcrypt.so.1", O_RDONLY|O_CLOEXEC) = -1 ENOENT (No such file or directory)
301   openat(AT_FDCWD, "/usr/local/Qt4.7.4/lib/v7l/neon/vfp/libcrypt.so.1", O_RDONLY|O_CLOEXEC) = -1 ENOENT (No such file or directory)
301   openat(AT_FDCWD, "/usr/local/Qt4.7.4/lib/v7l/neon/libcrypt.so.1", O_RDONLY|O_CLOEXEC) = -1 ENOENT (No such file or directory)
301   openat(AT_FDCWD, "/usr/local/Qt4.7.4/lib/v7l/vfp/libcrypt.so.1", O_RDONLY|O_CLOEXEC) = -1 ENOENT (No such file or directory)
301   openat(AT_FDCWD, "/usr/local/Qt4.7.4/lib/v7l/libcrypt.so.1", O_RDONLY|O_CLOEXEC) = -1 ENOENT (No such file or directory)
301   openat(AT_FDCWD, "/usr/local/Qt4.7.4/lib/neon/vfp/libcrypt.so.1", O_RDONLY|O_CLOEXEC) = -1 ENOENT (No such file or directory)
301   openat(AT_FDCWD, "/usr/local/Qt4.7.4/lib/neon/libcrypt.so.1", O_RDONLY|O_CLOEXEC) = -1 ENOENT (No such file or directory)
301   openat(AT_FDCWD, "/usr/local/Qt4.7.4/lib/vfp/libcrypt.so.1", O_RDONLY|O_CLOEXEC) = -1 ENOENT (No such file or directory)
301   openat(AT_FDCWD, "/usr/local/Qt4.7.4/lib/libcrypt.so.1", O_RDONLY|O_CLOEXEC) = -1 ENOENT (No such file or directory)
301   openat(AT_FDCWD, "/usr/lib/tls/v7l/neon/vfp/libcrypt.so.1", O_RDONLY|O_CLOEXEC) = -1 ENOENT (No such file or directory)
301   openat(AT_FDCWD, "/usr/lib/tls/v7l/neon/libcrypt.so.1", O_RDONLY|O_CLOEXEC <unfinished ...>
300   ioctl(3, TCFLSH, TCIOFLUSH <unfinished ...>
301   <... openat resumed>)             = -1 ENOENT (No such file or directory)
300   <... ioctl resumed>)              = 0
301   openat(AT_FDCWD, "/usr/lib/tls/v7l/vfp/libcrypt.so.1", O_RDONLY|O_CLOEXEC) = -1 ENOENT (No such file or directory)
301   openat(AT_FDCWD, "/usr/lib/tls/v7l/libcrypt.so.1", O_RDONLY|O_CLOEXEC) = -1 ENOENT (No such file or directory)
301   openat(AT_FDCWD, "/usr/lib/tls/neon/vfp/libcrypt.so.1", O_RDONLY|O_CLOEXEC) = -1 ENOENT (No such file or directory)
300   openat(AT_FDCWD, "/data/feasycom/bw_conf1.db", O_RDWR|O_CREAT|O_TRUNC, 0666 <unfinished ...>
301   openat(AT_FDCWD, "/usr/lib/tls/neon/libcrypt.so.1", O_RDONLY|O_CLOEXEC) = -1 ENOENT (No such file or directory)
300   <... openat resumed>)             = 5
301   openat(AT_FDCWD, "/usr/lib/tls/vfp/libcrypt.so.1", O_RDONLY|O_CLOEXEC) = -1 ENOENT (No such file or directory)
301   openat(AT_FDCWD, "/usr/lib/tls/libcrypt.so.1", O_RDONLY|O_CLOEXEC) = -1 ENOENT (No such file or directory)
301   openat(AT_FDCWD, "/usr/lib/v7l/neon/vfp/libcrypt.so.1", O_RDONLY|O_CLOEXEC) = -1 ENOENT (No such file or directory)
300   openat(AT_FDCWD, "/data/feasycom/bw_conf0.db", O_RDWR|O_CREAT|O_TRUNC, 0666 <unfinished ...>
301   openat(AT_FDCWD, "/usr/lib/v7l/neon/libcrypt.so.1", O_RDONLY|O_CLOEXEC) = -1 ENOENT (No such file or directory)
300   <... openat resumed>)             = 5
301   openat(AT_FDCWD, "/usr/lib/v7l/vfp/libcrypt.so.1", O_RDONLY|O_CLOEXEC) = -1 ENOENT (No such file or directory)
301   openat(AT_FDCWD, "/usr/lib/v7l/libcrypt.so.1", O_RDONLY|O_CLOEXEC) = -1 ENOENT (No such file or directory)
301   openat(AT_FDCWD, "/usr/lib/neon/vfp/libcrypt.so.1", O_RDONLY|O_CLOEXEC) = -1 ENOENT (No such file or directory)
301   openat(AT_FDCWD, "/usr/lib/neon/libcrypt.so.1", O_RDONLY|O_CLOEXEC) = -1 ENOENT (No such file or directory)
301   openat(AT_FDCWD, "/usr/lib/vfp/libcrypt.so.1", O_RDONLY|O_CLOEXEC) = -1 ENOENT (No such file or directory)
301   openat(AT_FDCWD, "/usr/lib/libcrypt.so.1", O_RDONLY|O_CLOEXEC) = -1 ENOENT (No such file or directory)
301   openat(AT_FDCWD, "/lib/tls/v7l/neon/vfp/libcrypt.so.1", O_RDONLY|O_CLOEXEC) = -1 ENOENT (No such file or directory)
301   openat(AT_FDCWD, "/lib/tls/v7l/neon/libcrypt.so.1", O_RDONLY|O_CLOEXEC) = -1 ENOENT (No such file or directory)
301   openat(AT_FDCWD, "/lib/tls/v7l/vfp/libcrypt.so.1", O_RDONLY|O_CLOEXEC) = -1 ENOENT (No such file or directory)
301   openat(AT_FDCWD, "/lib/tls/v7l/libcrypt.so.1", O_RDONLY|O_CLOEXEC) = -1 ENOENT (No such file or directory)
301   openat(AT_FDCWD, "/lib/tls/neon/vfp/libcrypt.so.1", O_RDONLY|O_CLOEXEC) = -1 ENOENT (No such file or directory)
301   openat(AT_FDCWD, "/lib/tls/neon/libcrypt.so.1", O_RDONLY|O_CLOEXEC) = -1 ENOENT (No such file or directory)
301   openat(AT_FDCWD, "/lib/tls/vfp/libcrypt.so.1", O_RDONLY|O_CLOEXEC) = -1 ENOENT (No such file or directory)
301   openat(AT_FDCWD, "/lib/tls/libcrypt.so.1", O_RDONLY|O_CLOEXEC) = -1 ENOENT (No such file or directory)
301   openat(AT_FDCWD, "/lib/v7l/neon/vfp/libcrypt.so.1", O_RDONLY|O_CLOEXEC) = -1 ENOENT (No such file or directory)
301   openat(AT_FDCWD, "/lib/v7l/neon/libcrypt.so.1", O_RDONLY|O_CLOEXEC) = -1 ENOENT (No such file or directory)
301   openat(AT_FDCWD, "/lib/v7l/vfp/libcrypt.so.1", O_RDONLY|O_CLOEXEC) = -1 ENOENT (No such file or directory)
301   openat(AT_FDCWD, "/lib/v7l/libcrypt.so.1", O_RDONLY|O_CLOEXEC) = -1 ENOENT (No such file or directory)
301   openat(AT_FDCWD, "/lib/neon/vfp/libcrypt.so.1", O_RDONLY|O_CLOEXEC) = -1 ENOENT (No such file or directory)
301   openat(AT_FDCWD, "/lib/neon/libcrypt.so.1", O_RDONLY|O_CLOEXEC) = -1 ENOENT (No such file or directory)
301   openat(AT_FDCWD, "/lib/vfp/libcrypt.so.1", O_RDONLY|O_CLOEXEC) = -1 ENOENT (No such file or directory)
301   openat(AT_FDCWD, "/lib/libcrypt.so.1", O_RDONLY|O_CLOEXEC) = 3
301   openat(AT_FDCWD, "/usr/local/Qt4.7.4/lib/libc.so.6", O_RDONLY|O_CLOEXEC) = -1 ENOENT (No such file or directory)
301   openat(AT_FDCWD, "/usr/lib/libc.so.6", O_RDONLY|O_CLOEXEC) = -1 ENOENT (No such file or directory)
301   openat(AT_FDCWD, "/lib/libc.so.6", O_RDONLY|O_CLOEXEC) = 3
301   ioctl(3, SIOCGIFFLAGS, {ifr_name="usb0", ifr_flags=IFF_UP|IFF_BROADCAST|IFF_RUNNING|IFF_MULTICAST}) = 0
301   ioctl(3, SIOCSIFFLAGS, {ifr_name="usb0", ifr_flags=IFF_UP|IFF_BROADCAST|IFF_RUNNING|IFF_MULTICAST}) = 0
301   +++ exited with 0 +++
278   --- SIGCHLD {si_signo=SIGCHLD, si_code=CLD_EXITED, si_pid=301, si_uid=0, si_status=0, si_utime=0, si_stime=0} ---
302   openat(AT_FDCWD, "/usr/local/Qt4.7.4/lib/tls/v7l/neon/vfp/libcrypt.so.1", O_RDONLY|O_CLOEXEC) = -1 ENOENT (No such file or directory)
302   openat(AT_FDCWD, "/usr/local/Qt4.7.4/lib/tls/v7l/neon/libcrypt.so.1", O_RDONLY|O_CLOEXEC) = -1 ENOENT (No such file or directory)
302   openat(AT_FDCWD, "/usr/local/Qt4.7.4/lib/tls/v7l/vfp/libcrypt.so.1", O_RDONLY|O_CLOEXEC) = -1 ENOENT (No such file or directory)
302   openat(AT_FDCWD, "/usr/local/Qt4.7.4/lib/tls/v7l/libcrypt.so.1", O_RDONLY|O_CLOEXEC) = -1 ENOENT (No such file or directory)
302   openat(AT_FDCWD, "/usr/local/Qt4.7.4/lib/tls/neon/vfp/libcrypt.so.1", O_RDONLY|O_CLOEXEC) = -1 ENOENT (No such file or directory)
302   openat(AT_FDCWD, "/usr/local/Qt4.7.4/lib/tls/neon/libcrypt.so.1", O_RDONLY|O_CLOEXEC) = -1 ENOENT (No such file or directory)
300   openat(AT_FDCWD, "/sys/bus/sdio/devices/", O_RDONLY|O_NONBLOCK|O_LARGEFILE|O_CLOEXEC|O_DIRECTORY) = 5
302   openat(AT_FDCWD, "/usr/local/Qt4.7.4/lib/tls/vfp/libcrypt.so.1", O_RDONLY|O_CLOEXEC) = -1 ENOENT (No such file or directory)
302   openat(AT_FDCWD, "/usr/local/Qt4.7.4/lib/tls/libcrypt.so.1", O_RDONLY|O_CLOEXEC) = -1 ENOENT (No such file or directory)
302   openat(AT_FDCWD, "/usr/local/Qt4.7.4/lib/v7l/neon/vfp/libcrypt.so.1", O_RDONLY|O_CLOEXEC) = -1 ENOENT (No such file or directory)
300   openat(AT_FDCWD, "/usr/local/Qt4.7.4/lib/librtkvnd.so", O_RDONLY|O_CLOEXEC) = -1 ENOENT (No such file or directory)
302   openat(AT_FDCWD, "/usr/local/Qt4.7.4/lib/v7l/neon/libcrypt.so.1", O_RDONLY|O_CLOEXEC <unfinished ...>
300   openat(AT_FDCWD, "/usr/lib/librtkvnd.so", O_RDONLY|O_CLOEXEC <unfinished ...>
302   <... openat resumed>)             = -1 ENOENT (No such file or directory)
300   <... openat resumed>)             = 5
302   openat(AT_FDCWD, "/usr/local/Qt4.7.4/lib/v7l/vfp/libcrypt.so.1", O_RDONLY|O_CLOEXEC) = -1 ENOENT (No such file or directory)
302   openat(AT_FDCWD, "/usr/local/Qt4.7.4/lib/v7l/libcrypt.so.1", O_RDONLY|O_CLOEXEC) = -1 ENOENT (No such file or directory)
302   openat(AT_FDCWD, "/usr/local/Qt4.7.4/lib/neon/vfp/libcrypt.so.1", O_RDONLY|O_CLOEXEC) = -1 ENOENT (No such file or directory)
302   openat(AT_FDCWD, "/usr/local/Qt4.7.4/lib/neon/libcrypt.so.1", O_RDONLY|O_CLOEXEC) = -1 ENOENT (No such file or directory)
300   openat(AT_FDCWD, "/data/feasycom/rtkbt.conf", O_RDWR|O_CREAT|O_TRUNC, 0666 <unfinished ...>
302   openat(AT_FDCWD, "/usr/local/Qt4.7.4/lib/vfp/libcrypt.so.1", O_RDONLY|O_CLOEXEC) = -1 ENOENT (No such file or directory)
300   <... openat resumed>)             = 5
302   openat(AT_FDCWD, "/usr/local/Qt4.7.4/lib/libcrypt.so.1", O_RDONLY|O_CLOEXEC) = -1 ENOENT (No such file or directory)
302   openat(AT_FDCWD, "/usr/lib/tls/v7l/neon/vfp/libcrypt.so.1", O_RDONLY|O_CLOEXEC) = -1 ENOENT (No such file or directory)
300   openat(AT_FDCWD, "/data/feasycom/rtl8761bt_config", O_RDWR|O_CREAT|O_TRUNC, 0666 <unfinished ...>
302   openat(AT_FDCWD, "/usr/lib/tls/v7l/neon/libcrypt.so.1", O_RDONLY|O_CLOEXEC) = -1 ENOENT (No such file or directory)
300   <... openat resumed>)             = 5
302   openat(AT_FDCWD, "/usr/lib/tls/v7l/vfp/libcrypt.so.1", O_RDONLY|O_CLOEXEC) = -1 ENOENT (No such file or directory)
302   openat(AT_FDCWD, "/usr/lib/tls/v7l/libcrypt.so.1", O_RDONLY|O_CLOEXEC) = -1 ENOENT (No such file or directory)
300   ioctl(1, TCGETS <unfinished ...>
302   openat(AT_FDCWD, "/usr/lib/tls/neon/vfp/libcrypt.so.1", O_RDONLY|O_CLOEXEC <unfinished ...>
300   <... ioctl resumed>, 0xbe9ba7fc)  = -1 ENOTTY (Inappropriate ioctl for device)
302   <... openat resumed>)             = -1 ENOENT (No such file or directory)
300   openat(AT_FDCWD, "/data/feasycom/rtkbt.conf", O_RDONLY) = 5
302   openat(AT_FDCWD, "/usr/lib/tls/neon/libcrypt.so.1", O_RDONLY|O_CLOEXEC) = -1 ENOENT (No such file or directory)
302   openat(AT_FDCWD, "/usr/lib/tls/vfp/libcrypt.so.1", O_RDONLY|O_CLOEXEC) = -1 ENOENT (No such file or directory)
300   openat(AT_FDCWD, "/data/feasycom/rtkbt.conf", O_RDONLY <unfinished ...>
302   openat(AT_FDCWD, "/usr/lib/tls/libcrypt.so.1", O_RDONLY|O_CLOEXEC <unfinished ...>
300   <... openat resumed>)             = 5
302   <... openat resumed>)             = -1 ENOENT (No such file or directory)
302   openat(AT_FDCWD, "/usr/lib/v7l/neon/vfp/libcrypt.so.1", O_RDONLY|O_CLOEXEC) = -1 ENOENT (No such file or directory)
302   openat(AT_FDCWD, "/usr/lib/v7l/neon/libcrypt.so.1", O_RDONLY|O_CLOEXEC) = -1 ENOENT (No such file or directory)
302   openat(AT_FDCWD, "/usr/lib/v7l/vfp/libcrypt.so.1", O_RDONLY|O_CLOEXEC) = -1 ENOENT (No such file or directory)
302   openat(AT_FDCWD, "/usr/lib/v7l/libcrypt.so.1", O_RDONLY|O_CLOEXEC) = -1 ENOENT (No such file or directory)
302   openat(AT_FDCWD, "/usr/lib/neon/vfp/libcrypt.so.1", O_RDONLY|O_CLOEXEC) = -1 ENOENT (No such file or directory)
302   openat(AT_FDCWD, "/usr/lib/neon/libcrypt.so.1", O_RDONLY|O_CLOEXEC) = -1 ENOENT (No such file or directory)
302   openat(AT_FDCWD, "/usr/lib/vfp/libcrypt.so.1", O_RDONLY|O_CLOEXEC) = -1 ENOENT (No such file or directory)
302   openat(AT_FDCWD, "/usr/lib/libcrypt.so.1", O_RDONLY|O_CLOEXEC) = -1 ENOENT (No such file or directory)
302   openat(AT_FDCWD, "/lib/tls/v7l/neon/vfp/libcrypt.so.1", O_RDONLY|O_CLOEXEC) = -1 ENOENT (No such file or directory)
302   openat(AT_FDCWD, "/lib/tls/v7l/neon/libcrypt.so.1", O_RDONLY|O_CLOEXEC) = -1 ENOENT (No such file or directory)
302   openat(AT_FDCWD, "/lib/tls/v7l/vfp/libcrypt.so.1", O_RDONLY|O_CLOEXEC) = -1 ENOENT (No such file or directory)
302   openat(AT_FDCWD, "/lib/tls/v7l/libcrypt.so.1", O_RDONLY|O_CLOEXEC) = -1 ENOENT (No such file or directory)
302   openat(AT_FDCWD, "/lib/tls/neon/vfp/libcrypt.so.1", O_RDONLY|O_CLOEXEC) = -1 ENOENT (No such file or directory)
302   openat(AT_FDCWD, "/lib/tls/neon/libcrypt.so.1", O_RDONLY|O_CLOEXEC) = -1 ENOENT (No such file or directory)
302   openat(AT_FDCWD, "/lib/tls/vfp/libcrypt.so.1", O_RDONLY|O_CLOEXEC) = -1 ENOENT (No such file or directory)
302   openat(AT_FDCWD, "/lib/tls/libcrypt.so.1", O_RDONLY|O_CLOEXEC) = -1 ENOENT (No such file or directory)
300   openat(AT_FDCWD, "/proc/bluetooth/sleep/lpm", O_WRONLY <unfinished ...>
302   openat(AT_FDCWD, "/lib/v7l/neon/vfp/libcrypt.so.1", O_RDONLY|O_CLOEXEC <unfinished ...>
300   <... openat resumed>)             = -1 ENOENT (No such file or directory)
302   <... openat resumed>)             = -1 ENOENT (No such file or directory)
300   openat(AT_FDCWD, "/dev/ttyHS1", O_RDWR) = 6
300   ioctl(6, TCFLSH, TCIOFLUSH <unfinished ...>
302   openat(AT_FDCWD, "/lib/v7l/neon/libcrypt.so.1", O_RDONLY|O_CLOEXEC <unfinished ...>
300   <... ioctl resumed>)              = 0
302   <... openat resumed>)             = -1 ENOENT (No such file or directory)
300   ioctl(6, TCGETS, {c_iflag=, c_oflag=NL0|CR0|TAB0|BS0|VT0|FF0|ONLCR, c_cflag=B115200|CS8|CREAD|PARENB|HUPCL|CLOCAL, c_lflag=ECHOE|ECHOK|ECHOCTL|ECHOKE, ...}) = 0
300   ioctl(6, SNDCTL_TMR_START or TCSETS, {c_iflag=, c_oflag=NL0|CR0|TAB0|BS0|VT0|FF0|ONLCR, c_cflag=B115200|CS8|CREAD|PARENB|HUPCL|CLOCAL, c_lflag=ECHOE|ECHOK|ECHOCTL|ECHOKE, ...} <unfinished ...>
302   openat(AT_FDCWD, "/lib/v7l/vfp/libcrypt.so.1", O_RDONLY|O_CLOEXEC <unfinished ...>
300   <... ioctl resumed>)              = 0
302   <... openat resumed>)             = -1 ENOENT (No such file or directory)
300   ioctl(6, TCFLSH, TCIOFLUSH)       = 0
300   ioctl(6, SNDCTL_TMR_START or TCSETS, {c_iflag=, c_oflag=NL0|CR0|TAB0|BS0|VT0|FF0|ONLCR, c_cflag=B115200|CS8|CREAD|PARENB|HUPCL|CLOCAL, c_lflag=ECHOE|ECHOK|ECHOCTL|ECHOKE, ...} <unfinished ...>
302   openat(AT_FDCWD, "/lib/v7l/libcrypt.so.1", O_RDONLY|O_CLOEXEC <unfinished ...>
300   <... ioctl resumed>)              = 0
302   <... openat resumed>)             = -1 ENOENT (No such file or directory)
300   ioctl(6, TCFLSH, TCIOFLUSH)       = 0
300   ioctl(6, TCFLSH, TCIOFLUSH <unfinished ...>
302   openat(AT_FDCWD, "/lib/neon/vfp/libcrypt.so.1", O_RDONLY|O_CLOEXEC <unfinished ...>
300   <... ioctl resumed>)              = 0
302   <... openat resumed>)             = -1 ENOENT (No such file or directory)
300   ioctl(6, SNDCTL_TMR_START or TCSETS, {c_iflag=, c_oflag=NL0|CR0|TAB0|BS0|VT0|FF0|ONLCR, c_cflag=B115200|CS8|CREAD|PARENB|HUPCL|CLOCAL, c_lflag=ECHOE|ECHOK|ECHOCTL|ECHOKE, ...}) = 0
302   openat(AT_FDCWD, "/lib/neon/libcrypt.so.1", O_RDONLY|O_CLOEXEC) = -1 ENOENT (No such file or directory)
302   openat(AT_FDCWD, "/lib/vfp/libcrypt.so.1", O_RDONLY|O_CLOEXEC) = -1 ENOENT (No such file or directory)
302   openat(AT_FDCWD, "/lib/libcrypt.so.1", O_RDONLY|O_CLOEXEC) = 3
302   openat(AT_FDCWD, "/usr/local/Qt4.7.4/lib/libc.so.6", O_RDONLY|O_CLOEXEC) = -1 ENOENT (No such file or directory)
302   openat(AT_FDCWD, "/usr/lib/libc.so.6", O_RDONLY|O_CLOEXEC) = -1 ENOENT (No such file or directory)
302   openat(AT_FDCWD, "/lib/libc.so.6", O_RDONLY|O_CLOEXEC) = 3
302   +++ exited with 0 +++
278   --- SIGCHLD {si_signo=SIGCHLD, si_code=CLD_EXITED, si_pid=302, si_uid=0, si_status=0, si_utime=0, si_stime=3 /* 0.03 s */} ---
278   +++ exited with 0 +++
137   --- SIGCHLD {si_signo=SIGCHLD, si_code=CLD_EXITED, si_pid=278, si_uid=0, si_status=0, si_utime=0, si_stime=4 /* 0.04 s */} ---
308   openat(AT_FDCWD, "/sys/devices/system/cpu/online", O_RDONLY|O_CLOEXEC) = 26
303   openat(AT_FDCWD, "/sys/devices/system/cpu/online", O_RDONLY|O_CLOEXEC) = 26
313   openat(AT_FDCWD, "/usr/local/Qt4.7.4/lib/tls/v7l/neon/vfp/libcrypt.so.1", O_RDONLY|O_CLOEXEC) = -1 ENOENT (No such file or directory)
313   openat(AT_FDCWD, "/usr/local/Qt4.7.4/lib/tls/v7l/neon/libcrypt.so.1", O_RDONLY|O_CLOEXEC) = -1 ENOENT (No such file or directory)
313   openat(AT_FDCWD, "/usr/local/Qt4.7.4/lib/tls/v7l/vfp/libcrypt.so.1", O_RDONLY|O_CLOEXEC) = -1 ENOENT (No such file or directory)
313   openat(AT_FDCWD, "/usr/local/Qt4.7.4/lib/tls/v7l/libcrypt.so.1", O_RDONLY|O_CLOEXEC) = -1 ENOENT (No such file or directory)
313   openat(AT_FDCWD, "/usr/local/Qt4.7.4/lib/tls/neon/vfp/libcrypt.so.1", O_RDONLY|O_CLOEXEC) = -1 ENOENT (No such file or directory)
313   openat(AT_FDCWD, "/usr/local/Qt4.7.4/lib/tls/neon/libcrypt.so.1", O_RDONLY|O_CLOEXEC) = -1 ENOENT (No such file or directory)
314   +++ exited with 0 +++
313   openat(AT_FDCWD, "/usr/local/Qt4.7.4/lib/tls/vfp/libcrypt.so.1", O_RDONLY|O_CLOEXEC) = -1 ENOENT (No such file or directory)
313   openat(AT_FDCWD, "/usr/local/Qt4.7.4/lib/tls/libcrypt.so.1", O_RDONLY|O_CLOEXEC <unfinished ...>
315   +++ exited with 0 +++
313   <... openat resumed>)             = -1 ENOENT (No such file or directory)
313   openat(AT_FDCWD, "/usr/local/Qt4.7.4/lib/v7l/neon/vfp/libcrypt.so.1", O_RDONLY|O_CLOEXEC) = -1 ENOENT (No such file or directory)
313   openat(AT_FDCWD, "/usr/local/Qt4.7.4/lib/v7l/neon/libcrypt.so.1", O_RDONLY|O_CLOEXEC) = -1 ENOENT (No such file or directory)
317   +++ exited with 0 +++
316   +++ exited with 0 +++
313   openat(AT_FDCWD, "/usr/local/Qt4.7.4/lib/v7l/vfp/libcrypt.so.1", O_RDONLY|O_CLOEXEC) = -1 ENOENT (No such file or directory)
313   openat(AT_FDCWD, "/usr/local/Qt4.7.4/lib/v7l/libcrypt.so.1", O_RDONLY|O_CLOEXEC) = -1 ENOENT (No such file or directory)
313   openat(AT_FDCWD, "/usr/local/Qt4.7.4/lib/neon/vfp/libcrypt.so.1", O_RDONLY|O_CLOEXEC) = -1 ENOENT (No such file or directory)
313   openat(AT_FDCWD, "/usr/local/Qt4.7.4/lib/neon/libcrypt.so.1", O_RDONLY|O_CLOEXEC) = -1 ENOENT (No such file or directory)
318   +++ exited with 0 +++
313   openat(AT_FDCWD, "/usr/local/Qt4.7.4/lib/vfp/libcrypt.so.1", O_RDONLY|O_CLOEXEC) = -1 ENOENT (No such file or directory)
313   openat(AT_FDCWD, "/usr/local/Qt4.7.4/lib/libcrypt.so.1", O_RDONLY|O_CLOEXEC) = -1 ENOENT (No such file or directory)
319   +++ exited with 0 +++
313   openat(AT_FDCWD, "/usr/lib/tls/v7l/neon/vfp/libcrypt.so.1", O_RDONLY|O_CLOEXEC) = -1 ENOENT (No such file or directory)
313   openat(AT_FDCWD, "/usr/lib/tls/v7l/neon/libcrypt.so.1", O_RDONLY|O_CLOEXEC) = -1 ENOENT (No such file or directory)
312   +++ exited with 254 +++
311   +++ exited with 254 +++
310   +++ exited with 254 +++
309   +++ exited with 254 +++
308   +++ exited with 254 +++
307   +++ exited with 254 +++
306   +++ exited with 254 +++
305   +++ exited with 254 +++
304   +++ exited with 254 +++
303   +++ exited with 254 +++
300   +++ exited with 254 +++
164   --- SIGCHLD {si_signo=SIGCHLD, si_code=CLD_EXITED, si_pid=300, si_uid=0, si_status=254, si_utime=1 /* 0.01 s */, si_stime=3 /* 0.03 s */} ---
313   openat(AT_FDCWD, "/usr/lib/tls/v7l/vfp/libcrypt.so.1", O_RDONLY|O_CLOEXEC) = -1 ENOENT (No such file or directory)
313   openat(AT_FDCWD, "/usr/lib/tls/v7l/libcrypt.so.1", O_RDONLY|O_CLOEXEC) = -1 ENOENT (No such file or directory)
313   openat(AT_FDCWD, "/usr/lib/tls/neon/vfp/libcrypt.so.1", O_RDONLY|O_CLOEXEC) = -1 ENOENT (No such file or directory)
313   openat(AT_FDCWD, "/usr/lib/tls/neon/libcrypt.so.1", O_RDONLY|O_CLOEXEC) = -1 ENOENT (No such file or directory)
313   openat(AT_FDCWD, "/usr/lib/tls/vfp/libcrypt.so.1", O_RDONLY|O_CLOEXEC) = -1 ENOENT (No such file or directory)
313   openat(AT_FDCWD, "/usr/lib/tls/libcrypt.so.1", O_RDONLY|O_CLOEXEC) = -1 ENOENT (No such file or directory)
313   openat(AT_FDCWD, "/usr/lib/v7l/neon/vfp/libcrypt.so.1", O_RDONLY|O_CLOEXEC) = -1 ENOENT (No such file or directory)
313   openat(AT_FDCWD, "/usr/lib/v7l/neon/libcrypt.so.1", O_RDONLY|O_CLOEXEC) = -1 ENOENT (No such file or directory)
313   openat(AT_FDCWD, "/usr/lib/v7l/vfp/libcrypt.so.1", O_RDONLY|O_CLOEXEC) = -1 ENOENT (No such file or directory)
313   openat(AT_FDCWD, "/usr/lib/v7l/libcrypt.so.1", O_RDONLY|O_CLOEXEC) = -1 ENOENT (No such file or directory)
313   openat(AT_FDCWD, "/usr/lib/neon/vfp/libcrypt.so.1", O_RDONLY|O_CLOEXEC) = -1 ENOENT (No such file or directory)
313   openat(AT_FDCWD, "/usr/lib/neon/libcrypt.so.1", O_RDONLY|O_CLOEXEC) = -1 ENOENT (No such file or directory)
313   openat(AT_FDCWD, "/usr/lib/vfp/libcrypt.so.1", O_RDONLY|O_CLOEXEC) = -1 ENOENT (No such file or directory)
313   openat(AT_FDCWD, "/usr/lib/libcrypt.so.1", O_RDONLY|O_CLOEXEC) = -1 ENOENT (No such file or directory)
313   openat(AT_FDCWD, "/lib/tls/v7l/neon/vfp/libcrypt.so.1", O_RDONLY|O_CLOEXEC) = -1 ENOENT (No such file or directory)
313   openat(AT_FDCWD, "/lib/tls/v7l/neon/libcrypt.so.1", O_RDONLY|O_CLOEXEC) = -1 ENOENT (No such file or directory)
313   openat(AT_FDCWD, "/lib/tls/v7l/vfp/libcrypt.so.1", O_RDONLY|O_CLOEXEC) = -1 ENOENT (No such file or directory)
313   openat(AT_FDCWD, "/lib/tls/v7l/libcrypt.so.1", O_RDONLY|O_CLOEXEC) = -1 ENOENT (No such file or directory)
313   openat(AT_FDCWD, "/lib/tls/neon/vfp/libcrypt.so.1", O_RDONLY|O_CLOEXEC) = -1 ENOENT (No such file or directory)
313   openat(AT_FDCWD, "/lib/tls/neon/libcrypt.so.1", O_RDONLY|O_CLOEXEC) = -1 ENOENT (No such file or directory)
320   openat(AT_FDCWD, "/data/feasycom/bw_conf0.db", O_RDWR <unfinished ...>
313   openat(AT_FDCWD, "/lib/tls/vfp/libcrypt.so.1", O_RDONLY|O_CLOEXEC <unfinished ...>
320   <... openat resumed>)             = 4
313   <... openat resumed>)             = -1 ENOENT (No such file or directory)
313   openat(AT_FDCWD, "/lib/tls/libcrypt.so.1", O_RDONLY|O_CLOEXEC) = -1 ENOENT (No such file or directory)
313   openat(AT_FDCWD, "/lib/v7l/neon/vfp/libcrypt.so.1", O_RDONLY|O_CLOEXEC) = -1 ENOENT (No such file or directory)
320   openat(AT_FDCWD, "/data/feasycom/bw_conf1.db", O_RDWR <unfinished ...>
313   openat(AT_FDCWD, "/lib/v7l/neon/libcrypt.so.1", O_RDONLY|O_CLOEXEC <unfinished ...>
320   <... openat resumed>)             = 4
313   <... openat resumed>)             = -1 ENOENT (No such file or directory)
313   openat(AT_FDCWD, "/lib/v7l/vfp/libcrypt.so.1", O_RDONLY|O_CLOEXEC) = -1 ENOENT (No such file or directory)
313   openat(AT_FDCWD, "/lib/v7l/libcrypt.so.1", O_RDONLY|O_CLOEXEC) = -1 ENOENT (No such file or directory)
320   openat(AT_FDCWD, "/etc/blueware-bw123.properties", O_RDONLY) = 4
313   openat(AT_FDCWD, "/lib/neon/vfp/libcrypt.so.1", O_RDONLY|O_CLOEXEC) = -1 ENOENT (No such file or directory)
313   openat(AT_FDCWD, "/lib/neon/libcrypt.so.1", O_RDONLY|O_CLOEXEC) = -1 ENOENT (No such file or directory)
313   openat(AT_FDCWD, "/lib/vfp/libcrypt.so.1", O_RDONLY|O_CLOEXEC) = -1 ENOENT (No such file or directory)
313   openat(AT_FDCWD, "/lib/libcrypt.so.1", O_RDONLY|O_CLOEXEC) = 3
313   openat(AT_FDCWD, "/usr/local/Qt4.7.4/lib/libc.so.6", O_RDONLY|O_CLOEXEC) = -1 ENOENT (No such file or directory)
313   openat(AT_FDCWD, "/usr/lib/libc.so.6", O_RDONLY|O_CLOEXEC) = -1 ENOENT (No such file or directory)
313   openat(AT_FDCWD, "/lib/libc.so.6", O_RDONLY|O_CLOEXEC) = 3
313   openat(AT_FDCWD, "/lib/modules/3.4.0/kernel/drivers/ark/sdmmc/ark_dw_mmc.ko", O_RDONLY|O_LARGEFILE) = -1 ENOENT (No such file or directory)
124   ioctl(28, FIONREAD, [106])        = 0
313   +++ exited with 1 +++
137   --- SIGCHLD {si_signo=SIGCHLD, si_code=CLD_EXITED, si_pid=313, si_uid=0, si_status=1, si_utime=0, si_stime=1 /* 0.01 s */} ---
137   +++ exited with 1 +++
136   --- SIGCHLD {si_signo=SIGCHLD, si_code=CLD_EXITED, si_pid=137, si_uid=0, si_status=1, si_utime=0, si_stime=5 /* 0.05 s */} ---
124   ioctl(28, FIONREAD, [0])          = 0
124   ioctl(26, FIONREAD, [0])          = 0
124   ioctl(-1, FIONREAD, 0xbed438e4)   = -1 EBADF (Bad file descriptor)
124   ioctl(-1, FIONREAD, 0xbed438e4)   = -1 EBADF (Bad file descriptor)
321   openat(AT_FDCWD, "/usr/local/Qt4.7.4/lib/tls/v7l/neon/vfp/libcrypt.so.1", O_RDONLY|O_CLOEXEC) = -1 ENOENT (No such file or directory)
321   openat(AT_FDCWD, "/usr/local/Qt4.7.4/lib/tls/v7l/neon/libcrypt.so.1", O_RDONLY|O_CLOEXEC) = -1 ENOENT (No such file or directory)
321   openat(AT_FDCWD, "/usr/local/Qt4.7.4/lib/tls/v7l/vfp/libcrypt.so.1", O_RDONLY|O_CLOEXEC) = -1 ENOENT (No such file or directory)
321   openat(AT_FDCWD, "/usr/local/Qt4.7.4/lib/tls/v7l/libcrypt.so.1", O_RDONLY|O_CLOEXEC) = -1 ENOENT (No such file or directory)
321   openat(AT_FDCWD, "/usr/local/Qt4.7.4/lib/tls/neon/vfp/libcrypt.so.1", O_RDONLY|O_CLOEXEC) = -1 ENOENT (No such file or directory)
321   openat(AT_FDCWD, "/usr/local/Qt4.7.4/lib/tls/neon/libcrypt.so.1", O_RDONLY|O_CLOEXEC) = -1 ENOENT (No such file or directory)
321   openat(AT_FDCWD, "/usr/local/Qt4.7.4/lib/tls/vfp/libcrypt.so.1", O_RDONLY|O_CLOEXEC) = -1 ENOENT (No such file or directory)
321   openat(AT_FDCWD, "/usr/local/Qt4.7.4/lib/tls/libcrypt.so.1", O_RDONLY|O_CLOEXEC) = -1 ENOENT (No such file or directory)
321   openat(AT_FDCWD, "/usr/local/Qt4.7.4/lib/v7l/neon/vfp/libcrypt.so.1", O_RDONLY|O_CLOEXEC) = -1 ENOENT (No such file or directory)
320   openat(AT_FDCWD, "/sys/class/gpio/export", O_WRONLY <unfinished ...>
321   openat(AT_FDCWD, "/usr/local/Qt4.7.4/lib/v7l/neon/libcrypt.so.1", O_RDONLY|O_CLOEXEC <unfinished ...>
320   <... openat resumed>)             = 4
321   <... openat resumed>)             = -1 ENOENT (No such file or directory)
321   openat(AT_FDCWD, "/usr/local/Qt4.7.4/lib/v7l/vfp/libcrypt.so.1", O_RDONLY|O_CLOEXEC) = -1 ENOENT (No such file or directory)
320   openat(AT_FDCWD, "/sys/class/gpio/gpio91/direction", O_WRONLY) = 4
321   openat(AT_FDCWD, "/usr/local/Qt4.7.4/lib/v7l/libcrypt.so.1", O_RDONLY|O_CLOEXEC) = -1 ENOENT (No such file or directory)
320   openat(AT_FDCWD, "/sys/class/gpio/gpio91/value", O_WRONLY <unfinished ...>
321   openat(AT_FDCWD, "/usr/local/Qt4.7.4/lib/neon/vfp/libcrypt.so.1", O_RDONLY|O_CLOEXEC <unfinished ...>
320   <... openat resumed>)             = 4
321   <... openat resumed>)             = -1 ENOENT (No such file or directory)
321   openat(AT_FDCWD, "/usr/local/Qt4.7.4/lib/neon/libcrypt.so.1", O_RDONLY|O_CLOEXEC) = -1 ENOENT (No such file or directory)
321   openat(AT_FDCWD, "/usr/local/Qt4.7.4/lib/vfp/libcrypt.so.1", O_RDONLY|O_CLOEXEC) = -1 ENOENT (No such file or directory)
321   openat(AT_FDCWD, "/usr/local/Qt4.7.4/lib/libcrypt.so.1", O_RDONLY|O_CLOEXEC) = -1 ENOENT (No such file or directory)
321   openat(AT_FDCWD, "/usr/lib/tls/v7l/neon/vfp/libcrypt.so.1", O_RDONLY|O_CLOEXEC) = -1 ENOENT (No such file or directory)
321   openat(AT_FDCWD, "/usr/lib/tls/v7l/neon/libcrypt.so.1", O_RDONLY|O_CLOEXEC) = -1 ENOENT (No such file or directory)
321   openat(AT_FDCWD, "/usr/lib/tls/v7l/vfp/libcrypt.so.1", O_RDONLY|O_CLOEXEC) = -1 ENOENT (No such file or directory)
321   openat(AT_FDCWD, "/usr/lib/tls/v7l/libcrypt.so.1", O_RDONLY|O_CLOEXEC) = -1 ENOENT (No such file or directory)
321   openat(AT_FDCWD, "/usr/lib/tls/neon/vfp/libcrypt.so.1", O_RDONLY|O_CLOEXEC) = -1 ENOENT (No such file or directory)
321   openat(AT_FDCWD, "/usr/lib/tls/neon/libcrypt.so.1", O_RDONLY|O_CLOEXEC <unfinished ...>
320   ioctl(3, TCFLSH, TCIOFLUSH <unfinished ...>
321   <... openat resumed>)             = -1 ENOENT (No such file or directory)
320   <... ioctl resumed>)              = 0
321   openat(AT_FDCWD, "/usr/lib/tls/vfp/libcrypt.so.1", O_RDONLY|O_CLOEXEC) = -1 ENOENT (No such file or directory)
321   openat(AT_FDCWD, "/usr/lib/tls/libcrypt.so.1", O_RDONLY|O_CLOEXEC) = -1 ENOENT (No such file or directory)
321   openat(AT_FDCWD, "/usr/lib/v7l/neon/vfp/libcrypt.so.1", O_RDONLY|O_CLOEXEC) = -1 ENOENT (No such file or directory)
320   openat(AT_FDCWD, "/data/feasycom/bw_conf1.db", O_RDWR|O_CREAT|O_TRUNC, 0666 <unfinished ...>
321   openat(AT_FDCWD, "/usr/lib/v7l/neon/libcrypt.so.1", O_RDONLY|O_CLOEXEC) = -1 ENOENT (No such file or directory)
320   <... openat resumed>)             = 5
321   openat(AT_FDCWD, "/usr/lib/v7l/vfp/libcrypt.so.1", O_RDONLY|O_CLOEXEC) = -1 ENOENT (No such file or directory)
321   openat(AT_FDCWD, "/usr/lib/v7l/libcrypt.so.1", O_RDONLY|O_CLOEXEC) = -1 ENOENT (No such file or directory)
321   openat(AT_FDCWD, "/usr/lib/neon/vfp/libcrypt.so.1", O_RDONLY|O_CLOEXEC) = -1 ENOENT (No such file or directory)
320   openat(AT_FDCWD, "/data/feasycom/bw_conf0.db", O_RDWR|O_CREAT|O_TRUNC, 0666 <unfinished ...>
321   openat(AT_FDCWD, "/usr/lib/neon/libcrypt.so.1", O_RDONLY|O_CLOEXEC) = -1 ENOENT (No such file or directory)
320   <... openat resumed>)             = 5
321   openat(AT_FDCWD, "/usr/lib/vfp/libcrypt.so.1", O_RDONLY|O_CLOEXEC) = -1 ENOENT (No such file or directory)
321   openat(AT_FDCWD, "/usr/lib/libcrypt.so.1", O_RDONLY|O_CLOEXEC) = -1 ENOENT (No such file or directory)
321   openat(AT_FDCWD, "/lib/tls/v7l/neon/vfp/libcrypt.so.1", O_RDONLY|O_CLOEXEC) = -1 ENOENT (No such file or directory)
321   openat(AT_FDCWD, "/lib/tls/v7l/neon/libcrypt.so.1", O_RDONLY|O_CLOEXEC) = -1 ENOENT (No such file or directory)
321   openat(AT_FDCWD, "/lib/tls/v7l/vfp/libcrypt.so.1", O_RDONLY|O_CLOEXEC) = -1 ENOENT (No such file or directory)
321   openat(AT_FDCWD, "/lib/tls/v7l/libcrypt.so.1", O_RDONLY|O_CLOEXEC) = -1 ENOENT (No such file or directory)
321   openat(AT_FDCWD, "/lib/tls/neon/vfp/libcrypt.so.1", O_RDONLY|O_CLOEXEC) = -1 ENOENT (No such file or directory)
321   openat(AT_FDCWD, "/lib/tls/neon/libcrypt.so.1", O_RDONLY|O_CLOEXEC) = -1 ENOENT (No such file or directory)
321   openat(AT_FDCWD, "/lib/tls/vfp/libcrypt.so.1", O_RDONLY|O_CLOEXEC) = -1 ENOENT (No such file or directory)
321   openat(AT_FDCWD, "/lib/tls/libcrypt.so.1", O_RDONLY|O_CLOEXEC) = -1 ENOENT (No such file or directory)
321   openat(AT_FDCWD, "/lib/v7l/neon/vfp/libcrypt.so.1", O_RDONLY|O_CLOEXEC) = -1 ENOENT (No such file or directory)
321   openat(AT_FDCWD, "/lib/v7l/neon/libcrypt.so.1", O_RDONLY|O_CLOEXEC) = -1 ENOENT (No such file or directory)
321   openat(AT_FDCWD, "/lib/v7l/vfp/libcrypt.so.1", O_RDONLY|O_CLOEXEC) = -1 ENOENT (No such file or directory)
321   openat(AT_FDCWD, "/lib/v7l/libcrypt.so.1", O_RDONLY|O_CLOEXEC) = -1 ENOENT (No such file or directory)
321   openat(AT_FDCWD, "/lib/neon/vfp/libcrypt.so.1", O_RDONLY|O_CLOEXEC) = -1 ENOENT (No such file or directory)
321   openat(AT_FDCWD, "/lib/neon/libcrypt.so.1", O_RDONLY|O_CLOEXEC) = -1 ENOENT (No such file or directory)
321   openat(AT_FDCWD, "/lib/vfp/libcrypt.so.1", O_RDONLY|O_CLOEXEC) = -1 ENOENT (No such file or directory)
321   openat(AT_FDCWD, "/lib/libcrypt.so.1", O_RDONLY|O_CLOEXEC) = 3
321   openat(AT_FDCWD, "/usr/local/Qt4.7.4/lib/libc.so.6", O_RDONLY|O_CLOEXEC) = -1 ENOENT (No such file or directory)
321   openat(AT_FDCWD, "/usr/lib/libc.so.6", O_RDONLY|O_CLOEXEC) = -1 ENOENT (No such file or directory)
321   openat(AT_FDCWD, "/lib/libc.so.6", O_RDONLY|O_CLOEXEC) = 3
322   openat(AT_FDCWD, "/usr/local/Qt4.7.4/lib/tls/v7l/neon/vfp/libcrypt.so.1", O_RDONLY|O_CLOEXEC) = -1 ENOENT (No such file or directory)
322   openat(AT_FDCWD, "/usr/local/Qt4.7.4/lib/tls/v7l/neon/libcrypt.so.1", O_RDONLY|O_CLOEXEC) = -1 ENOENT (No such file or directory)
322   openat(AT_FDCWD, "/usr/local/Qt4.7.4/lib/tls/v7l/vfp/libcrypt.so.1", O_RDONLY|O_CLOEXEC) = -1 ENOENT (No such file or directory)
322   openat(AT_FDCWD, "/usr/local/Qt4.7.4/lib/tls/v7l/libcrypt.so.1", O_RDONLY|O_CLOEXEC) = -1 ENOENT (No such file or directory)
322   openat(AT_FDCWD, "/usr/local/Qt4.7.4/lib/tls/neon/vfp/libcrypt.so.1", O_RDONLY|O_CLOEXEC) = -1 ENOENT (No such file or directory)
322   openat(AT_FDCWD, "/usr/local/Qt4.7.4/lib/tls/neon/libcrypt.so.1", O_RDONLY|O_CLOEXEC) = -1 ENOENT (No such file or directory)
322   openat(AT_FDCWD, "/usr/local/Qt4.7.4/lib/tls/vfp/libcrypt.so.1", O_RDONLY|O_CLOEXEC) = -1 ENOENT (No such file or directory)
322   openat(AT_FDCWD, "/usr/local/Qt4.7.4/lib/tls/libcrypt.so.1", O_RDONLY|O_CLOEXEC) = -1 ENOENT (No such file or directory)
322   openat(AT_FDCWD, "/usr/local/Qt4.7.4/lib/v7l/neon/vfp/libcrypt.so.1", O_RDONLY|O_CLOEXEC) = -1 ENOENT (No such file or directory)
322   openat(AT_FDCWD, "/usr/local/Qt4.7.4/lib/v7l/neon/libcrypt.so.1", O_RDONLY|O_CLOEXEC) = -1 ENOENT (No such file or directory)
322   openat(AT_FDCWD, "/usr/local/Qt4.7.4/lib/v7l/vfp/libcrypt.so.1", O_RDONLY|O_CLOEXEC) = -1 ENOENT (No such file or directory)
322   openat(AT_FDCWD, "/usr/local/Qt4.7.4/lib/v7l/libcrypt.so.1", O_RDONLY|O_CLOEXEC) = -1 ENOENT (No such file or directory)
322   openat(AT_FDCWD, "/usr/local/Qt4.7.4/lib/neon/vfp/libcrypt.so.1", O_RDONLY|O_CLOEXEC) = -1 ENOENT (No such file or directory)
322   openat(AT_FDCWD, "/usr/local/Qt4.7.4/lib/neon/libcrypt.so.1", O_RDONLY|O_CLOEXEC) = -1 ENOENT (No such file or directory)
320   openat(AT_FDCWD, "/sys/bus/sdio/devices/", O_RDONLY|O_NONBLOCK|O_LARGEFILE|O_CLOEXEC|O_DIRECTORY) = 5
322   openat(AT_FDCWD, "/usr/local/Qt4.7.4/lib/vfp/libcrypt.so.1", O_RDONLY|O_CLOEXEC) = -1 ENOENT (No such file or directory)
322   openat(AT_FDCWD, "/usr/local/Qt4.7.4/lib/libcrypt.so.1", O_RDONLY|O_CLOEXEC) = -1 ENOENT (No such file or directory)
322   openat(AT_FDCWD, "/usr/lib/tls/v7l/neon/vfp/libcrypt.so.1", O_RDONLY|O_CLOEXEC) = -1 ENOENT (No such file or directory)
320   openat(AT_FDCWD, "/usr/local/Qt4.7.4/lib/librtkvnd.so", O_RDONLY|O_CLOEXEC) = -1 ENOENT (No such file or directory)
322   openat(AT_FDCWD, "/usr/lib/tls/v7l/neon/libcrypt.so.1", O_RDONLY|O_CLOEXEC <unfinished ...>
320   openat(AT_FDCWD, "/usr/lib/librtkvnd.so", O_RDONLY|O_CLOEXEC <unfinished ...>
322   <... openat resumed>)             = -1 ENOENT (No such file or directory)
320   <... openat resumed>)             = 5
322   openat(AT_FDCWD, "/usr/lib/tls/v7l/vfp/libcrypt.so.1", O_RDONLY|O_CLOEXEC) = -1 ENOENT (No such file or directory)
322   openat(AT_FDCWD, "/usr/lib/tls/v7l/libcrypt.so.1", O_RDONLY|O_CLOEXEC) = -1 ENOENT (No such file or directory)
322   openat(AT_FDCWD, "/usr/lib/tls/neon/vfp/libcrypt.so.1", O_RDONLY|O_CLOEXEC) = -1 ENOENT (No such file or directory)
322   openat(AT_FDCWD, "/usr/lib/tls/neon/libcrypt.so.1", O_RDONLY|O_CLOEXEC) = -1 ENOENT (No such file or directory)
320   openat(AT_FDCWD, "/data/feasycom/rtkbt.conf", O_RDWR|O_CREAT|O_TRUNC, 0666 <unfinished ...>
322   openat(AT_FDCWD, "/usr/lib/tls/vfp/libcrypt.so.1", O_RDONLY|O_CLOEXEC) = -1 ENOENT (No such file or directory)
320   <... openat resumed>)             = 5
322   openat(AT_FDCWD, "/usr/lib/tls/libcrypt.so.1", O_RDONLY|O_CLOEXEC) = -1 ENOENT (No such file or directory)
322   openat(AT_FDCWD, "/usr/lib/v7l/neon/vfp/libcrypt.so.1", O_RDONLY|O_CLOEXEC) = -1 ENOENT (No such file or directory)
320   openat(AT_FDCWD, "/data/feasycom/rtl8761bt_config", O_RDWR|O_CREAT|O_TRUNC, 0666 <unfinished ...>
322   openat(AT_FDCWD, "/usr/lib/v7l/neon/libcrypt.so.1", O_RDONLY|O_CLOEXEC) = -1 ENOENT (No such file or directory)
320   <... openat resumed>)             = 5
322   openat(AT_FDCWD, "/usr/lib/v7l/vfp/libcrypt.so.1", O_RDONLY|O_CLOEXEC) = -1 ENOENT (No such file or directory)
322   openat(AT_FDCWD, "/usr/lib/v7l/libcrypt.so.1", O_RDONLY|O_CLOEXEC) = -1 ENOENT (No such file or directory)
320   ioctl(1, TCGETS <unfinished ...>
322   openat(AT_FDCWD, "/usr/lib/neon/vfp/libcrypt.so.1", O_RDONLY|O_CLOEXEC <unfinished ...>
320   <... ioctl resumed>, 0xbe9ba7fc)  = -1 ENOTTY (Inappropriate ioctl for device)
322   <... openat resumed>)             = -1 ENOENT (No such file or directory)
320   openat(AT_FDCWD, "/data/feasycom/rtkbt.conf", O_RDONLY) = 5
322   openat(AT_FDCWD, "/usr/lib/neon/libcrypt.so.1", O_RDONLY|O_CLOEXEC) = -1 ENOENT (No such file or directory)
322   openat(AT_FDCWD, "/usr/lib/vfp/libcrypt.so.1", O_RDONLY|O_CLOEXEC) = -1 ENOENT (No such file or directory)
320   openat(AT_FDCWD, "/data/feasycom/rtkbt.conf", O_RDONLY <unfinished ...>
322   openat(AT_FDCWD, "/usr/lib/libcrypt.so.1", O_RDONLY|O_CLOEXEC <unfinished ...>
320   <... openat resumed>)             = 5
322   <... openat resumed>)             = -1 ENOENT (No such file or directory)
322   openat(AT_FDCWD, "/lib/tls/v7l/neon/vfp/libcrypt.so.1", O_RDONLY|O_CLOEXEC) = -1 ENOENT (No such file or directory)
322   openat(AT_FDCWD, "/lib/tls/v7l/neon/libcrypt.so.1", O_RDONLY|O_CLOEXEC) = -1 ENOENT (No such file or directory)
322   openat(AT_FDCWD, "/lib/tls/v7l/vfp/libcrypt.so.1", O_RDONLY|O_CLOEXEC) = -1 ENOENT (No such file or directory)
322   openat(AT_FDCWD, "/lib/tls/v7l/libcrypt.so.1", O_RDONLY|O_CLOEXEC) = -1 ENOENT (No such file or directory)
322   openat(AT_FDCWD, "/lib/tls/neon/vfp/libcrypt.so.1", O_RDONLY|O_CLOEXEC) = -1 ENOENT (No such file or directory)
322   openat(AT_FDCWD, "/lib/tls/neon/libcrypt.so.1", O_RDONLY|O_CLOEXEC) = -1 ENOENT (No such file or directory)
322   openat(AT_FDCWD, "/lib/tls/vfp/libcrypt.so.1", O_RDONLY|O_CLOEXEC) = -1 ENOENT (No such file or directory)
322   openat(AT_FDCWD, "/lib/tls/libcrypt.so.1", O_RDONLY|O_CLOEXEC) = -1 ENOENT (No such file or directory)
322   openat(AT_FDCWD, "/lib/v7l/neon/vfp/libcrypt.so.1", O_RDONLY|O_CLOEXEC) = -1 ENOENT (No such file or directory)
322   openat(AT_FDCWD, "/lib/v7l/neon/libcrypt.so.1", O_RDONLY|O_CLOEXEC) = -1 ENOENT (No such file or directory)
322   openat(AT_FDCWD, "/lib/v7l/vfp/libcrypt.so.1", O_RDONLY|O_CLOEXEC) = -1 ENOENT (No such file or directory)
322   openat(AT_FDCWD, "/lib/v7l/libcrypt.so.1", O_RDONLY|O_CLOEXEC) = -1 ENOENT (No such file or directory)
322   openat(AT_FDCWD, "/lib/neon/vfp/libcrypt.so.1", O_RDONLY|O_CLOEXEC) = -1 ENOENT (No such file or directory)
322   openat(AT_FDCWD, "/lib/neon/libcrypt.so.1", O_RDONLY|O_CLOEXEC) = -1 ENOENT (No such file or directory)
322   openat(AT_FDCWD, "/lib/vfp/libcrypt.so.1", O_RDONLY|O_CLOEXEC) = -1 ENOENT (No such file or directory)
322   openat(AT_FDCWD, "/lib/libcrypt.so.1", O_RDONLY|O_CLOEXEC) = 3
320   openat(AT_FDCWD, "/proc/bluetooth/sleep/lpm", O_WRONLY) = -1 ENOENT (No such file or directory)
320   openat(AT_FDCWD, "/dev/ttyHS1", O_RDWR) = 6
320   ioctl(6, TCFLSH, TCIOFLUSH)       = 0
320   ioctl(6, TCGETS, {c_iflag=, c_oflag=NL0|CR0|TAB0|BS0|VT0|FF0|ONLCR, c_cflag=B115200|CS8|CREAD|PARENB|HUPCL|CLOCAL, c_lflag=ECHOE|ECHOK|ECHOCTL|ECHOKE, ...}) = 0
320   ioctl(6, SNDCTL_TMR_START or TCSETS, {c_iflag=, c_oflag=NL0|CR0|TAB0|BS0|VT0|FF0|ONLCR, c_cflag=B115200|CS8|CREAD|PARENB|HUPCL|CLOCAL, c_lflag=ECHOE|ECHOK|ECHOCTL|ECHOKE, ...}) = 0
320   ioctl(6, TCFLSH, TCIOFLUSH)       = 0
320   ioctl(6, SNDCTL_TMR_START or TCSETS, {c_iflag=, c_oflag=NL0|CR0|TAB0|BS0|VT0|FF0|ONLCR, c_cflag=B115200|CS8|CREAD|PARENB|HUPCL|CLOCAL, c_lflag=ECHOE|ECHOK|ECHOCTL|ECHOKE, ...}) = 0
320   ioctl(6, TCFLSH, TCIOFLUSH <unfinished ...>
322   openat(AT_FDCWD, "/usr/local/Qt4.7.4/lib/libc.so.6", O_RDONLY|O_CLOEXEC <unfinished ...>
320   <... ioctl resumed>)              = 0
322   <... openat resumed>)             = -1 ENOENT (No such file or directory)
320   ioctl(6, TCFLSH, TCIOFLUSH <unfinished ...>
322   openat(AT_FDCWD, "/usr/lib/libc.so.6", O_RDONLY|O_CLOEXEC <unfinished ...>
320   <... ioctl resumed>)              = 0
322   <... openat resumed>)             = -1 ENOENT (No such file or directory)
320   ioctl(6, SNDCTL_TMR_START or TCSETS, {c_iflag=, c_oflag=NL0|CR0|TAB0|BS0|VT0|FF0|ONLCR, c_cflag=B115200|CS8|CREAD|PARENB|HUPCL|CLOCAL, c_lflag=ECHOE|ECHOK|ECHOCTL|ECHOKE, ...} <unfinished ...>
322   openat(AT_FDCWD, "/lib/libc.so.6", O_RDONLY|O_CLOEXEC <unfinished ...>
320   <... ioctl resumed>)              = 0
322   <... openat resumed>)             = 3
322   openat(AT_FDCWD, "/tmp/msnloaddriver", O_RDWR|O_CREAT|O_LARGEFILE, 0666) = 3
322   +++ exited with 0 +++
321   --- SIGCHLD {si_signo=SIGCHLD, si_code=CLD_EXITED, si_pid=322, si_uid=0, si_status=0, si_utime=0, si_stime=2 /* 0.02 s */} ---
321   +++ exited with 0 +++
136   --- SIGCHLD {si_signo=SIGCHLD, si_code=CLD_EXITED, si_pid=321, si_uid=0, si_status=0, si_utime=0, si_stime=3 /* 0.03 s */} ---
328   openat(AT_FDCWD, "/sys/devices/system/cpu/online", O_RDONLY|O_CLOEXEC) = 26
323   openat(AT_FDCWD, "/sys/devices/system/cpu/online", O_RDONLY|O_CLOEXEC) = 26
333   openat(AT_FDCWD, "/usr/local/Qt4.7.4/lib/tls/v7l/neon/vfp/libcrypt.so.1", O_RDONLY|O_CLOEXEC) = -1 ENOENT (No such file or directory)
333   openat(AT_FDCWD, "/usr/local/Qt4.7.4/lib/tls/v7l/neon/libcrypt.so.1", O_RDONLY|O_CLOEXEC) = -1 ENOENT (No such file or directory)
333   openat(AT_FDCWD, "/usr/local/Qt4.7.4/lib/tls/v7l/vfp/libcrypt.so.1", O_RDONLY|O_CLOEXEC) = -1 ENOENT (No such file or directory)
333   openat(AT_FDCWD, "/usr/local/Qt4.7.4/lib/tls/v7l/libcrypt.so.1", O_RDONLY|O_CLOEXEC) = -1 ENOENT (No such file or directory)
333   openat(AT_FDCWD, "/usr/local/Qt4.7.4/lib/tls/neon/vfp/libcrypt.so.1", O_RDONLY|O_CLOEXEC <unfinished ...>
335   +++ exited with 0 +++
333   <... openat resumed>)             = -1 ENOENT (No such file or directory)
334   +++ exited with 0 +++
333   openat(AT_FDCWD, "/usr/local/Qt4.7.4/lib/tls/neon/libcrypt.so.1", O_RDONLY|O_CLOEXEC) = -1 ENOENT (No such file or directory)
333   openat(AT_FDCWD, "/usr/local/Qt4.7.4/lib/tls/vfp/libcrypt.so.1", O_RDONLY|O_CLOEXEC) = -1 ENOENT (No such file or directory)
336   +++ exited with 0 +++
333   openat(AT_FDCWD, "/usr/local/Qt4.7.4/lib/tls/libcrypt.so.1", O_RDONLY|O_CLOEXEC) = -1 ENOENT (No such file or directory)
333   openat(AT_FDCWD, "/usr/local/Qt4.7.4/lib/v7l/neon/vfp/libcrypt.so.1", O_RDONLY|O_CLOEXEC) = -1 ENOENT (No such file or directory)
337   +++ exited with 0 +++
333   openat(AT_FDCWD, "/usr/local/Qt4.7.4/lib/v7l/neon/libcrypt.so.1", O_RDONLY|O_CLOEXEC) = -1 ENOENT (No such file or directory)
333   openat(AT_FDCWD, "/usr/local/Qt4.7.4/lib/v7l/vfp/libcrypt.so.1", O_RDONLY|O_CLOEXEC) = -1 ENOENT (No such file or directory)
333   openat(AT_FDCWD, "/usr/local/Qt4.7.4/lib/v7l/libcrypt.so.1", O_RDONLY|O_CLOEXEC) = -1 ENOENT (No such file or directory)
338   +++ exited with 0 +++
333   openat(AT_FDCWD, "/usr/local/Qt4.7.4/lib/neon/vfp/libcrypt.so.1", O_RDONLY|O_CLOEXEC) = -1 ENOENT (No such file or directory)
340   +++ exited with 0 +++
333   openat(AT_FDCWD, "/usr/local/Qt4.7.4/lib/neon/libcrypt.so.1", O_RDONLY|O_CLOEXEC) = -1 ENOENT (No such file or directory)
339   +++ exited with 0 +++
333   openat(AT_FDCWD, "/usr/local/Qt4.7.4/lib/vfp/libcrypt.so.1", O_RDONLY|O_CLOEXEC <unfinished ...>
341   +++ exited with 0 +++
333   <... openat resumed>)             = -1 ENOENT (No such file or directory)
333   openat(AT_FDCWD, "/usr/local/Qt4.7.4/lib/libcrypt.so.1", O_RDONLY|O_CLOEXEC) = -1 ENOENT (No such file or directory)
342   +++ exited with 0 +++
333   openat(AT_FDCWD, "/usr/lib/tls/v7l/neon/vfp/libcrypt.so.1", O_RDONLY|O_CLOEXEC) = -1 ENOENT (No such file or directory)
333   openat(AT_FDCWD, "/usr/lib/tls/v7l/neon/libcrypt.so.1", O_RDONLY|O_CLOEXEC) = -1 ENOENT (No such file or directory)
333   openat(AT_FDCWD, "/usr/lib/tls/v7l/vfp/libcrypt.so.1", O_RDONLY|O_CLOEXEC) = -1 ENOENT (No such file or directory)
343   +++ exited with 0 +++
333   openat(AT_FDCWD, "/usr/lib/tls/v7l/libcrypt.so.1", O_RDONLY|O_CLOEXEC) = -1 ENOENT (No such file or directory)
333   openat(AT_FDCWD, "/usr/lib/tls/neon/vfp/libcrypt.so.1", O_RDONLY|O_CLOEXEC) = -1 ENOENT (No such file or directory)
333   openat(AT_FDCWD, "/usr/lib/tls/neon/libcrypt.so.1", O_RDONLY|O_CLOEXEC) = -1 ENOENT (No such file or directory)
333   openat(AT_FDCWD, "/usr/lib/tls/vfp/libcrypt.so.1", O_RDONLY|O_CLOEXEC) = -1 ENOENT (No such file or directory)
333   openat(AT_FDCWD, "/usr/lib/tls/libcrypt.so.1", O_RDONLY|O_CLOEXEC) = -1 ENOENT (No such file or directory)
333   openat(AT_FDCWD, "/usr/lib/v7l/neon/vfp/libcrypt.so.1", O_RDONLY|O_CLOEXEC) = -1 ENOENT (No such file or directory)
333   openat(AT_FDCWD, "/usr/lib/v7l/neon/libcrypt.so.1", O_RDONLY|O_CLOEXEC) = -1 ENOENT (No such file or directory)
333   openat(AT_FDCWD, "/usr/lib/v7l/vfp/libcrypt.so.1", O_RDONLY|O_CLOEXEC) = -1 ENOENT (No such file or directory)
333   openat(AT_FDCWD, "/usr/lib/v7l/libcrypt.so.1", O_RDONLY|O_CLOEXEC) = -1 ENOENT (No such file or directory)
333   openat(AT_FDCWD, "/usr/lib/neon/vfp/libcrypt.so.1", O_RDONLY|O_CLOEXEC) = -1 ENOENT (No such file or directory)
333   openat(AT_FDCWD, "/usr/lib/neon/libcrypt.so.1", O_RDONLY|O_CLOEXEC) = -1 ENOENT (No such file or directory)
333   openat(AT_FDCWD, "/usr/lib/vfp/libcrypt.so.1", O_RDONLY|O_CLOEXEC) = -1 ENOENT (No such file or directory)
344   +++ exited with 0 +++
333   openat(AT_FDCWD, "/usr/lib/libcrypt.so.1", O_RDONLY|O_CLOEXEC) = -1 ENOENT (No such file or directory)
333   openat(AT_FDCWD, "/lib/tls/v7l/neon/vfp/libcrypt.so.1", O_RDONLY|O_CLOEXEC) = -1 ENOENT (No such file or directory)
333   openat(AT_FDCWD, "/lib/tls/v7l/neon/libcrypt.so.1", O_RDONLY|O_CLOEXEC) = -1 ENOENT (No such file or directory)
333   openat(AT_FDCWD, "/lib/tls/v7l/vfp/libcrypt.so.1", O_RDONLY|O_CLOEXEC) = -1 ENOENT (No such file or directory)
333   openat(AT_FDCWD, "/lib/tls/v7l/libcrypt.so.1", O_RDONLY|O_CLOEXEC) = -1 ENOENT (No such file or directory)
333   openat(AT_FDCWD, "/lib/tls/neon/vfp/libcrypt.so.1", O_RDONLY|O_CLOEXEC) = -1 ENOENT (No such file or directory)
333   openat(AT_FDCWD, "/lib/tls/neon/libcrypt.so.1", O_RDONLY|O_CLOEXEC) = -1 ENOENT (No such file or directory)
333   openat(AT_FDCWD, "/lib/tls/vfp/libcrypt.so.1", O_RDONLY|O_CLOEXEC) = -1 ENOENT (No such file or directory)
333   openat(AT_FDCWD, "/lib/tls/libcrypt.so.1", O_RDONLY|O_CLOEXEC) = -1 ENOENT (No such file or directory)
333   openat(AT_FDCWD, "/lib/v7l/neon/vfp/libcrypt.so.1", O_RDONLY|O_CLOEXEC) = -1 ENOENT (No such file or directory)
345   +++ exited with 0 +++
333   openat(AT_FDCWD, "/lib/v7l/neon/libcrypt.so.1", O_RDONLY|O_CLOEXEC) = -1 ENOENT (No such file or directory)
333   openat(AT_FDCWD, "/lib/v7l/vfp/libcrypt.so.1", O_RDONLY|O_CLOEXEC) = -1 ENOENT (No such file or directory)
333   openat(AT_FDCWD, "/lib/v7l/libcrypt.so.1", O_RDONLY|O_CLOEXEC) = -1 ENOENT (No such file or directory)
333   openat(AT_FDCWD, "/lib/neon/vfp/libcrypt.so.1", O_RDONLY|O_CLOEXEC) = -1 ENOENT (No such file or directory)
333   openat(AT_FDCWD, "/lib/neon/libcrypt.so.1", O_RDONLY|O_CLOEXEC) = -1 ENOENT (No such file or directory)
333   openat(AT_FDCWD, "/lib/vfp/libcrypt.so.1", O_RDONLY|O_CLOEXEC) = -1 ENOENT (No such file or directory)
333   openat(AT_FDCWD, "/lib/libcrypt.so.1", O_RDONLY|O_CLOEXEC) = 3
346   +++ exited with 0 +++
333   openat(AT_FDCWD, "/usr/local/Qt4.7.4/lib/libc.so.6", O_RDONLY|O_CLOEXEC) = -1 ENOENT (No such file or directory)
333   openat(AT_FDCWD, "/usr/lib/libc.so.6", O_RDONLY|O_CLOEXEC) = -1 ENOENT (No such file or directory)
333   openat(AT_FDCWD, "/lib/libc.so.6", O_RDONLY|O_CLOEXEC) = 3
332   openat(AT_FDCWD, "/data/feasycom/rtl8761bt_config", O_RDONLY) = 26
332   openat(AT_FDCWD, "/etc/bluetooth/rtk_btconfig.txt", O_RDONLY) = -1 ENOENT (No such file or directory)
332   openat(AT_FDCWD, "/etc/rtl8761bt_fw", O_RDONLY) = 26
347   openat(AT_FDCWD, "/usr/local/Qt4.7.4/lib/tls/v7l/neon/vfp/libcrypt.so.1", O_RDONLY|O_CLOEXEC) = -1 ENOENT (No such file or directory)
347   openat(AT_FDCWD, "/usr/local/Qt4.7.4/lib/tls/v7l/neon/libcrypt.so.1", O_RDONLY|O_CLOEXEC) = -1 ENOENT (No such file or directory)
347   openat(AT_FDCWD, "/usr/local/Qt4.7.4/lib/tls/v7l/vfp/libcrypt.so.1", O_RDONLY|O_CLOEXEC) = -1 ENOENT (No such file or directory)
347   openat(AT_FDCWD, "/usr/local/Qt4.7.4/lib/tls/v7l/libcrypt.so.1", O_RDONLY|O_CLOEXEC) = -1 ENOENT (No such file or directory)
347   openat(AT_FDCWD, "/usr/local/Qt4.7.4/lib/tls/neon/vfp/libcrypt.so.1", O_RDONLY|O_CLOEXEC) = -1 ENOENT (No such file or directory)
348   +++ exited with 0 +++
347   openat(AT_FDCWD, "/usr/local/Qt4.7.4/lib/tls/neon/libcrypt.so.1", O_RDONLY|O_CLOEXEC) = -1 ENOENT (No such file or directory)
347   openat(AT_FDCWD, "/usr/local/Qt4.7.4/lib/tls/vfp/libcrypt.so.1", O_RDONLY|O_CLOEXEC) = -1 ENOENT (No such file or directory)
347   openat(AT_FDCWD, "/usr/local/Qt4.7.4/lib/tls/libcrypt.so.1", O_RDONLY|O_CLOEXEC) = -1 ENOENT (No such file or directory)
332   ioctl(6, TCGETS, {c_iflag=, c_oflag=NL0|CR0|TAB0|BS0|VT0|FF0|ONLCR, c_cflag=B115200|CS8|CREAD|PARENB|HUPCL|CLOCAL, c_lflag=ECHOE|ECHOK|ECHOCTL|ECHOKE, ...}) = 0
332   ioctl(6, SNDCTL_TMR_START or TCSETS, {c_iflag=, c_oflag=NL0|CR0|TAB0|BS0|VT0|FF0|ONLCR, c_cflag=B1500000|CS8|CREAD|PARENB|HUPCL|CLOCAL, c_lflag=ECHOE|ECHOK|ECHOCTL|ECHOKE, ...} <unfinished ...>
347   openat(AT_FDCWD, "/usr/local/Qt4.7.4/lib/v7l/neon/vfp/libcrypt.so.1", O_RDONLY|O_CLOEXEC <unfinished ...>
332   <... ioctl resumed>)              = 0
347   <... openat resumed>)             = -1 ENOENT (No such file or directory)
332   ioctl(6, SNDCTL_TMR_STOP or TCSETSW, {c_iflag=, c_oflag=NL0|CR0|TAB0|BS0|VT0|FF0|ONLCR, c_cflag=B1500000|CS8|CREAD|PARENB|HUPCL|CLOCAL, c_lflag=ECHOE|ECHOK|ECHOCTL|ECHOKE, ...}) = 0
332   ioctl(6, TCGETS <unfinished ...>
347   openat(AT_FDCWD, "/usr/local/Qt4.7.4/lib/v7l/neon/libcrypt.so.1", O_RDONLY|O_CLOEXEC <unfinished ...>
332   <... ioctl resumed>, {c_iflag=, c_oflag=NL0|CR0|TAB0|BS0|VT0|FF0|ONLCR, c_cflag=B1500000|CS8|CREAD|PARENB|HUPCL|CLOCAL, c_lflag=ECHOE|ECHOK|ECHOCTL|ECHOKE, ...}) = 0
347   <... openat resumed>)             = -1 ENOENT (No such file or directory)
347   openat(AT_FDCWD, "/usr/local/Qt4.7.4/lib/v7l/vfp/libcrypt.so.1", O_RDONLY|O_CLOEXEC) = -1 ENOENT (No such file or directory)
347   openat(AT_FDCWD, "/usr/local/Qt4.7.4/lib/v7l/libcrypt.so.1", O_RDONLY|O_CLOEXEC) = -1 ENOENT (No such file or directory)
349   +++ exited with 0 +++
347   openat(AT_FDCWD, "/usr/local/Qt4.7.4/lib/neon/vfp/libcrypt.so.1", O_RDONLY|O_CLOEXEC) = -1 ENOENT (No such file or directory)
347   openat(AT_FDCWD, "/usr/local/Qt4.7.4/lib/neon/libcrypt.so.1", O_RDONLY|O_CLOEXEC) = -1 ENOENT (No such file or directory)
347   openat(AT_FDCWD, "/usr/local/Qt4.7.4/lib/vfp/libcrypt.so.1", O_RDONLY|O_CLOEXEC) = -1 ENOENT (No such file or directory)
347   openat(AT_FDCWD, "/usr/local/Qt4.7.4/lib/libcrypt.so.1", O_RDONLY|O_CLOEXEC) = -1 ENOENT (No such file or directory)
347   openat(AT_FDCWD, "/usr/lib/tls/v7l/neon/vfp/libcrypt.so.1", O_RDONLY|O_CLOEXEC) = -1 ENOENT (No such file or directory)
347   openat(AT_FDCWD, "/usr/lib/tls/v7l/neon/libcrypt.so.1", O_RDONLY|O_CLOEXEC) = -1 ENOENT (No such file or directory)
347   openat(AT_FDCWD, "/usr/lib/tls/v7l/vfp/libcrypt.so.1", O_RDONLY|O_CLOEXEC) = -1 ENOENT (No such file or directory)
347   openat(AT_FDCWD, "/usr/lib/tls/v7l/libcrypt.so.1", O_RDONLY|O_CLOEXEC) = -1 ENOENT (No such file or directory)
347   openat(AT_FDCWD, "/usr/lib/tls/neon/vfp/libcrypt.so.1", O_RDONLY|O_CLOEXEC) = -1 ENOENT (No such file or directory)
347   openat(AT_FDCWD, "/usr/lib/tls/neon/libcrypt.so.1", O_RDONLY|O_CLOEXEC) = -1 ENOENT (No such file or directory)
347   openat(AT_FDCWD, "/usr/lib/tls/vfp/libcrypt.so.1", O_RDONLY|O_CLOEXEC) = -1 ENOENT (No such file or directory)
347   openat(AT_FDCWD, "/usr/lib/tls/libcrypt.so.1", O_RDONLY|O_CLOEXEC) = -1 ENOENT (No such file or directory)
347   openat(AT_FDCWD, "/usr/lib/v7l/neon/vfp/libcrypt.so.1", O_RDONLY|O_CLOEXEC) = -1 ENOENT (No such file or directory)
347   openat(AT_FDCWD, "/usr/lib/v7l/neon/libcrypt.so.1", O_RDONLY|O_CLOEXEC) = -1 ENOENT (No such file or directory)
347   openat(AT_FDCWD, "/usr/lib/v7l/vfp/libcrypt.so.1", O_RDONLY|O_CLOEXEC) = -1 ENOENT (No such file or directory)
347   openat(AT_FDCWD, "/usr/lib/v7l/libcrypt.so.1", O_RDONLY|O_CLOEXEC) = -1 ENOENT (No such file or directory)
347   openat(AT_FDCWD, "/usr/lib/neon/vfp/libcrypt.so.1", O_RDONLY|O_CLOEXEC) = -1 ENOENT (No such file or directory)
347   openat(AT_FDCWD, "/usr/lib/neon/libcrypt.so.1", O_RDONLY|O_CLOEXEC) = -1 ENOENT (No such file or directory)
347   openat(AT_FDCWD, "/usr/lib/vfp/libcrypt.so.1", O_RDONLY|O_CLOEXEC) = -1 ENOENT (No such file or directory)
347   openat(AT_FDCWD, "/usr/lib/libcrypt.so.1", O_RDONLY|O_CLOEXEC) = -1 ENOENT (No such file or directory)
347   openat(AT_FDCWD, "/lib/tls/v7l/neon/vfp/libcrypt.so.1", O_RDONLY|O_CLOEXEC <unfinished ...>
332   +++ exited with 254 +++
331   +++ exited with 254 +++
330   +++ exited with 254 +++
329   +++ exited with 254 +++
328   +++ exited with 254 +++
327   +++ exited with 254 +++
326   +++ exited with 254 +++
325   +++ exited with 254 +++
324   +++ exited with 254 +++
323   +++ exited with 254 +++
320   +++ exited with 254 +++
347   <... openat resumed>)             = -1 ENOENT (No such file or directory)
164   --- SIGCHLD {si_signo=SIGCHLD, si_code=CLD_EXITED, si_pid=320, si_uid=0, si_status=254, si_utime=2 /* 0.02 s */, si_stime=8 /* 0.08 s */} ---
347   openat(AT_FDCWD, "/lib/tls/v7l/neon/libcrypt.so.1", O_RDONLY|O_CLOEXEC) = -1 ENOENT (No such file or directory)
347   openat(AT_FDCWD, "/lib/tls/v7l/vfp/libcrypt.so.1", O_RDONLY|O_CLOEXEC) = -1 ENOENT (No such file or directory)
347   openat(AT_FDCWD, "/lib/tls/v7l/libcrypt.so.1", O_RDONLY|O_CLOEXEC) = -1 ENOENT (No such file or directory)
347   openat(AT_FDCWD, "/lib/tls/neon/vfp/libcrypt.so.1", O_RDONLY|O_CLOEXEC) = -1 ENOENT (No such file or directory)
347   openat(AT_FDCWD, "/lib/tls/neon/libcrypt.so.1", O_RDONLY|O_CLOEXEC) = -1 ENOENT (No such file or directory)
347   openat(AT_FDCWD, "/lib/tls/vfp/libcrypt.so.1", O_RDONLY|O_CLOEXEC) = -1 ENOENT (No such file or directory)
347   openat(AT_FDCWD, "/lib/tls/libcrypt.so.1", O_RDONLY|O_CLOEXEC) = -1 ENOENT (No such file or directory)
347   openat(AT_FDCWD, "/lib/v7l/neon/vfp/libcrypt.so.1", O_RDONLY|O_CLOEXEC) = -1 ENOENT (No such file or directory)
347   openat(AT_FDCWD, "/lib/v7l/neon/libcrypt.so.1", O_RDONLY|O_CLOEXEC) = -1 ENOENT (No such file or directory)
347   openat(AT_FDCWD, "/lib/v7l/vfp/libcrypt.so.1", O_RDONLY|O_CLOEXEC) = -1 ENOENT (No such file or directory)
347   openat(AT_FDCWD, "/lib/v7l/libcrypt.so.1", O_RDONLY|O_CLOEXEC) = -1 ENOENT (No such file or directory)
347   openat(AT_FDCWD, "/lib/neon/vfp/libcrypt.so.1", O_RDONLY|O_CLOEXEC) = -1 ENOENT (No such file or directory)
347   openat(AT_FDCWD, "/lib/neon/libcrypt.so.1", O_RDONLY|O_CLOEXEC) = -1 ENOENT (No such file or directory)
347   openat(AT_FDCWD, "/lib/vfp/libcrypt.so.1", O_RDONLY|O_CLOEXEC) = -1 ENOENT (No such file or directory)
347   openat(AT_FDCWD, "/lib/libcrypt.so.1", O_RDONLY|O_CLOEXEC) = 3
347   openat(AT_FDCWD, "/usr/local/Qt4.7.4/lib/libc.so.6", O_RDONLY|O_CLOEXEC) = -1 ENOENT (No such file or directory)
347   openat(AT_FDCWD, "/usr/lib/libc.so.6", O_RDONLY|O_CLOEXEC) = -1 ENOENT (No such file or directory)
347   openat(AT_FDCWD, "/lib/libc.so.6", O_RDONLY|O_CLOEXEC) = 3
350   openat(AT_FDCWD, "/data/feasycom/bw_conf0.db", O_RDWR) = 4
350   openat(AT_FDCWD, "/data/feasycom/bw_conf1.db", O_RDWR) = 4
347   +++ exited with 0 +++
333   --- SIGCHLD {si_signo=SIGCHLD, si_code=CLD_EXITED, si_pid=347, si_uid=0, si_status=0, si_utime=0, si_stime=3 /* 0.03 s */} ---
350   openat(AT_FDCWD, "/etc/blueware-bw123.properties", O_RDONLY) = 4
333   +++ exited with 0 +++
136   --- SIGCHLD {si_signo=SIGCHLD, si_code=CLD_EXITED, si_pid=333, si_uid=0, si_status=0, si_utime=1 /* 0.01 s */, si_stime=1 /* 0.01 s */} ---
351   openat(AT_FDCWD, "/usr/local/Qt4.7.4/lib/tls/v7l/neon/vfp/libcrypt.so.1", O_RDONLY|O_CLOEXEC) = -1 ENOENT (No such file or directory)
351   openat(AT_FDCWD, "/usr/local/Qt4.7.4/lib/tls/v7l/neon/libcrypt.so.1", O_RDONLY|O_CLOEXEC) = -1 ENOENT (No such file or directory)
351   openat(AT_FDCWD, "/usr/local/Qt4.7.4/lib/tls/v7l/vfp/libcrypt.so.1", O_RDONLY|O_CLOEXEC) = -1 ENOENT (No such file or directory)
351   openat(AT_FDCWD, "/usr/local/Qt4.7.4/lib/tls/v7l/libcrypt.so.1", O_RDONLY|O_CLOEXEC) = -1 ENOENT (No such file or directory)
351   openat(AT_FDCWD, "/usr/local/Qt4.7.4/lib/tls/neon/vfp/libcrypt.so.1", O_RDONLY|O_CLOEXEC) = -1 ENOENT (No such file or directory)
351   openat(AT_FDCWD, "/usr/local/Qt4.7.4/lib/tls/neon/libcrypt.so.1", O_RDONLY|O_CLOEXEC) = -1 ENOENT (No such file or directory)
351   openat(AT_FDCWD, "/usr/local/Qt4.7.4/lib/tls/vfp/libcrypt.so.1", O_RDONLY|O_CLOEXEC) = -1 ENOENT (No such file or directory)
351   openat(AT_FDCWD, "/usr/local/Qt4.7.4/lib/tls/libcrypt.so.1", O_RDONLY|O_CLOEXEC) = -1 ENOENT (No such file or directory)
351   openat(AT_FDCWD, "/usr/local/Qt4.7.4/lib/v7l/neon/vfp/libcrypt.so.1", O_RDONLY|O_CLOEXEC) = -1 ENOENT (No such file or directory)
350   openat(AT_FDCWD, "/sys/class/gpio/export", O_WRONLY) = 4
351   openat(AT_FDCWD, "/usr/local/Qt4.7.4/lib/v7l/neon/libcrypt.so.1", O_RDONLY|O_CLOEXEC) = -1 ENOENT (No such file or directory)
351   openat(AT_FDCWD, "/usr/local/Qt4.7.4/lib/v7l/vfp/libcrypt.so.1", O_RDONLY|O_CLOEXEC <unfinished ...>
350   openat(AT_FDCWD, "/sys/class/gpio/gpio91/direction", O_WRONLY <unfinished ...>
351   <... openat resumed>)             = -1 ENOENT (No such file or directory)
350   <... openat resumed>)             = 4
351   openat(AT_FDCWD, "/usr/local/Qt4.7.4/lib/v7l/libcrypt.so.1", O_RDONLY|O_CLOEXEC) = -1 ENOENT (No such file or directory)
350   openat(AT_FDCWD, "/sys/class/gpio/gpio91/value", O_WRONLY) = 4
351   openat(AT_FDCWD, "/usr/local/Qt4.7.4/lib/neon/vfp/libcrypt.so.1", O_RDONLY|O_CLOEXEC) = -1 ENOENT (No such file or directory)
351   openat(AT_FDCWD, "/usr/local/Qt4.7.4/lib/neon/libcrypt.so.1", O_RDONLY|O_CLOEXEC) = -1 ENOENT (No such file or directory)
351   openat(AT_FDCWD, "/usr/local/Qt4.7.4/lib/vfp/libcrypt.so.1", O_RDONLY|O_CLOEXEC) = -1 ENOENT (No such file or directory)
351   openat(AT_FDCWD, "/usr/local/Qt4.7.4/lib/libcrypt.so.1", O_RDONLY|O_CLOEXEC) = -1 ENOENT (No such file or directory)
351   openat(AT_FDCWD, "/usr/lib/tls/v7l/neon/vfp/libcrypt.so.1", O_RDONLY|O_CLOEXEC) = -1 ENOENT (No such file or directory)
351   openat(AT_FDCWD, "/usr/lib/tls/v7l/neon/libcrypt.so.1", O_RDONLY|O_CLOEXEC) = -1 ENOENT (No such file or directory)
351   openat(AT_FDCWD, "/usr/lib/tls/v7l/vfp/libcrypt.so.1", O_RDONLY|O_CLOEXEC) = -1 ENOENT (No such file or directory)
351   openat(AT_FDCWD, "/usr/lib/tls/v7l/libcrypt.so.1", O_RDONLY|O_CLOEXEC) = -1 ENOENT (No such file or directory)
351   openat(AT_FDCWD, "/usr/lib/tls/neon/vfp/libcrypt.so.1", O_RDONLY|O_CLOEXEC) = -1 ENOENT (No such file or directory)
351   openat(AT_FDCWD, "/usr/lib/tls/neon/libcrypt.so.1", O_RDONLY|O_CLOEXEC) = -1 ENOENT (No such file or directory)
351   openat(AT_FDCWD, "/usr/lib/tls/vfp/libcrypt.so.1", O_RDONLY|O_CLOEXEC) = -1 ENOENT (No such file or directory)
351   openat(AT_FDCWD, "/usr/lib/tls/libcrypt.so.1", O_RDONLY|O_CLOEXEC) = -1 ENOENT (No such file or directory)
351   openat(AT_FDCWD, "/usr/lib/v7l/neon/vfp/libcrypt.so.1", O_RDONLY|O_CLOEXEC) = -1 ENOENT (No such file or directory)
351   openat(AT_FDCWD, "/usr/lib/v7l/neon/libcrypt.so.1", O_RDONLY|O_CLOEXEC <unfinished ...>
350   ioctl(3, TCFLSH, TCIOFLUSH <unfinished ...>
351   <... openat resumed>)             = -1 ENOENT (No such file or directory)
350   <... ioctl resumed>)              = 0
351   openat(AT_FDCWD, "/usr/lib/v7l/vfp/libcrypt.so.1", O_RDONLY|O_CLOEXEC) = -1 ENOENT (No such file or directory)
351   openat(AT_FDCWD, "/usr/lib/v7l/libcrypt.so.1", O_RDONLY|O_CLOEXEC) = -1 ENOENT (No such file or directory)
351   openat(AT_FDCWD, "/usr/lib/neon/vfp/libcrypt.so.1", O_RDONLY|O_CLOEXEC) = -1 ENOENT (No such file or directory)
350   openat(AT_FDCWD, "/data/feasycom/bw_conf1.db", O_RDWR|O_CREAT|O_TRUNC, 0666 <unfinished ...>
351   openat(AT_FDCWD, "/usr/lib/neon/libcrypt.so.1", O_RDONLY|O_CLOEXEC) = -1 ENOENT (No such file or directory)
350   <... openat resumed>)             = 5
351   openat(AT_FDCWD, "/usr/lib/vfp/libcrypt.so.1", O_RDONLY|O_CLOEXEC) = -1 ENOENT (No such file or directory)
351   openat(AT_FDCWD, "/usr/lib/libcrypt.so.1", O_RDONLY|O_CLOEXEC) = -1 ENOENT (No such file or directory)
351   openat(AT_FDCWD, "/lib/tls/v7l/neon/vfp/libcrypt.so.1", O_RDONLY|O_CLOEXEC) = -1 ENOENT (No such file or directory)
350   openat(AT_FDCWD, "/data/feasycom/bw_conf0.db", O_RDWR|O_CREAT|O_TRUNC, 0666 <unfinished ...>
351   openat(AT_FDCWD, "/lib/tls/v7l/neon/libcrypt.so.1", O_RDONLY|O_CLOEXEC) = -1 ENOENT (No such file or directory)
350   <... openat resumed>)             = 5
351   openat(AT_FDCWD, "/lib/tls/v7l/vfp/libcrypt.so.1", O_RDONLY|O_CLOEXEC) = -1 ENOENT (No such file or directory)
351   openat(AT_FDCWD, "/lib/tls/v7l/libcrypt.so.1", O_RDONLY|O_CLOEXEC) = -1 ENOENT (No such file or directory)
351   openat(AT_FDCWD, "/lib/tls/neon/vfp/libcrypt.so.1", O_RDONLY|O_CLOEXEC) = -1 ENOENT (No such file or directory)
351   openat(AT_FDCWD, "/lib/tls/neon/libcrypt.so.1", O_RDONLY|O_CLOEXEC) = -1 ENOENT (No such file or directory)
351   openat(AT_FDCWD, "/lib/tls/vfp/libcrypt.so.1", O_RDONLY|O_CLOEXEC) = -1 ENOENT (No such file or directory)
351   openat(AT_FDCWD, "/lib/tls/libcrypt.so.1", O_RDONLY|O_CLOEXEC) = -1 ENOENT (No such file or directory)
351   openat(AT_FDCWD, "/lib/v7l/neon/vfp/libcrypt.so.1", O_RDONLY|O_CLOEXEC) = -1 ENOENT (No such file or directory)
351   openat(AT_FDCWD, "/lib/v7l/neon/libcrypt.so.1", O_RDONLY|O_CLOEXEC) = -1 ENOENT (No such file or directory)
351   openat(AT_FDCWD, "/lib/v7l/vfp/libcrypt.so.1", O_RDONLY|O_CLOEXEC) = -1 ENOENT (No such file or directory)
351   openat(AT_FDCWD, "/lib/v7l/libcrypt.so.1", O_RDONLY|O_CLOEXEC) = -1 ENOENT (No such file or directory)
351   openat(AT_FDCWD, "/lib/neon/vfp/libcrypt.so.1", O_RDONLY|O_CLOEXEC) = -1 ENOENT (No such file or directory)
351   openat(AT_FDCWD, "/lib/neon/libcrypt.so.1", O_RDONLY|O_CLOEXEC) = -1 ENOENT (No such file or directory)
351   openat(AT_FDCWD, "/lib/vfp/libcrypt.so.1", O_RDONLY|O_CLOEXEC) = -1 ENOENT (No such file or directory)
351   openat(AT_FDCWD, "/lib/libcrypt.so.1", O_RDONLY|O_CLOEXEC) = 3
351   openat(AT_FDCWD, "/usr/local/Qt4.7.4/lib/libc.so.6", O_RDONLY|O_CLOEXEC) = -1 ENOENT (No such file or directory)
351   openat(AT_FDCWD, "/usr/lib/libc.so.6", O_RDONLY|O_CLOEXEC) = -1 ENOENT (No such file or directory)
351   openat(AT_FDCWD, "/lib/libc.so.6", O_RDONLY|O_CLOEXEC) = 3
351   +++ exited with 0 +++
136   --- SIGCHLD {si_signo=SIGCHLD, si_code=CLD_EXITED, si_pid=351, si_uid=0, si_status=0, si_utime=0, si_stime=2 /* 0.02 s */} ---
353   openat(AT_FDCWD, "/dev/null", O_RDONLY|O_LARGEFILE) = 0
353   openat(AT_FDCWD, "/usr/local/Qt4.7.4/lib/tls/v7l/neon/vfp/libcrypt.so.1", O_RDONLY|O_CLOEXEC) = -1 ENOENT (No such file or directory)
353   openat(AT_FDCWD, "/usr/local/Qt4.7.4/lib/tls/v7l/neon/libcrypt.so.1", O_RDONLY|O_CLOEXEC) = -1 ENOENT (No such file or directory)
353   openat(AT_FDCWD, "/usr/local/Qt4.7.4/lib/tls/v7l/vfp/libcrypt.so.1", O_RDONLY|O_CLOEXEC) = -1 ENOENT (No such file or directory)
353   openat(AT_FDCWD, "/usr/local/Qt4.7.4/lib/tls/v7l/libcrypt.so.1", O_RDONLY|O_CLOEXEC) = -1 ENOENT (No such file or directory)
353   openat(AT_FDCWD, "/usr/local/Qt4.7.4/lib/tls/neon/vfp/libcrypt.so.1", O_RDONLY|O_CLOEXEC) = -1 ENOENT (No such file or directory)
353   openat(AT_FDCWD, "/usr/local/Qt4.7.4/lib/tls/neon/libcrypt.so.1", O_RDONLY|O_CLOEXEC) = -1 ENOENT (No such file or directory)
353   openat(AT_FDCWD, "/usr/local/Qt4.7.4/lib/tls/vfp/libcrypt.so.1", O_RDONLY|O_CLOEXEC) = -1 ENOENT (No such file or directory)
353   openat(AT_FDCWD, "/usr/local/Qt4.7.4/lib/tls/libcrypt.so.1", O_RDONLY|O_CLOEXEC) = -1 ENOENT (No such file or directory)
353   openat(AT_FDCWD, "/usr/local/Qt4.7.4/lib/v7l/neon/vfp/libcrypt.so.1", O_RDONLY|O_CLOEXEC) = -1 ENOENT (No such file or directory)
353   openat(AT_FDCWD, "/usr/local/Qt4.7.4/lib/v7l/neon/libcrypt.so.1", O_RDONLY|O_CLOEXEC) = -1 ENOENT (No such file or directory)
353   openat(AT_FDCWD, "/usr/local/Qt4.7.4/lib/v7l/vfp/libcrypt.so.1", O_RDONLY|O_CLOEXEC) = -1 ENOENT (No such file or directory)
353   openat(AT_FDCWD, "/usr/local/Qt4.7.4/lib/v7l/libcrypt.so.1", O_RDONLY|O_CLOEXEC) = -1 ENOENT (No such file or directory)
353   openat(AT_FDCWD, "/usr/local/Qt4.7.4/lib/neon/vfp/libcrypt.so.1", O_RDONLY|O_CLOEXEC) = -1 ENOENT (No such file or directory)
350   openat(AT_FDCWD, "/sys/bus/sdio/devices/", O_RDONLY|O_NONBLOCK|O_LARGEFILE|O_CLOEXEC|O_DIRECTORY <unfinished ...>
353   openat(AT_FDCWD, "/usr/local/Qt4.7.4/lib/neon/libcrypt.so.1", O_RDONLY|O_CLOEXEC <unfinished ...>
350   <... openat resumed>)             = 5
353   <... openat resumed>)             = -1 ENOENT (No such file or directory)
353   openat(AT_FDCWD, "/usr/local/Qt4.7.4/lib/vfp/libcrypt.so.1", O_RDONLY|O_CLOEXEC) = -1 ENOENT (No such file or directory)
353   openat(AT_FDCWD, "/usr/local/Qt4.7.4/lib/libcrypt.so.1", O_RDONLY|O_CLOEXEC) = -1 ENOENT (No such file or directory)
350   openat(AT_FDCWD, "/usr/local/Qt4.7.4/lib/librtkvnd.so", O_RDONLY|O_CLOEXEC <unfinished ...>
353   openat(AT_FDCWD, "/usr/lib/tls/v7l/neon/vfp/libcrypt.so.1", O_RDONLY|O_CLOEXEC <unfinished ...>
350   <... openat resumed>)             = -1 ENOENT (No such file or directory)
353   <... openat resumed>)             = -1 ENOENT (No such file or directory)
350   openat(AT_FDCWD, "/usr/lib/librtkvnd.so", O_RDONLY|O_CLOEXEC) = 5
353   openat(AT_FDCWD, "/usr/lib/tls/v7l/neon/libcrypt.so.1", O_RDONLY|O_CLOEXEC) = -1 ENOENT (No such file or directory)
353   openat(AT_FDCWD, "/usr/lib/tls/v7l/vfp/libcrypt.so.1", O_RDONLY|O_CLOEXEC) = -1 ENOENT (No such file or directory)
353   openat(AT_FDCWD, "/usr/lib/tls/v7l/libcrypt.so.1", O_RDONLY|O_CLOEXEC) = -1 ENOENT (No such file or directory)
353   openat(AT_FDCWD, "/usr/lib/tls/neon/vfp/libcrypt.so.1", O_RDONLY|O_CLOEXEC) = -1 ENOENT (No such file or directory)
353   openat(AT_FDCWD, "/usr/lib/tls/neon/libcrypt.so.1", O_RDONLY|O_CLOEXEC) = -1 ENOENT (No such file or directory)
350   openat(AT_FDCWD, "/data/feasycom/rtkbt.conf", O_RDWR|O_CREAT|O_TRUNC, 0666 <unfinished ...>
353   openat(AT_FDCWD, "/usr/lib/tls/vfp/libcrypt.so.1", O_RDONLY|O_CLOEXEC <unfinished ...>
350   <... openat resumed>)             = 5
353   <... openat resumed>)             = -1 ENOENT (No such file or directory)
353   openat(AT_FDCWD, "/usr/lib/tls/libcrypt.so.1", O_RDONLY|O_CLOEXEC) = -1 ENOENT (No such file or directory)
353   openat(AT_FDCWD, "/usr/lib/v7l/neon/vfp/libcrypt.so.1", O_RDONLY|O_CLOEXEC <unfinished ...>
350   openat(AT_FDCWD, "/data/feasycom/rtl8761bt_config", O_RDWR|O_CREAT|O_TRUNC, 0666 <unfinished ...>
353   <... openat resumed>)             = -1 ENOENT (No such file or directory)
350   <... openat resumed>)             = 5
353   openat(AT_FDCWD, "/usr/lib/v7l/neon/libcrypt.so.1", O_RDONLY|O_CLOEXEC) = -1 ENOENT (No such file or directory)
353   openat(AT_FDCWD, "/usr/lib/v7l/vfp/libcrypt.so.1", O_RDONLY|O_CLOEXEC) = -1 ENOENT (No such file or directory)
353   openat(AT_FDCWD, "/usr/lib/v7l/libcrypt.so.1", O_RDONLY|O_CLOEXEC) = -1 ENOENT (No such file or directory)
350   ioctl(1, TCGETS, 0xbe9ba7fc)      = -1 ENOTTY (Inappropriate ioctl for device)
350   openat(AT_FDCWD, "/data/feasycom/rtkbt.conf", O_RDONLY <unfinished ...>
353   openat(AT_FDCWD, "/usr/lib/neon/vfp/libcrypt.so.1", O_RDONLY|O_CLOEXEC <unfinished ...>
350   <... openat resumed>)             = 5
353   <... openat resumed>)             = -1 ENOENT (No such file or directory)
353   openat(AT_FDCWD, "/usr/lib/neon/libcrypt.so.1", O_RDONLY|O_CLOEXEC) = -1 ENOENT (No such file or directory)
353   openat(AT_FDCWD, "/usr/lib/vfp/libcrypt.so.1", O_RDONLY|O_CLOEXEC) = -1 ENOENT (No such file or directory)
350   openat(AT_FDCWD, "/data/feasycom/rtkbt.conf", O_RDONLY) = 5
353   openat(AT_FDCWD, "/usr/lib/libcrypt.so.1", O_RDONLY|O_CLOEXEC) = -1 ENOENT (No such file or directory)
353   openat(AT_FDCWD, "/lib/tls/v7l/neon/vfp/libcrypt.so.1", O_RDONLY|O_CLOEXEC) = -1 ENOENT (No such file or directory)
353   openat(AT_FDCWD, "/lib/tls/v7l/neon/libcrypt.so.1", O_RDONLY|O_CLOEXEC) = -1 ENOENT (No such file or directory)
353   openat(AT_FDCWD, "/lib/tls/v7l/vfp/libcrypt.so.1", O_RDONLY|O_CLOEXEC) = -1 ENOENT (No such file or directory)
353   openat(AT_FDCWD, "/lib/tls/v7l/libcrypt.so.1", O_RDONLY|O_CLOEXEC) = -1 ENOENT (No such file or directory)
353   openat(AT_FDCWD, "/lib/tls/neon/vfp/libcrypt.so.1", O_RDONLY|O_CLOEXEC) = -1 ENOENT (No such file or directory)
353   openat(AT_FDCWD, "/lib/tls/neon/libcrypt.so.1", O_RDONLY|O_CLOEXEC) = -1 ENOENT (No such file or directory)
353   openat(AT_FDCWD, "/lib/tls/vfp/libcrypt.so.1", O_RDONLY|O_CLOEXEC) = -1 ENOENT (No such file or directory)
353   openat(AT_FDCWD, "/lib/tls/libcrypt.so.1", O_RDONLY|O_CLOEXEC) = -1 ENOENT (No such file or directory)
353   openat(AT_FDCWD, "/lib/v7l/neon/vfp/libcrypt.so.1", O_RDONLY|O_CLOEXEC) = -1 ENOENT (No such file or directory)
353   openat(AT_FDCWD, "/lib/v7l/neon/libcrypt.so.1", O_RDONLY|O_CLOEXEC) = -1 ENOENT (No such file or directory)
353   openat(AT_FDCWD, "/lib/v7l/vfp/libcrypt.so.1", O_RDONLY|O_CLOEXEC) = -1 ENOENT (No such file or directory)
353   openat(AT_FDCWD, "/lib/v7l/libcrypt.so.1", O_RDONLY|O_CLOEXEC) = -1 ENOENT (No such file or directory)
353   openat(AT_FDCWD, "/lib/neon/vfp/libcrypt.so.1", O_RDONLY|O_CLOEXEC) = -1 ENOENT (No such file or directory)
353   openat(AT_FDCWD, "/lib/neon/libcrypt.so.1", O_RDONLY|O_CLOEXEC) = -1 ENOENT (No such file or directory)
353   openat(AT_FDCWD, "/lib/vfp/libcrypt.so.1", O_RDONLY|O_CLOEXEC) = -1 ENOENT (No such file or directory)
353   openat(AT_FDCWD, "/lib/libcrypt.so.1", O_RDONLY|O_CLOEXEC) = 3
350   openat(AT_FDCWD, "/proc/bluetooth/sleep/lpm", O_WRONLY) = -1 ENOENT (No such file or directory)
350   openat(AT_FDCWD, "/dev/ttyHS1", O_RDWR) = 6
350   ioctl(6, TCFLSH, TCIOFLUSH)       = 0
350   ioctl(6, TCGETS, {c_iflag=, c_oflag=NL0|CR0|TAB0|BS0|VT0|FF0|ONLCR, c_cflag=B1500000|CS8|CREAD|PARENB|HUPCL|CLOCAL, c_lflag=ECHOE|ECHOK|ECHOCTL|ECHOKE, ...}) = 0
350   ioctl(6, SNDCTL_TMR_START or TCSETS, {c_iflag=, c_oflag=NL0|CR0|TAB0|BS0|VT0|FF0|ONLCR, c_cflag=B1500000|CS8|CREAD|PARENB|HUPCL|CLOCAL, c_lflag=ECHOE|ECHOK|ECHOCTL|ECHOKE, ...}) = 0
350   ioctl(6, TCFLSH, TCIOFLUSH)       = 0
350   ioctl(6, SNDCTL_TMR_START or TCSETS, {c_iflag=, c_oflag=NL0|CR0|TAB0|BS0|VT0|FF0|ONLCR, c_cflag=B1500000|CS8|CREAD|PARENB|HUPCL|CLOCAL, c_lflag=ECHOE|ECHOK|ECHOCTL|ECHOKE, ...}) = 0
350   ioctl(6, TCFLSH, TCIOFLUSH)       = 0
350   ioctl(6, TCFLSH, TCIOFLUSH <unfinished ...>
353   openat(AT_FDCWD, "/usr/local/Qt4.7.4/lib/libc.so.6", O_RDONLY|O_CLOEXEC <unfinished ...>
350   <... ioctl resumed>)              = 0
353   <... openat resumed>)             = -1 ENOENT (No such file or directory)
350   ioctl(6, SNDCTL_TMR_START or TCSETS, {c_iflag=, c_oflag=NL0|CR0|TAB0|BS0|VT0|FF0|ONLCR, c_cflag=B115200|CS8|CREAD|PARENB|HUPCL|CLOCAL, c_lflag=ECHOE|ECHOK|ECHOCTL|ECHOKE, ...} <unfinished ...>
353   openat(AT_FDCWD, "/usr/lib/libc.so.6", O_RDONLY|O_CLOEXEC <unfinished ...>
350   <... ioctl resumed>)              = 0
353   <... openat resumed>)             = -1 ENOENT (No such file or directory)
353   openat(AT_FDCWD, "/lib/libc.so.6", O_RDONLY|O_CLOEXEC) = 3
353   openat(AT_FDCWD, "/etc/hostapd.sh", O_RDONLY|O_LARGEFILE) = 3
353   openat(AT_FDCWD, "/proc/sys/net/core/rmem_default", O_WRONLY|O_CREAT|O_TRUNC|O_LARGEFILE, 0666) = 3
353   openat(AT_FDCWD, "/proc/sys/net/core/rmem_max", O_WRONLY|O_CREAT|O_TRUNC|O_LARGEFILE, 0666) = 3
353   openat(AT_FDCWD, "/proc/sys/net/core/wmem_default", O_WRONLY|O_CREAT|O_TRUNC|O_LARGEFILE, 0666) = 3
353   openat(AT_FDCWD, "/proc/sys/net/core/wmem_max", O_WRONLY|O_CREAT|O_TRUNC|O_LARGEFILE, 0666) = 3
359   openat(AT_FDCWD, "/sys/devices/system/cpu/online", O_RDONLY|O_CLOEXEC) = 26
354   openat(AT_FDCWD, "/sys/devices/system/cpu/online", O_RDONLY|O_CLOEXEC) = 27
353   openat(AT_FDCWD, "/proc/sys/net/ipv4/tcp_timestamps", O_WRONLY|O_CREAT|O_TRUNC|O_LARGEFILE, 0666) = 3
353   openat(AT_FDCWD, "/proc/sys/net/ipv4/tcp_sack", O_WRONLY|O_CREAT|O_TRUNC|O_LARGEFILE, 0666) = 3
353   openat(AT_FDCWD, "/proc/sys/net/ipv4/tcp_fack", O_WRONLY|O_CREAT|O_TRUNC|O_LARGEFILE, 0666) = 3
364   +++ exited with 0 +++
365   +++ exited with 0 +++
353   openat(AT_FDCWD, "/proc/sys/net/ipv4/tcp_window_scaling", O_WRONLY|O_CREAT|O_TRUNC|O_LARGEFILE, 0666) = 3
366   +++ exited with 0 +++
367   +++ exited with 0 +++
368   +++ exited with 0 +++
369   openat(AT_FDCWD, "/usr/local/Qt4.7.4/lib/tls/v7l/neon/vfp/libcrypt.so.1", O_RDONLY|O_CLOEXEC) = -1 ENOENT (No such file or directory)
369   openat(AT_FDCWD, "/usr/local/Qt4.7.4/lib/tls/v7l/neon/libcrypt.so.1", O_RDONLY|O_CLOEXEC) = -1 ENOENT (No such file or directory)
369   openat(AT_FDCWD, "/usr/local/Qt4.7.4/lib/tls/v7l/vfp/libcrypt.so.1", O_RDONLY|O_CLOEXEC) = -1 ENOENT (No such file or directory)
369   openat(AT_FDCWD, "/usr/local/Qt4.7.4/lib/tls/v7l/libcrypt.so.1", O_RDONLY|O_CLOEXEC) = -1 ENOENT (No such file or directory)
369   openat(AT_FDCWD, "/usr/local/Qt4.7.4/lib/tls/neon/vfp/libcrypt.so.1", O_RDONLY|O_CLOEXEC) = -1 ENOENT (No such file or directory)
369   openat(AT_FDCWD, "/usr/local/Qt4.7.4/lib/tls/neon/libcrypt.so.1", O_RDONLY|O_CLOEXEC) = -1 ENOENT (No such file or directory)
369   openat(AT_FDCWD, "/usr/local/Qt4.7.4/lib/tls/vfp/libcrypt.so.1", O_RDONLY|O_CLOEXEC) = -1 ENOENT (No such file or directory)
369   openat(AT_FDCWD, "/usr/local/Qt4.7.4/lib/tls/libcrypt.so.1", O_RDONLY|O_CLOEXEC) = -1 ENOENT (No such file or directory)
369   openat(AT_FDCWD, "/usr/local/Qt4.7.4/lib/v7l/neon/vfp/libcrypt.so.1", O_RDONLY|O_CLOEXEC <unfinished ...>
370   +++ exited with 0 +++
369   <... openat resumed>)             = -1 ENOENT (No such file or directory)
369   openat(AT_FDCWD, "/usr/local/Qt4.7.4/lib/v7l/neon/libcrypt.so.1", O_RDONLY|O_CLOEXEC) = -1 ENOENT (No such file or directory)
369   openat(AT_FDCWD, "/usr/local/Qt4.7.4/lib/v7l/vfp/libcrypt.so.1", O_RDONLY|O_CLOEXEC) = -1 ENOENT (No such file or directory)
369   openat(AT_FDCWD, "/usr/local/Qt4.7.4/lib/v7l/libcrypt.so.1", O_RDONLY|O_CLOEXEC) = -1 ENOENT (No such file or directory)
369   openat(AT_FDCWD, "/usr/local/Qt4.7.4/lib/neon/vfp/libcrypt.so.1", O_RDONLY|O_CLOEXEC) = -1 ENOENT (No such file or directory)
369   openat(AT_FDCWD, "/usr/local/Qt4.7.4/lib/neon/libcrypt.so.1", O_RDONLY|O_CLOEXEC) = -1 ENOENT (No such file or directory)
369   openat(AT_FDCWD, "/usr/local/Qt4.7.4/lib/vfp/libcrypt.so.1", O_RDONLY|O_CLOEXEC) = -1 ENOENT (No such file or directory)
369   openat(AT_FDCWD, "/usr/local/Qt4.7.4/lib/libcrypt.so.1", O_RDONLY|O_CLOEXEC) = -1 ENOENT (No such file or directory)
369   openat(AT_FDCWD, "/usr/lib/tls/v7l/neon/vfp/libcrypt.so.1", O_RDONLY|O_CLOEXEC) = -1 ENOENT (No such file or directory)
369   openat(AT_FDCWD, "/usr/lib/tls/v7l/neon/libcrypt.so.1", O_RDONLY|O_CLOEXEC) = -1 ENOENT (No such file or directory)
369   openat(AT_FDCWD, "/usr/lib/tls/v7l/vfp/libcrypt.so.1", O_RDONLY|O_CLOEXEC) = -1 ENOENT (No such file or directory)
369   openat(AT_FDCWD, "/usr/lib/tls/v7l/libcrypt.so.1", O_RDONLY|O_CLOEXEC) = -1 ENOENT (No such file or directory)
369   openat(AT_FDCWD, "/usr/lib/tls/neon/vfp/libcrypt.so.1", O_RDONLY|O_CLOEXEC) = -1 ENOENT (No such file or directory)
369   openat(AT_FDCWD, "/usr/lib/tls/neon/libcrypt.so.1", O_RDONLY|O_CLOEXEC) = -1 ENOENT (No such file or directory)
369   openat(AT_FDCWD, "/usr/lib/tls/vfp/libcrypt.so.1", O_RDONLY|O_CLOEXEC) = -1 ENOENT (No such file or directory)
369   openat(AT_FDCWD, "/usr/lib/tls/libcrypt.so.1", O_RDONLY|O_CLOEXEC) = -1 ENOENT (No such file or directory)
363   openat(AT_FDCWD, "/data/feasycom/rtl8761bt_config", O_RDONLY <unfinished ...>
369   openat(AT_FDCWD, "/usr/lib/v7l/neon/vfp/libcrypt.so.1", O_RDONLY|O_CLOEXEC <unfinished ...>
363   <... openat resumed>)             = 26
369   <... openat resumed>)             = -1 ENOENT (No such file or directory)
369   openat(AT_FDCWD, "/usr/lib/v7l/neon/libcrypt.so.1", O_RDONLY|O_CLOEXEC) = -1 ENOENT (No such file or directory)
363   openat(AT_FDCWD, "/etc/bluetooth/rtk_btconfig.txt", O_RDONLY) = -1 ENOENT (No such file or directory)
369   openat(AT_FDCWD, "/usr/lib/v7l/vfp/libcrypt.so.1", O_RDONLY|O_CLOEXEC) = -1 ENOENT (No such file or directory)
363   openat(AT_FDCWD, "/etc/rtl8761bt_fw", O_RDONLY) = 26
369   openat(AT_FDCWD, "/usr/lib/v7l/libcrypt.so.1", O_RDONLY|O_CLOEXEC) = -1 ENOENT (No such file or directory)
363   +++ exited with 254 +++
362   +++ exited with 254 +++
361   +++ exited with 254 +++
360   +++ exited with 254 +++
359   +++ exited with 254 +++
358   +++ exited with 254 +++
357   +++ exited with 254 +++
356   +++ exited with 254 +++
355   +++ exited with 254 +++
354   +++ exited with 254 +++
350   +++ exited with 254 +++
164   --- SIGCHLD {si_signo=SIGCHLD, si_code=CLD_EXITED, si_pid=350, si_uid=0, si_status=254, si_utime=3 /* 0.03 s */, si_stime=1 /* 0.01 s */} ---
369   openat(AT_FDCWD, "/usr/lib/neon/vfp/libcrypt.so.1", O_RDONLY|O_CLOEXEC) = -1 ENOENT (No such file or directory)
369   openat(AT_FDCWD, "/usr/lib/neon/libcrypt.so.1", O_RDONLY|O_CLOEXEC) = -1 ENOENT (No such file or directory)
369   openat(AT_FDCWD, "/usr/lib/vfp/libcrypt.so.1", O_RDONLY|O_CLOEXEC) = -1 ENOENT (No such file or directory)
369   openat(AT_FDCWD, "/usr/lib/libcrypt.so.1", O_RDONLY|O_CLOEXEC) = -1 ENOENT (No such file or directory)
369   openat(AT_FDCWD, "/lib/tls/v7l/neon/vfp/libcrypt.so.1", O_RDONLY|O_CLOEXEC) = -1 ENOENT (No such file or directory)
369   openat(AT_FDCWD, "/lib/tls/v7l/neon/libcrypt.so.1", O_RDONLY|O_CLOEXEC) = -1 ENOENT (No such file or directory)
369   openat(AT_FDCWD, "/lib/tls/v7l/vfp/libcrypt.so.1", O_RDONLY|O_CLOEXEC) = -1 ENOENT (No such file or directory)
369   openat(AT_FDCWD, "/lib/tls/v7l/libcrypt.so.1", O_RDONLY|O_CLOEXEC) = -1 ENOENT (No such file or directory)
369   openat(AT_FDCWD, "/lib/tls/neon/vfp/libcrypt.so.1", O_RDONLY|O_CLOEXEC) = -1 ENOENT (No such file or directory)
369   openat(AT_FDCWD, "/lib/tls/neon/libcrypt.so.1", O_RDONLY|O_CLOEXEC) = -1 ENOENT (No such file or directory)
369   openat(AT_FDCWD, "/lib/tls/vfp/libcrypt.so.1", O_RDONLY|O_CLOEXEC) = -1 ENOENT (No such file or directory)
369   openat(AT_FDCWD, "/lib/tls/libcrypt.so.1", O_RDONLY|O_CLOEXEC) = -1 ENOENT (No such file or directory)
369   openat(AT_FDCWD, "/lib/v7l/neon/vfp/libcrypt.so.1", O_RDONLY|O_CLOEXEC) = -1 ENOENT (No such file or directory)
369   openat(AT_FDCWD, "/lib/v7l/neon/libcrypt.so.1", O_RDONLY|O_CLOEXEC) = -1 ENOENT (No such file or directory)
369   openat(AT_FDCWD, "/lib/v7l/vfp/libcrypt.so.1", O_RDONLY|O_CLOEXEC) = -1 ENOENT (No such file or directory)
369   openat(AT_FDCWD, "/lib/v7l/libcrypt.so.1", O_RDONLY|O_CLOEXEC) = -1 ENOENT (No such file or directory)
369   openat(AT_FDCWD, "/lib/neon/vfp/libcrypt.so.1", O_RDONLY|O_CLOEXEC) = -1 ENOENT (No such file or directory)
369   openat(AT_FDCWD, "/lib/neon/libcrypt.so.1", O_RDONLY|O_CLOEXEC) = -1 ENOENT (No such file or directory)
369   openat(AT_FDCWD, "/lib/vfp/libcrypt.so.1", O_RDONLY|O_CLOEXEC) = -1 ENOENT (No such file or directory)
369   openat(AT_FDCWD, "/lib/libcrypt.so.1", O_RDONLY|O_CLOEXEC) = 3
369   openat(AT_FDCWD, "/usr/local/Qt4.7.4/lib/libc.so.6", O_RDONLY|O_CLOEXEC) = -1 ENOENT (No such file or directory)
369   openat(AT_FDCWD, "/usr/lib/libc.so.6", O_RDONLY|O_CLOEXEC) = -1 ENOENT (No such file or directory)
369   openat(AT_FDCWD, "/lib/libc.so.6", O_RDONLY|O_CLOEXEC) = 3
371   openat(AT_FDCWD, "/data/feasycom/bw_conf0.db", O_RDWR) = 4
371   openat(AT_FDCWD, "/data/feasycom/bw_conf1.db", O_RDWR) = 4
371   openat(AT_FDCWD, "/etc/blueware-bw123.properties", O_RDONLY) = 4
369   openat(AT_FDCWD, "/etc/sysctl.conf", O_RDONLY|O_LARGEFILE) = 3
369   openat(AT_FDCWD, "net/ipv4/udp_mem", O_WRONLY|O_CREAT|O_TRUNC|O_LARGEFILE, 0666) = 4
369   ioctl(1, TCGETS, {c_iflag=ICRNL|IXON|IXOFF, c_oflag=NL0|CR0|TAB0|BS0|VT0|FF0|OPOST|ONLCR, c_cflag=B115200|CS8|CREAD|HUPCL|CLOCAL, c_lflag=ISIG|ICANON|ECHO|ECHOE|ECHOK|IEXTEN|ECHOCTL|ECHOKE, ...}) = 0
369   openat(AT_FDCWD, "net/ipv4/udp_rmem_min", O_WRONLY|O_CREAT|O_TRUNC|O_LARGEFILE, 0666) = 4
369   +++ exited with 0 +++
353   --- SIGCHLD {si_signo=SIGCHLD, si_code=CLD_EXITED, si_pid=369, si_uid=0, si_status=0, si_utime=1 /* 0.01 s */, si_stime=3 /* 0.03 s */} ---
372   openat(AT_FDCWD, "/usr/local/Qt4.7.4/lib/tls/v7l/neon/vfp/libcrypt.so.1", O_RDONLY|O_CLOEXEC) = -1 ENOENT (No such file or directory)
372   openat(AT_FDCWD, "/usr/local/Qt4.7.4/lib/tls/v7l/neon/libcrypt.so.1", O_RDONLY|O_CLOEXEC) = -1 ENOENT (No such file or directory)
372   openat(AT_FDCWD, "/usr/local/Qt4.7.4/lib/tls/v7l/vfp/libcrypt.so.1", O_RDONLY|O_CLOEXEC) = -1 ENOENT (No such file or directory)
372   openat(AT_FDCWD, "/usr/local/Qt4.7.4/lib/tls/v7l/libcrypt.so.1", O_RDONLY|O_CLOEXEC) = -1 ENOENT (No such file or directory)
372   openat(AT_FDCWD, "/usr/local/Qt4.7.4/lib/tls/neon/vfp/libcrypt.so.1", O_RDONLY|O_CLOEXEC) = -1 ENOENT (No such file or directory)
372   openat(AT_FDCWD, "/usr/local/Qt4.7.4/lib/tls/neon/libcrypt.so.1", O_RDONLY|O_CLOEXEC) = -1 ENOENT (No such file or directory)
372   openat(AT_FDCWD, "/usr/local/Qt4.7.4/lib/tls/vfp/libcrypt.so.1", O_RDONLY|O_CLOEXEC) = -1 ENOENT (No such file or directory)
372   openat(AT_FDCWD, "/usr/local/Qt4.7.4/lib/tls/libcrypt.so.1", O_RDONLY|O_CLOEXEC) = -1 ENOENT (No such file or directory)
372   openat(AT_FDCWD, "/usr/local/Qt4.7.4/lib/v7l/neon/vfp/libcrypt.so.1", O_RDONLY|O_CLOEXEC) = -1 ENOENT (No such file or directory)
371   openat(AT_FDCWD, "/sys/class/gpio/export", O_WRONLY <unfinished ...>
372   openat(AT_FDCWD, "/usr/local/Qt4.7.4/lib/v7l/neon/libcrypt.so.1", O_RDONLY|O_CLOEXEC <unfinished ...>
371   <... openat resumed>)             = 4
372   <... openat resumed>)             = -1 ENOENT (No such file or directory)
372   openat(AT_FDCWD, "/usr/local/Qt4.7.4/lib/v7l/vfp/libcrypt.so.1", O_RDONLY|O_CLOEXEC) = -1 ENOENT (No such file or directory)
371   openat(AT_FDCWD, "/sys/class/gpio/gpio91/direction", O_WRONLY) = 4
372   openat(AT_FDCWD, "/usr/local/Qt4.7.4/lib/v7l/libcrypt.so.1", O_RDONLY|O_CLOEXEC) = -1 ENOENT (No such file or directory)
371   openat(AT_FDCWD, "/sys/class/gpio/gpio91/value", O_WRONLY <unfinished ...>
372   openat(AT_FDCWD, "/usr/local/Qt4.7.4/lib/neon/vfp/libcrypt.so.1", O_RDONLY|O_CLOEXEC <unfinished ...>
371   <... openat resumed>)             = 4
372   <... openat resumed>)             = -1 ENOENT (No such file or directory)
372   openat(AT_FDCWD, "/usr/local/Qt4.7.4/lib/neon/libcrypt.so.1", O_RDONLY|O_CLOEXEC) = -1 ENOENT (No such file or directory)
372   openat(AT_FDCWD, "/usr/local/Qt4.7.4/lib/vfp/libcrypt.so.1", O_RDONLY|O_CLOEXEC) = -1 ENOENT (No such file or directory)
372   openat(AT_FDCWD, "/usr/local/Qt4.7.4/lib/libcrypt.so.1", O_RDONLY|O_CLOEXEC) = -1 ENOENT (No such file or directory)
372   openat(AT_FDCWD, "/usr/lib/tls/v7l/neon/vfp/libcrypt.so.1", O_RDONLY|O_CLOEXEC) = -1 ENOENT (No such file or directory)
372   openat(AT_FDCWD, "/usr/lib/tls/v7l/neon/libcrypt.so.1", O_RDONLY|O_CLOEXEC) = -1 ENOENT (No such file or directory)
372   openat(AT_FDCWD, "/usr/lib/tls/v7l/vfp/libcrypt.so.1", O_RDONLY|O_CLOEXEC) = -1 ENOENT (No such file or directory)
372   openat(AT_FDCWD, "/usr/lib/tls/v7l/libcrypt.so.1", O_RDONLY|O_CLOEXEC) = -1 ENOENT (No such file or directory)
372   openat(AT_FDCWD, "/usr/lib/tls/neon/vfp/libcrypt.so.1", O_RDONLY|O_CLOEXEC) = -1 ENOENT (No such file or directory)
372   openat(AT_FDCWD, "/usr/lib/tls/neon/libcrypt.so.1", O_RDONLY|O_CLOEXEC) = -1 ENOENT (No such file or directory)
372   openat(AT_FDCWD, "/usr/lib/tls/vfp/libcrypt.so.1", O_RDONLY|O_CLOEXEC) = -1 ENOENT (No such file or directory)
372   openat(AT_FDCWD, "/usr/lib/tls/libcrypt.so.1", O_RDONLY|O_CLOEXEC) = -1 ENOENT (No such file or directory)
372   openat(AT_FDCWD, "/usr/lib/v7l/neon/vfp/libcrypt.so.1", O_RDONLY|O_CLOEXEC) = -1 ENOENT (No such file or directory)
372   openat(AT_FDCWD, "/usr/lib/v7l/neon/libcrypt.so.1", O_RDONLY|O_CLOEXEC) = -1 ENOENT (No such file or directory)
371   ioctl(3, TCFLSH, TCIOFLUSH)       = 0
372   openat(AT_FDCWD, "/usr/lib/v7l/vfp/libcrypt.so.1", O_RDONLY|O_CLOEXEC) = -1 ENOENT (No such file or directory)
372   openat(AT_FDCWD, "/usr/lib/v7l/libcrypt.so.1", O_RDONLY|O_CLOEXEC) = -1 ENOENT (No such file or directory)
372   openat(AT_FDCWD, "/usr/lib/neon/vfp/libcrypt.so.1", O_RDONLY|O_CLOEXEC) = -1 ENOENT (No such file or directory)
371   openat(AT_FDCWD, "/data/feasycom/bw_conf1.db", O_RDWR|O_CREAT|O_TRUNC, 0666 <unfinished ...>
372   openat(AT_FDCWD, "/usr/lib/neon/libcrypt.so.1", O_RDONLY|O_CLOEXEC) = -1 ENOENT (No such file or directory)
371   <... openat resumed>)             = 5
372   openat(AT_FDCWD, "/usr/lib/vfp/libcrypt.so.1", O_RDONLY|O_CLOEXEC) = -1 ENOENT (No such file or directory)
372   openat(AT_FDCWD, "/usr/lib/libcrypt.so.1", O_RDONLY|O_CLOEXEC) = -1 ENOENT (No such file or directory)
372   openat(AT_FDCWD, "/lib/tls/v7l/neon/vfp/libcrypt.so.1", O_RDONLY|O_CLOEXEC) = -1 ENOENT (No such file or directory)
372   openat(AT_FDCWD, "/lib/tls/v7l/neon/libcrypt.so.1", O_RDONLY|O_CLOEXEC) = -1 ENOENT (No such file or directory)
371   openat(AT_FDCWD, "/data/feasycom/bw_conf0.db", O_RDWR|O_CREAT|O_TRUNC, 0666 <unfinished ...>
372   openat(AT_FDCWD, "/lib/tls/v7l/vfp/libcrypt.so.1", O_RDONLY|O_CLOEXEC) = -1 ENOENT (No such file or directory)
371   <... openat resumed>)             = 5
372   openat(AT_FDCWD, "/lib/tls/v7l/libcrypt.so.1", O_RDONLY|O_CLOEXEC) = -1 ENOENT (No such file or directory)
372   openat(AT_FDCWD, "/lib/tls/neon/vfp/libcrypt.so.1", O_RDONLY|O_CLOEXEC) = -1 ENOENT (No such file or directory)
372   openat(AT_FDCWD, "/lib/tls/neon/libcrypt.so.1", O_RDONLY|O_CLOEXEC) = -1 ENOENT (No such file or directory)
372   openat(AT_FDCWD, "/lib/tls/vfp/libcrypt.so.1", O_RDONLY|O_CLOEXEC) = -1 ENOENT (No such file or directory)
372   openat(AT_FDCWD, "/lib/tls/libcrypt.so.1", O_RDONLY|O_CLOEXEC) = -1 ENOENT (No such file or directory)
372   openat(AT_FDCWD, "/lib/v7l/neon/vfp/libcrypt.so.1", O_RDONLY|O_CLOEXEC) = -1 ENOENT (No such file or directory)
372   openat(AT_FDCWD, "/lib/v7l/neon/libcrypt.so.1", O_RDONLY|O_CLOEXEC) = -1 ENOENT (No such file or directory)
372   openat(AT_FDCWD, "/lib/v7l/vfp/libcrypt.so.1", O_RDONLY|O_CLOEXEC) = -1 ENOENT (No such file or directory)
372   openat(AT_FDCWD, "/lib/v7l/libcrypt.so.1", O_RDONLY|O_CLOEXEC) = -1 ENOENT (No such file or directory)
372   openat(AT_FDCWD, "/lib/neon/vfp/libcrypt.so.1", O_RDONLY|O_CLOEXEC) = -1 ENOENT (No such file or directory)
372   openat(AT_FDCWD, "/lib/neon/libcrypt.so.1", O_RDONLY|O_CLOEXEC) = -1 ENOENT (No such file or directory)
372   openat(AT_FDCWD, "/lib/vfp/libcrypt.so.1", O_RDONLY|O_CLOEXEC) = -1 ENOENT (No such file or directory)
372   openat(AT_FDCWD, "/lib/libcrypt.so.1", O_RDONLY|O_CLOEXEC) = 3
372   openat(AT_FDCWD, "/usr/local/Qt4.7.4/lib/libc.so.6", O_RDONLY|O_CLOEXEC) = -1 ENOENT (No such file or directory)
372   openat(AT_FDCWD, "/usr/lib/libc.so.6", O_RDONLY|O_CLOEXEC) = -1 ENOENT (No such file or directory)
372   openat(AT_FDCWD, "/lib/libc.so.6", O_RDONLY|O_CLOEXEC) = 3
372   +++ exited with 0 +++
353   --- SIGCHLD {si_signo=SIGCHLD, si_code=CLD_EXITED, si_pid=372, si_uid=0, si_status=0, si_utime=1 /* 0.01 s */, si_stime=0} ---
373   openat(AT_FDCWD, "/usr/local/Qt4.7.4/lib/tls/v7l/neon/vfp/libcrypt.so.1", O_RDONLY|O_CLOEXEC) = -1 ENOENT (No such file or directory)
373   openat(AT_FDCWD, "/usr/local/Qt4.7.4/lib/tls/v7l/neon/libcrypt.so.1", O_RDONLY|O_CLOEXEC) = -1 ENOENT (No such file or directory)
373   openat(AT_FDCWD, "/usr/local/Qt4.7.4/lib/tls/v7l/vfp/libcrypt.so.1", O_RDONLY|O_CLOEXEC) = -1 ENOENT (No such file or directory)
373   openat(AT_FDCWD, "/usr/local/Qt4.7.4/lib/tls/v7l/libcrypt.so.1", O_RDONLY|O_CLOEXEC) = -1 ENOENT (No such file or directory)
373   openat(AT_FDCWD, "/usr/local/Qt4.7.4/lib/tls/neon/vfp/libcrypt.so.1", O_RDONLY|O_CLOEXEC) = -1 ENOENT (No such file or directory)
373   openat(AT_FDCWD, "/usr/local/Qt4.7.4/lib/tls/neon/libcrypt.so.1", O_RDONLY|O_CLOEXEC) = -1 ENOENT (No such file or directory)
373   openat(AT_FDCWD, "/usr/local/Qt4.7.4/lib/tls/vfp/libcrypt.so.1", O_RDONLY|O_CLOEXEC) = -1 ENOENT (No such file or directory)
373   openat(AT_FDCWD, "/usr/local/Qt4.7.4/lib/tls/libcrypt.so.1", O_RDONLY|O_CLOEXEC) = -1 ENOENT (No such file or directory)
373   openat(AT_FDCWD, "/usr/local/Qt4.7.4/lib/v7l/neon/vfp/libcrypt.so.1", O_RDONLY|O_CLOEXEC) = -1 ENOENT (No such file or directory)
373   openat(AT_FDCWD, "/usr/local/Qt4.7.4/lib/v7l/neon/libcrypt.so.1", O_RDONLY|O_CLOEXEC) = -1 ENOENT (No such file or directory)
373   openat(AT_FDCWD, "/usr/local/Qt4.7.4/lib/v7l/vfp/libcrypt.so.1", O_RDONLY|O_CLOEXEC) = -1 ENOENT (No such file or directory)
373   openat(AT_FDCWD, "/usr/local/Qt4.7.4/lib/v7l/libcrypt.so.1", O_RDONLY|O_CLOEXEC) = -1 ENOENT (No such file or directory)
373   openat(AT_FDCWD, "/usr/local/Qt4.7.4/lib/neon/vfp/libcrypt.so.1", O_RDONLY|O_CLOEXEC) = -1 ENOENT (No such file or directory)
373   openat(AT_FDCWD, "/usr/local/Qt4.7.4/lib/neon/libcrypt.so.1", O_RDONLY|O_CLOEXEC) = -1 ENOENT (No such file or directory)
373   openat(AT_FDCWD, "/usr/local/Qt4.7.4/lib/vfp/libcrypt.so.1", O_RDONLY|O_CLOEXEC) = -1 ENOENT (No such file or directory)
371   openat(AT_FDCWD, "/sys/bus/sdio/devices/", O_RDONLY|O_NONBLOCK|O_LARGEFILE|O_CLOEXEC|O_DIRECTORY) = 5
373   openat(AT_FDCWD, "/usr/local/Qt4.7.4/lib/libcrypt.so.1", O_RDONLY|O_CLOEXEC) = -1 ENOENT (No such file or directory)
373   openat(AT_FDCWD, "/usr/lib/tls/v7l/neon/vfp/libcrypt.so.1", O_RDONLY|O_CLOEXEC) = -1 ENOENT (No such file or directory)
373   openat(AT_FDCWD, "/usr/lib/tls/v7l/neon/libcrypt.so.1", O_RDONLY|O_CLOEXEC) = -1 ENOENT (No such file or directory)
371   openat(AT_FDCWD, "/usr/local/Qt4.7.4/lib/librtkvnd.so", O_RDONLY|O_CLOEXEC) = -1 ENOENT (No such file or directory)
373   openat(AT_FDCWD, "/usr/lib/tls/v7l/vfp/libcrypt.so.1", O_RDONLY|O_CLOEXEC <unfinished ...>
371   openat(AT_FDCWD, "/usr/lib/librtkvnd.so", O_RDONLY|O_CLOEXEC <unfinished ...>
373   <... openat resumed>)             = -1 ENOENT (No such file or directory)
371   <... openat resumed>)             = 5
373   openat(AT_FDCWD, "/usr/lib/tls/v7l/libcrypt.so.1", O_RDONLY|O_CLOEXEC) = -1 ENOENT (No such file or directory)
373   openat(AT_FDCWD, "/usr/lib/tls/neon/vfp/libcrypt.so.1", O_RDONLY|O_CLOEXEC) = -1 ENOENT (No such file or directory)
373   openat(AT_FDCWD, "/usr/lib/tls/neon/libcrypt.so.1", O_RDONLY|O_CLOEXEC) = -1 ENOENT (No such file or directory)
373   openat(AT_FDCWD, "/usr/lib/tls/vfp/libcrypt.so.1", O_RDONLY|O_CLOEXEC) = -1 ENOENT (No such file or directory)
371   openat(AT_FDCWD, "/data/feasycom/rtkbt.conf", O_RDWR|O_CREAT|O_TRUNC, 0666 <unfinished ...>
373   openat(AT_FDCWD, "/usr/lib/tls/libcrypt.so.1", O_RDONLY|O_CLOEXEC) = -1 ENOENT (No such file or directory)
371   <... openat resumed>)             = 5
373   openat(AT_FDCWD, "/usr/lib/v7l/neon/vfp/libcrypt.so.1", O_RDONLY|O_CLOEXEC) = -1 ENOENT (No such file or directory)
373   openat(AT_FDCWD, "/usr/lib/v7l/neon/libcrypt.so.1", O_RDONLY|O_CLOEXEC) = -1 ENOENT (No such file or directory)
371   openat(AT_FDCWD, "/data/feasycom/rtl8761bt_config", O_RDWR|O_CREAT|O_TRUNC, 0666 <unfinished ...>
373   openat(AT_FDCWD, "/usr/lib/v7l/vfp/libcrypt.so.1", O_RDONLY|O_CLOEXEC) = -1 ENOENT (No such file or directory)
371   <... openat resumed>)             = 5
373   openat(AT_FDCWD, "/usr/lib/v7l/libcrypt.so.1", O_RDONLY|O_CLOEXEC) = -1 ENOENT (No such file or directory)
373   openat(AT_FDCWD, "/usr/lib/neon/vfp/libcrypt.so.1", O_RDONLY|O_CLOEXEC) = -1 ENOENT (No such file or directory)
371   ioctl(1, TCGETS <unfinished ...>
373   openat(AT_FDCWD, "/usr/lib/neon/libcrypt.so.1", O_RDONLY|O_CLOEXEC <unfinished ...>
371   <... ioctl resumed>, 0xbe9ba7fc)  = -1 ENOTTY (Inappropriate ioctl for device)
373   <... openat resumed>)             = -1 ENOENT (No such file or directory)
371   openat(AT_FDCWD, "/data/feasycom/rtkbt.conf", O_RDONLY) = 5
373   openat(AT_FDCWD, "/usr/lib/vfp/libcrypt.so.1", O_RDONLY|O_CLOEXEC) = -1 ENOENT (No such file or directory)
373   openat(AT_FDCWD, "/usr/lib/libcrypt.so.1", O_RDONLY|O_CLOEXEC) = -1 ENOENT (No such file or directory)
371   openat(AT_FDCWD, "/data/feasycom/rtkbt.conf", O_RDONLY <unfinished ...>
373   openat(AT_FDCWD, "/lib/tls/v7l/neon/vfp/libcrypt.so.1", O_RDONLY|O_CLOEXEC <unfinished ...>
371   <... openat resumed>)             = 5
373   <... openat resumed>)             = -1 ENOENT (No such file or directory)
373   openat(AT_FDCWD, "/lib/tls/v7l/neon/libcrypt.so.1", O_RDONLY|O_CLOEXEC) = -1 ENOENT (No such file or directory)
373   openat(AT_FDCWD, "/lib/tls/v7l/vfp/libcrypt.so.1", O_RDONLY|O_CLOEXEC) = -1 ENOENT (No such file or directory)
373   openat(AT_FDCWD, "/lib/tls/v7l/libcrypt.so.1", O_RDONLY|O_CLOEXEC) = -1 ENOENT (No such file or directory)
373   openat(AT_FDCWD, "/lib/tls/neon/vfp/libcrypt.so.1", O_RDONLY|O_CLOEXEC) = -1 ENOENT (No such file or directory)
373   openat(AT_FDCWD, "/lib/tls/neon/libcrypt.so.1", O_RDONLY|O_CLOEXEC) = -1 ENOENT (No such file or directory)
373   openat(AT_FDCWD, "/lib/tls/vfp/libcrypt.so.1", O_RDONLY|O_CLOEXEC) = -1 ENOENT (No such file or directory)
373   openat(AT_FDCWD, "/lib/tls/libcrypt.so.1", O_RDONLY|O_CLOEXEC) = -1 ENOENT (No such file or directory)
373   openat(AT_FDCWD, "/lib/v7l/neon/vfp/libcrypt.so.1", O_RDONLY|O_CLOEXEC) = -1 ENOENT (No such file or directory)
373   openat(AT_FDCWD, "/lib/v7l/neon/libcrypt.so.1", O_RDONLY|O_CLOEXEC) = -1 ENOENT (No such file or directory)
373   openat(AT_FDCWD, "/lib/v7l/vfp/libcrypt.so.1", O_RDONLY|O_CLOEXEC) = -1 ENOENT (No such file or directory)
373   openat(AT_FDCWD, "/lib/v7l/libcrypt.so.1", O_RDONLY|O_CLOEXEC) = -1 ENOENT (No such file or directory)
373   openat(AT_FDCWD, "/lib/neon/vfp/libcrypt.so.1", O_RDONLY|O_CLOEXEC) = -1 ENOENT (No such file or directory)
373   openat(AT_FDCWD, "/lib/neon/libcrypt.so.1", O_RDONLY|O_CLOEXEC) = -1 ENOENT (No such file or directory)
373   openat(AT_FDCWD, "/lib/vfp/libcrypt.so.1", O_RDONLY|O_CLOEXEC) = -1 ENOENT (No such file or directory)
373   openat(AT_FDCWD, "/lib/libcrypt.so.1", O_RDONLY|O_CLOEXEC) = 3
371   openat(AT_FDCWD, "/proc/bluetooth/sleep/lpm", O_WRONLY) = -1 ENOENT (No such file or directory)
371   openat(AT_FDCWD, "/dev/ttyHS1", O_RDWR) = 6
371   ioctl(6, TCFLSH, TCIOFLUSH)       = 0
371   ioctl(6, TCGETS, {c_iflag=, c_oflag=NL0|CR0|TAB0|BS0|VT0|FF0|ONLCR, c_cflag=B115200|CS8|CREAD|PARENB|HUPCL|CLOCAL, c_lflag=ECHOE|ECHOK|ECHOCTL|ECHOKE, ...}) = 0
371   ioctl(6, SNDCTL_TMR_START or TCSETS, {c_iflag=, c_oflag=NL0|CR0|TAB0|BS0|VT0|FF0|ONLCR, c_cflag=B115200|CS8|CREAD|PARENB|HUPCL|CLOCAL, c_lflag=ECHOE|ECHOK|ECHOCTL|ECHOKE, ...}) = 0
371   ioctl(6, TCFLSH, TCIOFLUSH <unfinished ...>
373   openat(AT_FDCWD, "/usr/local/Qt4.7.4/lib/libc.so.6", O_RDONLY|O_CLOEXEC <unfinished ...>
371   <... ioctl resumed>)              = 0
373   <... openat resumed>)             = -1 ENOENT (No such file or directory)
371   ioctl(6, SNDCTL_TMR_START or TCSETS, {c_iflag=, c_oflag=NL0|CR0|TAB0|BS0|VT0|FF0|ONLCR, c_cflag=B115200|CS8|CREAD|PARENB|HUPCL|CLOCAL, c_lflag=ECHOE|ECHOK|ECHOCTL|ECHOKE, ...} <unfinished ...>
373   openat(AT_FDCWD, "/usr/lib/libc.so.6", O_RDONLY|O_CLOEXEC <unfinished ...>
371   <... ioctl resumed>)              = 0
373   <... openat resumed>)             = -1 ENOENT (No such file or directory)
371   ioctl(6, TCFLSH, TCIOFLUSH <unfinished ...>
373   openat(AT_FDCWD, "/lib/libc.so.6", O_RDONLY|O_CLOEXEC <unfinished ...>
371   <... ioctl resumed>)              = 0
373   <... openat resumed>)             = 3
371   ioctl(6, TCFLSH, TCIOFLUSH)       = 0
371   ioctl(6, SNDCTL_TMR_START or TCSETS, {c_iflag=, c_oflag=NL0|CR0|TAB0|BS0|VT0|FF0|ONLCR, c_cflag=B115200|CS8|CREAD|PARENB|HUPCL|CLOCAL, c_lflag=ECHOE|ECHOK|ECHOCTL|ECHOKE, ...}) = 0
373   +++ exited with 0 +++
353   --- SIGCHLD {si_signo=SIGCHLD, si_code=CLD_EXITED, si_pid=373, si_uid=0, si_status=0, si_utime=0, si_stime=2 /* 0.02 s */} ---
379   openat(AT_FDCWD, "/sys/devices/system/cpu/online", O_RDONLY|O_CLOEXEC <unfinished ...>
380   openat(AT_FDCWD, "/usr/local/Qt4.7.4/lib/tls/v7l/neon/vfp/libcrypt.so.1", O_RDONLY|O_CLOEXEC <unfinished ...>
379   <... openat resumed>)             = 26
380   <... openat resumed>)             = -1 ENOENT (No such file or directory)
380   openat(AT_FDCWD, "/usr/local/Qt4.7.4/lib/tls/v7l/neon/libcrypt.so.1", O_RDONLY|O_CLOEXEC <unfinished ...>
374   openat(AT_FDCWD, "/sys/devices/system/cpu/online", O_RDONLY|O_CLOEXEC <unfinished ...>
380   <... openat resumed>)             = -1 ENOENT (No such file or directory)
374   <... openat resumed>)             = 26
380   openat(AT_FDCWD, "/usr/local/Qt4.7.4/lib/tls/v7l/vfp/libcrypt.so.1", O_RDONLY|O_CLOEXEC) = -1 ENOENT (No such file or directory)
380   openat(AT_FDCWD, "/usr/local/Qt4.7.4/lib/tls/v7l/libcrypt.so.1", O_RDONLY|O_CLOEXEC) = -1 ENOENT (No such file or directory)
380   openat(AT_FDCWD, "/usr/local/Qt4.7.4/lib/tls/neon/vfp/libcrypt.so.1", O_RDONLY|O_CLOEXEC) = -1 ENOENT (No such file or directory)
380   openat(AT_FDCWD, "/usr/local/Qt4.7.4/lib/tls/neon/libcrypt.so.1", O_RDONLY|O_CLOEXEC) = -1 ENOENT (No such file or directory)
380   openat(AT_FDCWD, "/usr/local/Qt4.7.4/lib/tls/vfp/libcrypt.so.1", O_RDONLY|O_CLOEXEC) = -1 ENOENT (No such file or directory)
380   openat(AT_FDCWD, "/usr/local/Qt4.7.4/lib/tls/libcrypt.so.1", O_RDONLY|O_CLOEXEC) = -1 ENOENT (No such file or directory)
380   openat(AT_FDCWD, "/usr/local/Qt4.7.4/lib/v7l/neon/vfp/libcrypt.so.1", O_RDONLY|O_CLOEXEC) = -1 ENOENT (No such file or directory)
380   openat(AT_FDCWD, "/usr/local/Qt4.7.4/lib/v7l/neon/libcrypt.so.1", O_RDONLY|O_CLOEXEC) = -1 ENOENT (No such file or directory)
380   openat(AT_FDCWD, "/usr/local/Qt4.7.4/lib/v7l/vfp/libcrypt.so.1", O_RDONLY|O_CLOEXEC <unfinished ...>
385   +++ exited with 0 +++
380   <... openat resumed>)             = -1 ENOENT (No such file or directory)
380   openat(AT_FDCWD, "/usr/local/Qt4.7.4/lib/v7l/libcrypt.so.1", O_RDONLY|O_CLOEXEC <unfinished ...>
386   +++ exited with 0 +++
380   <... openat resumed>)             = -1 ENOENT (No such file or directory)
380   openat(AT_FDCWD, "/usr/local/Qt4.7.4/lib/neon/vfp/libcrypt.so.1", O_RDONLY|O_CLOEXEC) = -1 ENOENT (No such file or directory)
380   openat(AT_FDCWD, "/usr/local/Qt4.7.4/lib/neon/libcrypt.so.1", O_RDONLY|O_CLOEXEC <unfinished ...>
387   +++ exited with 0 +++
380   <... openat resumed>)             = -1 ENOENT (No such file or directory)
380   openat(AT_FDCWD, "/usr/local/Qt4.7.4/lib/vfp/libcrypt.so.1", O_RDONLY|O_CLOEXEC) = -1 ENOENT (No such file or directory)
388   +++ exited with 0 +++
380   openat(AT_FDCWD, "/usr/local/Qt4.7.4/lib/libcrypt.so.1", O_RDONLY|O_CLOEXEC) = -1 ENOENT (No such file or directory)
380   openat(AT_FDCWD, "/usr/lib/tls/v7l/neon/vfp/libcrypt.so.1", O_RDONLY|O_CLOEXEC) = -1 ENOENT (No such file or directory)
389   +++ exited with 0 +++
380   openat(AT_FDCWD, "/usr/lib/tls/v7l/neon/libcrypt.so.1", O_RDONLY|O_CLOEXEC) = -1 ENOENT (No such file or directory)
390   +++ exited with 0 +++
380   openat(AT_FDCWD, "/usr/lib/tls/v7l/vfp/libcrypt.so.1", O_RDONLY|O_CLOEXEC) = -1 ENOENT (No such file or directory)
391   +++ exited with 0 +++
380   openat(AT_FDCWD, "/usr/lib/tls/v7l/libcrypt.so.1", O_RDONLY|O_CLOEXEC) = -1 ENOENT (No such file or directory)
380   openat(AT_FDCWD, "/usr/lib/tls/neon/vfp/libcrypt.so.1", O_RDONLY|O_CLOEXEC) = -1 ENOENT (No such file or directory)
380   openat(AT_FDCWD, "/usr/lib/tls/neon/libcrypt.so.1", O_RDONLY|O_CLOEXEC) = -1 ENOENT (No such file or directory)
392   +++ exited with 0 +++
380   openat(AT_FDCWD, "/usr/lib/tls/vfp/libcrypt.so.1", O_RDONLY|O_CLOEXEC) = -1 ENOENT (No such file or directory)
393   +++ exited with 0 +++
380   openat(AT_FDCWD, "/usr/lib/tls/libcrypt.so.1", O_RDONLY|O_CLOEXEC) = -1 ENOENT (No such file or directory)
394   +++ exited with 0 +++
380   openat(AT_FDCWD, "/usr/lib/v7l/neon/vfp/libcrypt.so.1", O_RDONLY|O_CLOEXEC) = -1 ENOENT (No such file or directory)
380   openat(AT_FDCWD, "/usr/lib/v7l/neon/libcrypt.so.1", O_RDONLY|O_CLOEXEC) = -1 ENOENT (No such file or directory)
380   openat(AT_FDCWD, "/usr/lib/v7l/vfp/libcrypt.so.1", O_RDONLY|O_CLOEXEC) = -1 ENOENT (No such file or directory)
395   +++ exited with 0 +++
380   openat(AT_FDCWD, "/usr/lib/v7l/libcrypt.so.1", O_RDONLY|O_CLOEXEC) = -1 ENOENT (No such file or directory)
380   openat(AT_FDCWD, "/usr/lib/neon/vfp/libcrypt.so.1", O_RDONLY|O_CLOEXEC) = -1 ENOENT (No such file or directory)
380   openat(AT_FDCWD, "/usr/lib/neon/libcrypt.so.1", O_RDONLY|O_CLOEXEC) = -1 ENOENT (No such file or directory)
380   openat(AT_FDCWD, "/usr/lib/vfp/libcrypt.so.1", O_RDONLY|O_CLOEXEC) = -1 ENOENT (No such file or directory)
380   openat(AT_FDCWD, "/usr/lib/libcrypt.so.1", O_RDONLY|O_CLOEXEC) = -1 ENOENT (No such file or directory)
380   openat(AT_FDCWD, "/lib/tls/v7l/neon/vfp/libcrypt.so.1", O_RDONLY|O_CLOEXEC) = -1 ENOENT (No such file or directory)
380   openat(AT_FDCWD, "/lib/tls/v7l/neon/libcrypt.so.1", O_RDONLY|O_CLOEXEC) = -1 ENOENT (No such file or directory)
380   openat(AT_FDCWD, "/lib/tls/v7l/vfp/libcrypt.so.1", O_RDONLY|O_CLOEXEC) = -1 ENOENT (No such file or directory)
396   +++ exited with 0 +++
380   openat(AT_FDCWD, "/lib/tls/v7l/libcrypt.so.1", O_RDONLY|O_CLOEXEC) = -1 ENOENT (No such file or directory)
380   openat(AT_FDCWD, "/lib/tls/neon/vfp/libcrypt.so.1", O_RDONLY|O_CLOEXEC) = -1 ENOENT (No such file or directory)
380   openat(AT_FDCWD, "/lib/tls/neon/libcrypt.so.1", O_RDONLY|O_CLOEXEC) = -1 ENOENT (No such file or directory)
380   openat(AT_FDCWD, "/lib/tls/vfp/libcrypt.so.1", O_RDONLY|O_CLOEXEC) = -1 ENOENT (No such file or directory)
380   openat(AT_FDCWD, "/lib/tls/libcrypt.so.1", O_RDONLY|O_CLOEXEC) = -1 ENOENT (No such file or directory)
380   openat(AT_FDCWD, "/lib/v7l/neon/vfp/libcrypt.so.1", O_RDONLY|O_CLOEXEC) = -1 ENOENT (No such file or directory)
380   openat(AT_FDCWD, "/lib/v7l/neon/libcrypt.so.1", O_RDONLY|O_CLOEXEC) = -1 ENOENT (No such file or directory)
380   openat(AT_FDCWD, "/lib/v7l/vfp/libcrypt.so.1", O_RDONLY|O_CLOEXEC) = -1 ENOENT (No such file or directory)
380   openat(AT_FDCWD, "/lib/v7l/libcrypt.so.1", O_RDONLY|O_CLOEXEC) = -1 ENOENT (No such file or directory)
380   openat(AT_FDCWD, "/lib/neon/vfp/libcrypt.so.1", O_RDONLY|O_CLOEXEC <unfinished ...>
384   +++ exited with 254 +++
383   +++ exited with 254 +++
382   +++ exited with 254 +++
381   +++ exited with 254 +++
380   <... openat resumed>)             = -1 ENOENT (No such file or directory)
379   +++ exited with 254 +++
378   +++ exited with 254 +++
377   +++ exited with 254 +++
376   +++ exited with 254 +++
375   +++ exited with 254 +++
374   +++ exited with 254 +++
371   +++ exited with 254 +++
164   --- SIGCHLD {si_signo=SIGCHLD, si_code=CLD_EXITED, si_pid=371, si_uid=0, si_status=254, si_utime=1 /* 0.01 s */, si_stime=5 /* 0.05 s */} ---
380   openat(AT_FDCWD, "/lib/neon/libcrypt.so.1", O_RDONLY|O_CLOEXEC) = -1 ENOENT (No such file or directory)
380   openat(AT_FDCWD, "/lib/vfp/libcrypt.so.1", O_RDONLY|O_CLOEXEC) = -1 ENOENT (No such file or directory)
380   openat(AT_FDCWD, "/lib/libcrypt.so.1", O_RDONLY|O_CLOEXEC) = 3
380   openat(AT_FDCWD, "/usr/local/Qt4.7.4/lib/libc.so.6", O_RDONLY|O_CLOEXEC) = -1 ENOENT (No such file or directory)
380   openat(AT_FDCWD, "/usr/lib/libc.so.6", O_RDONLY|O_CLOEXEC) = -1 ENOENT (No such file or directory)
380   openat(AT_FDCWD, "/lib/libc.so.6", O_RDONLY|O_CLOEXEC) = 3
380   openat(AT_FDCWD, "/tmp/wlan.ko", O_RDONLY|O_LARGEFILE) = -1 ENOENT (No such file or directory)
380   +++ exited with 1 +++
353   --- SIGCHLD {si_signo=SIGCHLD, si_code=CLD_EXITED, si_pid=380, si_uid=0, si_status=1, si_utime=0, si_stime=0} ---
397   openat(AT_FDCWD, "/usr/local/Qt4.7.4/lib/tls/v7l/neon/vfp/libcrypt.so.1", O_RDONLY|O_CLOEXEC) = -1 ENOENT (No such file or directory)
397   openat(AT_FDCWD, "/usr/local/Qt4.7.4/lib/tls/v7l/neon/libcrypt.so.1", O_RDONLY|O_CLOEXEC) = -1 ENOENT (No such file or directory)
397   openat(AT_FDCWD, "/usr/local/Qt4.7.4/lib/tls/v7l/vfp/libcrypt.so.1", O_RDONLY|O_CLOEXEC) = -1 ENOENT (No such file or directory)
397   openat(AT_FDCWD, "/usr/local/Qt4.7.4/lib/tls/v7l/libcrypt.so.1", O_RDONLY|O_CLOEXEC) = -1 ENOENT (No such file or directory)
397   openat(AT_FDCWD, "/usr/local/Qt4.7.4/lib/tls/neon/vfp/libcrypt.so.1", O_RDONLY|O_CLOEXEC) = -1 ENOENT (No such file or directory)
397   openat(AT_FDCWD, "/usr/local/Qt4.7.4/lib/tls/neon/libcrypt.so.1", O_RDONLY|O_CLOEXEC) = -1 ENOENT (No such file or directory)
397   openat(AT_FDCWD, "/usr/local/Qt4.7.4/lib/tls/vfp/libcrypt.so.1", O_RDONLY|O_CLOEXEC) = -1 ENOENT (No such file or directory)
397   openat(AT_FDCWD, "/usr/local/Qt4.7.4/lib/tls/libcrypt.so.1", O_RDONLY|O_CLOEXEC) = -1 ENOENT (No such file or directory)
398   openat(AT_FDCWD, "/data/feasycom/bw_conf0.db", O_RDWR <unfinished ...>
397   openat(AT_FDCWD, "/usr/local/Qt4.7.4/lib/v7l/neon/vfp/libcrypt.so.1", O_RDONLY|O_CLOEXEC <unfinished ...>
398   <... openat resumed>)             = 4
397   <... openat resumed>)             = -1 ENOENT (No such file or directory)
397   openat(AT_FDCWD, "/usr/local/Qt4.7.4/lib/v7l/neon/libcrypt.so.1", O_RDONLY|O_CLOEXEC) = -1 ENOENT (No such file or directory)
397   openat(AT_FDCWD, "/usr/local/Qt4.7.4/lib/v7l/vfp/libcrypt.so.1", O_RDONLY|O_CLOEXEC) = -1 ENOENT (No such file or directory)
398   openat(AT_FDCWD, "/data/feasycom/bw_conf1.db", O_RDWR <unfinished ...>
397   openat(AT_FDCWD, "/usr/local/Qt4.7.4/lib/v7l/libcrypt.so.1", O_RDONLY|O_CLOEXEC <unfinished ...>
398   <... openat resumed>)             = 4
397   <... openat resumed>)             = -1 ENOENT (No such file or directory)
397   openat(AT_FDCWD, "/usr/local/Qt4.7.4/lib/neon/vfp/libcrypt.so.1", O_RDONLY|O_CLOEXEC) = -1 ENOENT (No such file or directory)
397   openat(AT_FDCWD, "/usr/local/Qt4.7.4/lib/neon/libcrypt.so.1", O_RDONLY|O_CLOEXEC) = -1 ENOENT (No such file or directory)
398   openat(AT_FDCWD, "/etc/blueware-bw123.properties", O_RDONLY) = 4
397   openat(AT_FDCWD, "/usr/local/Qt4.7.4/lib/vfp/libcrypt.so.1", O_RDONLY|O_CLOEXEC) = -1 ENOENT (No such file or directory)
397   openat(AT_FDCWD, "/usr/local/Qt4.7.4/lib/libcrypt.so.1", O_RDONLY|O_CLOEXEC) = -1 ENOENT (No such file or directory)
397   openat(AT_FDCWD, "/usr/lib/tls/v7l/neon/vfp/libcrypt.so.1", O_RDONLY|O_CLOEXEC) = -1 ENOENT (No such file or directory)
397   openat(AT_FDCWD, "/usr/lib/tls/v7l/neon/libcrypt.so.1", O_RDONLY|O_CLOEXEC) = -1 ENOENT (No such file or directory)
397   openat(AT_FDCWD, "/usr/lib/tls/v7l/vfp/libcrypt.so.1", O_RDONLY|O_CLOEXEC) = -1 ENOENT (No such file or directory)
397   openat(AT_FDCWD, "/usr/lib/tls/v7l/libcrypt.so.1", O_RDONLY|O_CLOEXEC) = -1 ENOENT (No such file or directory)
397   openat(AT_FDCWD, "/usr/lib/tls/neon/vfp/libcrypt.so.1", O_RDONLY|O_CLOEXEC) = -1 ENOENT (No such file or directory)
397   openat(AT_FDCWD, "/usr/lib/tls/neon/libcrypt.so.1", O_RDONLY|O_CLOEXEC) = -1 ENOENT (No such file or directory)
397   openat(AT_FDCWD, "/usr/lib/tls/vfp/libcrypt.so.1", O_RDONLY|O_CLOEXEC) = -1 ENOENT (No such file or directory)
397   openat(AT_FDCWD, "/usr/lib/tls/libcrypt.so.1", O_RDONLY|O_CLOEXEC) = -1 ENOENT (No such file or directory)
397   openat(AT_FDCWD, "/usr/lib/v7l/neon/vfp/libcrypt.so.1", O_RDONLY|O_CLOEXEC) = -1 ENOENT (No such file or directory)
397   openat(AT_FDCWD, "/usr/lib/v7l/neon/libcrypt.so.1", O_RDONLY|O_CLOEXEC) = -1 ENOENT (No such file or directory)
397   openat(AT_FDCWD, "/usr/lib/v7l/vfp/libcrypt.so.1", O_RDONLY|O_CLOEXEC) = -1 ENOENT (No such file or directory)
397   openat(AT_FDCWD, "/usr/lib/v7l/libcrypt.so.1", O_RDONLY|O_CLOEXEC) = -1 ENOENT (No such file or directory)
397   openat(AT_FDCWD, "/usr/lib/neon/vfp/libcrypt.so.1", O_RDONLY|O_CLOEXEC) = -1 ENOENT (No such file or directory)
397   openat(AT_FDCWD, "/usr/lib/neon/libcrypt.so.1", O_RDONLY|O_CLOEXEC) = -1 ENOENT (No such file or directory)
397   openat(AT_FDCWD, "/usr/lib/vfp/libcrypt.so.1", O_RDONLY|O_CLOEXEC) = -1 ENOENT (No such file or directory)
397   openat(AT_FDCWD, "/usr/lib/libcrypt.so.1", O_RDONLY|O_CLOEXEC) = -1 ENOENT (No such file or directory)
397   openat(AT_FDCWD, "/lib/tls/v7l/neon/vfp/libcrypt.so.1", O_RDONLY|O_CLOEXEC) = -1 ENOENT (No such file or directory)
397   openat(AT_FDCWD, "/lib/tls/v7l/neon/libcrypt.so.1", O_RDONLY|O_CLOEXEC) = -1 ENOENT (No such file or directory)
397   openat(AT_FDCWD, "/lib/tls/v7l/vfp/libcrypt.so.1", O_RDONLY|O_CLOEXEC) = -1 ENOENT (No such file or directory)
397   openat(AT_FDCWD, "/lib/tls/v7l/libcrypt.so.1", O_RDONLY|O_CLOEXEC) = -1 ENOENT (No such file or directory)
397   openat(AT_FDCWD, "/lib/tls/neon/vfp/libcrypt.so.1", O_RDONLY|O_CLOEXEC) = -1 ENOENT (No such file or directory)
397   openat(AT_FDCWD, "/lib/tls/neon/libcrypt.so.1", O_RDONLY|O_CLOEXEC) = -1 ENOENT (No such file or directory)
397   openat(AT_FDCWD, "/lib/tls/vfp/libcrypt.so.1", O_RDONLY|O_CLOEXEC) = -1 ENOENT (No such file or directory)
397   openat(AT_FDCWD, "/lib/tls/libcrypt.so.1", O_RDONLY|O_CLOEXEC) = -1 ENOENT (No such file or directory)
397   openat(AT_FDCWD, "/lib/v7l/neon/vfp/libcrypt.so.1", O_RDONLY|O_CLOEXEC) = -1 ENOENT (No such file or directory)
397   openat(AT_FDCWD, "/lib/v7l/neon/libcrypt.so.1", O_RDONLY|O_CLOEXEC) = -1 ENOENT (No such file or directory)
397   openat(AT_FDCWD, "/lib/v7l/vfp/libcrypt.so.1", O_RDONLY|O_CLOEXEC) = -1 ENOENT (No such file or directory)
397   openat(AT_FDCWD, "/lib/v7l/libcrypt.so.1", O_RDONLY|O_CLOEXEC) = -1 ENOENT (No such file or directory)
397   openat(AT_FDCWD, "/lib/neon/vfp/libcrypt.so.1", O_RDONLY|O_CLOEXEC) = -1 ENOENT (No such file or directory)
397   openat(AT_FDCWD, "/lib/neon/libcrypt.so.1", O_RDONLY|O_CLOEXEC) = -1 ENOENT (No such file or directory)
397   openat(AT_FDCWD, "/lib/vfp/libcrypt.so.1", O_RDONLY|O_CLOEXEC) = -1 ENOENT (No such file or directory)
397   openat(AT_FDCWD, "/lib/libcrypt.so.1", O_RDONLY|O_CLOEXEC) = 3
397   openat(AT_FDCWD, "/usr/local/Qt4.7.4/lib/libc.so.6", O_RDONLY|O_CLOEXEC) = -1 ENOENT (No such file or directory)
397   openat(AT_FDCWD, "/usr/lib/libc.so.6", O_RDONLY|O_CLOEXEC) = -1 ENOENT (No such file or directory)
397   openat(AT_FDCWD, "/lib/libc.so.6", O_RDONLY|O_CLOEXEC) = 3
398   openat(AT_FDCWD, "/sys/class/gpio/export", O_WRONLY) = 4
398   openat(AT_FDCWD, "/sys/class/gpio/gpio91/direction", O_WRONLY) = 4
398   openat(AT_FDCWD, "/sys/class/gpio/gpio91/value", O_WRONLY) = 4
398   ioctl(3, TCFLSH, TCIOFLUSH)       = 0
398   openat(AT_FDCWD, "/data/feasycom/bw_conf1.db", O_RDWR|O_CREAT|O_TRUNC, 0666) = 5
398   openat(AT_FDCWD, "/data/feasycom/bw_conf0.db", O_RDWR|O_CREAT|O_TRUNC, 0666) = 5
397   +++ exited with 0 +++
353   --- SIGCHLD {si_signo=SIGCHLD, si_code=CLD_EXITED, si_pid=397, si_uid=0, si_status=0, si_utime=1 /* 0.01 s */, si_stime=1 /* 0.01 s */} ---
399   openat(AT_FDCWD, "/usr/local/Qt4.7.4/lib/tls/v7l/neon/vfp/libcrypt.so.1", O_RDONLY|O_CLOEXEC) = -1 ENOENT (No such file or directory)
399   openat(AT_FDCWD, "/usr/local/Qt4.7.4/lib/tls/v7l/neon/libcrypt.so.1", O_RDONLY|O_CLOEXEC) = -1 ENOENT (No such file or directory)
399   openat(AT_FDCWD, "/usr/local/Qt4.7.4/lib/tls/v7l/vfp/libcrypt.so.1", O_RDONLY|O_CLOEXEC) = -1 ENOENT (No such file or directory)
399   openat(AT_FDCWD, "/usr/local/Qt4.7.4/lib/tls/v7l/libcrypt.so.1", O_RDONLY|O_CLOEXEC) = -1 ENOENT (No such file or directory)
399   openat(AT_FDCWD, "/usr/local/Qt4.7.4/lib/tls/neon/vfp/libcrypt.so.1", O_RDONLY|O_CLOEXEC) = -1 ENOENT (No such file or directory)
399   openat(AT_FDCWD, "/usr/local/Qt4.7.4/lib/tls/neon/libcrypt.so.1", O_RDONLY|O_CLOEXEC) = -1 ENOENT (No such file or directory)
399   openat(AT_FDCWD, "/usr/local/Qt4.7.4/lib/tls/vfp/libcrypt.so.1", O_RDONLY|O_CLOEXEC) = -1 ENOENT (No such file or directory)
399   openat(AT_FDCWD, "/usr/local/Qt4.7.4/lib/tls/libcrypt.so.1", O_RDONLY|O_CLOEXEC) = -1 ENOENT (No such file or directory)
399   openat(AT_FDCWD, "/usr/local/Qt4.7.4/lib/v7l/neon/vfp/libcrypt.so.1", O_RDONLY|O_CLOEXEC) = -1 ENOENT (No such file or directory)
399   openat(AT_FDCWD, "/usr/local/Qt4.7.4/lib/v7l/neon/libcrypt.so.1", O_RDONLY|O_CLOEXEC) = -1 ENOENT (No such file or directory)
399   openat(AT_FDCWD, "/usr/local/Qt4.7.4/lib/v7l/vfp/libcrypt.so.1", O_RDONLY|O_CLOEXEC) = -1 ENOENT (No such file or directory)
399   openat(AT_FDCWD, "/usr/local/Qt4.7.4/lib/v7l/libcrypt.so.1", O_RDONLY|O_CLOEXEC) = -1 ENOENT (No such file or directory)
399   openat(AT_FDCWD, "/usr/local/Qt4.7.4/lib/neon/vfp/libcrypt.so.1", O_RDONLY|O_CLOEXEC) = -1 ENOENT (No such file or directory)
399   openat(AT_FDCWD, "/usr/local/Qt4.7.4/lib/neon/libcrypt.so.1", O_RDONLY|O_CLOEXEC) = -1 ENOENT (No such file or directory)
399   openat(AT_FDCWD, "/usr/local/Qt4.7.4/lib/vfp/libcrypt.so.1", O_RDONLY|O_CLOEXEC) = -1 ENOENT (No such file or directory)
399   openat(AT_FDCWD, "/usr/local/Qt4.7.4/lib/libcrypt.so.1", O_RDONLY|O_CLOEXEC) = -1 ENOENT (No such file or directory)
399   openat(AT_FDCWD, "/usr/lib/tls/v7l/neon/vfp/libcrypt.so.1", O_RDONLY|O_CLOEXEC) = -1 ENOENT (No such file or directory)
399   openat(AT_FDCWD, "/usr/lib/tls/v7l/neon/libcrypt.so.1", O_RDONLY|O_CLOEXEC) = -1 ENOENT (No such file or directory)
399   openat(AT_FDCWD, "/usr/lib/tls/v7l/vfp/libcrypt.so.1", O_RDONLY|O_CLOEXEC) = -1 ENOENT (No such file or directory)
399   openat(AT_FDCWD, "/usr/lib/tls/v7l/libcrypt.so.1", O_RDONLY|O_CLOEXEC) = -1 ENOENT (No such file or directory)
399   openat(AT_FDCWD, "/usr/lib/tls/neon/vfp/libcrypt.so.1", O_RDONLY|O_CLOEXEC) = -1 ENOENT (No such file or directory)
399   openat(AT_FDCWD, "/usr/lib/tls/neon/libcrypt.so.1", O_RDONLY|O_CLOEXEC) = -1 ENOENT (No such file or directory)
399   openat(AT_FDCWD, "/usr/lib/tls/vfp/libcrypt.so.1", O_RDONLY|O_CLOEXEC) = -1 ENOENT (No such file or directory)
399   openat(AT_FDCWD, "/usr/lib/tls/libcrypt.so.1", O_RDONLY|O_CLOEXEC) = -1 ENOENT (No such file or directory)
399   openat(AT_FDCWD, "/usr/lib/v7l/neon/vfp/libcrypt.so.1", O_RDONLY|O_CLOEXEC) = -1 ENOENT (No such file or directory)
399   openat(AT_FDCWD, "/usr/lib/v7l/neon/libcrypt.so.1", O_RDONLY|O_CLOEXEC) = -1 ENOENT (No such file or directory)
399   openat(AT_FDCWD, "/usr/lib/v7l/vfp/libcrypt.so.1", O_RDONLY|O_CLOEXEC) = -1 ENOENT (No such file or directory)
399   openat(AT_FDCWD, "/usr/lib/v7l/libcrypt.so.1", O_RDONLY|O_CLOEXEC) = -1 ENOENT (No such file or directory)
399   openat(AT_FDCWD, "/usr/lib/neon/vfp/libcrypt.so.1", O_RDONLY|O_CLOEXEC) = -1 ENOENT (No such file or directory)
399   openat(AT_FDCWD, "/usr/lib/neon/libcrypt.so.1", O_RDONLY|O_CLOEXEC) = -1 ENOENT (No such file or directory)
399   openat(AT_FDCWD, "/usr/lib/vfp/libcrypt.so.1", O_RDONLY|O_CLOEXEC) = -1 ENOENT (No such file or directory)
399   openat(AT_FDCWD, "/usr/lib/libcrypt.so.1", O_RDONLY|O_CLOEXEC) = -1 ENOENT (No such file or directory)
399   openat(AT_FDCWD, "/lib/tls/v7l/neon/vfp/libcrypt.so.1", O_RDONLY|O_CLOEXEC) = -1 ENOENT (No such file or directory)
399   openat(AT_FDCWD, "/lib/tls/v7l/neon/libcrypt.so.1", O_RDONLY|O_CLOEXEC) = -1 ENOENT (No such file or directory)
399   openat(AT_FDCWD, "/lib/tls/v7l/vfp/libcrypt.so.1", O_RDONLY|O_CLOEXEC) = -1 ENOENT (No such file or directory)
399   openat(AT_FDCWD, "/lib/tls/v7l/libcrypt.so.1", O_RDONLY|O_CLOEXEC) = -1 ENOENT (No such file or directory)
398   openat(AT_FDCWD, "/sys/bus/sdio/devices/", O_RDONLY|O_NONBLOCK|O_LARGEFILE|O_CLOEXEC|O_DIRECTORY) = 5
399   openat(AT_FDCWD, "/lib/tls/neon/vfp/libcrypt.so.1", O_RDONLY|O_CLOEXEC) = -1 ENOENT (No such file or directory)
399   openat(AT_FDCWD, "/lib/tls/neon/libcrypt.so.1", O_RDONLY|O_CLOEXEC) = -1 ENOENT (No such file or directory)
399   openat(AT_FDCWD, "/lib/tls/vfp/libcrypt.so.1", O_RDONLY|O_CLOEXEC) = -1 ENOENT (No such file or directory)
398   openat(AT_FDCWD, "/usr/local/Qt4.7.4/lib/librtkvnd.so", O_RDONLY|O_CLOEXEC) = -1 ENOENT (No such file or directory)
398   openat(AT_FDCWD, "/usr/lib/librtkvnd.so", O_RDONLY|O_CLOEXEC <unfinished ...>
399   openat(AT_FDCWD, "/lib/tls/libcrypt.so.1", O_RDONLY|O_CLOEXEC <unfinished ...>
398   <... openat resumed>)             = 5
399   <... openat resumed>)             = -1 ENOENT (No such file or directory)
399   openat(AT_FDCWD, "/lib/v7l/neon/vfp/libcrypt.so.1", O_RDONLY|O_CLOEXEC) = -1 ENOENT (No such file or directory)
399   openat(AT_FDCWD, "/lib/v7l/neon/libcrypt.so.1", O_RDONLY|O_CLOEXEC) = -1 ENOENT (No such file or directory)
399   openat(AT_FDCWD, "/lib/v7l/vfp/libcrypt.so.1", O_RDONLY|O_CLOEXEC) = -1 ENOENT (No such file or directory)
399   openat(AT_FDCWD, "/lib/v7l/libcrypt.so.1", O_RDONLY|O_CLOEXEC) = -1 ENOENT (No such file or directory)
398   openat(AT_FDCWD, "/data/feasycom/rtkbt.conf", O_RDWR|O_CREAT|O_TRUNC, 0666 <unfinished ...>
399   openat(AT_FDCWD, "/lib/neon/vfp/libcrypt.so.1", O_RDONLY|O_CLOEXEC) = -1 ENOENT (No such file or directory)
398   <... openat resumed>)             = 5
399   openat(AT_FDCWD, "/lib/neon/libcrypt.so.1", O_RDONLY|O_CLOEXEC) = -1 ENOENT (No such file or directory)
399   openat(AT_FDCWD, "/lib/vfp/libcrypt.so.1", O_RDONLY|O_CLOEXEC) = -1 ENOENT (No such file or directory)
398   openat(AT_FDCWD, "/data/feasycom/rtl8761bt_config", O_RDWR|O_CREAT|O_TRUNC, 0666 <unfinished ...>
399   openat(AT_FDCWD, "/lib/libcrypt.so.1", O_RDONLY|O_CLOEXEC) = 3
398   <... openat resumed>)             = 5
399   openat(AT_FDCWD, "/usr/local/Qt4.7.4/lib/libc.so.6", O_RDONLY|O_CLOEXEC) = -1 ENOENT (No such file or directory)
399   openat(AT_FDCWD, "/usr/lib/libc.so.6", O_RDONLY|O_CLOEXEC <unfinished ...>
398   ioctl(1, TCGETS <unfinished ...>
399   <... openat resumed>)             = -1 ENOENT (No such file or directory)
398   <... ioctl resumed>, 0xbe9ba7fc)  = -1 ENOTTY (Inappropriate ioctl for device)
399   openat(AT_FDCWD, "/lib/libc.so.6", O_RDONLY|O_CLOEXEC <unfinished ...>
398   openat(AT_FDCWD, "/data/feasycom/rtkbt.conf", O_RDONLY <unfinished ...>
399   <... openat resumed>)             = 3
398   <... openat resumed>)             = 5
398   openat(AT_FDCWD, "/data/feasycom/rtkbt.conf", O_RDONLY) = 5
399   +++ exited with 0 +++
353   --- SIGCHLD {si_signo=SIGCHLD, si_code=CLD_EXITED, si_pid=399, si_uid=0, si_status=0, si_utime=0, si_stime=1 /* 0.01 s */} ---
398   openat(AT_FDCWD, "/proc/bluetooth/sleep/lpm", O_WRONLY) = -1 ENOENT (No such file or directory)
398   openat(AT_FDCWD, "/dev/ttyHS1", O_RDWR) = 6
398   ioctl(6, TCFLSH, TCIOFLUSH)       = 0
398   ioctl(6, TCGETS, {c_iflag=, c_oflag=NL0|CR0|TAB0|BS0|VT0|FF0|ONLCR, c_cflag=B115200|CS8|CREAD|PARENB|HUPCL|CLOCAL, c_lflag=ECHOE|ECHOK|ECHOCTL|ECHOKE, ...}) = 0
398   ioctl(6, SNDCTL_TMR_START or TCSETS, {c_iflag=, c_oflag=NL0|CR0|TAB0|BS0|VT0|FF0|ONLCR, c_cflag=B115200|CS8|CREAD|PARENB|HUPCL|CLOCAL, c_lflag=ECHOE|ECHOK|ECHOCTL|ECHOKE, ...}) = 0
398   ioctl(6, TCFLSH, TCIOFLUSH)       = 0
398   ioctl(6, SNDCTL_TMR_START or TCSETS, {c_iflag=, c_oflag=NL0|CR0|TAB0|BS0|VT0|FF0|ONLCR, c_cflag=B115200|CS8|CREAD|PARENB|HUPCL|CLOCAL, c_lflag=ECHOE|ECHOK|ECHOCTL|ECHOKE, ...}) = 0
398   ioctl(6, TCFLSH, TCIOFLUSH <unfinished ...>
403   openat(AT_FDCWD, "/usr/local/Qt4.7.4/lib/tls/v7l/neon/vfp/libcrypt.so.1", O_RDONLY|O_CLOEXEC <unfinished ...>
398   <... ioctl resumed>)              = 0
403   <... openat resumed>)             = -1 ENOENT (No such file or directory)
398   ioctl(6, TCFLSH, TCIOFLUSH)       = 0
398   ioctl(6, SNDCTL_TMR_START or TCSETS, {c_iflag=, c_oflag=NL0|CR0|TAB0|BS0|VT0|FF0|ONLCR, c_cflag=B115200|CS8|CREAD|PARENB|HUPCL|CLOCAL, c_lflag=ECHOE|ECHOK|ECHOCTL|ECHOKE, ...} <unfinished ...>
403   openat(AT_FDCWD, "/usr/local/Qt4.7.4/lib/tls/v7l/neon/libcrypt.so.1", O_RDONLY|O_CLOEXEC <unfinished ...>
398   <... ioctl resumed>)              = 0
403   <... openat resumed>)             = -1 ENOENT (No such file or directory)
403   openat(AT_FDCWD, "/usr/local/Qt4.7.4/lib/tls/v7l/vfp/libcrypt.so.1", O_RDONLY|O_CLOEXEC) = -1 ENOENT (No such file or directory)
403   openat(AT_FDCWD, "/usr/local/Qt4.7.4/lib/tls/v7l/libcrypt.so.1", O_RDONLY|O_CLOEXEC) = -1 ENOENT (No such file or directory)
403   openat(AT_FDCWD, "/usr/local/Qt4.7.4/lib/tls/neon/vfp/libcrypt.so.1", O_RDONLY|O_CLOEXEC) = -1 ENOENT (No such file or directory)
403   openat(AT_FDCWD, "/usr/local/Qt4.7.4/lib/tls/neon/libcrypt.so.1", O_RDONLY|O_CLOEXEC) = -1 ENOENT (No such file or directory)
403   openat(AT_FDCWD, "/usr/local/Qt4.7.4/lib/tls/vfp/libcrypt.so.1", O_RDONLY|O_CLOEXEC) = -1 ENOENT (No such file or directory)
403   openat(AT_FDCWD, "/usr/local/Qt4.7.4/lib/tls/libcrypt.so.1", O_RDONLY|O_CLOEXEC) = -1 ENOENT (No such file or directory)
403   openat(AT_FDCWD, "/usr/local/Qt4.7.4/lib/v7l/neon/vfp/libcrypt.so.1", O_RDONLY|O_CLOEXEC) = -1 ENOENT (No such file or directory)
403   openat(AT_FDCWD, "/usr/local/Qt4.7.4/lib/v7l/neon/libcrypt.so.1", O_RDONLY|O_CLOEXEC) = -1 ENOENT (No such file or directory)
403   openat(AT_FDCWD, "/usr/local/Qt4.7.4/lib/v7l/vfp/libcrypt.so.1", O_RDONLY|O_CLOEXEC) = -1 ENOENT (No such file or directory)
403   openat(AT_FDCWD, "/usr/local/Qt4.7.4/lib/v7l/libcrypt.so.1", O_RDONLY|O_CLOEXEC) = -1 ENOENT (No such file or directory)
403   openat(AT_FDCWD, "/usr/local/Qt4.7.4/lib/neon/vfp/libcrypt.so.1", O_RDONLY|O_CLOEXEC) = -1 ENOENT (No such file or directory)
403   openat(AT_FDCWD, "/usr/local/Qt4.7.4/lib/neon/libcrypt.so.1", O_RDONLY|O_CLOEXEC) = -1 ENOENT (No such file or directory)
403   openat(AT_FDCWD, "/usr/local/Qt4.7.4/lib/vfp/libcrypt.so.1", O_RDONLY|O_CLOEXEC) = -1 ENOENT (No such file or directory)
403   openat(AT_FDCWD, "/usr/local/Qt4.7.4/lib/libcrypt.so.1", O_RDONLY|O_CLOEXEC) = -1 ENOENT (No such file or directory)
403   openat(AT_FDCWD, "/usr/lib/tls/v7l/neon/vfp/libcrypt.so.1", O_RDONLY|O_CLOEXEC) = -1 ENOENT (No such file or directory)
403   openat(AT_FDCWD, "/usr/lib/tls/v7l/neon/libcrypt.so.1", O_RDONLY|O_CLOEXEC) = -1 ENOENT (No such file or directory)
403   openat(AT_FDCWD, "/usr/lib/tls/v7l/vfp/libcrypt.so.1", O_RDONLY|O_CLOEXEC) = -1 ENOENT (No such file or directory)
403   openat(AT_FDCWD, "/usr/lib/tls/v7l/libcrypt.so.1", O_RDONLY|O_CLOEXEC) = -1 ENOENT (No such file or directory)
403   openat(AT_FDCWD, "/usr/lib/tls/neon/vfp/libcrypt.so.1", O_RDONLY|O_CLOEXEC) = -1 ENOENT (No such file or directory)
403   openat(AT_FDCWD, "/usr/lib/tls/neon/libcrypt.so.1", O_RDONLY|O_CLOEXEC) = -1 ENOENT (No such file or directory)
403   openat(AT_FDCWD, "/usr/lib/tls/vfp/libcrypt.so.1", O_RDONLY|O_CLOEXEC) = -1 ENOENT (No such file or directory)
403   openat(AT_FDCWD, "/usr/lib/tls/libcrypt.so.1", O_RDONLY|O_CLOEXEC) = -1 ENOENT (No such file or directory)
403   openat(AT_FDCWD, "/usr/lib/v7l/neon/vfp/libcrypt.so.1", O_RDONLY|O_CLOEXEC) = -1 ENOENT (No such file or directory)
403   openat(AT_FDCWD, "/usr/lib/v7l/neon/libcrypt.so.1", O_RDONLY|O_CLOEXEC) = -1 ENOENT (No such file or directory)
403   openat(AT_FDCWD, "/usr/lib/v7l/vfp/libcrypt.so.1", O_RDONLY|O_CLOEXEC) = -1 ENOENT (No such file or directory)
403   openat(AT_FDCWD, "/usr/lib/v7l/libcrypt.so.1", O_RDONLY|O_CLOEXEC) = -1 ENOENT (No such file or directory)
403   openat(AT_FDCWD, "/usr/lib/neon/vfp/libcrypt.so.1", O_RDONLY|O_CLOEXEC) = -1 ENOENT (No such file or directory)
407   openat(AT_FDCWD, "/sys/devices/system/cpu/online", O_RDONLY|O_CLOEXEC) = 26
403   openat(AT_FDCWD, "/usr/lib/neon/libcrypt.so.1", O_RDONLY|O_CLOEXEC <unfinished ...>
400   openat(AT_FDCWD, "/sys/devices/system/cpu/online", O_RDONLY|O_CLOEXEC <unfinished ...>
403   <... openat resumed>)             = -1 ENOENT (No such file or directory)
400   <... openat resumed>)             = 27
403   openat(AT_FDCWD, "/usr/lib/vfp/libcrypt.so.1", O_RDONLY|O_CLOEXEC) = -1 ENOENT (No such file or directory)
403   openat(AT_FDCWD, "/usr/lib/libcrypt.so.1", O_RDONLY|O_CLOEXEC) = -1 ENOENT (No such file or directory)
403   openat(AT_FDCWD, "/lib/tls/v7l/neon/vfp/libcrypt.so.1", O_RDONLY|O_CLOEXEC) = -1 ENOENT (No such file or directory)
403   openat(AT_FDCWD, "/lib/tls/v7l/neon/libcrypt.so.1", O_RDONLY|O_CLOEXEC) = -1 ENOENT (No such file or directory)
403   openat(AT_FDCWD, "/lib/tls/v7l/vfp/libcrypt.so.1", O_RDONLY|O_CLOEXEC) = -1 ENOENT (No such file or directory)
403   openat(AT_FDCWD, "/lib/tls/v7l/libcrypt.so.1", O_RDONLY|O_CLOEXEC) = -1 ENOENT (No such file or directory)
411   +++ exited with 0 +++
403   openat(AT_FDCWD, "/lib/tls/neon/vfp/libcrypt.so.1", O_RDONLY|O_CLOEXEC) = -1 ENOENT (No such file or directory)
403   openat(AT_FDCWD, "/lib/tls/neon/libcrypt.so.1", O_RDONLY|O_CLOEXEC) = -1 ENOENT (No such file or directory)
403   openat(AT_FDCWD, "/lib/tls/vfp/libcrypt.so.1", O_RDONLY|O_CLOEXEC) = -1 ENOENT (No such file or directory)
412   +++ exited with 0 +++
403   openat(AT_FDCWD, "/lib/tls/libcrypt.so.1", O_RDONLY|O_CLOEXEC) = -1 ENOENT (No such file or directory)
413   +++ exited with 0 +++
403   openat(AT_FDCWD, "/lib/v7l/neon/vfp/libcrypt.so.1", O_RDONLY|O_CLOEXEC) = -1 ENOENT (No such file or directory)
403   openat(AT_FDCWD, "/lib/v7l/neon/libcrypt.so.1", O_RDONLY|O_CLOEXEC) = -1 ENOENT (No such file or directory)
403   openat(AT_FDCWD, "/lib/v7l/vfp/libcrypt.so.1", O_RDONLY|O_CLOEXEC) = -1 ENOENT (No such file or directory)
414   +++ exited with 0 +++
403   openat(AT_FDCWD, "/lib/v7l/libcrypt.so.1", O_RDONLY|O_CLOEXEC) = -1 ENOENT (No such file or directory)
415   +++ exited with 0 +++
403   openat(AT_FDCWD, "/lib/neon/vfp/libcrypt.so.1", O_RDONLY|O_CLOEXEC) = -1 ENOENT (No such file or directory)
403   openat(AT_FDCWD, "/lib/neon/libcrypt.so.1", O_RDONLY|O_CLOEXEC) = -1 ENOENT (No such file or directory)
416   +++ exited with 0 +++
403   openat(AT_FDCWD, "/lib/vfp/libcrypt.so.1", O_RDONLY|O_CLOEXEC) = -1 ENOENT (No such file or directory)
417   +++ exited with 0 +++
403   openat(AT_FDCWD, "/lib/libcrypt.so.1", O_RDONLY|O_CLOEXEC) = 3
418   +++ exited with 0 +++
419   +++ exited with 0 +++
420   +++ exited with 0 +++
403   openat(AT_FDCWD, "/usr/local/Qt4.7.4/lib/libc.so.6", O_RDONLY|O_CLOEXEC) = -1 ENOENT (No such file or directory)
403   openat(AT_FDCWD, "/usr/lib/libc.so.6", O_RDONLY|O_CLOEXEC) = -1 ENOENT (No such file or directory)
403   openat(AT_FDCWD, "/lib/libc.so.6", O_RDONLY|O_CLOEXEC) = 3
403   +++ exited with 0 +++
353   --- SIGCHLD {si_signo=SIGCHLD, si_code=CLD_EXITED, si_pid=403, si_uid=0, si_status=0, si_utime=0, si_stime=1 /* 0.01 s */} ---
421   openat(AT_FDCWD, "/usr/local/Qt4.7.4/lib/tls/v7l/neon/vfp/libcrypt.so.1", O_RDONLY|O_CLOEXEC) = -1 ENOENT (No such file or directory)
421   openat(AT_FDCWD, "/usr/local/Qt4.7.4/lib/tls/v7l/neon/libcrypt.so.1", O_RDONLY|O_CLOEXEC) = -1 ENOENT (No such file or directory)
421   openat(AT_FDCWD, "/usr/local/Qt4.7.4/lib/tls/v7l/vfp/libcrypt.so.1", O_RDONLY|O_CLOEXEC) = -1 ENOENT (No such file or directory)
421   openat(AT_FDCWD, "/usr/local/Qt4.7.4/lib/tls/v7l/libcrypt.so.1", O_RDONLY|O_CLOEXEC) = -1 ENOENT (No such file or directory)
410   +++ exited with 254 +++
409   +++ exited with 254 +++
408   +++ exited with 254 +++
407   +++ exited with 254 +++
406   +++ exited with 254 +++
405   +++ exited with 254 +++
404   +++ exited with 254 +++
402   +++ exited with 254 +++
401   +++ exited with 254 +++
400   +++ exited with 254 +++
398   +++ exited with 254 +++
164   --- SIGCHLD {si_signo=SIGCHLD, si_code=CLD_EXITED, si_pid=398, si_uid=0, si_status=254, si_utime=3 /* 0.03 s */, si_stime=10 /* 0.10 s */} ---
421   openat(AT_FDCWD, "/usr/local/Qt4.7.4/lib/tls/neon/vfp/libcrypt.so.1", O_RDONLY|O_CLOEXEC) = -1 ENOENT (No such file or directory)
421   openat(AT_FDCWD, "/usr/local/Qt4.7.4/lib/tls/neon/libcrypt.so.1", O_RDONLY|O_CLOEXEC) = -1 ENOENT (No such file or directory)
421   openat(AT_FDCWD, "/usr/local/Qt4.7.4/lib/tls/vfp/libcrypt.so.1", O_RDONLY|O_CLOEXEC) = -1 ENOENT (No such file or directory)
421   openat(AT_FDCWD, "/usr/local/Qt4.7.4/lib/tls/libcrypt.so.1", O_RDONLY|O_CLOEXEC) = -1 ENOENT (No such file or directory)
421   openat(AT_FDCWD, "/usr/local/Qt4.7.4/lib/v7l/neon/vfp/libcrypt.so.1", O_RDONLY|O_CLOEXEC) = -1 ENOENT (No such file or directory)
421   openat(AT_FDCWD, "/usr/local/Qt4.7.4/lib/v7l/neon/libcrypt.so.1", O_RDONLY|O_CLOEXEC) = -1 ENOENT (No such file or directory)
421   openat(AT_FDCWD, "/usr/local/Qt4.7.4/lib/v7l/vfp/libcrypt.so.1", O_RDONLY|O_CLOEXEC) = -1 ENOENT (No such file or directory)
421   openat(AT_FDCWD, "/usr/local/Qt4.7.4/lib/v7l/libcrypt.so.1", O_RDONLY|O_CLOEXEC) = -1 ENOENT (No such file or directory)
421   openat(AT_FDCWD, "/usr/local/Qt4.7.4/lib/neon/vfp/libcrypt.so.1", O_RDONLY|O_CLOEXEC) = -1 ENOENT (No such file or directory)
421   openat(AT_FDCWD, "/usr/local/Qt4.7.4/lib/neon/libcrypt.so.1", O_RDONLY|O_CLOEXEC) = -1 ENOENT (No such file or directory)
421   openat(AT_FDCWD, "/usr/local/Qt4.7.4/lib/vfp/libcrypt.so.1", O_RDONLY|O_CLOEXEC) = -1 ENOENT (No such file or directory)
421   openat(AT_FDCWD, "/usr/local/Qt4.7.4/lib/libcrypt.so.1", O_RDONLY|O_CLOEXEC) = -1 ENOENT (No such file or directory)
421   openat(AT_FDCWD, "/usr/lib/tls/v7l/neon/vfp/libcrypt.so.1", O_RDONLY|O_CLOEXEC) = -1 ENOENT (No such file or directory)
421   openat(AT_FDCWD, "/usr/lib/tls/v7l/neon/libcrypt.so.1", O_RDONLY|O_CLOEXEC) = -1 ENOENT (No such file or directory)
421   openat(AT_FDCWD, "/usr/lib/tls/v7l/vfp/libcrypt.so.1", O_RDONLY|O_CLOEXEC) = -1 ENOENT (No such file or directory)
421   openat(AT_FDCWD, "/usr/lib/tls/v7l/libcrypt.so.1", O_RDONLY|O_CLOEXEC) = -1 ENOENT (No such file or directory)
421   openat(AT_FDCWD, "/usr/lib/tls/neon/vfp/libcrypt.so.1", O_RDONLY|O_CLOEXEC) = -1 ENOENT (No such file or directory)
421   openat(AT_FDCWD, "/usr/lib/tls/neon/libcrypt.so.1", O_RDONLY|O_CLOEXEC) = -1 ENOENT (No such file or directory)
421   openat(AT_FDCWD, "/usr/lib/tls/vfp/libcrypt.so.1", O_RDONLY|O_CLOEXEC) = -1 ENOENT (No such file or directory)
421   openat(AT_FDCWD, "/usr/lib/tls/libcrypt.so.1", O_RDONLY|O_CLOEXEC) = -1 ENOENT (No such file or directory)
421   openat(AT_FDCWD, "/usr/lib/v7l/neon/vfp/libcrypt.so.1", O_RDONLY|O_CLOEXEC) = -1 ENOENT (No such file or directory)
421   openat(AT_FDCWD, "/usr/lib/v7l/neon/libcrypt.so.1", O_RDONLY|O_CLOEXEC) = -1 ENOENT (No such file or directory)
421   openat(AT_FDCWD, "/usr/lib/v7l/vfp/libcrypt.so.1", O_RDONLY|O_CLOEXEC) = -1 ENOENT (No such file or directory)
421   openat(AT_FDCWD, "/usr/lib/v7l/libcrypt.so.1", O_RDONLY|O_CLOEXEC) = -1 ENOENT (No such file or directory)
421   openat(AT_FDCWD, "/usr/lib/neon/vfp/libcrypt.so.1", O_RDONLY|O_CLOEXEC) = -1 ENOENT (No such file or directory)
421   openat(AT_FDCWD, "/usr/lib/neon/libcrypt.so.1", O_RDONLY|O_CLOEXEC) = -1 ENOENT (No such file or directory)
422   openat(AT_FDCWD, "/data/feasycom/bw_conf0.db", O_RDWR <unfinished ...>
421   openat(AT_FDCWD, "/usr/lib/vfp/libcrypt.so.1", O_RDONLY|O_CLOEXEC <unfinished ...>
422   <... openat resumed>)             = 4
421   <... openat resumed>)             = -1 ENOENT (No such file or directory)
421   openat(AT_FDCWD, "/usr/lib/libcrypt.so.1", O_RDONLY|O_CLOEXEC) = -1 ENOENT (No such file or directory)
421   openat(AT_FDCWD, "/lib/tls/v7l/neon/vfp/libcrypt.so.1", O_RDONLY|O_CLOEXEC) = -1 ENOENT (No such file or directory)
422   openat(AT_FDCWD, "/data/feasycom/bw_conf1.db", O_RDWR <unfinished ...>
421   openat(AT_FDCWD, "/lib/tls/v7l/neon/libcrypt.so.1", O_RDONLY|O_CLOEXEC <unfinished ...>
422   <... openat resumed>)             = 4
421   <... openat resumed>)             = -1 ENOENT (No such file or directory)
421   openat(AT_FDCWD, "/lib/tls/v7l/vfp/libcrypt.so.1", O_RDONLY|O_CLOEXEC) = -1 ENOENT (No such file or directory)
421   openat(AT_FDCWD, "/lib/tls/v7l/libcrypt.so.1", O_RDONLY|O_CLOEXEC) = -1 ENOENT (No such file or directory)
422   openat(AT_FDCWD, "/etc/blueware-bw123.properties", O_RDONLY) = 4
421   openat(AT_FDCWD, "/lib/tls/neon/vfp/libcrypt.so.1", O_RDONLY|O_CLOEXEC) = -1 ENOENT (No such file or directory)
421   openat(AT_FDCWD, "/lib/tls/neon/libcrypt.so.1", O_RDONLY|O_CLOEXEC) = -1 ENOENT (No such file or directory)
421   openat(AT_FDCWD, "/lib/tls/vfp/libcrypt.so.1", O_RDONLY|O_CLOEXEC) = -1 ENOENT (No such file or directory)
421   openat(AT_FDCWD, "/lib/tls/libcrypt.so.1", O_RDONLY|O_CLOEXEC) = -1 ENOENT (No such file or directory)
421   openat(AT_FDCWD, "/lib/v7l/neon/vfp/libcrypt.so.1", O_RDONLY|O_CLOEXEC) = -1 ENOENT (No such file or directory)
421   openat(AT_FDCWD, "/lib/v7l/neon/libcrypt.so.1", O_RDONLY|O_CLOEXEC) = -1 ENOENT (No such file or directory)
421   openat(AT_FDCWD, "/lib/v7l/vfp/libcrypt.so.1", O_RDONLY|O_CLOEXEC) = -1 ENOENT (No such file or directory)
421   openat(AT_FDCWD, "/lib/v7l/libcrypt.so.1", O_RDONLY|O_CLOEXEC) = -1 ENOENT (No such file or directory)
421   openat(AT_FDCWD, "/lib/neon/vfp/libcrypt.so.1", O_RDONLY|O_CLOEXEC) = -1 ENOENT (No such file or directory)
421   openat(AT_FDCWD, "/lib/neon/libcrypt.so.1", O_RDONLY|O_CLOEXEC) = -1 ENOENT (No such file or directory)
421   openat(AT_FDCWD, "/lib/vfp/libcrypt.so.1", O_RDONLY|O_CLOEXEC) = -1 ENOENT (No such file or directory)
421   openat(AT_FDCWD, "/lib/libcrypt.so.1", O_RDONLY|O_CLOEXEC) = 3
421   openat(AT_FDCWD, "/usr/local/Qt4.7.4/lib/libc.so.6", O_RDONLY|O_CLOEXEC) = -1 ENOENT (No such file or directory)
421   openat(AT_FDCWD, "/usr/lib/libc.so.6", O_RDONLY|O_CLOEXEC) = -1 ENOENT (No such file or directory)
421   openat(AT_FDCWD, "/lib/libc.so.6", O_RDONLY|O_CLOEXEC) = 3
421   ioctl(3, SIOCGIFFLAGS, {ifr_name="wlan0", ifr_flags=IFF_UP|IFF_BROADCAST|IFF_RUNNING|IFF_MULTICAST}) = 0
421   ioctl(3, SIOCSIFFLAGS, {ifr_name="wlan0", ifr_flags=IFF_UP|IFF_BROADCAST|IFF_RUNNING|IFF_MULTICAST}) = 0
421   +++ exited with 0 +++
353   --- SIGCHLD {si_signo=SIGCHLD, si_code=CLD_EXITED, si_pid=421, si_uid=0, si_status=0, si_utime=0, si_stime=0} ---
423   openat(AT_FDCWD, "/usr/local/Qt4.7.4/lib/tls/v7l/neon/vfp/libcrypt.so.1", O_RDONLY|O_CLOEXEC) = -1 ENOENT (No such file or directory)
423   openat(AT_FDCWD, "/usr/local/Qt4.7.4/lib/tls/v7l/neon/libcrypt.so.1", O_RDONLY|O_CLOEXEC) = -1 ENOENT (No such file or directory)
423   openat(AT_FDCWD, "/usr/local/Qt4.7.4/lib/tls/v7l/vfp/libcrypt.so.1", O_RDONLY|O_CLOEXEC) = -1 ENOENT (No such file or directory)
423   openat(AT_FDCWD, "/usr/local/Qt4.7.4/lib/tls/v7l/libcrypt.so.1", O_RDONLY|O_CLOEXEC) = -1 ENOENT (No such file or directory)
423   openat(AT_FDCWD, "/usr/local/Qt4.7.4/lib/tls/neon/vfp/libcrypt.so.1", O_RDONLY|O_CLOEXEC) = -1 ENOENT (No such file or directory)
423   openat(AT_FDCWD, "/usr/local/Qt4.7.4/lib/tls/neon/libcrypt.so.1", O_RDONLY|O_CLOEXEC) = -1 ENOENT (No such file or directory)
423   openat(AT_FDCWD, "/usr/local/Qt4.7.4/lib/tls/vfp/libcrypt.so.1", O_RDONLY|O_CLOEXEC) = -1 ENOENT (No such file or directory)
423   openat(AT_FDCWD, "/usr/local/Qt4.7.4/lib/tls/libcrypt.so.1", O_RDONLY|O_CLOEXEC) = -1 ENOENT (No such file or directory)
423   openat(AT_FDCWD, "/usr/local/Qt4.7.4/lib/v7l/neon/vfp/libcrypt.so.1", O_RDONLY|O_CLOEXEC) = -1 ENOENT (No such file or directory)
422   openat(AT_FDCWD, "/sys/class/gpio/export", O_WRONLY <unfinished ...>
423   openat(AT_FDCWD, "/usr/local/Qt4.7.4/lib/v7l/neon/libcrypt.so.1", O_RDONLY|O_CLOEXEC <unfinished ...>
422   <... openat resumed>)             = 4
423   <... openat resumed>)             = -1 ENOENT (No such file or directory)
423   openat(AT_FDCWD, "/usr/local/Qt4.7.4/lib/v7l/vfp/libcrypt.so.1", O_RDONLY|O_CLOEXEC) = -1 ENOENT (No such file or directory)
422   openat(AT_FDCWD, "/sys/class/gpio/gpio91/direction", O_WRONLY) = 4
423   openat(AT_FDCWD, "/usr/local/Qt4.7.4/lib/v7l/libcrypt.so.1", O_RDONLY|O_CLOEXEC) = -1 ENOENT (No such file or directory)
422   openat(AT_FDCWD, "/sys/class/gpio/gpio91/value", O_WRONLY <unfinished ...>
423   openat(AT_FDCWD, "/usr/local/Qt4.7.4/lib/neon/vfp/libcrypt.so.1", O_RDONLY|O_CLOEXEC <unfinished ...>
422   <... openat resumed>)             = 4
423   <... openat resumed>)             = -1 ENOENT (No such file or directory)
423   openat(AT_FDCWD, "/usr/local/Qt4.7.4/lib/neon/libcrypt.so.1", O_RDONLY|O_CLOEXEC) = -1 ENOENT (No such file or directory)
423   openat(AT_FDCWD, "/usr/local/Qt4.7.4/lib/vfp/libcrypt.so.1", O_RDONLY|O_CLOEXEC) = -1 ENOENT (No such file or directory)
423   openat(AT_FDCWD, "/usr/local/Qt4.7.4/lib/libcrypt.so.1", O_RDONLY|O_CLOEXEC) = -1 ENOENT (No such file or directory)
423   openat(AT_FDCWD, "/usr/lib/tls/v7l/neon/vfp/libcrypt.so.1", O_RDONLY|O_CLOEXEC) = -1 ENOENT (No such file or directory)
423   openat(AT_FDCWD, "/usr/lib/tls/v7l/neon/libcrypt.so.1", O_RDONLY|O_CLOEXEC) = -1 ENOENT (No such file or directory)
423   openat(AT_FDCWD, "/usr/lib/tls/v7l/vfp/libcrypt.so.1", O_RDONLY|O_CLOEXEC) = -1 ENOENT (No such file or directory)
423   openat(AT_FDCWD, "/usr/lib/tls/v7l/libcrypt.so.1", O_RDONLY|O_CLOEXEC) = -1 ENOENT (No such file or directory)
423   openat(AT_FDCWD, "/usr/lib/tls/neon/vfp/libcrypt.so.1", O_RDONLY|O_CLOEXEC) = -1 ENOENT (No such file or directory)
423   openat(AT_FDCWD, "/usr/lib/tls/neon/libcrypt.so.1", O_RDONLY|O_CLOEXEC) = -1 ENOENT (No such file or directory)
422   ioctl(3, TCFLSH, TCIOFLUSH)       = 0
423   openat(AT_FDCWD, "/usr/lib/tls/vfp/libcrypt.so.1", O_RDONLY|O_CLOEXEC) = -1 ENOENT (No such file or directory)
423   openat(AT_FDCWD, "/usr/lib/tls/libcrypt.so.1", O_RDONLY|O_CLOEXEC) = -1 ENOENT (No such file or directory)
423   openat(AT_FDCWD, "/usr/lib/v7l/neon/vfp/libcrypt.so.1", O_RDONLY|O_CLOEXEC) = -1 ENOENT (No such file or directory)
423   openat(AT_FDCWD, "/usr/lib/v7l/neon/libcrypt.so.1", O_RDONLY|O_CLOEXEC <unfinished ...>
422   openat(AT_FDCWD, "/data/feasycom/bw_conf1.db", O_RDWR|O_CREAT|O_TRUNC, 0666 <unfinished ...>
423   <... openat resumed>)             = -1 ENOENT (No such file or directory)
422   <... openat resumed>)             = 5
423   openat(AT_FDCWD, "/usr/lib/v7l/vfp/libcrypt.so.1", O_RDONLY|O_CLOEXEC) = -1 ENOENT (No such file or directory)
423   openat(AT_FDCWD, "/usr/lib/v7l/libcrypt.so.1", O_RDONLY|O_CLOEXEC) = -1 ENOENT (No such file or directory)
423   openat(AT_FDCWD, "/usr/lib/neon/vfp/libcrypt.so.1", O_RDONLY|O_CLOEXEC) = -1 ENOENT (No such file or directory)
423   openat(AT_FDCWD, "/usr/lib/neon/libcrypt.so.1", O_RDONLY|O_CLOEXEC) = -1 ENOENT (No such file or directory)
422   openat(AT_FDCWD, "/data/feasycom/bw_conf0.db", O_RDWR|O_CREAT|O_TRUNC, 0666 <unfinished ...>
423   openat(AT_FDCWD, "/usr/lib/vfp/libcrypt.so.1", O_RDONLY|O_CLOEXEC) = -1 ENOENT (No such file or directory)
422   <... openat resumed>)             = 5
423   openat(AT_FDCWD, "/usr/lib/libcrypt.so.1", O_RDONLY|O_CLOEXEC) = -1 ENOENT (No such file or directory)
423   openat(AT_FDCWD, "/lib/tls/v7l/neon/vfp/libcrypt.so.1", O_RDONLY|O_CLOEXEC) = -1 ENOENT (No such file or directory)
423   openat(AT_FDCWD, "/lib/tls/v7l/neon/libcrypt.so.1", O_RDONLY|O_CLOEXEC) = -1 ENOENT (No such file or directory)
423   openat(AT_FDCWD, "/lib/tls/v7l/vfp/libcrypt.so.1", O_RDONLY|O_CLOEXEC) = -1 ENOENT (No such file or directory)
423   openat(AT_FDCWD, "/lib/tls/v7l/libcrypt.so.1", O_RDONLY|O_CLOEXEC) = -1 ENOENT (No such file or directory)
423   openat(AT_FDCWD, "/lib/tls/neon/vfp/libcrypt.so.1", O_RDONLY|O_CLOEXEC) = -1 ENOENT (No such file or directory)
423   openat(AT_FDCWD, "/lib/tls/neon/libcrypt.so.1", O_RDONLY|O_CLOEXEC) = -1 ENOENT (No such file or directory)
124   openat(AT_FDCWD, "/etc/localtime", O_RDONLY|O_CLOEXEC <unfinished ...>
423   openat(AT_FDCWD, "/lib/tls/vfp/libcrypt.so.1", O_RDONLY|O_CLOEXEC <unfinished ...>
124   <... openat resumed>)             = -1 ENOENT (No such file or directory)
423   <... openat resumed>)             = -1 ENOENT (No such file or directory)
423   openat(AT_FDCWD, "/lib/tls/libcrypt.so.1", O_RDONLY|O_CLOEXEC <unfinished ...>
126   openat(AT_FDCWD, "/dev/mem", O_RDONLY|O_SYNC <unfinished ...>
423   <... openat resumed>)             = -1 ENOENT (No such file or directory)
126   <... openat resumed>)             = 6
423   openat(AT_FDCWD, "/lib/v7l/neon/vfp/libcrypt.so.1", O_RDONLY|O_CLOEXEC) = -1 ENOENT (No such file or directory)
126   ioctl(4, FBIOPUT_VSCREENINFO, 0xbeca5f48) = 0
423   openat(AT_FDCWD, "/lib/v7l/neon/libcrypt.so.1", O_RDONLY|O_CLOEXEC <unfinished ...>
126   ioctl(4, FBIOGET_VSCREENINFO, 0xbeca5fe8 <unfinished ...>
423   <... openat resumed>)             = -1 ENOENT (No such file or directory)
126   <... ioctl resumed>)              = 0
126   ioctl(4, FBIOGET_FSCREENINFO, 0x38dc8) = 0
423   openat(AT_FDCWD, "/lib/v7l/vfp/libcrypt.so.1", O_RDONLY|O_CLOEXEC <unfinished ...>
126   ioctl(4, FBIOPUTCMAP, 0x38fc4 <unfinished ...>
423   <... openat resumed>)             = -1 ENOENT (No such file or directory)
126   <... ioctl resumed>)              = -1 EINVAL (Invalid argument)
126   ioctl(4, FBIOPAN_DISPLAY, 0x38e60) = 0
423   openat(AT_FDCWD, "/lib/v7l/libcrypt.so.1", O_RDONLY|O_CLOEXEC <unfinished ...>
126   ioctl(4, FBIO_WAITFORVSYNC, 0xb582752c <unfinished ...>
423   <... openat resumed>)             = -1 ENOENT (No such file or directory)
423   openat(AT_FDCWD, "/lib/neon/vfp/libcrypt.so.1", O_RDONLY|O_CLOEXEC) = -1 ENOENT (No such file or directory)
423   openat(AT_FDCWD, "/lib/neon/libcrypt.so.1", O_RDONLY|O_CLOEXEC) = -1 ENOENT (No such file or directory)
126   <... ioctl resumed>)              = 0
423   openat(AT_FDCWD, "/lib/vfp/libcrypt.so.1", O_RDONLY|O_CLOEXEC) = -1 ENOENT (No such file or directory)
423   openat(AT_FDCWD, "/lib/libcrypt.so.1", O_RDONLY|O_CLOEXEC) = 3
126   ioctl(5, _IOC(_IOC_NONE, 0x75, 0x30, 0), 0xbeca5ad0) = 0
126   ioctl(5, _IOC(_IOC_NONE, 0x75, 0x30, 0), 0xbeca5ab0) = 0
423   openat(AT_FDCWD, "/usr/local/Qt4.7.4/lib/libc.so.6", O_RDONLY|O_CLOEXEC) = -1 ENOENT (No such file or directory)
423   openat(AT_FDCWD, "/usr/lib/libc.so.6", O_RDONLY|O_CLOEXEC) = -1 ENOENT (No such file or directory)
423   openat(AT_FDCWD, "/lib/libc.so.6", O_RDONLY|O_CLOEXEC) = 3
126   openat(AT_FDCWD, "/tmp/app-8.bmp", O_RDONLY) = -1 ENOENT (No such file or directory)
126   ioctl(5, _IOC(_IOC_NONE, 0x75, 0x30, 0), 0xbeca5b80) = 0
126   ioctl(5, _IOC(_IOC_NONE, 0x75, 0x30, 0), 0xbeca5b78) = 0
126   ioctl(4, FBIOPAN_DISPLAY, 0x38e60) = 0
126   ioctl(4, FBIO_WAITFORVSYNC, 0xb582752c <unfinished ...>
423   ioctl(3, SIOCSIFADDR, {ifr_name="wlan0", ifr_addr={sa_family=AF_INET, sin_port=htons(0), sin_addr=inet_addr("192.168.43.1")}}) = 0
126   <... ioctl resumed>)              = 0
423   ioctl(3, SIOCGIFFLAGS, {ifr_name="wlan0", ifr_flags=IFF_UP|IFF_BROADCAST|IFF_RUNNING|IFF_MULTICAST}) = 0
423   ioctl(3, SIOCSIFFLAGS, {ifr_name="wlan0", ifr_flags=IFF_UP|IFF_BROADCAST|IFF_RUNNING|IFF_MULTICAST}) = 0
423   ioctl(3, SIOCSIFNETMASK, {ifr_name="wlan0", ifr_netmask={sa_family=AF_INET, sin_port=htons(0), sin_addr=inet_addr("255.255.255.0")}}) = 0
422   openat(AT_FDCWD, "/sys/bus/sdio/devices/", O_RDONLY|O_NONBLOCK|O_LARGEFILE|O_CLOEXEC|O_DIRECTORY) = 5
423   +++ exited with 0 +++
353   --- SIGCHLD {si_signo=SIGCHLD, si_code=CLD_EXITED, si_pid=423, si_uid=0, si_status=0, si_utime=2 /* 0.02 s */, si_stime=2 /* 0.02 s */} ---
353   openat(AT_FDCWD, "/proc/sys/net/ipv6/conf/wlan0/disable_ipv6", O_WRONLY|O_CREAT|O_TRUNC|O_LARGEFILE, 0666) = 3
422   openat(AT_FDCWD, "/usr/local/Qt4.7.4/lib/librtkvnd.so", O_RDONLY|O_CLOEXEC) = -1 ENOENT (No such file or directory)
422   openat(AT_FDCWD, "/usr/lib/librtkvnd.so", O_RDONLY|O_CLOEXEC) = 5
353   openat(AT_FDCWD, "/proc/sys/net/ipv6/conf/wlan1/disable_ipv6", O_WRONLY|O_CREAT|O_TRUNC|O_LARGEFILE, 0666) = 3
126   ioctl(4, FBIOPAN_DISPLAY, 0x38e60 <unfinished ...>
422   openat(AT_FDCWD, "/data/feasycom/rtkbt.conf", O_RDWR|O_CREAT|O_TRUNC, 0666 <unfinished ...>
126   <... ioctl resumed>)              = 0
422   <... openat resumed>)             = 5
126   ioctl(4, FBIO_WAITFORVSYNC, 0xb582752c) = 0
422   openat(AT_FDCWD, "/data/feasycom/rtl8761bt_config", O_RDWR|O_CREAT|O_TRUNC, 0666 <unfinished ...>
353   +++ exited with 0 +++
422   <... openat resumed>)             = 5
424   openat(AT_FDCWD, "/dev/null", O_RDONLY|O_LARGEFILE <unfinished ...>
126   openat(AT_FDCWD, "/tmp/app-10.bmp", O_RDWR|O_CREAT, 04001 <unfinished ...>
424   <... openat resumed>)             = 0
126   <... openat resumed>)             = 6
422   ioctl(1, TCGETS, 0xbe9ba7fc)      = -1 ENOTTY (Inappropriate ioctl for device)
422   openat(AT_FDCWD, "/data/feasycom/rtkbt.conf", O_RDONLY) = 5
422   openat(AT_FDCWD, "/data/feasycom/rtkbt.conf", O_RDONLY) = 5
424   openat(AT_FDCWD, "/usr/local/Qt4.7.4/lib/tls/v7l/neon/vfp/libcrypt.so.1", O_RDONLY|O_CLOEXEC) = -1 ENOENT (No such file or directory)
424   openat(AT_FDCWD, "/usr/local/Qt4.7.4/lib/tls/v7l/neon/libcrypt.so.1", O_RDONLY|O_CLOEXEC) = -1 ENOENT (No such file or directory)
424   openat(AT_FDCWD, "/usr/local/Qt4.7.4/lib/tls/v7l/vfp/libcrypt.so.1", O_RDONLY|O_CLOEXEC) = -1 ENOENT (No such file or directory)
424   openat(AT_FDCWD, "/usr/local/Qt4.7.4/lib/tls/v7l/libcrypt.so.1", O_RDONLY|O_CLOEXEC) = -1 ENOENT (No such file or directory)
424   openat(AT_FDCWD, "/usr/local/Qt4.7.4/lib/tls/neon/vfp/libcrypt.so.1", O_RDONLY|O_CLOEXEC) = -1 ENOENT (No such file or directory)
424   openat(AT_FDCWD, "/usr/local/Qt4.7.4/lib/tls/neon/libcrypt.so.1", O_RDONLY|O_CLOEXEC) = -1 ENOENT (No such file or directory)
424   openat(AT_FDCWD, "/usr/local/Qt4.7.4/lib/tls/vfp/libcrypt.so.1", O_RDONLY|O_CLOEXEC) = -1 ENOENT (No such file or directory)
424   openat(AT_FDCWD, "/usr/local/Qt4.7.4/lib/tls/libcrypt.so.1", O_RDONLY|O_CLOEXEC) = -1 ENOENT (No such file or directory)
424   openat(AT_FDCWD, "/usr/local/Qt4.7.4/lib/v7l/neon/vfp/libcrypt.so.1", O_RDONLY|O_CLOEXEC) = -1 ENOENT (No such file or directory)
424   openat(AT_FDCWD, "/usr/local/Qt4.7.4/lib/v7l/neon/libcrypt.so.1", O_RDONLY|O_CLOEXEC) = -1 ENOENT (No such file or directory)
424   openat(AT_FDCWD, "/usr/local/Qt4.7.4/lib/v7l/vfp/libcrypt.so.1", O_RDONLY|O_CLOEXEC) = -1 ENOENT (No such file or directory)
424   openat(AT_FDCWD, "/usr/local/Qt4.7.4/lib/v7l/libcrypt.so.1", O_RDONLY|O_CLOEXEC <unfinished ...>
422   openat(AT_FDCWD, "/proc/bluetooth/sleep/lpm", O_WRONLY <unfinished ...>
424   <... openat resumed>)             = -1 ENOENT (No such file or directory)
422   <... openat resumed>)             = -1 ENOENT (No such file or directory)
422   openat(AT_FDCWD, "/dev/ttyHS1", O_RDWR) = 6
424   openat(AT_FDCWD, "/usr/local/Qt4.7.4/lib/neon/vfp/libcrypt.so.1", O_RDONLY|O_CLOEXEC <unfinished ...>
422   ioctl(6, TCFLSH, TCIOFLUSH <unfinished ...>
424   <... openat resumed>)             = -1 ENOENT (No such file or directory)
422   <... ioctl resumed>)              = 0
422   ioctl(6, TCGETS, {c_iflag=, c_oflag=NL0|CR0|TAB0|BS0|VT0|FF0|ONLCR, c_cflag=B115200|CS8|CREAD|PARENB|HUPCL|CLOCAL, c_lflag=ECHOE|ECHOK|ECHOCTL|ECHOKE, ...}) = 0
424   openat(AT_FDCWD, "/usr/local/Qt4.7.4/lib/neon/libcrypt.so.1", O_RDONLY|O_CLOEXEC <unfinished ...>
422   ioctl(6, SNDCTL_TMR_START or TCSETS, {c_iflag=, c_oflag=NL0|CR0|TAB0|BS0|VT0|FF0|ONLCR, c_cflag=B115200|CS8|CREAD|PARENB|HUPCL|CLOCAL, c_lflag=ECHOE|ECHOK|ECHOCTL|ECHOKE, ...} <unfinished ...>
424   <... openat resumed>)             = -1 ENOENT (No such file or directory)
422   <... ioctl resumed>)              = 0
422   ioctl(6, TCFLSH, TCIOFLUSH)       = 0
424   openat(AT_FDCWD, "/usr/local/Qt4.7.4/lib/vfp/libcrypt.so.1", O_RDONLY|O_CLOEXEC <unfinished ...>
422   ioctl(6, SNDCTL_TMR_START or TCSETS, {c_iflag=, c_oflag=NL0|CR0|TAB0|BS0|VT0|FF0|ONLCR, c_cflag=B115200|CS8|CREAD|PARENB|HUPCL|CLOCAL, c_lflag=ECHOE|ECHOK|ECHOCTL|ECHOKE, ...} <unfinished ...>
424   <... openat resumed>)             = -1 ENOENT (No such file or directory)
422   <... ioctl resumed>)              = 0
422   ioctl(6, TCFLSH, TCIOFLUSH)       = 0
424   openat(AT_FDCWD, "/usr/local/Qt4.7.4/lib/libcrypt.so.1", O_RDONLY|O_CLOEXEC <unfinished ...>
422   ioctl(6, TCFLSH, TCIOFLUSH <unfinished ...>
424   <... openat resumed>)             = -1 ENOENT (No such file or directory)
422   <... ioctl resumed>)              = 0
422   ioctl(6, SNDCTL_TMR_START or TCSETS, {c_iflag=, c_oflag=NL0|CR0|TAB0|BS0|VT0|FF0|ONLCR, c_cflag=B115200|CS8|CREAD|PARENB|HUPCL|CLOCAL, c_lflag=ECHOE|ECHOK|ECHOCTL|ECHOKE, ...}) = 0
424   openat(AT_FDCWD, "/usr/lib/tls/v7l/neon/vfp/libcrypt.so.1", O_RDONLY|O_CLOEXEC) = -1 ENOENT (No such file or directory)
424   openat(AT_FDCWD, "/usr/lib/tls/v7l/neon/libcrypt.so.1", O_RDONLY|O_CLOEXEC) = -1 ENOENT (No such file or directory)
424   openat(AT_FDCWD, "/usr/lib/tls/v7l/vfp/libcrypt.so.1", O_RDONLY|O_CLOEXEC) = -1 ENOENT (No such file or directory)
424   openat(AT_FDCWD, "/usr/lib/tls/v7l/libcrypt.so.1", O_RDONLY|O_CLOEXEC) = -1 ENOENT (No such file or directory)
424   openat(AT_FDCWD, "/usr/lib/tls/neon/vfp/libcrypt.so.1", O_RDONLY|O_CLOEXEC) = -1 ENOENT (No such file or directory)
424   openat(AT_FDCWD, "/usr/lib/tls/neon/libcrypt.so.1", O_RDONLY|O_CLOEXEC) = -1 ENOENT (No such file or directory)
424   openat(AT_FDCWD, "/usr/lib/tls/vfp/libcrypt.so.1", O_RDONLY|O_CLOEXEC) = -1 ENOENT (No such file or directory)
424   openat(AT_FDCWD, "/usr/lib/tls/libcrypt.so.1", O_RDONLY|O_CLOEXEC) = -1 ENOENT (No such file or directory)
424   openat(AT_FDCWD, "/usr/lib/v7l/neon/vfp/libcrypt.so.1", O_RDONLY|O_CLOEXEC) = -1 ENOENT (No such file or directory)
424   openat(AT_FDCWD, "/usr/lib/v7l/neon/libcrypt.so.1", O_RDONLY|O_CLOEXEC) = -1 ENOENT (No such file or directory)
424   openat(AT_FDCWD, "/usr/lib/v7l/vfp/libcrypt.so.1", O_RDONLY|O_CLOEXEC) = -1 ENOENT (No such file or directory)
424   openat(AT_FDCWD, "/usr/lib/v7l/libcrypt.so.1", O_RDONLY|O_CLOEXEC) = -1 ENOENT (No such file or directory)
424   openat(AT_FDCWD, "/usr/lib/neon/vfp/libcrypt.so.1", O_RDONLY|O_CLOEXEC) = -1 ENOENT (No such file or directory)
424   openat(AT_FDCWD, "/usr/lib/neon/libcrypt.so.1", O_RDONLY|O_CLOEXEC) = -1 ENOENT (No such file or directory)
424   openat(AT_FDCWD, "/usr/lib/vfp/libcrypt.so.1", O_RDONLY|O_CLOEXEC) = -1 ENOENT (No such file or directory)
424   openat(AT_FDCWD, "/usr/lib/libcrypt.so.1", O_RDONLY|O_CLOEXEC) = -1 ENOENT (No such file or directory)
424   openat(AT_FDCWD, "/lib/tls/v7l/neon/vfp/libcrypt.so.1", O_RDONLY|O_CLOEXEC) = -1 ENOENT (No such file or directory)
424   openat(AT_FDCWD, "/lib/tls/v7l/neon/libcrypt.so.1", O_RDONLY|O_CLOEXEC) = -1 ENOENT (No such file or directory)
424   openat(AT_FDCWD, "/lib/tls/v7l/vfp/libcrypt.so.1", O_RDONLY|O_CLOEXEC) = -1 ENOENT (No such file or directory)
424   openat(AT_FDCWD, "/lib/tls/v7l/libcrypt.so.1", O_RDONLY|O_CLOEXEC) = -1 ENOENT (No such file or directory)
424   openat(AT_FDCWD, "/lib/tls/neon/vfp/libcrypt.so.1", O_RDONLY|O_CLOEXEC) = -1 ENOENT (No such file or directory)
424   openat(AT_FDCWD, "/lib/tls/neon/libcrypt.so.1", O_RDONLY|O_CLOEXEC) = -1 ENOENT (No such file or directory)
424   openat(AT_FDCWD, "/lib/tls/vfp/libcrypt.so.1", O_RDONLY|O_CLOEXEC) = -1 ENOENT (No such file or directory)
424   openat(AT_FDCWD, "/lib/tls/libcrypt.so.1", O_RDONLY|O_CLOEXEC) = -1 ENOENT (No such file or directory)
424   openat(AT_FDCWD, "/lib/v7l/neon/vfp/libcrypt.so.1", O_RDONLY|O_CLOEXEC) = -1 ENOENT (No such file or directory)
424   openat(AT_FDCWD, "/lib/v7l/neon/libcrypt.so.1", O_RDONLY|O_CLOEXEC) = -1 ENOENT (No such file or directory)
431   openat(AT_FDCWD, "/sys/devices/system/cpu/online", O_RDONLY|O_CLOEXEC) = 26
424   openat(AT_FDCWD, "/lib/v7l/vfp/libcrypt.so.1", O_RDONLY|O_CLOEXEC <unfinished ...>
425   openat(AT_FDCWD, "/sys/devices/system/cpu/online", O_RDONLY|O_CLOEXEC <unfinished ...>
424   <... openat resumed>)             = -1 ENOENT (No such file or directory)
425   <... openat resumed>)             = 27
424   openat(AT_FDCWD, "/lib/v7l/libcrypt.so.1", O_RDONLY|O_CLOEXEC) = -1 ENOENT (No such file or directory)
424   openat(AT_FDCWD, "/lib/neon/vfp/libcrypt.so.1", O_RDONLY|O_CLOEXEC) = -1 ENOENT (No such file or directory)
424   openat(AT_FDCWD, "/lib/neon/libcrypt.so.1", O_RDONLY|O_CLOEXEC) = -1 ENOENT (No such file or directory)
424   openat(AT_FDCWD, "/lib/vfp/libcrypt.so.1", O_RDONLY|O_CLOEXEC) = -1 ENOENT (No such file or directory)
424   openat(AT_FDCWD, "/lib/libcrypt.so.1", O_RDONLY|O_CLOEXEC <unfinished ...>
435   +++ exited with 0 +++
424   <... openat resumed>)             = 3
436   +++ exited with 0 +++
424   openat(AT_FDCWD, "/usr/local/Qt4.7.4/lib/libc.so.6", O_RDONLY|O_CLOEXEC) = -1 ENOENT (No such file or directory)
424   openat(AT_FDCWD, "/usr/lib/libc.so.6", O_RDONLY|O_CLOEXEC) = -1 ENOENT (No such file or directory)
424   openat(AT_FDCWD, "/lib/libc.so.6", O_RDONLY|O_CLOEXEC) = 3
437   +++ exited with 0 +++
439   +++ exited with 0 +++
438   +++ exited with 254 +++
434   +++ exited with 254 +++
433   +++ exited with 254 +++
432   +++ exited with 254 +++
431   +++ exited with 254 +++
430   +++ exited with 254 +++
429   +++ exited with 254 +++
428   +++ exited with 254 +++
427   +++ exited with 254 +++
426   +++ exited with 254 +++
425   +++ exited with 254 +++
440   +++ exited with 254 +++
422   +++ exited with 254 +++
164   --- SIGCHLD {si_signo=SIGCHLD, si_code=CLD_EXITED, si_pid=422, si_uid=0, si_status=254, si_utime=1 /* 0.01 s */, si_stime=6 /* 0.06 s */} ---
424   openat(AT_FDCWD, "/etc/udhcpd.conf", O_RDONLY|O_LARGEFILE) = 3
424   openat(AT_FDCWD, "/dev/null", O_RDWR|O_LARGEFILE) = 3
424   openat(AT_FDCWD, "/var/run/udhcpd.pid", O_WRONLY|O_CREAT|O_TRUNC|O_LARGEFILE, 0666) = 3
424   openat(AT_FDCWD, "/data/udhcpd.leases", O_RDONLY|O_LARGEFILE) = 3
424   ioctl(3, SIOCGIFADDR, {ifr_name="wlan0", ifr_addr={sa_family=AF_INET, sin_port=htons(0), sin_addr=inet_addr("192.168.43.1")}}) = 0
424   ioctl(3, SIOCGIFINDEX, {ifr_name="wlan0", ifr_ifindex=4}) = 0
424   ioctl(3, SIOCGIFHWADDR, {ifr_name="wlan0", ifr_hwaddr={sa_family=ARPHRD_ETHER, sa_data=68:b9:d3:f1:5a:43}}) = 0
441   openat(AT_FDCWD, "/data/feasycom/bw_conf0.db", O_RDWR) = 4
441   openat(AT_FDCWD, "/data/feasycom/bw_conf1.db", O_RDWR) = 4
441   openat(AT_FDCWD, "/etc/blueware-bw123.properties", O_RDONLY) = 4
441   openat(AT_FDCWD, "/sys/class/gpio/export", O_WRONLY) = 4
441   openat(AT_FDCWD, "/sys/class/gpio/gpio91/direction", O_WRONLY) = 4
441   openat(AT_FDCWD, "/sys/class/gpio/gpio91/value", O_WRONLY) = 4
441   ioctl(3, TCFLSH, TCIOFLUSH)       = 0
441   openat(AT_FDCWD, "/data/feasycom/bw_conf1.db", O_RDWR|O_CREAT|O_TRUNC, 0666) = 5
441   openat(AT_FDCWD, "/data/feasycom/bw_conf0.db", O_RDWR|O_CREAT|O_TRUNC, 0666) = 5
441   openat(AT_FDCWD, "/sys/bus/sdio/devices/", O_RDONLY|O_NONBLOCK|O_LARGEFILE|O_CLOEXEC|O_DIRECTORY) = 5
441   openat(AT_FDCWD, "/usr/local/Qt4.7.4/lib/librtkvnd.so", O_RDONLY|O_CLOEXEC) = -1 ENOENT (No such file or directory)
441   openat(AT_FDCWD, "/usr/lib/librtkvnd.so", O_RDONLY|O_CLOEXEC) = 5
441   openat(AT_FDCWD, "/data/feasycom/rtkbt.conf", O_RDWR|O_CREAT|O_TRUNC, 0666) = 5
441   openat(AT_FDCWD, "/data/feasycom/rtl8761bt_config", O_RDWR|O_CREAT|O_TRUNC, 0666) = 5
441   ioctl(1, TCGETS, 0xbe9ba7fc)      = -1 ENOTTY (Inappropriate ioctl for device)
441   openat(AT_FDCWD, "/data/feasycom/rtkbt.conf", O_RDONLY) = 5
441   openat(AT_FDCWD, "/data/feasycom/rtkbt.conf", O_RDONLY) = 5
441   openat(AT_FDCWD, "/proc/bluetooth/sleep/lpm", O_WRONLY) = -1 ENOENT (No such file or directory)
441   openat(AT_FDCWD, "/dev/ttyHS1", O_RDWR) = 6
441   ioctl(6, TCFLSH, TCIOFLUSH)       = 0
441   ioctl(6, TCGETS, {c_iflag=, c_oflag=NL0|CR0|TAB0|BS0|VT0|FF0|ONLCR, c_cflag=B115200|CS8|CREAD|PARENB|HUPCL|CLOCAL, c_lflag=ECHOE|ECHOK|ECHOCTL|ECHOKE, ...}) = 0
441   ioctl(6, SNDCTL_TMR_START or TCSETS, {c_iflag=, c_oflag=NL0|CR0|TAB0|BS0|VT0|FF0|ONLCR, c_cflag=B115200|CS8|CREAD|PARENB|HUPCL|CLOCAL, c_lflag=ECHOE|ECHOK|ECHOCTL|ECHOKE, ...}) = 0
441   ioctl(6, TCFLSH, TCIOFLUSH)       = 0
441   ioctl(6, SNDCTL_TMR_START or TCSETS, {c_iflag=, c_oflag=NL0|CR0|TAB0|BS0|VT0|FF0|ONLCR, c_cflag=B115200|CS8|CREAD|PARENB|HUPCL|CLOCAL, c_lflag=ECHOE|ECHOK|ECHOCTL|ECHOKE, ...}) = 0
441   ioctl(6, TCFLSH, TCIOFLUSH)       = 0
441   ioctl(6, TCFLSH, TCIOFLUSH)       = 0
441   ioctl(6, SNDCTL_TMR_START or TCSETS, {c_iflag=, c_oflag=NL0|CR0|TAB0|BS0|VT0|FF0|ONLCR, c_cflag=B115200|CS8|CREAD|PARENB|HUPCL|CLOCAL, c_lflag=ECHOE|ECHOK|ECHOCTL|ECHOKE, ...}) = 0
447   openat(AT_FDCWD, "/sys/devices/system/cpu/online", O_RDONLY|O_CLOEXEC) = 26
452   +++ exited with 0 +++
453   +++ exited with 0 +++
451   openat(AT_FDCWD, "/data/feasycom/rtl8761bt_config", O_RDONLY) = 26
451   openat(AT_FDCWD, "/etc/bluetooth/rtk_btconfig.txt", O_RDONLY) = -1 ENOENT (No such file or directory)
451   openat(AT_FDCWD, "/etc/rtl8761bt_fw", O_RDONLY) = 26
454   +++ exited with 0 +++
451   ioctl(6, TCGETS, {c_iflag=, c_oflag=NL0|CR0|TAB0|BS0|VT0|FF0|ONLCR, c_cflag=B115200|CS8|CREAD|PARENB|HUPCL|CLOCAL, c_lflag=ECHOE|ECHOK|ECHOCTL|ECHOKE, ...}) = 0
451   ioctl(6, SNDCTL_TMR_START or TCSETS, {c_iflag=, c_oflag=NL0|CR0|TAB0|BS0|VT0|FF0|ONLCR, c_cflag=B1500000|CS8|CREAD|PARENB|HUPCL|CLOCAL, c_lflag=ECHOE|ECHOK|ECHOCTL|ECHOKE, ...}) = 0
451   ioctl(6, SNDCTL_TMR_STOP or TCSETSW, {c_iflag=, c_oflag=NL0|CR0|TAB0|BS0|VT0|FF0|ONLCR, c_cflag=B1500000|CS8|CREAD|PARENB|HUPCL|CLOCAL, c_lflag=ECHOE|ECHOK|ECHOCTL|ECHOKE, ...}) = 0
451   ioctl(6, TCGETS, {c_iflag=, c_oflag=NL0|CR0|TAB0|BS0|VT0|FF0|ONLCR, c_cflag=B1500000|CS8|CREAD|PARENB|HUPCL|CLOCAL, c_lflag=ECHOE|ECHOK|ECHOCTL|ECHOKE, ...}) = 0
451   +++ exited with 0 +++
441   ioctl(8, TCFLSH, TCIOFLUSH)       = -1 EFAULT (Bad address)
446   openat(AT_FDCWD, "/etc/bluetooth/rtkbt_heartbeat.conf", O_RDONLY) = -1 ENOENT (No such file or directory)
455   openat(AT_FDCWD, "/usr/local/Qt4.7.4/lib/tls/v7l/neon/vfp/libcrypt.so.1", O_RDONLY|O_CLOEXEC) = -1 ENOENT (No such file or directory)
455   openat(AT_FDCWD, "/usr/local/Qt4.7.4/lib/tls/v7l/neon/libcrypt.so.1", O_RDONLY|O_CLOEXEC) = -1 ENOENT (No such file or directory)
455   openat(AT_FDCWD, "/usr/local/Qt4.7.4/lib/tls/v7l/vfp/libcrypt.so.1", O_RDONLY|O_CLOEXEC) = -1 ENOENT (No such file or directory)
455   openat(AT_FDCWD, "/usr/local/Qt4.7.4/lib/tls/v7l/libcrypt.so.1", O_RDONLY|O_CLOEXEC) = -1 ENOENT (No such file or directory)
455   openat(AT_FDCWD, "/usr/local/Qt4.7.4/lib/tls/neon/vfp/libcrypt.so.1", O_RDONLY|O_CLOEXEC) = -1 ENOENT (No such file or directory)
455   openat(AT_FDCWD, "/usr/local/Qt4.7.4/lib/tls/neon/libcrypt.so.1", O_RDONLY|O_CLOEXEC) = -1 ENOENT (No such file or directory)
455   openat(AT_FDCWD, "/usr/local/Qt4.7.4/lib/tls/vfp/libcrypt.so.1", O_RDONLY|O_CLOEXEC) = -1 ENOENT (No such file or directory)
455   openat(AT_FDCWD, "/usr/local/Qt4.7.4/lib/tls/libcrypt.so.1", O_RDONLY|O_CLOEXEC) = -1 ENOENT (No such file or directory)
455   openat(AT_FDCWD, "/usr/local/Qt4.7.4/lib/v7l/neon/vfp/libcrypt.so.1", O_RDONLY|O_CLOEXEC) = -1 ENOENT (No such file or directory)
455   openat(AT_FDCWD, "/usr/local/Qt4.7.4/lib/v7l/neon/libcrypt.so.1", O_RDONLY|O_CLOEXEC) = -1 ENOENT (No such file or directory)
455   openat(AT_FDCWD, "/usr/local/Qt4.7.4/lib/v7l/vfp/libcrypt.so.1", O_RDONLY|O_CLOEXEC) = -1 ENOENT (No such file or directory)
455   openat(AT_FDCWD, "/usr/local/Qt4.7.4/lib/v7l/libcrypt.so.1", O_RDONLY|O_CLOEXEC) = -1 ENOENT (No such file or directory)
455   openat(AT_FDCWD, "/usr/local/Qt4.7.4/lib/neon/vfp/libcrypt.so.1", O_RDONLY|O_CLOEXEC) = -1 ENOENT (No such file or directory)
455   openat(AT_FDCWD, "/usr/local/Qt4.7.4/lib/neon/libcrypt.so.1", O_RDONLY|O_CLOEXEC) = -1 ENOENT (No such file or directory)
455   openat(AT_FDCWD, "/usr/local/Qt4.7.4/lib/vfp/libcrypt.so.1", O_RDONLY|O_CLOEXEC) = -1 ENOENT (No such file or directory)
455   openat(AT_FDCWD, "/usr/local/Qt4.7.4/lib/libcrypt.so.1", O_RDONLY|O_CLOEXEC) = -1 ENOENT (No such file or directory)
455   openat(AT_FDCWD, "/usr/lib/tls/v7l/neon/vfp/libcrypt.so.1", O_RDONLY|O_CLOEXEC) = -1 ENOENT (No such file or directory)
455   openat(AT_FDCWD, "/usr/lib/tls/v7l/neon/libcrypt.so.1", O_RDONLY|O_CLOEXEC) = -1 ENOENT (No such file or directory)
455   openat(AT_FDCWD, "/usr/lib/tls/v7l/vfp/libcrypt.so.1", O_RDONLY|O_CLOEXEC) = -1 ENOENT (No such file or directory)
455   openat(AT_FDCWD, "/usr/lib/tls/v7l/libcrypt.so.1", O_RDONLY|O_CLOEXEC) = -1 ENOENT (No such file or directory)
455   openat(AT_FDCWD, "/usr/lib/tls/neon/vfp/libcrypt.so.1", O_RDONLY|O_CLOEXEC) = -1 ENOENT (No such file or directory)
455   openat(AT_FDCWD, "/usr/lib/tls/neon/libcrypt.so.1", O_RDONLY|O_CLOEXEC) = -1 ENOENT (No such file or directory)
455   openat(AT_FDCWD, "/usr/lib/tls/vfp/libcrypt.so.1", O_RDONLY|O_CLOEXEC) = -1 ENOENT (No such file or directory)
455   openat(AT_FDCWD, "/usr/lib/tls/libcrypt.so.1", O_RDONLY|O_CLOEXEC) = -1 ENOENT (No such file or directory)
455   openat(AT_FDCWD, "/usr/lib/v7l/neon/vfp/libcrypt.so.1", O_RDONLY|O_CLOEXEC) = -1 ENOENT (No such file or directory)
455   openat(AT_FDCWD, "/usr/lib/v7l/neon/libcrypt.so.1", O_RDONLY|O_CLOEXEC) = -1 ENOENT (No such file or directory)
455   openat(AT_FDCWD, "/usr/lib/v7l/vfp/libcrypt.so.1", O_RDONLY|O_CLOEXEC) = -1 ENOENT (No such file or directory)
455   openat(AT_FDCWD, "/usr/lib/v7l/libcrypt.so.1", O_RDONLY|O_CLOEXEC) = -1 ENOENT (No such file or directory)
455   openat(AT_FDCWD, "/usr/lib/neon/vfp/libcrypt.so.1", O_RDONLY|O_CLOEXEC) = -1 ENOENT (No such file or directory)
455   openat(AT_FDCWD, "/usr/lib/neon/libcrypt.so.1", O_RDONLY|O_CLOEXEC) = -1 ENOENT (No such file or directory)
455   openat(AT_FDCWD, "/usr/lib/vfp/libcrypt.so.1", O_RDONLY|O_CLOEXEC) = -1 ENOENT (No such file or directory)
455   openat(AT_FDCWD, "/usr/lib/libcrypt.so.1", O_RDONLY|O_CLOEXEC) = -1 ENOENT (No such file or directory)
455   openat(AT_FDCWD, "/lib/tls/v7l/neon/vfp/libcrypt.so.1", O_RDONLY|O_CLOEXEC) = -1 ENOENT (No such file or directory)
455   openat(AT_FDCWD, "/lib/tls/v7l/neon/libcrypt.so.1", O_RDONLY|O_CLOEXEC) = -1 ENOENT (No such file or directory)
455   openat(AT_FDCWD, "/lib/tls/v7l/vfp/libcrypt.so.1", O_RDONLY|O_CLOEXEC) = -1 ENOENT (No such file or directory)
455   openat(AT_FDCWD, "/lib/tls/v7l/libcrypt.so.1", O_RDONLY|O_CLOEXEC) = -1 ENOENT (No such file or directory)
455   openat(AT_FDCWD, "/lib/tls/neon/vfp/libcrypt.so.1", O_RDONLY|O_CLOEXEC) = -1 ENOENT (No such file or directory)
455   openat(AT_FDCWD, "/lib/tls/neon/libcrypt.so.1", O_RDONLY|O_CLOEXEC) = -1 ENOENT (No such file or directory)
455   openat(AT_FDCWD, "/lib/tls/vfp/libcrypt.so.1", O_RDONLY|O_CLOEXEC) = -1 ENOENT (No such file or directory)
455   openat(AT_FDCWD, "/lib/tls/libcrypt.so.1", O_RDONLY|O_CLOEXEC) = -1 ENOENT (No such file or directory)
455   openat(AT_FDCWD, "/lib/v7l/neon/vfp/libcrypt.so.1", O_RDONLY|O_CLOEXEC) = -1 ENOENT (No such file or directory)
455   openat(AT_FDCWD, "/lib/v7l/neon/libcrypt.so.1", O_RDONLY|O_CLOEXEC) = -1 ENOENT (No such file or directory)
455   openat(AT_FDCWD, "/lib/v7l/vfp/libcrypt.so.1", O_RDONLY|O_CLOEXEC) = -1 ENOENT (No such file or directory)
455   openat(AT_FDCWD, "/lib/v7l/libcrypt.so.1", O_RDONLY|O_CLOEXEC) = -1 ENOENT (No such file or directory)
455   openat(AT_FDCWD, "/lib/neon/vfp/libcrypt.so.1", O_RDONLY|O_CLOEXEC) = -1 ENOENT (No such file or directory)
455   openat(AT_FDCWD, "/lib/neon/libcrypt.so.1", O_RDONLY|O_CLOEXEC) = -1 ENOENT (No such file or directory)
455   openat(AT_FDCWD, "/lib/vfp/libcrypt.so.1", O_RDONLY|O_CLOEXEC) = -1 ENOENT (No such file or directory)
455   openat(AT_FDCWD, "/lib/libcrypt.so.1", O_RDONLY|O_CLOEXEC) = 3
455   openat(AT_FDCWD, "/usr/local/Qt4.7.4/lib/libc.so.6", O_RDONLY|O_CLOEXEC) = -1 ENOENT (No such file or directory)
455   openat(AT_FDCWD, "/usr/lib/libc.so.6", O_RDONLY|O_CLOEXEC) = -1 ENOENT (No such file or directory)
455   openat(AT_FDCWD, "/lib/libc.so.6", O_RDONLY|O_CLOEXEC) = 3
455   openat(AT_FDCWD, "/tmp/bluetooth_version", O_WRONLY|O_CREAT|O_TRUNC|O_LARGEFILE, 0666) = 3
455   +++ exited with 0 +++
136   --- SIGCHLD {si_signo=SIGCHLD, si_code=CLD_EXITED, si_pid=455, si_uid=0, si_status=0, si_utime=1 /* 0.01 s */, si_stime=2 /* 0.02 s */} ---
456   openat(AT_FDCWD, "/usr/local/Qt4.7.4/lib/tls/v7l/neon/vfp/libcrypt.so.1", O_RDONLY|O_CLOEXEC) = -1 ENOENT (No such file or directory)
456   openat(AT_FDCWD, "/usr/local/Qt4.7.4/lib/tls/v7l/neon/libcrypt.so.1", O_RDONLY|O_CLOEXEC) = -1 ENOENT (No such file or directory)
456   openat(AT_FDCWD, "/usr/local/Qt4.7.4/lib/tls/v7l/vfp/libcrypt.so.1", O_RDONLY|O_CLOEXEC) = -1 ENOENT (No such file or directory)
456   openat(AT_FDCWD, "/usr/local/Qt4.7.4/lib/tls/v7l/libcrypt.so.1", O_RDONLY|O_CLOEXEC) = -1 ENOENT (No such file or directory)
456   openat(AT_FDCWD, "/usr/local/Qt4.7.4/lib/tls/neon/vfp/libcrypt.so.1", O_RDONLY|O_CLOEXEC) = -1 ENOENT (No such file or directory)
456   openat(AT_FDCWD, "/usr/local/Qt4.7.4/lib/tls/neon/libcrypt.so.1", O_RDONLY|O_CLOEXEC) = -1 ENOENT (No such file or directory)
456   openat(AT_FDCWD, "/usr/local/Qt4.7.4/lib/tls/vfp/libcrypt.so.1", O_RDONLY|O_CLOEXEC) = -1 ENOENT (No such file or directory)
456   openat(AT_FDCWD, "/usr/local/Qt4.7.4/lib/tls/libcrypt.so.1", O_RDONLY|O_CLOEXEC) = -1 ENOENT (No such file or directory)
456   openat(AT_FDCWD, "/usr/local/Qt4.7.4/lib/v7l/neon/vfp/libcrypt.so.1", O_RDONLY|O_CLOEXEC) = -1 ENOENT (No such file or directory)
456   openat(AT_FDCWD, "/usr/local/Qt4.7.4/lib/v7l/neon/libcrypt.so.1", O_RDONLY|O_CLOEXEC) = -1 ENOENT (No such file or directory)
456   openat(AT_FDCWD, "/usr/local/Qt4.7.4/lib/v7l/vfp/libcrypt.so.1", O_RDONLY|O_CLOEXEC) = -1 ENOENT (No such file or directory)
456   openat(AT_FDCWD, "/usr/local/Qt4.7.4/lib/v7l/libcrypt.so.1", O_RDONLY|O_CLOEXEC) = -1 ENOENT (No such file or directory)
456   openat(AT_FDCWD, "/usr/local/Qt4.7.4/lib/neon/vfp/libcrypt.so.1", O_RDONLY|O_CLOEXEC) = -1 ENOENT (No such file or directory)
456   openat(AT_FDCWD, "/usr/local/Qt4.7.4/lib/neon/libcrypt.so.1", O_RDONLY|O_CLOEXEC) = -1 ENOENT (No such file or directory)
456   openat(AT_FDCWD, "/usr/local/Qt4.7.4/lib/vfp/libcrypt.so.1", O_RDONLY|O_CLOEXEC) = -1 ENOENT (No such file or directory)
456   openat(AT_FDCWD, "/usr/local/Qt4.7.4/lib/libcrypt.so.1", O_RDONLY|O_CLOEXEC) = -1 ENOENT (No such file or directory)
456   openat(AT_FDCWD, "/usr/lib/tls/v7l/neon/vfp/libcrypt.so.1", O_RDONLY|O_CLOEXEC) = -1 ENOENT (No such file or directory)
456   openat(AT_FDCWD, "/usr/lib/tls/v7l/neon/libcrypt.so.1", O_RDONLY|O_CLOEXEC) = -1 ENOENT (No such file or directory)
456   openat(AT_FDCWD, "/usr/lib/tls/v7l/vfp/libcrypt.so.1", O_RDONLY|O_CLOEXEC) = -1 ENOENT (No such file or directory)
456   openat(AT_FDCWD, "/usr/lib/tls/v7l/libcrypt.so.1", O_RDONLY|O_CLOEXEC) = -1 ENOENT (No such file or directory)
456   openat(AT_FDCWD, "/usr/lib/tls/neon/vfp/libcrypt.so.1", O_RDONLY|O_CLOEXEC) = -1 ENOENT (No such file or directory)
456   openat(AT_FDCWD, "/usr/lib/tls/neon/libcrypt.so.1", O_RDONLY|O_CLOEXEC) = -1 ENOENT (No such file or directory)
456   openat(AT_FDCWD, "/usr/lib/tls/vfp/libcrypt.so.1", O_RDONLY|O_CLOEXEC) = -1 ENOENT (No such file or directory)
456   openat(AT_FDCWD, "/usr/lib/tls/libcrypt.so.1", O_RDONLY|O_CLOEXEC) = -1 ENOENT (No such file or directory)
456   openat(AT_FDCWD, "/usr/lib/v7l/neon/vfp/libcrypt.so.1", O_RDONLY|O_CLOEXEC) = -1 ENOENT (No such file or directory)
456   openat(AT_FDCWD, "/usr/lib/v7l/neon/libcrypt.so.1", O_RDONLY|O_CLOEXEC) = -1 ENOENT (No such file or directory)
456   openat(AT_FDCWD, "/usr/lib/v7l/vfp/libcrypt.so.1", O_RDONLY|O_CLOEXEC) = -1 ENOENT (No such file or directory)
456   openat(AT_FDCWD, "/usr/lib/v7l/libcrypt.so.1", O_RDONLY|O_CLOEXEC) = -1 ENOENT (No such file or directory)
456   openat(AT_FDCWD, "/usr/lib/neon/vfp/libcrypt.so.1", O_RDONLY|O_CLOEXEC) = -1 ENOENT (No such file or directory)
456   openat(AT_FDCWD, "/usr/lib/neon/libcrypt.so.1", O_RDONLY|O_CLOEXEC) = -1 ENOENT (No such file or directory)
456   openat(AT_FDCWD, "/usr/lib/vfp/libcrypt.so.1", O_RDONLY|O_CLOEXEC) = -1 ENOENT (No such file or directory)
456   openat(AT_FDCWD, "/usr/lib/libcrypt.so.1", O_RDONLY|O_CLOEXEC) = -1 ENOENT (No such file or directory)
456   openat(AT_FDCWD, "/lib/tls/v7l/neon/vfp/libcrypt.so.1", O_RDONLY|O_CLOEXEC) = -1 ENOENT (No such file or directory)
456   openat(AT_FDCWD, "/lib/tls/v7l/neon/libcrypt.so.1", O_RDONLY|O_CLOEXEC) = -1 ENOENT (No such file or directory)
456   openat(AT_FDCWD, "/lib/tls/v7l/vfp/libcrypt.so.1", O_RDONLY|O_CLOEXEC) = -1 ENOENT (No such file or directory)
456   openat(AT_FDCWD, "/lib/tls/v7l/libcrypt.so.1", O_RDONLY|O_CLOEXEC) = -1 ENOENT (No such file or directory)
456   openat(AT_FDCWD, "/lib/tls/neon/vfp/libcrypt.so.1", O_RDONLY|O_CLOEXEC) = -1 ENOENT (No such file or directory)
456   openat(AT_FDCWD, "/lib/tls/neon/libcrypt.so.1", O_RDONLY|O_CLOEXEC) = -1 ENOENT (No such file or directory)
456   openat(AT_FDCWD, "/lib/tls/vfp/libcrypt.so.1", O_RDONLY|O_CLOEXEC) = -1 ENOENT (No such file or directory)
456   openat(AT_FDCWD, "/lib/tls/libcrypt.so.1", O_RDONLY|O_CLOEXEC) = -1 ENOENT (No such file or directory)
456   openat(AT_FDCWD, "/lib/v7l/neon/vfp/libcrypt.so.1", O_RDONLY|O_CLOEXEC) = -1 ENOENT (No such file or directory)
456   openat(AT_FDCWD, "/lib/v7l/neon/libcrypt.so.1", O_RDONLY|O_CLOEXEC) = -1 ENOENT (No such file or directory)
456   openat(AT_FDCWD, "/lib/v7l/vfp/libcrypt.so.1", O_RDONLY|O_CLOEXEC) = -1 ENOENT (No such file or directory)
456   openat(AT_FDCWD, "/lib/v7l/libcrypt.so.1", O_RDONLY|O_CLOEXEC) = -1 ENOENT (No such file or directory)
456   openat(AT_FDCWD, "/lib/neon/vfp/libcrypt.so.1", O_RDONLY|O_CLOEXEC) = -1 ENOENT (No such file or directory)
456   openat(AT_FDCWD, "/lib/neon/libcrypt.so.1", O_RDONLY|O_CLOEXEC) = -1 ENOENT (No such file or directory)
456   openat(AT_FDCWD, "/lib/vfp/libcrypt.so.1", O_RDONLY|O_CLOEXEC) = -1 ENOENT (No such file or directory)
456   openat(AT_FDCWD, "/lib/libcrypt.so.1", O_RDONLY|O_CLOEXEC) = 3
456   openat(AT_FDCWD, "/usr/local/Qt4.7.4/lib/libc.so.6", O_RDONLY|O_CLOEXEC) = -1 ENOENT (No such file or directory)
456   openat(AT_FDCWD, "/usr/lib/libc.so.6", O_RDONLY|O_CLOEXEC) = -1 ENOENT (No such file or directory)
456   openat(AT_FDCWD, "/lib/libc.so.6", O_RDONLY|O_CLOEXEC) = 3
457   openat(AT_FDCWD, "/usr/local/Qt4.7.4/lib/tls/v7l/neon/vfp/libcrypt.so.1", O_RDONLY|O_CLOEXEC) = -1 ENOENT (No such file or directory)
457   openat(AT_FDCWD, "/usr/local/Qt4.7.4/lib/tls/v7l/neon/libcrypt.so.1", O_RDONLY|O_CLOEXEC) = -1 ENOENT (No such file or directory)
457   openat(AT_FDCWD, "/usr/local/Qt4.7.4/lib/tls/v7l/vfp/libcrypt.so.1", O_RDONLY|O_CLOEXEC) = -1 ENOENT (No such file or directory)
457   openat(AT_FDCWD, "/usr/local/Qt4.7.4/lib/tls/v7l/libcrypt.so.1", O_RDONLY|O_CLOEXEC) = -1 ENOENT (No such file or directory)
457   openat(AT_FDCWD, "/usr/local/Qt4.7.4/lib/tls/neon/vfp/libcrypt.so.1", O_RDONLY|O_CLOEXEC) = -1 ENOENT (No such file or directory)
457   openat(AT_FDCWD, "/usr/local/Qt4.7.4/lib/tls/neon/libcrypt.so.1", O_RDONLY|O_CLOEXEC) = -1 ENOENT (No such file or directory)
457   openat(AT_FDCWD, "/usr/local/Qt4.7.4/lib/tls/vfp/libcrypt.so.1", O_RDONLY|O_CLOEXEC) = -1 ENOENT (No such file or directory)
457   openat(AT_FDCWD, "/usr/local/Qt4.7.4/lib/tls/libcrypt.so.1", O_RDONLY|O_CLOEXEC) = -1 ENOENT (No such file or directory)
457   openat(AT_FDCWD, "/usr/local/Qt4.7.4/lib/v7l/neon/vfp/libcrypt.so.1", O_RDONLY|O_CLOEXEC) = -1 ENOENT (No such file or directory)
457   openat(AT_FDCWD, "/usr/local/Qt4.7.4/lib/v7l/neon/libcrypt.so.1", O_RDONLY|O_CLOEXEC) = -1 ENOENT (No such file or directory)
457   openat(AT_FDCWD, "/usr/local/Qt4.7.4/lib/v7l/vfp/libcrypt.so.1", O_RDONLY|O_CLOEXEC) = -1 ENOENT (No such file or directory)
457   openat(AT_FDCWD, "/usr/local/Qt4.7.4/lib/v7l/libcrypt.so.1", O_RDONLY|O_CLOEXEC) = -1 ENOENT (No such file or directory)
457   openat(AT_FDCWD, "/usr/local/Qt4.7.4/lib/neon/vfp/libcrypt.so.1", O_RDONLY|O_CLOEXEC) = -1 ENOENT (No such file or directory)
457   openat(AT_FDCWD, "/usr/local/Qt4.7.4/lib/neon/libcrypt.so.1", O_RDONLY|O_CLOEXEC) = -1 ENOENT (No such file or directory)
457   openat(AT_FDCWD, "/usr/local/Qt4.7.4/lib/vfp/libcrypt.so.1", O_RDONLY|O_CLOEXEC) = -1 ENOENT (No such file or directory)
457   openat(AT_FDCWD, "/usr/local/Qt4.7.4/lib/libcrypt.so.1", O_RDONLY|O_CLOEXEC) = -1 ENOENT (No such file or directory)
457   openat(AT_FDCWD, "/usr/lib/tls/v7l/neon/vfp/libcrypt.so.1", O_RDONLY|O_CLOEXEC) = -1 ENOENT (No such file or directory)
457   openat(AT_FDCWD, "/usr/lib/tls/v7l/neon/libcrypt.so.1", O_RDONLY|O_CLOEXEC) = -1 ENOENT (No such file or directory)
457   openat(AT_FDCWD, "/usr/lib/tls/v7l/vfp/libcrypt.so.1", O_RDONLY|O_CLOEXEC) = -1 ENOENT (No such file or directory)
457   openat(AT_FDCWD, "/usr/lib/tls/v7l/libcrypt.so.1", O_RDONLY|O_CLOEXEC) = -1 ENOENT (No such file or directory)
457   openat(AT_FDCWD, "/usr/lib/tls/neon/vfp/libcrypt.so.1", O_RDONLY|O_CLOEXEC) = -1 ENOENT (No such file or directory)
457   openat(AT_FDCWD, "/usr/lib/tls/neon/libcrypt.so.1", O_RDONLY|O_CLOEXEC) = -1 ENOENT (No such file or directory)
457   openat(AT_FDCWD, "/usr/lib/tls/vfp/libcrypt.so.1", O_RDONLY|O_CLOEXEC) = -1 ENOENT (No such file or directory)
457   openat(AT_FDCWD, "/usr/lib/tls/libcrypt.so.1", O_RDONLY|O_CLOEXEC) = -1 ENOENT (No such file or directory)
457   openat(AT_FDCWD, "/usr/lib/v7l/neon/vfp/libcrypt.so.1", O_RDONLY|O_CLOEXEC) = -1 ENOENT (No such file or directory)
457   openat(AT_FDCWD, "/usr/lib/v7l/neon/libcrypt.so.1", O_RDONLY|O_CLOEXEC) = -1 ENOENT (No such file or directory)
457   openat(AT_FDCWD, "/usr/lib/v7l/vfp/libcrypt.so.1", O_RDONLY|O_CLOEXEC) = -1 ENOENT (No such file or directory)
457   openat(AT_FDCWD, "/usr/lib/v7l/libcrypt.so.1", O_RDONLY|O_CLOEXEC) = -1 ENOENT (No such file or directory)
457   openat(AT_FDCWD, "/usr/lib/neon/vfp/libcrypt.so.1", O_RDONLY|O_CLOEXEC) = -1 ENOENT (No such file or directory)
457   openat(AT_FDCWD, "/usr/lib/neon/libcrypt.so.1", O_RDONLY|O_CLOEXEC) = -1 ENOENT (No such file or directory)
457   openat(AT_FDCWD, "/usr/lib/vfp/libcrypt.so.1", O_RDONLY|O_CLOEXEC) = -1 ENOENT (No such file or directory)
457   openat(AT_FDCWD, "/usr/lib/libcrypt.so.1", O_RDONLY|O_CLOEXEC) = -1 ENOENT (No such file or directory)
457   openat(AT_FDCWD, "/lib/tls/v7l/neon/vfp/libcrypt.so.1", O_RDONLY|O_CLOEXEC) = -1 ENOENT (No such file or directory)
457   openat(AT_FDCWD, "/lib/tls/v7l/neon/libcrypt.so.1", O_RDONLY|O_CLOEXEC) = -1 ENOENT (No such file or directory)
457   openat(AT_FDCWD, "/lib/tls/v7l/vfp/libcrypt.so.1", O_RDONLY|O_CLOEXEC) = -1 ENOENT (No such file or directory)
457   openat(AT_FDCWD, "/lib/tls/v7l/libcrypt.so.1", O_RDONLY|O_CLOEXEC) = -1 ENOENT (No such file or directory)
457   openat(AT_FDCWD, "/lib/tls/neon/vfp/libcrypt.so.1", O_RDONLY|O_CLOEXEC) = -1 ENOENT (No such file or directory)
457   openat(AT_FDCWD, "/lib/tls/neon/libcrypt.so.1", O_RDONLY|O_CLOEXEC) = -1 ENOENT (No such file or directory)
457   openat(AT_FDCWD, "/lib/tls/vfp/libcrypt.so.1", O_RDONLY|O_CLOEXEC) = -1 ENOENT (No such file or directory)
457   openat(AT_FDCWD, "/lib/tls/libcrypt.so.1", O_RDONLY|O_CLOEXEC) = -1 ENOENT (No such file or directory)
457   openat(AT_FDCWD, "/lib/v7l/neon/vfp/libcrypt.so.1", O_RDONLY|O_CLOEXEC) = -1 ENOENT (No such file or directory)
457   openat(AT_FDCWD, "/lib/v7l/neon/libcrypt.so.1", O_RDONLY|O_CLOEXEC) = -1 ENOENT (No such file or directory)
457   openat(AT_FDCWD, "/lib/v7l/vfp/libcrypt.so.1", O_RDONLY|O_CLOEXEC) = -1 ENOENT (No such file or directory)
457   openat(AT_FDCWD, "/lib/v7l/libcrypt.so.1", O_RDONLY|O_CLOEXEC) = -1 ENOENT (No such file or directory)
457   openat(AT_FDCWD, "/lib/neon/vfp/libcrypt.so.1", O_RDONLY|O_CLOEXEC) = -1 ENOENT (No such file or directory)
457   openat(AT_FDCWD, "/lib/neon/libcrypt.so.1", O_RDONLY|O_CLOEXEC) = -1 ENOENT (No such file or directory)
457   openat(AT_FDCWD, "/lib/vfp/libcrypt.so.1", O_RDONLY|O_CLOEXEC) = -1 ENOENT (No such file or directory)
457   openat(AT_FDCWD, "/lib/libcrypt.so.1", O_RDONLY|O_CLOEXEC) = 3
457   openat(AT_FDCWD, "/usr/local/Qt4.7.4/lib/libc.so.6", O_RDONLY|O_CLOEXEC) = -1 ENOENT (No such file or directory)
457   openat(AT_FDCWD, "/usr/lib/libc.so.6", O_RDONLY|O_CLOEXEC) = -1 ENOENT (No such file or directory)
457   openat(AT_FDCWD, "/lib/libc.so.6", O_RDONLY|O_CLOEXEC) = 3
457   +++ exited with 0 +++
456   --- SIGCHLD {si_signo=SIGCHLD, si_code=CLD_EXITED, si_pid=457, si_uid=0, si_status=0, si_utime=1 /* 0.01 s */, si_stime=2 /* 0.02 s */} ---
458   openat(AT_FDCWD, "/usr/local/Qt4.7.4/lib/tls/v7l/neon/vfp/libcrypt.so.1", O_RDONLY|O_CLOEXEC) = -1 ENOENT (No such file or directory)
458   openat(AT_FDCWD, "/usr/local/Qt4.7.4/lib/tls/v7l/neon/libcrypt.so.1", O_RDONLY|O_CLOEXEC) = -1 ENOENT (No such file or directory)
458   openat(AT_FDCWD, "/usr/local/Qt4.7.4/lib/tls/v7l/vfp/libcrypt.so.1", O_RDONLY|O_CLOEXEC) = -1 ENOENT (No such file or directory)
458   openat(AT_FDCWD, "/usr/local/Qt4.7.4/lib/tls/v7l/libcrypt.so.1", O_RDONLY|O_CLOEXEC) = -1 ENOENT (No such file or directory)
458   openat(AT_FDCWD, "/usr/local/Qt4.7.4/lib/tls/neon/vfp/libcrypt.so.1", O_RDONLY|O_CLOEXEC) = -1 ENOENT (No such file or directory)
458   openat(AT_FDCWD, "/usr/local/Qt4.7.4/lib/tls/neon/libcrypt.so.1", O_RDONLY|O_CLOEXEC) = -1 ENOENT (No such file or directory)
458   openat(AT_FDCWD, "/usr/local/Qt4.7.4/lib/tls/vfp/libcrypt.so.1", O_RDONLY|O_CLOEXEC) = -1 ENOENT (No such file or directory)
458   openat(AT_FDCWD, "/usr/local/Qt4.7.4/lib/tls/libcrypt.so.1", O_RDONLY|O_CLOEXEC) = -1 ENOENT (No such file or directory)
458   openat(AT_FDCWD, "/usr/local/Qt4.7.4/lib/v7l/neon/vfp/libcrypt.so.1", O_RDONLY|O_CLOEXEC) = -1 ENOENT (No such file or directory)
458   openat(AT_FDCWD, "/usr/local/Qt4.7.4/lib/v7l/neon/libcrypt.so.1", O_RDONLY|O_CLOEXEC) = -1 ENOENT (No such file or directory)
458   openat(AT_FDCWD, "/usr/local/Qt4.7.4/lib/v7l/vfp/libcrypt.so.1", O_RDONLY|O_CLOEXEC) = -1 ENOENT (No such file or directory)
458   openat(AT_FDCWD, "/usr/local/Qt4.7.4/lib/v7l/libcrypt.so.1", O_RDONLY|O_CLOEXEC) = -1 ENOENT (No such file or directory)
458   openat(AT_FDCWD, "/usr/local/Qt4.7.4/lib/neon/vfp/libcrypt.so.1", O_RDONLY|O_CLOEXEC) = -1 ENOENT (No such file or directory)
458   openat(AT_FDCWD, "/usr/local/Qt4.7.4/lib/neon/libcrypt.so.1", O_RDONLY|O_CLOEXEC) = -1 ENOENT (No such file or directory)
458   openat(AT_FDCWD, "/usr/local/Qt4.7.4/lib/vfp/libcrypt.so.1", O_RDONLY|O_CLOEXEC) = -1 ENOENT (No such file or directory)
458   openat(AT_FDCWD, "/usr/local/Qt4.7.4/lib/libcrypt.so.1", O_RDONLY|O_CLOEXEC) = -1 ENOENT (No such file or directory)
458   openat(AT_FDCWD, "/usr/lib/tls/v7l/neon/vfp/libcrypt.so.1", O_RDONLY|O_CLOEXEC) = -1 ENOENT (No such file or directory)
458   openat(AT_FDCWD, "/usr/lib/tls/v7l/neon/libcrypt.so.1", O_RDONLY|O_CLOEXEC) = -1 ENOENT (No such file or directory)
458   openat(AT_FDCWD, "/usr/lib/tls/v7l/vfp/libcrypt.so.1", O_RDONLY|O_CLOEXEC) = -1 ENOENT (No such file or directory)
458   openat(AT_FDCWD, "/usr/lib/tls/v7l/libcrypt.so.1", O_RDONLY|O_CLOEXEC) = -1 ENOENT (No such file or directory)
458   openat(AT_FDCWD, "/usr/lib/tls/neon/vfp/libcrypt.so.1", O_RDONLY|O_CLOEXEC) = -1 ENOENT (No such file or directory)
458   openat(AT_FDCWD, "/usr/lib/tls/neon/libcrypt.so.1", O_RDONLY|O_CLOEXEC) = -1 ENOENT (No such file or directory)
458   openat(AT_FDCWD, "/usr/lib/tls/vfp/libcrypt.so.1", O_RDONLY|O_CLOEXEC) = -1 ENOENT (No such file or directory)
458   openat(AT_FDCWD, "/usr/lib/tls/libcrypt.so.1", O_RDONLY|O_CLOEXEC) = -1 ENOENT (No such file or directory)
458   openat(AT_FDCWD, "/usr/lib/v7l/neon/vfp/libcrypt.so.1", O_RDONLY|O_CLOEXEC) = -1 ENOENT (No such file or directory)
458   openat(AT_FDCWD, "/usr/lib/v7l/neon/libcrypt.so.1", O_RDONLY|O_CLOEXEC) = -1 ENOENT (No such file or directory)
458   openat(AT_FDCWD, "/usr/lib/v7l/vfp/libcrypt.so.1", O_RDONLY|O_CLOEXEC) = -1 ENOENT (No such file or directory)
458   openat(AT_FDCWD, "/usr/lib/v7l/libcrypt.so.1", O_RDONLY|O_CLOEXEC) = -1 ENOENT (No such file or directory)
458   openat(AT_FDCWD, "/usr/lib/neon/vfp/libcrypt.so.1", O_RDONLY|O_CLOEXEC) = -1 ENOENT (No such file or directory)
458   openat(AT_FDCWD, "/usr/lib/neon/libcrypt.so.1", O_RDONLY|O_CLOEXEC) = -1 ENOENT (No such file or directory)
458   openat(AT_FDCWD, "/usr/lib/vfp/libcrypt.so.1", O_RDONLY|O_CLOEXEC) = -1 ENOENT (No such file or directory)
458   openat(AT_FDCWD, "/usr/lib/libcrypt.so.1", O_RDONLY|O_CLOEXEC) = -1 ENOENT (No such file or directory)
458   openat(AT_FDCWD, "/lib/tls/v7l/neon/vfp/libcrypt.so.1", O_RDONLY|O_CLOEXEC) = -1 ENOENT (No such file or directory)
458   openat(AT_FDCWD, "/lib/tls/v7l/neon/libcrypt.so.1", O_RDONLY|O_CLOEXEC) = -1 ENOENT (No such file or directory)
458   openat(AT_FDCWD, "/lib/tls/v7l/vfp/libcrypt.so.1", O_RDONLY|O_CLOEXEC) = -1 ENOENT (No such file or directory)
458   openat(AT_FDCWD, "/lib/tls/v7l/libcrypt.so.1", O_RDONLY|O_CLOEXEC) = -1 ENOENT (No such file or directory)
458   openat(AT_FDCWD, "/lib/tls/neon/vfp/libcrypt.so.1", O_RDONLY|O_CLOEXEC) = -1 ENOENT (No such file or directory)
458   openat(AT_FDCWD, "/lib/tls/neon/libcrypt.so.1", O_RDONLY|O_CLOEXEC) = -1 ENOENT (No such file or directory)
458   openat(AT_FDCWD, "/lib/tls/vfp/libcrypt.so.1", O_RDONLY|O_CLOEXEC) = -1 ENOENT (No such file or directory)
458   openat(AT_FDCWD, "/lib/tls/libcrypt.so.1", O_RDONLY|O_CLOEXEC) = -1 ENOENT (No such file or directory)
458   openat(AT_FDCWD, "/lib/v7l/neon/vfp/libcrypt.so.1", O_RDONLY|O_CLOEXEC) = -1 ENOENT (No such file or directory)
458   openat(AT_FDCWD, "/lib/v7l/neon/libcrypt.so.1", O_RDONLY|O_CLOEXEC) = -1 ENOENT (No such file or directory)
458   openat(AT_FDCWD, "/lib/v7l/vfp/libcrypt.so.1", O_RDONLY|O_CLOEXEC) = -1 ENOENT (No such file or directory)
458   openat(AT_FDCWD, "/lib/v7l/libcrypt.so.1", O_RDONLY|O_CLOEXEC) = -1 ENOENT (No such file or directory)
458   openat(AT_FDCWD, "/lib/neon/vfp/libcrypt.so.1", O_RDONLY|O_CLOEXEC) = -1 ENOENT (No such file or directory)
458   openat(AT_FDCWD, "/lib/neon/libcrypt.so.1", O_RDONLY|O_CLOEXEC) = -1 ENOENT (No such file or directory)
458   openat(AT_FDCWD, "/lib/vfp/libcrypt.so.1", O_RDONLY|O_CLOEXEC) = -1 ENOENT (No such file or directory)
458   openat(AT_FDCWD, "/lib/libcrypt.so.1", O_RDONLY|O_CLOEXEC) = 3
458   openat(AT_FDCWD, "/usr/local/Qt4.7.4/lib/libc.so.6", O_RDONLY|O_CLOEXEC) = -1 ENOENT (No such file or directory)
458   openat(AT_FDCWD, "/usr/lib/libc.so.6", O_RDONLY|O_CLOEXEC) = -1 ENOENT (No such file or directory)
458   openat(AT_FDCWD, "/lib/libc.so.6", O_RDONLY|O_CLOEXEC) = 3
458   +++ exited with 0 +++
456   --- SIGCHLD {si_signo=SIGCHLD, si_code=CLD_EXITED, si_pid=458, si_uid=0, si_status=0, si_utime=0, si_stime=1 /* 0.01 s */} ---
456   +++ exited with 0 +++
136   --- SIGCHLD {si_signo=SIGCHLD, si_code=CLD_EXITED, si_pid=456, si_uid=0, si_status=0, si_utime=1 /* 0.01 s */, si_stime=5 /* 0.05 s */} ---
459   openat(AT_FDCWD, "/usr/local/Qt4.7.4/lib/tls/v7l/neon/vfp/libcrypt.so.1", O_RDONLY|O_CLOEXEC) = -1 ENOENT (No such file or directory)
459   openat(AT_FDCWD, "/usr/local/Qt4.7.4/lib/tls/v7l/neon/libcrypt.so.1", O_RDONLY|O_CLOEXEC) = -1 ENOENT (No such file or directory)
459   openat(AT_FDCWD, "/usr/local/Qt4.7.4/lib/tls/v7l/vfp/libcrypt.so.1", O_RDONLY|O_CLOEXEC) = -1 ENOENT (No such file or directory)
459   openat(AT_FDCWD, "/usr/local/Qt4.7.4/lib/tls/v7l/libcrypt.so.1", O_RDONLY|O_CLOEXEC) = -1 ENOENT (No such file or directory)
459   openat(AT_FDCWD, "/usr/local/Qt4.7.4/lib/tls/neon/vfp/libcrypt.so.1", O_RDONLY|O_CLOEXEC) = -1 ENOENT (No such file or directory)
459   openat(AT_FDCWD, "/usr/local/Qt4.7.4/lib/tls/neon/libcrypt.so.1", O_RDONLY|O_CLOEXEC) = -1 ENOENT (No such file or directory)
459   openat(AT_FDCWD, "/usr/local/Qt4.7.4/lib/tls/vfp/libcrypt.so.1", O_RDONLY|O_CLOEXEC) = -1 ENOENT (No such file or directory)
459   openat(AT_FDCWD, "/usr/local/Qt4.7.4/lib/tls/libcrypt.so.1", O_RDONLY|O_CLOEXEC) = -1 ENOENT (No such file or directory)
459   openat(AT_FDCWD, "/usr/local/Qt4.7.4/lib/v7l/neon/vfp/libcrypt.so.1", O_RDONLY|O_CLOEXEC) = -1 ENOENT (No such file or directory)
459   openat(AT_FDCWD, "/usr/local/Qt4.7.4/lib/v7l/neon/libcrypt.so.1", O_RDONLY|O_CLOEXEC) = -1 ENOENT (No such file or directory)
459   openat(AT_FDCWD, "/usr/local/Qt4.7.4/lib/v7l/vfp/libcrypt.so.1", O_RDONLY|O_CLOEXEC) = -1 ENOENT (No such file or directory)
459   openat(AT_FDCWD, "/usr/local/Qt4.7.4/lib/v7l/libcrypt.so.1", O_RDONLY|O_CLOEXEC) = -1 ENOENT (No such file or directory)
459   openat(AT_FDCWD, "/usr/local/Qt4.7.4/lib/neon/vfp/libcrypt.so.1", O_RDONLY|O_CLOEXEC) = -1 ENOENT (No such file or directory)
459   openat(AT_FDCWD, "/usr/local/Qt4.7.4/lib/neon/libcrypt.so.1", O_RDONLY|O_CLOEXEC) = -1 ENOENT (No such file or directory)
459   openat(AT_FDCWD, "/usr/local/Qt4.7.4/lib/vfp/libcrypt.so.1", O_RDONLY|O_CLOEXEC) = -1 ENOENT (No such file or directory)
459   openat(AT_FDCWD, "/usr/local/Qt4.7.4/lib/libcrypt.so.1", O_RDONLY|O_CLOEXEC) = -1 ENOENT (No such file or directory)
459   openat(AT_FDCWD, "/usr/lib/tls/v7l/neon/vfp/libcrypt.so.1", O_RDONLY|O_CLOEXEC) = -1 ENOENT (No such file or directory)
459   openat(AT_FDCWD, "/usr/lib/tls/v7l/neon/libcrypt.so.1", O_RDONLY|O_CLOEXEC) = -1 ENOENT (No such file or directory)
459   openat(AT_FDCWD, "/usr/lib/tls/v7l/vfp/libcrypt.so.1", O_RDONLY|O_CLOEXEC) = -1 ENOENT (No such file or directory)
459   openat(AT_FDCWD, "/usr/lib/tls/v7l/libcrypt.so.1", O_RDONLY|O_CLOEXEC) = -1 ENOENT (No such file or directory)
459   openat(AT_FDCWD, "/usr/lib/tls/neon/vfp/libcrypt.so.1", O_RDONLY|O_CLOEXEC) = -1 ENOENT (No such file or directory)
459   openat(AT_FDCWD, "/usr/lib/tls/neon/libcrypt.so.1", O_RDONLY|O_CLOEXEC) = -1 ENOENT (No such file or directory)
459   openat(AT_FDCWD, "/usr/lib/tls/vfp/libcrypt.so.1", O_RDONLY|O_CLOEXEC) = -1 ENOENT (No such file or directory)
459   openat(AT_FDCWD, "/usr/lib/tls/libcrypt.so.1", O_RDONLY|O_CLOEXEC) = -1 ENOENT (No such file or directory)
459   openat(AT_FDCWD, "/usr/lib/v7l/neon/vfp/libcrypt.so.1", O_RDONLY|O_CLOEXEC) = -1 ENOENT (No such file or directory)
459   openat(AT_FDCWD, "/usr/lib/v7l/neon/libcrypt.so.1", O_RDONLY|O_CLOEXEC) = -1 ENOENT (No such file or directory)
459   openat(AT_FDCWD, "/usr/lib/v7l/vfp/libcrypt.so.1", O_RDONLY|O_CLOEXEC) = -1 ENOENT (No such file or directory)
459   openat(AT_FDCWD, "/usr/lib/v7l/libcrypt.so.1", O_RDONLY|O_CLOEXEC) = -1 ENOENT (No such file or directory)
459   openat(AT_FDCWD, "/usr/lib/neon/vfp/libcrypt.so.1", O_RDONLY|O_CLOEXEC) = -1 ENOENT (No such file or directory)
459   openat(AT_FDCWD, "/usr/lib/neon/libcrypt.so.1", O_RDONLY|O_CLOEXEC) = -1 ENOENT (No such file or directory)
459   openat(AT_FDCWD, "/usr/lib/vfp/libcrypt.so.1", O_RDONLY|O_CLOEXEC) = -1 ENOENT (No such file or directory)
459   openat(AT_FDCWD, "/usr/lib/libcrypt.so.1", O_RDONLY|O_CLOEXEC) = -1 ENOENT (No such file or directory)
459   openat(AT_FDCWD, "/lib/tls/v7l/neon/vfp/libcrypt.so.1", O_RDONLY|O_CLOEXEC) = -1 ENOENT (No such file or directory)
459   openat(AT_FDCWD, "/lib/tls/v7l/neon/libcrypt.so.1", O_RDONLY|O_CLOEXEC) = -1 ENOENT (No such file or directory)
459   openat(AT_FDCWD, "/lib/tls/v7l/vfp/libcrypt.so.1", O_RDONLY|O_CLOEXEC) = -1 ENOENT (No such file or directory)
459   openat(AT_FDCWD, "/lib/tls/v7l/libcrypt.so.1", O_RDONLY|O_CLOEXEC) = -1 ENOENT (No such file or directory)
459   openat(AT_FDCWD, "/lib/tls/neon/vfp/libcrypt.so.1", O_RDONLY|O_CLOEXEC) = -1 ENOENT (No such file or directory)
459   openat(AT_FDCWD, "/lib/tls/neon/libcrypt.so.1", O_RDONLY|O_CLOEXEC) = -1 ENOENT (No such file or directory)
459   openat(AT_FDCWD, "/lib/tls/vfp/libcrypt.so.1", O_RDONLY|O_CLOEXEC) = -1 ENOENT (No such file or directory)
459   openat(AT_FDCWD, "/lib/tls/libcrypt.so.1", O_RDONLY|O_CLOEXEC) = -1 ENOENT (No such file or directory)
459   openat(AT_FDCWD, "/lib/v7l/neon/vfp/libcrypt.so.1", O_RDONLY|O_CLOEXEC) = -1 ENOENT (No such file or directory)
459   openat(AT_FDCWD, "/lib/v7l/neon/libcrypt.so.1", O_RDONLY|O_CLOEXEC) = -1 ENOENT (No such file or directory)
459   openat(AT_FDCWD, "/lib/v7l/vfp/libcrypt.so.1", O_RDONLY|O_CLOEXEC) = -1 ENOENT (No such file or directory)
459   openat(AT_FDCWD, "/lib/v7l/libcrypt.so.1", O_RDONLY|O_CLOEXEC) = -1 ENOENT (No such file or directory)
459   openat(AT_FDCWD, "/lib/neon/vfp/libcrypt.so.1", O_RDONLY|O_CLOEXEC) = -1 ENOENT (No such file or directory)
459   openat(AT_FDCWD, "/lib/neon/libcrypt.so.1", O_RDONLY|O_CLOEXEC) = -1 ENOENT (No such file or directory)
459   openat(AT_FDCWD, "/lib/vfp/libcrypt.so.1", O_RDONLY|O_CLOEXEC) = -1 ENOENT (No such file or directory)
459   openat(AT_FDCWD, "/lib/libcrypt.so.1", O_RDONLY|O_CLOEXEC) = 3
459   openat(AT_FDCWD, "/usr/local/Qt4.7.4/lib/libc.so.6", O_RDONLY|O_CLOEXEC) = -1 ENOENT (No such file or directory)
459   openat(AT_FDCWD, "/usr/lib/libc.so.6", O_RDONLY|O_CLOEXEC) = -1 ENOENT (No such file or directory)
459   openat(AT_FDCWD, "/lib/libc.so.6", O_RDONLY|O_CLOEXEC) = 3
460   openat(AT_FDCWD, "/usr/local/Qt4.7.4/lib/tls/v7l/neon/vfp/libcrypt.so.1", O_RDONLY|O_CLOEXEC) = -1 ENOENT (No such file or directory)
460   openat(AT_FDCWD, "/usr/local/Qt4.7.4/lib/tls/v7l/neon/libcrypt.so.1", O_RDONLY|O_CLOEXEC) = -1 ENOENT (No such file or directory)
460   openat(AT_FDCWD, "/usr/local/Qt4.7.4/lib/tls/v7l/vfp/libcrypt.so.1", O_RDONLY|O_CLOEXEC) = -1 ENOENT (No such file or directory)
460   openat(AT_FDCWD, "/usr/local/Qt4.7.4/lib/tls/v7l/libcrypt.so.1", O_RDONLY|O_CLOEXEC) = -1 ENOENT (No such file or directory)
460   openat(AT_FDCWD, "/usr/local/Qt4.7.4/lib/tls/neon/vfp/libcrypt.so.1", O_RDONLY|O_CLOEXEC) = -1 ENOENT (No such file or directory)
460   openat(AT_FDCWD, "/usr/local/Qt4.7.4/lib/tls/neon/libcrypt.so.1", O_RDONLY|O_CLOEXEC) = -1 ENOENT (No such file or directory)
460   openat(AT_FDCWD, "/usr/local/Qt4.7.4/lib/tls/vfp/libcrypt.so.1", O_RDONLY|O_CLOEXEC) = -1 ENOENT (No such file or directory)
460   openat(AT_FDCWD, "/usr/local/Qt4.7.4/lib/tls/libcrypt.so.1", O_RDONLY|O_CLOEXEC) = -1 ENOENT (No such file or directory)
460   openat(AT_FDCWD, "/usr/local/Qt4.7.4/lib/v7l/neon/vfp/libcrypt.so.1", O_RDONLY|O_CLOEXEC) = -1 ENOENT (No such file or directory)
460   openat(AT_FDCWD, "/usr/local/Qt4.7.4/lib/v7l/neon/libcrypt.so.1", O_RDONLY|O_CLOEXEC) = -1 ENOENT (No such file or directory)
460   openat(AT_FDCWD, "/usr/local/Qt4.7.4/lib/v7l/vfp/libcrypt.so.1", O_RDONLY|O_CLOEXEC) = -1 ENOENT (No such file or directory)
460   openat(AT_FDCWD, "/usr/local/Qt4.7.4/lib/v7l/libcrypt.so.1", O_RDONLY|O_CLOEXEC) = -1 ENOENT (No such file or directory)
460   openat(AT_FDCWD, "/usr/local/Qt4.7.4/lib/neon/vfp/libcrypt.so.1", O_RDONLY|O_CLOEXEC) = -1 ENOENT (No such file or directory)
460   openat(AT_FDCWD, "/usr/local/Qt4.7.4/lib/neon/libcrypt.so.1", O_RDONLY|O_CLOEXEC) = -1 ENOENT (No such file or directory)
460   openat(AT_FDCWD, "/usr/local/Qt4.7.4/lib/vfp/libcrypt.so.1", O_RDONLY|O_CLOEXEC) = -1 ENOENT (No such file or directory)
460   openat(AT_FDCWD, "/usr/local/Qt4.7.4/lib/libcrypt.so.1", O_RDONLY|O_CLOEXEC) = -1 ENOENT (No such file or directory)
460   openat(AT_FDCWD, "/usr/lib/tls/v7l/neon/vfp/libcrypt.so.1", O_RDONLY|O_CLOEXEC) = -1 ENOENT (No such file or directory)
460   openat(AT_FDCWD, "/usr/lib/tls/v7l/neon/libcrypt.so.1", O_RDONLY|O_CLOEXEC) = -1 ENOENT (No such file or directory)
460   openat(AT_FDCWD, "/usr/lib/tls/v7l/vfp/libcrypt.so.1", O_RDONLY|O_CLOEXEC) = -1 ENOENT (No such file or directory)
460   openat(AT_FDCWD, "/usr/lib/tls/v7l/libcrypt.so.1", O_RDONLY|O_CLOEXEC) = -1 ENOENT (No such file or directory)
460   openat(AT_FDCWD, "/usr/lib/tls/neon/vfp/libcrypt.so.1", O_RDONLY|O_CLOEXEC) = -1 ENOENT (No such file or directory)
460   openat(AT_FDCWD, "/usr/lib/tls/neon/libcrypt.so.1", O_RDONLY|O_CLOEXEC) = -1 ENOENT (No such file or directory)
460   openat(AT_FDCWD, "/usr/lib/tls/vfp/libcrypt.so.1", O_RDONLY|O_CLOEXEC) = -1 ENOENT (No such file or directory)
460   openat(AT_FDCWD, "/usr/lib/tls/libcrypt.so.1", O_RDONLY|O_CLOEXEC) = -1 ENOENT (No such file or directory)
460   openat(AT_FDCWD, "/usr/lib/v7l/neon/vfp/libcrypt.so.1", O_RDONLY|O_CLOEXEC) = -1 ENOENT (No such file or directory)
460   openat(AT_FDCWD, "/usr/lib/v7l/neon/libcrypt.so.1", O_RDONLY|O_CLOEXEC) = -1 ENOENT (No such file or directory)
460   openat(AT_FDCWD, "/usr/lib/v7l/vfp/libcrypt.so.1", O_RDONLY|O_CLOEXEC) = -1 ENOENT (No such file or directory)
460   openat(AT_FDCWD, "/usr/lib/v7l/libcrypt.so.1", O_RDONLY|O_CLOEXEC) = -1 ENOENT (No such file or directory)
460   openat(AT_FDCWD, "/usr/lib/neon/vfp/libcrypt.so.1", O_RDONLY|O_CLOEXEC) = -1 ENOENT (No such file or directory)
460   openat(AT_FDCWD, "/usr/lib/neon/libcrypt.so.1", O_RDONLY|O_CLOEXEC) = -1 ENOENT (No such file or directory)
460   openat(AT_FDCWD, "/usr/lib/vfp/libcrypt.so.1", O_RDONLY|O_CLOEXEC) = -1 ENOENT (No such file or directory)
460   openat(AT_FDCWD, "/usr/lib/libcrypt.so.1", O_RDONLY|O_CLOEXEC) = -1 ENOENT (No such file or directory)
460   openat(AT_FDCWD, "/lib/tls/v7l/neon/vfp/libcrypt.so.1", O_RDONLY|O_CLOEXEC) = -1 ENOENT (No such file or directory)
460   openat(AT_FDCWD, "/lib/tls/v7l/neon/libcrypt.so.1", O_RDONLY|O_CLOEXEC) = -1 ENOENT (No such file or directory)
460   openat(AT_FDCWD, "/lib/tls/v7l/vfp/libcrypt.so.1", O_RDONLY|O_CLOEXEC) = -1 ENOENT (No such file or directory)
460   openat(AT_FDCWD, "/lib/tls/v7l/libcrypt.so.1", O_RDONLY|O_CLOEXEC) = -1 ENOENT (No such file or directory)
460   openat(AT_FDCWD, "/lib/tls/neon/vfp/libcrypt.so.1", O_RDONLY|O_CLOEXEC) = -1 ENOENT (No such file or directory)
460   openat(AT_FDCWD, "/lib/tls/neon/libcrypt.so.1", O_RDONLY|O_CLOEXEC) = -1 ENOENT (No such file or directory)
460   openat(AT_FDCWD, "/lib/tls/vfp/libcrypt.so.1", O_RDONLY|O_CLOEXEC) = -1 ENOENT (No such file or directory)
460   openat(AT_FDCWD, "/lib/tls/libcrypt.so.1", O_RDONLY|O_CLOEXEC) = -1 ENOENT (No such file or directory)
460   openat(AT_FDCWD, "/lib/v7l/neon/vfp/libcrypt.so.1", O_RDONLY|O_CLOEXEC) = -1 ENOENT (No such file or directory)
460   openat(AT_FDCWD, "/lib/v7l/neon/libcrypt.so.1", O_RDONLY|O_CLOEXEC) = -1 ENOENT (No such file or directory)
460   openat(AT_FDCWD, "/lib/v7l/vfp/libcrypt.so.1", O_RDONLY|O_CLOEXEC) = -1 ENOENT (No such file or directory)
460   openat(AT_FDCWD, "/lib/v7l/libcrypt.so.1", O_RDONLY|O_CLOEXEC) = -1 ENOENT (No such file or directory)
460   openat(AT_FDCWD, "/lib/neon/vfp/libcrypt.so.1", O_RDONLY|O_CLOEXEC) = -1 ENOENT (No such file or directory)
460   openat(AT_FDCWD, "/lib/neon/libcrypt.so.1", O_RDONLY|O_CLOEXEC) = -1 ENOENT (No such file or directory)
460   openat(AT_FDCWD, "/lib/vfp/libcrypt.so.1", O_RDONLY|O_CLOEXEC) = -1 ENOENT (No such file or directory)
460   openat(AT_FDCWD, "/lib/libcrypt.so.1", O_RDONLY|O_CLOEXEC) = 3
460   openat(AT_FDCWD, "/usr/local/Qt4.7.4/lib/libc.so.6", O_RDONLY|O_CLOEXEC) = -1 ENOENT (No such file or directory)
460   openat(AT_FDCWD, "/usr/lib/libc.so.6", O_RDONLY|O_CLOEXEC) = -1 ENOENT (No such file or directory)
460   openat(AT_FDCWD, "/lib/libc.so.6", O_RDONLY|O_CLOEXEC) = 3
460   openat(AT_FDCWD, "/proc", O_RDONLY|O_NONBLOCK|O_LARGEFILE|O_CLOEXEC|O_DIRECTORY) = 3
460   openat(AT_FDCWD, "/proc/1/stat", O_RDONLY|O_LARGEFILE) = 4
460   openat(AT_FDCWD, "/proc/1/cmdline", O_RDONLY|O_LARGEFILE) = 4
460   openat(AT_FDCWD, "/proc/2/stat", O_RDONLY|O_LARGEFILE) = 4
460   openat(AT_FDCWD, "/proc/2/cmdline", O_RDONLY|O_LARGEFILE) = 4
460   openat(AT_FDCWD, "/proc/3/stat", O_RDONLY|O_LARGEFILE) = 4
460   openat(AT_FDCWD, "/proc/3/cmdline", O_RDONLY|O_LARGEFILE) = 4
460   openat(AT_FDCWD, "/proc/4/stat", O_RDONLY|O_LARGEFILE) = 4
460   openat(AT_FDCWD, "/proc/4/cmdline", O_RDONLY|O_LARGEFILE) = 4
460   openat(AT_FDCWD, "/proc/5/stat", O_RDONLY|O_LARGEFILE) = 4
460   openat(AT_FDCWD, "/proc/5/cmdline", O_RDONLY|O_LARGEFILE) = 4
460   openat(AT_FDCWD, "/proc/6/stat", O_RDONLY|O_LARGEFILE) = 4
460   openat(AT_FDCWD, "/proc/6/cmdline", O_RDONLY|O_LARGEFILE) = 4
460   openat(AT_FDCWD, "/proc/7/stat", O_RDONLY|O_LARGEFILE) = 4
460   openat(AT_FDCWD, "/proc/7/cmdline", O_RDONLY|O_LARGEFILE) = 4
460   openat(AT_FDCWD, "/proc/8/stat", O_RDONLY|O_LARGEFILE) = 4
460   openat(AT_FDCWD, "/proc/8/cmdline", O_RDONLY|O_LARGEFILE) = 4
460   openat(AT_FDCWD, "/proc/10/stat", O_RDONLY|O_LARGEFILE) = 4
460   openat(AT_FDCWD, "/proc/10/cmdline", O_RDONLY|O_LARGEFILE) = 4
460   openat(AT_FDCWD, "/proc/11/stat", O_RDONLY|O_LARGEFILE) = 4
460   --- SIGINT {si_signo=SIGINT, si_code=SI_KERNEL} ---
124   --- SIGINT {si_signo=SIGINT, si_code=SI_KERNEL} ---
459   --- SIGINT {si_signo=SIGINT, si_code=SI_KERNEL} ---
449   --- SIGINT {si_signo=SIGINT, si_code=SI_KERNEL} ---
424   --- SIGINT {si_signo=SIGINT, si_code=SI_KERNEL} ---
164   --- SIGINT {si_signo=SIGINT, si_code=SI_KERNEL} ---
126   --- SIGINT {si_signo=SIGINT, si_code=SI_KERNEL} ---
460   +++ killed by SIGINT +++
459   --- SIGCHLD {si_signo=SIGCHLD, si_code=CLD_KILLED, si_pid=460, si_uid=0, si_status=SIGINT, si_utime=0, si_stime=3 /* 0.03 s */} ---
459   --- SIGINT {si_signo=SIGINT, si_code=SI_TKILL, si_pid=459, si_uid=0} ---
459   +++ killed by SIGINT +++
136   --- SIGCHLD {si_signo=SIGCHLD, si_code=CLD_KILLED, si_pid=459, si_uid=0, si_status=SIGINT, si_utime=1 /* 0.01 s */, si_stime=1 /* 0.01 s */} ---
461   openat(AT_FDCWD, "/usr/local/Qt4.7.4/lib/tls/v7l/neon/vfp/libcrypt.so.1", O_RDONLY|O_CLOEXEC) = -1 ENOENT (No such file or directory)
461   openat(AT_FDCWD, "/usr/local/Qt4.7.4/lib/tls/v7l/neon/libcrypt.so.1", O_RDONLY|O_CLOEXEC) = -1 ENOENT (No such file or directory)
461   openat(AT_FDCWD, "/usr/local/Qt4.7.4/lib/tls/v7l/vfp/libcrypt.so.1", O_RDONLY|O_CLOEXEC) = -1 ENOENT (No such file or directory)
461   openat(AT_FDCWD, "/usr/local/Qt4.7.4/lib/tls/v7l/libcrypt.so.1", O_RDONLY|O_CLOEXEC) = -1 ENOENT (No such file or directory)
461   openat(AT_FDCWD, "/usr/local/Qt4.7.4/lib/tls/neon/vfp/libcrypt.so.1", O_RDONLY|O_CLOEXEC) = -1 ENOENT (No such file or directory)
461   openat(AT_FDCWD, "/usr/local/Qt4.7.4/lib/tls/neon/libcrypt.so.1", O_RDONLY|O_CLOEXEC) = -1 ENOENT (No such file or directory)
461   openat(AT_FDCWD, "/usr/local/Qt4.7.4/lib/tls/vfp/libcrypt.so.1", O_RDONLY|O_CLOEXEC) = -1 ENOENT (No such file or directory)
461   openat(AT_FDCWD, "/usr/local/Qt4.7.4/lib/tls/libcrypt.so.1", O_RDONLY|O_CLOEXEC) = -1 ENOENT (No such file or directory)
461   openat(AT_FDCWD, "/usr/local/Qt4.7.4/lib/v7l/neon/vfp/libcrypt.so.1", O_RDONLY|O_CLOEXEC) = -1 ENOENT (No such file or directory)
461   openat(AT_FDCWD, "/usr/local/Qt4.7.4/lib/v7l/neon/libcrypt.so.1", O_RDONLY|O_CLOEXEC) = -1 ENOENT (No such file or directory)
461   openat(AT_FDCWD, "/usr/local/Qt4.7.4/lib/v7l/vfp/libcrypt.so.1", O_RDONLY|O_CLOEXEC) = -1 ENOENT (No such file or directory)
461   openat(AT_FDCWD, "/usr/local/Qt4.7.4/lib/v7l/libcrypt.so.1", O_RDONLY|O_CLOEXEC) = -1 ENOENT (No such file or directory)
461   openat(AT_FDCWD, "/usr/local/Qt4.7.4/lib/neon/vfp/libcrypt.so.1", O_RDONLY|O_CLOEXEC) = -1 ENOENT (No such file or directory)
461   openat(AT_FDCWD, "/usr/local/Qt4.7.4/lib/neon/libcrypt.so.1", O_RDONLY|O_CLOEXEC) = -1 ENOENT (No such file or directory)
461   openat(AT_FDCWD, "/usr/local/Qt4.7.4/lib/vfp/libcrypt.so.1", O_RDONLY|O_CLOEXEC) = -1 ENOENT (No such file or directory)
461   --- SIGINT {si_signo=SIGINT, si_code=SI_KERNEL} ---
124   --- SIGINT {si_signo=SIGINT, si_code=SI_KERNEL} ---
449   --- SIGINT {si_signo=SIGINT, si_code=SI_KERNEL} ---
424   --- SIGINT {si_signo=SIGINT, si_code=SI_KERNEL} ---
164   --- SIGINT {si_signo=SIGINT, si_code=SI_KERNEL} ---
126   --- SIGINT {si_signo=SIGINT, si_code=SI_KERNEL} ---
461   +++ killed by SIGINT +++
136   --- SIGCHLD {si_signo=SIGCHLD, si_code=CLD_KILLED, si_pid=461, si_uid=0, si_status=SIGINT, si_utime=0, si_stime=1 /* 0.01 s */} ---
462   openat(AT_FDCWD, "/usr/local/Qt4.7.4/lib/tls/v7l/neon/vfp/libcrypt.so.1", O_RDONLY|O_CLOEXEC) = -1 ENOENT (No such file or directory)
462   openat(AT_FDCWD, "/usr/local/Qt4.7.4/lib/tls/v7l/neon/libcrypt.so.1", O_RDONLY|O_CLOEXEC) = -1 ENOENT (No such file or directory)
462   openat(AT_FDCWD, "/usr/local/Qt4.7.4/lib/tls/v7l/vfp/libcrypt.so.1", O_RDONLY|O_CLOEXEC) = -1 ENOENT (No such file or directory)
462   openat(AT_FDCWD, "/usr/local/Qt4.7.4/lib/tls/v7l/libcrypt.so.1", O_RDONLY|O_CLOEXEC) = -1 ENOENT (No such file or directory)
462   openat(AT_FDCWD, "/usr/local/Qt4.7.4/lib/tls/neon/vfp/libcrypt.so.1", O_RDONLY|O_CLOEXEC) = -1 ENOENT (No such file or directory)
462   openat(AT_FDCWD, "/usr/local/Qt4.7.4/lib/tls/neon/libcrypt.so.1", O_RDONLY|O_CLOEXEC) = -1 ENOENT (No such file or directory)
462   openat(AT_FDCWD, "/usr/local/Qt4.7.4/lib/tls/vfp/libcrypt.so.1", O_RDONLY|O_CLOEXEC) = -1 ENOENT (No such file or directory)
462   openat(AT_FDCWD, "/usr/local/Qt4.7.4/lib/tls/libcrypt.so.1", O_RDONLY|O_CLOEXEC) = -1 ENOENT (No such file or directory)
462   openat(AT_FDCWD, "/usr/local/Qt4.7.4/lib/v7l/neon/vfp/libcrypt.so.1", O_RDONLY|O_CLOEXEC