227   09:11:42.267615 poll([{fd=7, events=POLLIN}], 1, 0) = 0 (Timeout) <0.000244>
236   09:11:42.303604 read(10, "\1\v\3\335", 4) = 4 <0.000154>
236   09:11:42.310757 read(10, "\27\3\3\3\330\0\0\0\0\0\0\r\306\253\235a\363\4\350\301J_\353\210*a\4,\vm\336\24"..., 989) = 989 <0.000526>
227   09:11:42.320214 poll([{fd=7, events=POLLIN}], 1, 0) = 0 (Timeout) <0.000320>
236   09:11:42.328266 read(10 <unfinished ...>
230   09:11:42.331787 semop(557060, [{sem_num=0, sem_op=-1, sem_flg=SEM_UNDO}], 1 <unfinished ...>
236   09:11:42.335549 <... read resumed>, "\1\v\3\335", 4) = 4 <0.003876>
230   09:11:42.339048 <... semop resumed>) = 0 <0.003648>
236   09:11:42.342763 read(10, "\27\3\3\3\330\0\0\0\0\0\0\r\307\331&:?\273\360~{\250\234%,f\nyY\1\354o"..., 989) = 989 <0.000165>
236   09:11:42.350820 --- SIGIO {si_signo=SIGIO, si_code=SI_KERNEL} ---
227   09:11:42.354802 poll([{fd=7, events=POLLIN}], 1, 0) = 0 (Timeout) <0.000342>
230   09:11:42.421127 semop(557060, [{sem_num=0, sem_op=1, sem_flg=SEM_UNDO}], 1) = 0 <0.000397>
230   09:11:42.429055 ioctl(22, _IOC(_IOC_READ, 0x4f, 0x39, 0x4), 0xb40fdd04 <unfinished ...>
236   09:11:42.442385 read(10 <unfinished ...>
230   09:11:42.445799 <... ioctl resumed>) = 0 <0.003555>
236   09:11:42.449318 <... read resumed>, "\1\v\3\335", 4) = 4 <0.003643>
230   09:11:42.452921 ioctl(22, _IOC(_IOC_READ, 0x4f, 0x36, 0x10), 0xb40fdcf8 <unfinished ...>
227   09:11:42.456534 poll([{fd=7, events=POLLIN}], 1, 0 <unfinished ...>
230   09:11:42.460131 <... ioctl resumed>) = 0 <0.003687>
227   09:11:42.463610 <... poll resumed>) = 0 (Timeout) <0.003734>
230   09:11:42.467225 ioctl(22, _IOC(_IOC_WRITE, 0x4f, 0x2a, 0x10), 0xb40fdd2c <unfinished ...>
236   09:11:42.470774 read(10 <unfinished ...>
230   09:11:43.314228 <... ioctl resumed>) = 0 <0.843641>
236   09:11:43.317821 <... read resumed>, "\27\3\3\3\330\0\0\0\0\0\0\r\310K!\312\347d\6\222#\235\242\334\307\362\337\335\321\260\237_"..., 989) = 989 <0.003638>
227   09:11:43.322974 poll([{fd=7, events=POLLIN}], 1, 0) = 0 (Timeout) <0.000634>
237   09:11:43.331468 write(10, "\1\v\0#\27\3\3\0\36\300O\200\347\373 \207\27\\&\224MJ\339\363Rc\7\367\374|\276"..., 39 <unfinished ...>
236   09:11:43.335924 read(10 <unfinished ...>
237   09:11:43.339499 <... write resumed>) = 39 <0.004144>
236   09:11:43.344683 <... read resumed>, "\1\v\3\335", 4) = 4 <0.005470>
227   09:11:43.378392 poll([{fd=7, events=POLLIN}], 1, 0 <unfinished ...>
236   09:11:43.382023 read(10 <unfinished ...>
230   09:11:43.385707 semop(557060, [{sem_num=0, sem_op=-1, sem_flg=SEM_UNDO}], 1 <unfinished ...>
227   09:11:43.389257 <... poll resumed>) = 0 (Timeout) <0.007377>
236   09:11:43.392796 <... read resumed>, "\27\3\3\3\330\0\0\0\0\0\0\r\311\352\376oz\253\2034\351t\307\252\336\353\226\t\260\354W\24"..., 989) = 989 <0.007240>
230   09:11:43.397371 <... semop resumed>) = 0 <0.008214>
236   09:11:43.401228 read(10, "\0\v\0*", 4) = 4 <0.000155>
236   09:11:43.408723 --- SIGIO {si_signo=SIGIO, si_code=SI_KERNEL} ---
230   09:11:43.412474 semop(557060, [{sem_num=0, sem_op=1, sem_flg=SEM_UNDO}], 1) = 0 <0.000239>
230   09:11:43.420096 ioctl(22, _IOC(_IOC_READ, 0x4f, 0x39, 0x4), 0xb40fdd04 <unfinished ...>
227   09:11:43.423489 poll([{fd=7, events=POLLIN}], 1, 0 <unfinished ...>
236   09:11:43.427332 read(10 <unfinished ...>
230   09:11:43.430842 <... ioctl resumed>) = 0 <0.007439>
227   09:11:43.434301 <... poll resumed>) = 0 (Timeout) <0.007232>
236   09:11:43.437824 <... read resumed>, "\27\3\3\0%\0\0\0\0\0\0\r\312\240\235z3\31dG#\305\262\242\5af\266k4\336\233"..., 42) = 42 <0.007162>
230   09:11:43.441735 ioctl(22, _IOC(_IOC_READ, 0x4f, 0x36, 0x10), 0xb40fdcf8) = 0 <0.000273>
230   09:11:43.449191 ioctl(22, _IOC(_IOC_WRITE, 0x4f, 0x2a, 0x10), 0xb40fdd2c) = 0 <0.000208>
227   09:11:43.506291 poll([{fd=7, events=POLLIN}], 1, 0 <unfinished ...>
237   09:11:43.510050 write(10, "\0\v\0(\27\3\3\0#\300O\200\347\373 \207\0305Hb\350\225\244;\375\337fR^\336.5"..., 44 <unfinished ...>
227   09:11:43.514229 <... poll resumed>) = 0 (Timeout) <0.004414>
237   09:11:43.517719 <... write resumed>) = 44 <0.004349>
237   09:11:43.522423 write(10, "\1\v\0#\27\3\3\0\36\300O\200\347\373 \207\31$]1/\2239%\270\244bd\33\33\203\357"..., 39) = 39 <0.000322>
236   09:11:43.529661 read(10, "\1\v\3\335", 4) = 4 <0.000575>
230   09:11:43.537199 semop(557060, [{sem_num=0, sem_op=-1, sem_flg=SEM_UNDO}], 1) = 0 <0.000249>
227   09:11:43.544675 poll([{fd=7, events=POLLIN}], 1, 0 <unfinished ...>
236   09:11:43.548601 read(10 <unfinished ...>
227   09:11:43.552169 <... poll resumed>) = ? ERESTART_RESTARTBLOCK (Interrupted by signal) <0.003719>
236   09:11:43.555659 <... read resumed>, "\27\3\3\3\330\0\0\0\0\0\0\r\313\353:h\352\226l\r\315\2134\322\34\2\211\351N\320O\362"..., 989) = 989 <0.003754>
230   09:11:43.560201 --- SIGIO {si_signo=SIGIO, si_code=SI_KERNEL} ---
227   09:11:43.563701 poll([{fd=7, events=POLLIN}], 1, 0) = 0 (Timeout) <0.000375>
236   09:11:43.573941 read(10 <unfinished ...>
230   09:11:44.417094 semop(557060, [{sem_num=0, sem_op=1, sem_flg=SEM_UNDO}], 1 <unfinished ...>
236   09:11:44.420619 <... read resumed>, "\1\v\3\335", 4) = 4 <0.003567>
230   09:11:44.424847 <... semop resumed>) = 0 <0.004318>
227   09:11:44.428348 poll([{fd=7, events=POLLIN}], 1, 0 <unfinished ...>
230   09:11:44.460111 ioctl(22, _IOC(_IOC_READ, 0x4f, 0x39, 0x4), 0xb40fdd04 <unfinished ...>
227   09:11:44.463563 <... poll resumed>) = 0 (Timeout) <0.003666>
236   09:11:44.467108 read(10 <unfinished ...>
230   09:11:44.470565 <... ioctl resumed>) = 0 <0.007083>
236   09:11:44.474127 <... read resumed>, "\27\3\3\3\330\0\0\0\0\0\0\r\314\0\317F\331\315\223\356\277\337\374\277\336,\26\220\371\0033\253"..., 989) = 989 <0.003693>
230   09:11:44.478632 ioctl(22, _IOC(_IOC_READ, 0x4f, 0x36, 0x10), 0xb40fdcf8) = 0 <0.000241>
230   09:11:44.485784 ioctl(22, _IOC(_IOC_WRITE, 0x4f, 0x2a, 0x10), 0xb40fdd2c <unfinished ...>
236   09:11:44.490330 read(10 <unfinished ...>
230   09:11:44.493724 <... ioctl resumed>) = 0 <0.003530>
236   09:11:44.497438 <... read resumed>, "\1\v\3\335", 4) = 4 <0.003841>
227   09:11:44.501083 poll([{fd=7, events=POLLIN}], 1, 0) = 0 (Timeout) <0.000707>
237   09:11:44.509356 write(10, "\1\v\0#\27\3\3\0\36\300O\200\347\373 \207\32\350\21\312\7\215;\214\216\212\203\367\4E\241K"..., 39) = 39 <0.000877>
236   09:11:44.517023 read(10, "\27\3\3\3\330\0\0\0\0\0\0\r\315\250\362\264t\32l\373\265~M\251\374\342*\271\272\6rr"..., 989) = 989 <0.000776>
230   09:11:44.528400 semop(557060, [{sem_num=0, sem_op=-1, sem_flg=SEM_UNDO}], 1 <unfinished ...>
236   09:11:44.532918 read(10 <unfinished ...>
230   09:11:44.536572 <... semop resumed>) = 0 <0.004125>
237   09:11:44.540200 write(10, "\7\v\0#\27\3\3\0\36\300O\200\347\373 \207\33\211q\226\312\f\16\307\23K\253F\236k&\204"..., 39 <unfinished ...>
236   09:11:44.592389 <... read resumed>, "\1\v%0", 4) = 4 <0.056082>
227   09:11:44.596418 poll([{fd=7, events=POLLIN}], 1, 0 <unfinished ...>
237   09:11:44.599944 <... write resumed>) = 39 <0.008127>
236   09:11:44.603258 --- SIGIO {si_signo=SIGIO, si_code=SI_KERNEL} ---
227   09:11:44.607006 <... poll resumed>) = 0 (Timeout) <0.007222>
230   09:11:44.611209 semop(557060, [{sem_num=0, sem_op=1, sem_flg=SEM_UNDO}], 1) = 0 <0.000249>
230   09:11:44.618820 ioctl(22, _IOC(_IOC_READ, 0x4f, 0x39, 0x4), 0xb40fdd04 <unfinished ...>
236   09:11:44.622266 read(10 <unfinished ...>
230   09:11:44.625767 <... ioctl resumed>) = 0 <0.003628>
236   09:11:44.629400 <... read resumed>, "\27\3\3%+\0\0\0\0\0\0\r\316\336h\1\334^\204\357\370\31\253\327\354w\0\361K\306$k"..., 4096) = 4096 <0.003774>
230   09:11:44.633093 ioctl(22, _IOC(_IOC_READ, 0x4f, 0x36, 0x10), 0xb40fdcf8) = 0 <0.000318>
227   09:11:44.640524 poll([{fd=7, events=POLLIN}], 1, 0 <unfinished ...>
230   09:11:44.644817 ioctl(22, _IOC(_IOC_WRITE, 0x4f, 0x2a, 0x10), 0xb40fdd2c <unfinished ...>
227   09:11:44.648386 <... poll resumed>) = 0 (Timeout) <0.004263>
236   09:11:44.651976 read(10 <unfinished ...>
230   09:11:44.655509 <... ioctl resumed>) = 0 <0.007216>
236   09:11:45.502706 <... read resumed>, "\226\342u*t\222\216\326\35\317\35\202M\261\270\347\202\225\10U\0\243Y\247\326\200\230g\261L\17\330"..., 4096) = 4096 <0.847351>
237   09:11:45.507862 write(10, "\1\v\0#\27\3\3\0\36\300O\200\347\373 \207\34\325.\322S\370\33\300P\203\371\353\257n/y"..., 39 <unfinished ...>
236   09:11:45.511902 read(10 <unfinished ...>
237   09:11:45.543626 <... write resumed>) = 39 <0.032297>
236   09:11:45.547232 <... read resumed>, "\205j\2\235\24M\4\211\353\373<\\\216\5\362\232K%\7\332\346L\241v\335\304\215Kp\270bl"..., 1328) = 1328 <0.003869>
227   09:11:45.554551 poll([{fd=7, events=POLLIN}], 1, 0) = 0 (Timeout) <0.000502>
230   09:11:45.564924 semop(557060, [{sem_num=0, sem_op=-1, sem_flg=SEM_UNDO}], 1 <unfinished ...>
236   09:11:45.568746 read(10 <unfinished ...>
230   09:11:45.572087 <... semop resumed>) = 0 <0.003524>
236   09:11:45.575623 <... read resumed>, "\1\v\10\21", 4) = 4 <0.003561>
236   09:11:45.579623 --- SIGIO {si_signo=SIGIO, si_code=SI_KERNEL} ---
236   09:11:45.583472 read(10, "\27\3\3\10\f\0\0\0\0\0\0\r\317\244\332\30k\252\274-\\\36\fp\20\364\247\323\341dDo"..., 2065) = 2065 <0.000167>
227   09:11:45.592668 poll([{fd=7, events=POLLIN}], 1, 0 <unfinished ...>
230   09:11:45.596888 semop(557060, [{sem_num=0, sem_op=1, sem_flg=SEM_UNDO}], 1 <unfinished ...>
227   09:11:45.600414 <... poll resumed>) = 0 (Timeout) <0.003733>
236   09:11:45.603817 read(10 <unfinished ...>
230   09:11:45.607763 <... semop resumed>) = 0 <0.007445>
236   09:11:45.611447 <... read resumed>, "\0\v\0*", 4) = 4 <0.003803>
230   09:11:45.615205 ioctl(22, _IOC(_IOC_READ, 0x4f, 0x39, 0x4), 0xb40fdd04) = 0 <0.000300>
230   09:11:45.622215 ioctl(22, _IOC(_IOC_READ, 0x4f, 0x36, 0x10), 0xb40fdcf8 <unfinished ...>
236   09:11:45.625837 read(10 <unfinished ...>
230   09:11:45.629393 <... ioctl resumed>) = 0 <0.003690>
236   09:11:45.680966 <... read resumed>, "\27\3\3\0%\0\0\0\0\0\0\r\320\357\315nc\332(\221\34E2Z\300\315\364;\203\233\350y"..., 42) = 42 <0.051698>
230   09:11:45.684948 ioctl(22, _IOC(_IOC_WRITE, 0x4f, 0x2a, 0x10), 0xb40fdd2c) = 0 <0.000280>
227   09:11:45.692106 poll([{fd=7, events=POLLIN}], 1, 0) = 0 (Timeout) <0.000296>
237   09:11:45.699896 write(10, "\1\v\0#\27\3\3\0\36\300O\200\347\373 \207\35B\342t\373Og\271\267\355\346r\2734\320n"..., 39) = 39 <0.001449>
237   09:11:45.708993 write(10, "\0\v\0(\27\3\3\0#\300O\200\347\373 \207\36\341P\332\31\275\256C\271\332<G\331i\341a"..., 44) = 44 <0.000797>
236   09:11:45.717934 read(10, "\1\v\4*", 4) = 4 <0.000551>
230   09:11:45.725397 semop(557060, [{sem_num=0, sem_op=-1, sem_flg=SEM_UNDO}], 1) = 0 <0.000482>
227   09:11:45.732660 poll([{fd=7, events=POLLIN}], 1, 0) = ? ERESTART_RESTARTBLOCK (Interrupted by signal) <0.000273>
236   09:11:45.740209 --- SIGIO {si_signo=SIGIO, si_code=SI_KERNEL} ---
227   09:11:45.743656 poll([{fd=7, events=POLLIN}], 1, 0 <unfinished ...>
230   09:11:46.588385 semop(557060, [{sem_num=0, sem_op=1, sem_flg=SEM_UNDO}], 1 <unfinished ...>
227   09:11:46.592062 <... poll resumed>) = 0 (Timeout) <0.004123>
236   09:11:46.595584 read(10 <unfinished ...>
230   09:11:46.598900 <... semop resumed>) = 0 <0.006869>
236   09:11:46.630903 <... read resumed>, "\27\3\3\4%\0\0\0\0\0\0\r\321I\250\266\273\f\203\217\320\311~\30\221xc\222\211:#\230"..., 1066) = 1066 <0.032141>
230   09:11:46.636332 ioctl(22, _IOC(_IOC_READ, 0x4f, 0x39, 0x4), 0xb40fdd04) = 0 <0.000184>
236   09:11:46.643043 read(10 <unfinished ...>
230   09:11:46.646356 ioctl(22, _IOC(_IOC_READ, 0x4f, 0x36, 0x10), 0xb40fdcf8 <unfinished ...>
236   09:11:46.650770 <... read resumed>, "\1\v\3\304", 4) = 4 <0.004531>
230   09:11:46.654337 <... ioctl resumed>) = 0 <0.003715>
230   09:11:46.663246 ioctl(22, _IOC(_IOC_WRITE, 0x4f, 0x2a, 0x10), 0xb40fdd2c <unfinished ...>
227   09:11:46.667154 poll([{fd=7, events=POLLIN}], 1, 0 <unfinished ...>
230   09:11:46.670813 <... ioctl resumed>) = 0 <0.003754>
227   09:11:46.674459 <... poll resumed>) = 1 ([{fd=7, revents=POLLIN}]) <0.003861>
236   09:11:46.678099 read(10 <unfinished ...>
227   09:11:46.681517 read(7 <unfinished ...>
236   09:11:46.685434 <... read resumed>, "\27\3\3\3\277\0\0\0\0\0\0\r\322\361\200\t\5\25<y\341K\304\212^\354\200+v\251\267^"..., 964) = 964 <0.004134>
227   09:11:46.690098 <... read resumed>, "l\1\0\1\216\0\0\0&\0\0\0\235\0\0\0\1\1o\0\22\0\0\0/com/ark"..., 2048) = 318 <0.005182>
237   09:11:46.694586 write(10, "\1\v\0#\27\3\3\0\36\300O\200\347\373 \207\37\341$q\3325\t\314\264I\332\352\35m1\323"..., 39 <unfinished ...>
227   09:11:46.698941 read(7 <unfinished ...>
237   09:11:46.702619 <... write resumed>) = 39 <0.004454>
227   09:11:46.707841 <... read resumed>, 0xb4b01e28, 2048) = -1 EAGAIN (Resource temporarily unavailable) <0.005386>
236   09:11:46.711654 read(10, "\1\v\3\301", 4) = 4 <0.000365>
230   09:11:46.766889 semop(557060, [{sem_num=0, sem_op=-1, sem_flg=SEM_UNDO}], 1 <unfinished ...>
227   09:11:46.770461 ioctl(27, FBIOGET_VSCREENINFO, 0xb5ce0c54 <unfinished ...>
230   09:11:46.774090 <... semop resumed>) = 0 <0.003727>
227   09:11:46.777591 <... ioctl resumed>) = 0 <0.003781>
236   09:11:46.781557 read(10 <unfinished ...>
227   09:11:46.785147 --- SIGIO {si_signo=SIGIO, si_code=SI_KERNEL} ---
236   09:11:46.788735 <... read resumed>, "\27\3\3\3\274\0\0\0\0\0\0\r\323}\177\322w9\320\367O\261&4\241\3230\274\270\215\3116"..., 961) = 961 <0.003770>
236   09:11:46.794406 read(10, "\1\v\"\35", 4) = 4 <0.000861>
230   09:11:46.802345 semop(557060, [{sem_num=0, sem_op=1, sem_flg=SEM_UNDO}], 1) = 0 <0.001339>
236   09:11:46.811409 read(10 <unfinished ...>
230   09:11:46.815055 ioctl(22, _IOC(_IOC_READ, 0x4f, 0x39, 0x4), 0xb40fdd04 <unfinished ...>
236   09:11:46.819392 <... read resumed>, "\27\3\3\"\30\0\0\0\0\0\0\r\324\200P\233\325\357\217,\247\316\177\200\34i\257\332\235\261\247\3"..., 4096) = 4096 <0.004528>
230   09:11:46.823121 <... ioctl resumed>) = 0 <0.004652>
230   09:11:46.827300 ioctl(22, _IOC(_IOC_READ, 0x4f, 0x36, 0x10), 0xb40fdcf8 <unfinished ...>
237   09:11:46.831360 write(10, "\2\v\0004\27\3\3\0/\300O\200\347\373 \207 \206\251\213i\274\260\244-\225\216\270 \6\\X"..., 56 <unfinished ...>
230   09:11:46.835669 <... ioctl resumed>) = 0 <0.004835>
227   09:11:47.670860 writev(7, [{iov_base="l\2\1\1\4\0\0\0\n\0\0\0\37\0\0\0\6\1s\0\4\0\0\0:1.0\0\0\0\0"..., iov_len=48}, {iov_base="\1\0\0\0", iov_len=4}], 2 <unfinished ...>
237   09:11:47.684246 <... write resumed>) = 56 <0.849215>
236   09:11:47.687959 read(10 <unfinished ...>
230   09:11:47.720170 ioctl(22, _IOC(_IOC_WRITE, 0x4f, 0x2a, 0x10), 0xb40fdd2c <unfinished ...>
227   09:11:47.724185 <... writev resumed>) = 52 <0.047520>
236   09:11:47.727958 <... read resumed>, "\312\3723/k\35&=k\277\246\333\230\246\371\f*j\357\7\342q\206\271\334\235{\25v?\277\345"..., 4096) = 4096 <0.007851>
230   09:11:47.731841 <... ioctl resumed>) = 0 <0.007704>
227   09:11:47.735735 poll([{fd=7, events=POLLIN}], 1, 0 <unfinished ...>
236   09:11:47.739985 read(10 <unfinished ...>
227   09:11:47.744081 <... poll resumed>) = 0 (Timeout) <0.004326>
237   09:11:47.748058 write(10, "\1\v\0#\27\3\3\0\36\300O\200\347\373 \207!1i\315.\365m5\3664\0337y\316^\7"..., 39 <unfinished ...>
236   09:11:47.751777 <... read resumed>, "x\370\352\271\1777,\6\205W\357\252 \265'\371\326,k}\20\r\30zD\343\223 \206\307d\24"..., 541) = 541 <0.007846>
237   09:11:47.756153 <... write resumed>) = 39 <0.004422>
230   09:11:47.768174 semop(557060, [{sem_num=0, sem_op=-1, sem_flg=SEM_UNDO}], 1) = 0 <0.000153>
230   09:11:47.779273 --- SIGIO {si_signo=SIGIO, si_code=SI_KERNEL} ---
227   09:11:47.783359 poll([{fd=7, events=POLLIN}], 1, 0 <unfinished ...>
236   09:11:47.787454 read(10 <unfinished ...>
227   09:11:47.791229 <... poll resumed>) = 0 (Timeout) <0.003856>
236   09:11:47.795260 <... read resumed>, "\0\v\0*", 4) = 4 <0.004120>
230   09:11:47.799212 semop(557060, [{sem_num=0, sem_op=1, sem_flg=SEM_UNDO}], 1) = 0 <0.000323>
236   09:11:47.807564 read(10 <unfinished ...>
230   09:11:47.811773 ioctl(22, _IOC(_IOC_READ, 0x4f, 0x39, 0x4), 0xb40fdd04 <unfinished ...>
236   09:11:47.864755 <... read resumed>, "\27\3\3\0%\0\0\0\0\0\0\r\325\356qs\211\266\237CG\v\353F\204g\1\246\235\2168\345"..., 42) = 42 <0.053059>
230   09:11:47.868953 <... ioctl resumed>) = 0 <0.004327>
227   09:11:47.872553 poll([{fd=7, events=POLLIN}], 1, 0 <unfinished ...>
230   09:11:47.876365 ioctl(22, _IOC(_IOC_READ, 0x4f, 0x36, 0x10), 0xb40fdcf8 <unfinished ...>
227   09:11:47.881181 <... poll resumed>) = 1 ([{fd=7, revents=POLLIN}]) <0.005020>
230   09:11:47.885006 <... ioctl resumed>) = 0 <0.003930>
227   09:11:47.888494 read(7 <unfinished ...>
230   09:11:47.892135 ioctl(22, _IOC(_IOC_WRITE, 0x4f, 0x2a, 0x10), 0xb40fdd2c <unfinished ...>
227   09:11:47.895815 <... read resumed>, "l\1\0\1\216\0\0\0'\0\0\0\235\0\0\0\1\1o\0\22\0\0\0/com/ark"..., 2048) = 318 <0.004058>
230   09:11:47.899700 <... ioctl resumed>) = 0 <0.003994>
227   09:11:47.903250 read(7, 0xb4b01e28, 2048) = -1 EAGAIN (Resource temporarily unavailable) <0.000680>
237   09:11:47.910874 write(10, "\0\v\0(\27\3\3\0#\300O\200\347\373 \207\"\272x)\325m\261m.V;HQ\f\t;"..., 44) = 44 <0.001072>
237   09:11:47.919340 write(10, "\1\v\0#\27\3\3\0\36\300O\200\347\373 \207#\177m\275c\0317\226\205\10SytF\236\242"..., 39 <unfinished ...>
236   09:11:47.922981 read(10 <unfinished ...>
227   09:11:47.926599 ioctl(27, FBIOGET_VSCREENINFO, 0xb5ce0c54 <unfinished ...>
237   09:11:48.766926 <... write resumed>) = 39 <0.844096>
236   09:11:48.770502 <... read resumed>, "\1\v\6\363", 4) = 4 <0.844141>
227   09:11:48.774839 <... ioctl resumed>) = 0 <0.008002>
230   09:11:48.778361 semop(557060, [{sem_num=0, sem_op=-1, sem_flg=SEM_UNDO}], 1 <unfinished ...>
236   09:11:48.811229 read(10 <unfinished ...>
230   09:11:48.814729 <... semop resumed>) = 0 <0.003859>
236   09:11:48.818960 <... read resumed>, "\27\3\3\6\356\0\0\0\0\0\0\r\326\260\322\326\247<\\\321\21\16|\r\27}0Y\325\367g\205"..., 1779) = 1779 <0.004369>
236   09:11:48.823107 --- SIGIO {si_signo=SIGIO, si_code=SI_KERNEL} ---
237   09:11:48.829220 write(10, "\2\v\0004\27\3\3\0/\300O\200\347\373 \207$\224uc\370h\351\276\374\230(Z\367\4\336i"..., 56 <unfinished ...>
227   09:11:48.833647 writev(7, [{iov_base="l\2\1\1\4\0\0\0\v\0\0\0\37\0\0\0\6\1s\0\4\0\0\0:1.0\0\0\0\0"..., iov_len=48}, {iov_base="\1\0\0\0", iov_len=4}], 2 <unfinished ...>
237   09:11:48.841870 <... write resumed>) = 56 <0.008951>
227   09:11:48.845648 <... writev resumed>) = 52 <0.008219>
236   09:11:48.849711 read(10 <unfinished ...>
230   09:11:48.853297 semop(557060, [{sem_num=0, sem_op=1, sem_flg=SEM_UNDO}], 1 <unfinished ...>
227   09:11:48.856970 poll([{fd=7, events=POLLIN}], 1, 0 <unfinished ...>
236   09:11:48.860581 <... read resumed>, "\1\v\0075", 4) = 4 <0.007392>
230   09:11:48.864231 <... semop resumed>) = 0 <0.007368>
227   09:11:48.867759 <... poll resumed>) = 1 ([{fd=7, revents=POLLIN}]) <0.007328>
230   09:11:48.871418 ioctl(22, _IOC(_IOC_READ, 0x4f, 0x39, 0x4), 0xb40fdd04 <unfinished ...>
227   09:11:48.875093 read(7 <unfinished ...>
230   09:11:48.879000 <... ioctl resumed>) = 0 <0.004089>
227   09:11:48.882837 <... read resumed>, "l\1\0\1\216\0\0\0(\0\0\0\235\0\0\0\1\1o\0\22\0\0\0/com/ark"..., 2048) = 318 <0.004410>
236   09:11:48.886877 read(10 <unfinished ...>
230   09:11:48.891697 ioctl(22, _IOC(_IOC_READ, 0x4f, 0x36, 0x10), 0xb40fdcf8 <unfinished ...>
227   09:11:48.895288 read(7 <unfinished ...>
236   09:11:48.899189 <... read resumed>, "\27\3\3\0070\0\0\0\0\0\0\r\327\\\275$e5\262\340nRt\206\354\366\277f\n\344\245\246"..., 1845) = 1845 <0.007725>
230   09:11:48.954565 <... ioctl resumed>) = 0 <0.059377>
227   09:11:48.958057 <... read resumed>, 0xb4b01e28, 2048) = -1 EAGAIN (Resource temporarily unavailable) <0.059367>
237   09:11:48.961707 write(10, "\7\v\0#\27\3\3\0\36\300O\200\347\373 \207%P\255\17kI\370\240\33}\5w{+};"..., 39 <unfinished ...>
230   09:11:48.965927 ioctl(22, _IOC(_IOC_WRITE, 0x4f, 0x2a, 0x10), 0xb40fdd2c <unfinished ...>
237   09:11:48.970198 <... write resumed>) = 39 <0.005006>
230   09:11:48.973748 <... ioctl resumed>) = 0 <0.003858>
236   09:11:48.977503 read(10 <unfinished ...>
227   09:11:48.981066 ioctl(27, FBIOGET_VSCREENINFO, 0xb5ce0c54 <unfinished ...>
236   09:11:48.984996 <... read resumed>, "\1\v\4J", 4) = 4 <0.004108>
227   09:11:48.988895 <... ioctl resumed>) = 0 <0.004413>
237   09:11:48.992289 write(10, "\1\v\0#\27\3\3\0\36\300O\200\347\373 \207&\363\260R%\350\376\216z\303\326zh>\30!"..., 39) = 39 <0.000886>
236   09:11:49.001899 read(10, "\27\3\3\4E\0\0\0\0\0\0\r\330\221\210 \201\256\367\301\35?t\7d%[GU\10\223\252"..., 1098) = 1098 <0.000270>
230   09:11:49.011801 semop(557060, [{sem_num=0, sem_op=-1, sem_flg=SEM_UNDO}], 1) = 0 <0.000633>
237   09:11:49.019766 write(10, "\2\v\0004\27\3\3\0/\300O\200\347\373 \207'C\323\351:=K\315\355\346\203\375\2732\222b"..., 56 <unfinished ...>
236   09:11:49.859725 read(10 <unfinished ...>
227   09:11:49.863544 writev(7, [{iov_base="l\2\1\1\4\0\0\0\f\0\0\0\37\0\0\0\6\1s\0\4\0\0\0:1.0\0\0\0\0"..., iov_len=48}, {iov_base="\1\0\0\0", iov_len=4}], 2 <unfinished ...>
237   09:11:49.870430 <... write resumed>) = 56 <0.010735>
236   09:11:49.874085 <... read resumed>, "\1\v%C", 4) = 4 <0.010604>
227   09:11:49.907446 <... writev resumed>) = 52 <0.040228>
237   09:11:49.911034 --- SIGIO {si_signo=SIGIO, si_code=SI_KERNEL} ---
227   09:11:49.918256 poll([{fd=7, events=POLLIN}], 1, 0) = 1 ([{fd=7, revents=POLLIN}]) <0.000421>
236   09:11:49.928258 read(10 <unfinished ...>
230   09:11:49.931609 semop(557060, [{sem_num=0, sem_op=1, sem_flg=SEM_UNDO}], 1 <unfinished ...>
236   09:11:49.936002 <... read resumed>, "\27\3\3%>\0\0\0\0\0\0\r\331\367L\265\245v\263\321\370\370\361\274\305\221j\201\274\206\334S"..., 4096) = 4096 <0.004428>
230   09:11:49.939519 <... semop resumed>) = 0 <0.003749>
227   09:11:49.943002 read(7 <unfinished ...>
230   09:11:49.946611 ioctl(22, _IOC(_IOC_READ, 0x4f, 0x39, 0x4), 0xb40fdd04 <unfinished ...>
227   09:11:49.950095 <... read resumed>, "l\1\0\1\216\0\0\0)\0\0\0\235\0\0\0\1\1o\0\22\0\0\0/com/ark"..., 2048) = 318 <0.003761>
230   09:11:49.953900 <... ioctl resumed>) = 0 <0.003901>
227   09:11:49.957518 read(7 <unfinished ...>
236   09:11:49.960870 read(10 <unfinished ...>
230   09:11:49.964511 ioctl(22, _IOC(_IOC_READ, 0x4f, 0x36, 0x10), 0xb40fdcf8 <unfinished ...>
227   09:11:49.967941 <... read resumed>, 0xb4b01e28, 2048) = -1 EAGAIN (Resource temporarily unavailable) <0.007220>
236   09:11:49.971479 <... read resumed>, "\364\201;[\205#I\265\373\246U\v\276\234D\347'\253\301>\253\256\17k\tv3\343\234,\265\243"..., 4096) = 4096 <0.007116>
230   09:11:49.975656 <... ioctl resumed>) = 0 <0.007814>
230   09:11:49.979346 ioctl(22, _IOC(_IOC_WRITE, 0x4f, 0x2a, 0x10), 0xb40fdd2c) = 0 <0.000242>
227   09:11:49.986426 ioctl(27, FBIOGET_VSCREENINFO, 0xb5ce0c54 <unfinished ...>
236   09:11:50.039818 read(10 <unfinished ...>
227   09:11:50.043522 <... ioctl resumed>) = 0 <0.003857>
236   09:11:50.047425 <... read resumed>, "\323\2302:\5\6 +\352n\230r\374\220U\261\204\10\227{fo\366\212\7\226\304\265\317\214+\312"..., 1347) = 1347 <0.004180>
237   09:11:50.057803 write(10, "\1\v\0#\27\3\3\0\36\300O\200\347\373 \207(/\24\326\4\247b\313\32\200\342\253\353\2\332M"..., 39) = 39 <0.001271>
230   09:11:50.073528 semop(557060, [{sem_num=0, sem_op=-1, sem_flg=SEM_UNDO}], 1 <unfinished ...>
237   09:11:50.077588 write(10, "\2\v\0004\27\3\3\0/\300O\200\347\373 \207)\234\316\22\244x`>\370\256\330\364E\272*O"..., 56 <unfinished ...>
236   09:11:50.084823 read(10 <unfinished ...>
227   09:11:50.088884 writev(7, [{iov_base="l\2\1\1\4\0\0\0\r\0\0\0\37\0\0\0\6\1s\0\4\0\0\0:1.0\0\0\0\0"..., iov_len=48}, {iov_base="\1\0\0\0", iov_len=4}], 2 <unfinished ...>
237   09:11:50.104330 <... write resumed>) = 56 <0.019532>
236   09:11:50.108027 <... read resumed>, "\0\v\0*", 4) = 4 <0.019262>
230   09:11:50.111758 <... semop resumed>) = 0 <0.034547>
227   09:11:50.115490 <... writev resumed>) = 52 <0.022472>
227   09:11:50.119823 --- SIGIO {si_signo=SIGIO, si_code=SI_KERNEL} ---
236   09:11:50.123535 read(10, "\27\3\3\0%\0\0\0\0\0\0\r\332M\21\200\346\211\1\310\272R\275\216\212\330?\220\364\206\4\360"..., 42) = 42 <0.000291>
230   09:11:50.131786 semop(557060, [{sem_num=0, sem_op=1, sem_flg=SEM_UNDO}], 1 <unfinished ...>
227   09:11:50.976107 poll([{fd=7, events=POLLIN}], 1, 0 <unfinished ...>
230   09:11:50.985476 <... semop resumed>) = 0 <0.009413>
227   09:11:50.989604 <... poll resumed>) = 0 (Timeout) <0.004253>
230   09:11:50.993361 ioctl(22, _IOC(_IOC_READ, 0x4f, 0x39, 0x4), 0xb40fdd04) = 0 <0.000336>
237   09:11:51.031199 write(10, "\0\v\0(\27\3\3\0#\300O\200\347\373 \207*\373{\1098G\366C\206\333\30S\375mg"..., 44 <unfinished ...>
230   09:11:51.035774 ioctl(22, _IOC(_IOC_READ, 0x4f, 0x36, 0x10), 0xb40fdcf8 <unfinished ...>
237   09:11:51.040145 <... write resumed>) = 44 <0.004473>
227   09:11:51.044316 poll([{fd=7, events=POLLIN}], 1, 0 <unfinished ...>
236   09:11:51.048152 read(10 <unfinished ...>
230   09:11:51.051924 <... ioctl resumed>) = 0 <0.011866>
236   09:11:51.056337 <... read resumed>, "\1\v\10O", 4) = 4 <0.004453>
227   09:11:51.060152 <... poll resumed>) = 0 (Timeout) <0.012112>
230   09:11:51.063955 ioctl(22, _IOC(_IOC_WRITE, 0x4f, 0x2a, 0x10), 0xb40fdd2c <unfinished ...>
236   09:11:51.068096 read(10 <unfinished ...>
230   09:11:51.071736 <... ioctl resumed>) = 0 <0.003919>
236   09:11:51.075675 <... read resumed>, "\27\3\3\10J\0\0\0\0\0\0\r\333B\261:cW:\264IiB\361\221\22\341\235\336Bt7"..., 2127) = 2127 <0.003977>
237   09:11:51.081967 write(10, "\1\v\0#\27\3\3\0\36\300O\200\347\373 \207+\32\0\3a\355\343\2y5\26^CP\234\23"..., 39) = 39 <0.000802>
227   09:11:51.090855 poll([{fd=7, events=POLLIN}], 1, 0 <unfinished ...>
236   09:11:51.095074 read(10 <unfinished ...>
227   09:11:51.105594 <... poll resumed>) = 0 (Timeout) <0.010635>
236   09:11:51.116517 <... read resumed>, "\1\v\5\26", 4) = 4 <0.011028>
230   09:11:51.121089 semop(557060, [{sem_num=0, sem_op=-1, sem_flg=SEM_UNDO}], 1 <unfinished ...>
236   09:11:51.124977 read(10 <unfinished ...>
230   09:11:51.128727 <... semop resumed>) = 0 <0.003826>
236   09:11:51.182586 <... read resumed>, "\27\3\3\5\21\0\0\0\0\0\0\r\334U\2557\210\212\353v\\&\215\262\222\361q\210+\27l\206"..., 1302) = 1302 <0.053937>
236   09:11:51.186909 --- SIGIO {si_signo=SIGIO, si_code=SI_KERNEL} ---
227   09:11:51.190491 poll([{fd=7, events=POLLIN}], 1, 0) = 0 (Timeout) <0.000321>
230   09:11:51.199491 semop(557060, [{sem_num=0, sem_op=1, sem_flg=SEM_UNDO}], 1 <unfinished ...>
236   09:11:51.203267 read(10 <unfinished ...>
230   09:11:51.207059 <... semop resumed>) = 0 <0.003882>
236   09:11:51.211277 <... read resumed>, "\1\v\3\346", 4) = 4 <0.004299>
230   09:11:51.215635 ioctl(22, _IOC(_IOC_READ, 0x4f, 0x39, 0x4), 0xb40fdd04) = 0 <0.000340>
227   09:11:51.223262 poll([{fd=7, events=POLLIN}], 1, 0 <unfinished ...>
236   09:11:51.227200 read(10 <unfinished ...>
230   09:11:51.230961 ioctl(22, _IOC(_IOC_READ, 0x4f, 0x36, 0x10), 0xb40fdcf8 <unfinished ...>
236   09:11:51.235005 <... read resumed>, "\27\3\3\3\341\0\0\0\0\0\0\r\335\376\360G\322\370\261\253%\222C\377\30\205\254>\n\302\310\27"..., 998) = 998 <0.004094>
227   09:11:51.238892 <... poll resumed>) = 0 (Timeout) <0.011789>
230   09:11:51.243705 <... ioctl resumed>) = 0 <0.008792>
236   09:11:51.247735 read(10 <unfinished ...>
230   09:11:51.251265 ioctl(22, _IOC(_IOC_WRITE, 0x4f, 0x2a, 0x10), 0xb40fdd2c <unfinished ...>
236   09:11:52.091386 <... read resumed>, "\1\v%\364", 4) = 4 <0.840149>
230   09:11:52.094920 <... ioctl resumed>) = 0 <0.003625>
227   09:11:52.098928 poll([{fd=7, events=POLLIN}], 1, 0) = 1 ([{fd=7, revents=POLLIN}]) <0.000644>
237   09:11:52.137055 write(10, "\1\v\0#\27\3\3\0\36\300O\200\347\373 \207,M_\231\362\207\375S\377\247\366\326>\200_F"..., 39 <unfinished ...>
236   09:11:52.141087 read(10 <unfinished ...>
227   09:11:52.144671 read(7 <unfinished ...>
237   09:11:52.149186 <... write resumed>) = 39 <0.008679>
236   09:11:52.152630 <... read resumed>, "\27\3\3%\357\0\0\0\0\0\0\r\336%\245Z\35r\3403I\10\233\217\364\274\220.\2662S\272"..., 4096) = 4096 <0.008164>
227   09:11:52.156302 <... read resumed>, "l\1\0\1\f\0\0\0*\0\0\0\235\0\0\0\1\1o\0\22\0\0\0/com/ark"..., 2048) = 188 <0.007308>
227   09:11:52.160256 read(7, 0xb4b01e28, 2048) = -1 EAGAIN (Resource temporarily unavailable) <0.000661>
236   09:11:52.167848 read(10 <unfinished ...>
230   09:11:52.171352 semop(557060, [{sem_num=0, sem_op=-1, sem_flg=SEM_UNDO}], 1 <unfinished ...>
227   09:11:52.174994 write(1, "ArkDbus::reply_to_requestWheelSt"..., 74 <unfinished ...>
236   09:11:52.178536 <... read resumed>, "\2328&\333\32x:\37\324@3j\f\314\256&\2038\217\10@MU\32\377\347\216k\2\332\34J"..., 4096) = 4096 <0.007324>
230   09:11:52.182986 <... semop resumed>) = 0 <0.008099>
227   09:11:52.186523 <... write resumed>) = 74 <0.008193>
227   09:11:52.190340 --- SIGIO {si_signo=SIGIO, si_code=SI_KERNEL} ---
236   09:11:52.194561 read(10, "n\311\202\205\360\36\376\223\205r\267\312\370\274}\256\vM\3148]\331}\310\222\33\320%~\251\35\330"..., 1524) = 1524 <0.000310>
227   09:11:52.208261 write(2, "ROTATE EVENT: 65536\n", 20) = 20 <0.000365>
230   09:11:52.215558 semop(557060, [{sem_num=0, sem_op=1, sem_flg=SEM_UNDO}], 1 <unfinished ...>
236   09:11:52.219438 read(10 <unfinished ...>
230   09:11:52.273296 <... semop resumed>) = 0 <0.054005>
236   09:11:52.277024 <... read resumed>, "\0\v\0*", 4) = 4 <0.003772>
230   09:11:52.280683 ioctl(22, _IOC(_IOC_READ, 0x4f, 0x39, 0x4), 0xb40fdd04) = 0 <0.000289>
230   09:11:52.287864 ioctl(22, _IOC(_IOC_READ, 0x4f, 0x36, 0x10), 0xb40fdcf8 <unfinished ...>
236   09:11:52.291985 read(10 <unfinished ...>
230   09:11:52.295587 <... ioctl resumed>) = 0 <0.004235>
236   09:11:52.299952 <... read resumed>, "\27\3\3\0%\0\0\0\0\0\0\r\337JY&a\2622\266\r\225\361\330|\58a\231\256}\330"..., 42) = 42 <0.004491>
230   09:11:52.304065 ioctl(22, _IOC(_IOC_WRITE, 0x4f, 0x2a, 0x10), 0xb40fdd2c <unfinished ...>
237   09:11:52.307905 write(10, "\2\v\0.\27\3\3\0)\300O\200\347\373 \207-\303bM\301\337\275\212\315\274>|u\7!y"..., 50 <unfinished ...>
230   09:11:52.312027 <... ioctl resumed>) = 0 <0.004468>
227   09:11:52.315748 write(2, "Sink::sendRotateEvent.\n", 23 <unfinished ...>
237   09:11:52.319552 <... write resumed>) = 50 <0.008173>
227   09:11:52.323530 <... write resumed>) = 23 <0.004203>
237   09:11:52.327281 write(10, "\1\v\0#\27\3\3\0\36\300O\200\347\373 \207.\27I'\330\252\314\252\20\337\371!\224\210$f"..., 39 <unfinished ...>
227   09:11:52.331266 writev(7, [{iov_base="l\2\1\1\4\0\0\0\16\0\0\0\37\0\0\0\6\1s\0\4\0\0\0:1.0\0\0\0\0"..., iov_len=48}, {iov_base="\1\0\0\0", iov_len=4}], 2 <unfinished ...>
237   09:11:52.344268 <... write resumed>) = 39 <0.013508>
227   09:11:53.198903 <... writev resumed>) = 52 <0.863778>
230   09:11:53.203287 semop(557060, [{sem_num=0, sem_op=-1, sem_flg=SEM_UNDO}], 1 <unfinished ...>
227   09:11:53.207374 poll([{fd=7, events=POLLIN}], 1, 0 <unfinished ...>
237   09:11:53.210707 write(10, "\0\v\0(\27\3\3\0#\300O\200\347\373 \207/1w\10\243b%V\255u\366$Pc\366j"..., 44 <unfinished ...>
230   09:11:53.243945 <... semop resumed>) = 0 <0.036663>
227   09:11:53.247566 <... poll resumed>) = 1 ([{fd=7, revents=POLLIN}]) <0.037003>
237   09:11:53.251723 <... write resumed>) = 44 <0.008471>
227   09:11:53.255238 --- SIGIO {si_signo=SIGIO, si_code=SI_KERNEL} ---
236   09:11:53.259038 read(10, "\1\v\10I", 4) = 4 <0.000316>
227   09:11:53.266446 read(7 <unfinished ...>
230   09:11:53.270105 semop(557060, [{sem_num=0, sem_op=1, sem_flg=SEM_UNDO}], 1 <unfinished ...>
227   09:11:53.273651 <... read resumed>, "l\1\0\1\f\0\0\0+\0\0\0\235\0\0\0\1\1o\0\22\0\0\0/com/ark"..., 2048) = 188 <0.003788>
236   09:11:53.277537 read(10 <unfinished ...>
230   09:11:53.281874 <... semop resumed>) = 0 <0.008318>
227   09:11:53.285340 read(7 <unfinished ...>
236   09:11:53.288736 <... read resumed>, "\27\3\3\10D\0\0\0\0\0\0\r\340\20Qa\344l\255\27\35=\35\332\v\270\202\342\345|\243S"..., 2121) = 2121 <0.006994>
230   09:11:53.295803 ioctl(22, _IOC(_IOC_READ, 0x4f, 0x39, 0x4), 0xb40fdd04 <unfinished ...>
227   09:11:53.299338 <... read resumed>, 0xb4b01e28, 2048) = -1 EAGAIN (Resource temporarily unavailable) <0.010752>
230   09:11:53.303049 <... ioctl resumed>) = 0 <0.003814>
227   09:11:53.306555 write(1, "ArkDbus::reply_to_requestWheelSt"..., 74 <unfinished ...>
230   09:11:53.310561 ioctl(22, _IOC(_IOC_READ, 0x4f, 0x36, 0x10), 0xb40fdcf8 <unfinished ...>
227   09:11:53.314283 <... write resumed>) = 74 <0.004292>
236   09:11:53.317897 read(10 <unfinished ...>
230   09:11:53.321506 <... ioctl resumed>) = 0 <0.007348>
227   09:11:53.374048 write(2, "ROTATE EVENT: 65536\n", 20 <unfinished ...>
236   09:11:53.378075 <... read resumed>, "\1\v\4#", 4) = 4 <0.056781>
230   09:11:53.382517 ioctl(22, _IOC(_IOC_WRITE, 0x4f, 0x2a, 0x10), 0xb40fdd2c <unfinished ...>
227   09:11:53.386140 <... write resumed>) = 20 <0.008582>
237   09:11:53.389696 write(10, "\7\v\0#\27\3\3\0\36\300O\200\347\373 \2070\336R\n\244sR<\227U\225\364\245\307\214>"..., 39 <unfinished ...>
230   09:11:53.393933 <... ioctl resumed>) = 0 <0.007898>
237   09:11:53.397818 <... write resumed>) = 39 <0.004657>
237   09:11:53.402365 write(10, "\1\v\0#\27\3\3\0\36\300O\200\347\373 \2071\7%\241\256KW\264\245\235\312\240\306\363\37\""..., 39 <unfinished ...>
236   09:11:53.406555 read(10 <unfinished ...>
237   09:11:53.410941 <... write resumed>) = 39 <0.004956>
236   09:11:53.415284 <... read resumed>, "\27\3\3\4\36\0\0\0\0\0\0\r\341\345;)e\233E\327W\335\\\203\26GMN\235\0\254\361"..., 1059) = 1059 <0.005301>
230   09:11:53.421387 semop(557060, [{sem_num=0, sem_op=-1, sem_flg=SEM_UNDO}], 1 <unfinished ...>
237   09:11:53.425397 write(10, "\2\v\0.\27\3\3\0)\300O\200\347\373 \20725\n\v\324Ki \322\230\204z\269\2\321"..., 50 <unfinished ...>
236   09:11:53.429934 read(10 <unfinished ...>
230   09:11:53.433468 <... semop resumed>) = 0 <0.008359>
227   09:11:53.437025 write(2, "Sink::sendRotateEvent.\n", 23 <unfinished ...>
237   09:11:53.441017 <... write resumed>) = 50 <0.011642>
236   09:11:53.444810 <... read resumed>, "\1\v).", 4) = 4 <0.011471>
227   09:11:54.286364 <... write resumed>) = ? ERESTARTSYS (To be restarted if SA_RESTART is set) <0.845517>
237   09:11:54.289884 --- SIGIO {si_signo=SIGIO, si_code=SI_KERNEL} ---
227   09:11:54.293586 write(2, "Sink::sendRotateEvent.\n", 23 <unfinished ...>
236   09:11:54.297543 read(10 <unfinished ...>
227   09:11:54.330793 <... write resumed>) = 23 <0.033683>
236   09:11:54.334629 <... read resumed>, "\27\3\3))\0\0\0\0\0\0\r\342\306\334 \267\233\214\334v3\5b\t\251\373h\261O\271\254"..., 4096) = 4096 <0.004059>
230   09:11:54.338426 semop(557060, [{sem_num=0, sem_op=1, sem_flg=SEM_UNDO}], 1 <unfinished ...>
227   09:11:54.342013 writev(7, [{iov_base="l\2\1\1\4\0\0\0\17\0\0\0\37\0\0\0\6\1s\0\4\0\0\0:1.0\0\0\0\0"..., iov_len=48}, {iov_base="\1\0\0\0", iov_len=4}], 2 <unfinished ...>
230   09:11:54.350090 <... semop resumed>) = 0 <0.008170>
227   09:11:54.353722 <... writev resumed>) = 52 <0.007606>
230   09:11:54.357426 ioctl(22, _IOC(_IOC_READ, 0x4f, 0x39, 0x4), 0xb40fdd04 <unfinished ...>
227   09:11:54.361022 poll([{fd=7, events=POLLIN}], 1, 0 <unfinished ...>
236   09:11:54.364641 read(10 <unfinished ...>
230   09:11:54.368114 <... ioctl resumed>) = 0 <0.007181>
227   09:11:54.371652 <... poll resumed>) = 1 ([{fd=7, revents=POLLIN}]) <0.007151>
236   09:11:54.375294 <... read resumed>, "\30\322\250\230\265\373 \233f\356\241q\311`\35\355\236E\355\n\206y\372\206\2641^\370\251\223\340\305"..., 4096) = 4096 <0.007344>
230   09:11:54.378750 ioctl(22, _IOC(_IOC_READ, 0x4f, 0x36, 0x10), 0xb40fdcf8 <unfinished ...>
227   09:11:54.382209 read(7 <unfinished ...>
230   09:11:54.385986 <... ioctl resumed>) = 0 <0.003873>
227   09:11:54.389446 <... read resumed>, "l\1\0\1\216\0\0\0,\0\0\0\235\0\0\0\1\1o\0\22\0\0\0/com/ark"..., 2048) = 318 <0.003753>
230   09:11:54.393756 ioctl(22, _IOC(_IOC_WRITE, 0x4f, 0x2a, 0x10), 0xb40fdd2c <unfinished ...>
227   09:11:54.397384 read(7 <unfinished ...>
236   09:11:54.400818 read(10 <unfinished ...>
230   09:11:54.404428 <... ioctl resumed>) = 0 <0.007135>
227   09:11:54.408009 <... read resumed>, 0xb4b01e28, 2048) = -1 EAGAIN (Resource temporarily unavailable) <0.007349>
236   09:11:54.458550 <... read resumed>, "U\206\310\200\24\347vY\327J\n\271\224\353\210/\222\273\270\6\33\340\r\3\245\2730N\5$U\364"..., 2350) = 2350 <0.054328>
237   09:11:54.470023 write(10, "\1\v\0#\27\3\3\0\36\300O\200\347\373 \2073\226\237\31\336\203\201r.\322\244\235\"\26\336$"..., 39 <unfinished ...>
227   09:11:54.473659 ioctl(27, FBIOGET_VSCREENINFO, 0xb5ce0c54 <unfinished ...>
237   09:11:54.477793 <... write resumed>) = 39 <0.004185>
227   09:11:54.482230 <... ioctl resumed>) = 0 <0.004531>
236   09:11:54.486607 read(10, "\1\v\10\t", 4) = 4 <0.000602>
230   09:11:54.494647 semop(557060, [{sem_num=0, sem_op=-1, sem_flg=SEM_UNDO}], 1) = 0 <0.000929>
236   09:11:54.502986 read(10, "\27\3\3\10\4\0\0\0\0\0\0\r\343\320\306\3570\2369\311\7g\224~\300_\347\321\305\335mG"..., 2057) = 2057 <0.000466>
237   09:11:54.512715 --- SIGIO {si_signo=SIGIO, si_code=SI_KERNEL} ---
227   09:11:54.516557 writev(7, [{iov_base="l\2\1\1\4\0\0\0\20\0\0\0\37\0\0\0\6\1s\0\4\0\0\0:1.0\0\0\0\0"..., iov_len=48}, {iov_base="\1\0\0\0", iov_len=4}], 2) = 52 <0.003530>
236   09:11:54.527558 read(10 <unfinished ...>
230   09:11:54.531140 semop(557060, [{sem_num=0, sem_op=1, sem_flg=SEM_UNDO}], 1 <unfinished ...>
227   09:11:54.534819 poll([{fd=7, events=POLLIN}], 1, 0 <unfinished ...>
237   09:11:54.538818 write(10, "\2\v\0004\27\3\3\0/\300O\200\347\373 \2074&\212\332\n\341\313\6*\2\347@\315\315\30\216"..., 56 <unfinished ...>
236   09:11:55.378557 <... read resumed>, "\0\v\0*", 4) = 4 <0.847529>
230   09:11:55.382520 <... semop resumed>) = 0 <0.847799>
227   09:11:55.386027 <... poll resumed>) = 1 ([{fd=7, revents=POLLIN}]) <0.847355>
237   09:11:55.413878 <... write resumed>) = 56 <0.035361>
230   09:11:55.417509 ioctl(22, _IOC(_IOC_READ, 0x4f, 0x39, 0x4), 0xb40fdd04 <unfinished ...>
227   09:11:55.420899 read(7 <unfinished ...>
230   09:11:55.424755 <... ioctl resumed>) = 0 <0.003951>
227   09:11:55.428114 <... read resumed>, "l\1\0\1\216\0\0\0-\0\0\0\235\0\0\0\1\1o\0\22\0\0\0/com/ark"..., 2048) = 318 <0.003849>
236   09:11:55.431742 read(10 <unfinished ...>
230   09:11:55.435724 ioctl(22, _IOC(_IOC_READ, 0x4f, 0x36, 0x10), 0xb40fdcf8 <unfinished ...>
227   09:11:55.439235 read(7 <unfinished ...>
236   09:11:55.442621 <... read resumed>, "\27\3\3\0%\0\0\0\0\0\0\r\344\214\363\332\366\201d\211\33_I\2j\30<5\277j\252+"..., 42) = 42 <0.007008>
230   09:11:55.446667 <... ioctl resumed>) = 0 <0.007524>
227   09:11:55.450183 <... read resumed>, 0xb4b01e28, 2048) = -1 EAGAIN (Resource temporarily unavailable) <0.007709>
230   09:11:55.453887 ioctl(22, _IOC(_IOC_WRITE, 0x4f, 0x2a, 0x10), 0xb40fdd2c) = 0 <0.000347>
227   09:11:55.461749 ioctl(27, FBIOGET_VSCREENINFO, 0xb5ce0c54) = 0 <0.000785>
237   09:11:55.469449 write(10, "\1\v\0#\27\3\3\0\36\300O\200\347\373 \2075\275\275\260\r^8\24\277\340r\22\r\250%A"..., 39) = 39 <0.000895>
237   09:11:55.478232 write(10, "\0\v\0(\27\3\3\0#\300O\200\347\373 \2076\36\372\30\n\315J4\224g\357\364\5\375\277\217"..., 44 <unfinished ...>
236   09:11:55.481950 read(10 <unfinished ...>
237   09:11:55.486608 <... write resumed>) = 44 <0.004819>
236   09:11:55.490157 <... read resumed>, "\1\v\10u", 4) = 4 <0.003824>
230   09:11:55.495138 semop(557060, [{sem_num=0, sem_op=-1, sem_flg=SEM_UNDO}], 1) = 0 <0.000673>
237   09:11:55.547864 write(10, "\2\v\0004\27\3\3\0/\300O\200\347\373 \2077\223\5\205\216,\254\25\307\331G\301\363j\244\255"..., 56 <unfinished ...>
236   09:11:55.552427 read(10 <unfinished ...>
227   09:11:55.556570 writev(7, [{iov_base="l\2\1\1\4\0\0\0\21\0\0\0\37\0\0\0\6\1s\0\4\0\0\0:1.0\0\0\0\0"..., iov_len=48}, {iov_base="\1\0\0\0", iov_len=4}], 2 <unfinished ...>
237   09:11:55.564284 <... write resumed>) = 56 <0.012516>
236   09:11:55.571938 <... read resumed>, "\27\3\3\10p\0\0\0\0\0\0\r\345\30\27\371\7a\317\331o+y\303\0321`\210U\216=\330"..., 2165) = 2165 <0.015650>
227   09:11:55.577459 <... writev resumed>) = 52 <0.017344>
237   09:11:55.581102 --- SIGIO {si_signo=SIGIO, si_code=SI_KERNEL} ---
227   09:11:55.585027 poll([{fd=7, events=POLLIN}], 1, 0) = 1 ([{fd=7, revents=POLLIN}]) <0.000410>
236   09:11:55.592429 read(10 <unfinished ...>
230   09:11:55.596121 semop(557060, [{sem_num=0, sem_op=1, sem_flg=SEM_UNDO}], 1 <unfinished ...>
227   09:11:55.599703 read(7 <unfinished ...>
236   09:11:55.603287 <... read resumed>, "\1\v\4\10", 4) = 4 <0.007291>
230   09:11:55.606900 <... semop resumed>) = 0 <0.007303>
227   09:11:55.610403 <... read resumed>, "l\1\0\1\f\0\0\0.\0\0\0\235\0\0\0\1\1o\0\22\0\0\0/com/ark"..., 2048) = 188 <0.007374>
230   09:11:55.614373 ioctl(22, _IOC(_IOC_READ, 0x4f, 0x39, 0x4), 0xb40fdd04 <unfinished ...>
227   09:11:56.454862 read(7 <unfinished ...>
230   09:11:56.459088 <... ioctl resumed>) = 0 <0.004266>
227   09:11:56.462424 <... read resumed>, 0xb4b01e28, 2048) = -1 EAGAIN (Resource temporarily unavailable) <0.003607>
236   09:11:56.466023 read(10 <unfinished ...>
230   09:11:56.493508 ioctl(22, _IOC(_IOC_READ, 0x4f, 0x36, 0x10), 0xb40fdcf8 <unfinished ...>
227   09:11:56.497015 write(1, "ArkDbus::reply_to_requestWheelSt"..., 74 <unfinished ...>
236   09:11:56.500578 <... read resumed>, "\27\3\3\4\3\0\0\0\0\0\0\r\346\\\277=V]/\374\25h\202i\24\270]\20^\32\3\205"..., 1032) = 1032 <0.007255>
230   09:11:56.505668 <... ioctl resumed>) = 0 <0.008746>
227   09:11:56.509258 <... write resumed>) = 74 <0.008884>
230   09:11:56.512966 ioctl(22, _IOC(_IOC_WRITE, 0x4f, 0x2a, 0x10), 0xb40fdd2c <unfinished ...>
227   09:11:56.516526 write(2, "ROTATE EVENT: 65536\n", 20 <unfinished ...>
230   09:11:56.520198 <... ioctl resumed>) = 0 <0.003768>
227   09:11:56.523776 <... write resumed>) = 20 <0.003850>
236   09:11:56.527397 read(10, "\1\v!\30", 4) = 4 <0.000672>
237   09:11:56.535493 write(10, "\1\v\0#\27\3\3\0\36\300O\200\347\373 \2078\202Cn\3159T\34g[,\356\254\221\315k"..., 39) = 39 <0.001030>
236   09:11:56.544156 read(10, "\27\3\3!\23\0\0\0\0\0\0\r\347\\\256MQ_\232\233\334t\220+\21?\236P3\237\356\f"..., 4096) = 4096 <0.000660>
237   09:11:56.553654 write(10, "\2\v\0.\27\3\3\0)\300O\200\347\373 \2079\276\366\3551&?7s\251R\301b}^\326"..., 50 <unfinished ...>
230   09:11:56.558037 semop(557060, [{sem_num=0, sem_op=-1, sem_flg=SEM_UNDO}], 1 <unfinished ...>
227   09:11:56.561560 write(2, "Sink::sendRotateEvent.\n", 23 <unfinished ...>
237   09:11:56.565286 <... write resumed>) = 50 <0.007878>
230   09:11:56.568850 <... semop resumed>) = 0 <0.007398>
227   09:11:56.572311 <... write resumed>) = 23 <0.007232>
236   09:11:56.621952 read(10 <unfinished ...>
227   09:11:56.625753 --- SIGIO {si_signo=SIGIO, si_code=SI_KERNEL} ---
236   09:11:56.629265 <... read resumed>, "\332H\221E\35+\267\356\23d\343!\327\332\346\3012\n\274\332g\2117|\313\3`\225Z\304\276\24"..., 4096) = 4096 <0.003755>
227   09:11:56.633895 writev(7, [{iov_base="l\2\1\1\4\0\0\0\22\0\0\0\37\0\0\0\6\1s\0\4\0\0\0:1.0\0\0\0\0"..., iov_len=48}, {iov_base="\1\0\0\0", iov_len=4}], 2 <unfinished ...>
236   09:11:56.641391 read(10 <unfinished ...>
227   09:11:56.645222 <... writev resumed>) = 52 <0.007574>
236   09:11:56.648725 <... read resumed>, "N\177,\343\22\371\264\303W\3542\\To\372S\204\337{\225\35\37\363\317\345\6v\305o\266\234`"..., 280) = 280 <0.003739>
230   09:11:56.656654 semop(557060, [{sem_num=0, sem_op=1, sem_flg=SEM_UNDO}], 1 <unfinished ...>
227   09:11:56.660408 poll([{fd=7, events=POLLIN}], 1, 0 <unfinished ...>
230   09:11:56.664117 <... semop resumed>) = 0 <0.003797>
227   09:11:56.667732 <... poll resumed>) = 1 ([{fd=7, revents=POLLIN}]) <0.003856>
230   09:11:56.671420 ioctl(22, _IOC(_IOC_READ, 0x4f, 0x39, 0x4), 0xb40fdd04 <unfinished ...>
227   09:11:56.675066 read(7 <unfinished ...>
230   09:11:56.678731 <... ioctl resumed>) = 0 <0.003759>
227   09:11:56.682173 <... read resumed>, "l\1\0\1\f\0\0\0/\0\0\0\235\0\0\0\1\1o\0\22\0\0\0/com/ark"..., 2048) = 188 <0.003646>
236   09:11:56.686635 read(10 <unfinished ...>
230   09:11:56.690092 ioctl(22, _IOC(_IOC_READ, 0x4f, 0x36, 0x10), 0xb40fdcf8 <unfinished ...>
227   09:11:57.530643 read(7 <unfinished ...>
236   09:11:57.534239 <... read resumed>, "\1\v\0075", 4) = 4 <0.844262>
230   09:11:57.537846 <... ioctl resumed>) = 0 <0.007244>
230   09:11:57.541535 ioctl(22, _IOC(_IOC_WRITE, 0x4f, 0x2a, 0x10), 0xb40fdd2c <unfinished ...>
227   09:11:57.545017 <... read resumed>, 0xb4b01e28, 2048) = -1 EAGAIN (Resource temporarily unavailable) <0.010867>
230   09:11:57.572948 <... ioctl resumed>) = 0 <0.028024>
227   09:11:57.576628 write(1, "ArkDbus::reply_to_requestWheelSt"..., 74 <unfinished ...>
236   09:11:57.580325 read(10 <unfinished ...>
227   09:11:57.583950 <... write resumed>) = 74 <0.003827>
236   09:11:57.588003 <... read resumed>, "\27\3\3\0070\0\0\0\0\0\0\r\350w\237\300/\377\232\336`\30\257\327\323%9ex\314\306\320"..., 1845) = 1845 <0.004301>
227   09:11:57.593780 write(2, "ROTATE EVENT: 65536\n", 20 <unfinished ...>
237   09:11:57.597549 write(10, "\1\v\0#\27\3\3\0\36\300O\200\347\373 \207:m\363\17!\365g#!\6K\262\345\5QO"..., 39 <unfinished ...>
227   09:11:57.601896 <... write resumed>) = 20 <0.004558>
237   09:11:57.605792 <... write resumed>) = 39 <0.004636>
236   09:11:57.615942 read(10, "\0\v\0*", 4) = 4 <0.000272>
230   09:11:57.623627 semop(557060, [{sem_num=0, sem_op=-1, sem_flg=SEM_UNDO}], 1) = 0 <0.000497>
236   09:11:57.631615 read(10 <unfinished ...>
237   09:11:57.635760 write(10, "\2\v\0.\27\3\3\0)\300O\200\347\373 \207;\357\20\35\266\17\3669'\5S\23\322;\353\265"..., 50 <unfinished ...>
236   09:11:57.639905 <... read resumed>, "\27\3\3\0%\0\0\0\0\0\0\r\351#!\5\2350\2\7\6\324\16\16\210\fKT\6+\\\221"..., 42) = 42 <0.004454>
227   09:11:57.644081 --- SIGIO {si_signo=SIGIO, si_code=SI_KERNEL} ---
237   09:11:57.647715 <... write resumed>) = 50 <0.008389>
230   09:11:57.651955 semop(557060, [{sem_num=0, sem_op=1, sem_flg=SEM_UNDO}], 1 <unfinished ...>
227   09:11:57.656770 write(2, "Sink::sendRotateEvent.\n", 23 <unfinished ...>
230   09:11:57.660705 <... semop resumed>) = 0 <0.004038>
227   09:11:57.709244 <... write resumed>) = 23 <0.048947>
230   09:11:57.712934 ioctl(22, _IOC(_IOC_READ, 0x4f, 0x39, 0x4), 0xb40fdd04 <unfinished ...>
227   09:11:57.716716 writev(7, [{iov_base="l\2\1\1\4\0\0\0\23\0\0\0\37\0\0\0\6\1s\0\4\0\0\0:1.0\0\0\0\0"..., iov_len=48}, {iov_base="\1\0\0\0", iov_len=4}], 2 <unfinished ...>
230   09:11:57.724481 <... ioctl resumed>) = 0 <0.007850>
227   09:11:57.728174 <... writev resumed>) = 52 <0.007864>
237   09:11:57.731754 write(10, "\0\v\0(\27\3\3\0#\300O\200\347\373 \207<\230\25GN\262W\344 \277\251-\33\365\303\301"..., 44 <unfinished ...>
230   09:11:57.735866 ioctl(22, _IOC(_IOC_READ, 0x4f, 0x36, 0x10), 0xb40fdcf8 <unfinished ...>
227   09:11:57.739496 poll([{fd=7, events=POLLIN}], 1, 0 <unfinished ...>
237   09:11:57.743116 <... write resumed>) = 44 <0.007919>
230   09:11:57.746574 <... ioctl resumed>) = 0 <0.007176>
227   09:11:57.763927 <... poll resumed>) = 1 ([{fd=7, revents=POLLIN}]) <0.020968>
236   09:11:57.767676 read(10 <unfinished ...>
230   09:11:57.771353 ioctl(22, _IOC(_IOC_WRITE, 0x4f, 0x2a, 0x10), 0xb40fdd2c <unfinished ...>
227   09:11:57.774960 read(7 <unfinished ...>
236   09:11:57.778513 <... read resumed>, "\1\v\4\t", 4) = 4 <0.007338>
230   09:11:57.782536 <... ioctl resumed>) = 0 <0.007681>
227   09:11:57.786165 <... read resumed>, "l\1\0\1\f\0\0\0000\0\0\0\235\0\0\0\1\1o\0\22\0\0\0/com/ark"..., 2048) = 188 <0.007838>
227   09:11:58.627318 read(7 <unfinished ...>
237   09:11:58.631257 write(10, "\1\v\0#\27\3\3\0\36\300O\200\347\373 \207=~0'\332\346\316\\IG\244\3101\0\345t"..., 39 <unfinished ...>
236   09:11:58.635115 read(10 <unfinished ...>
237   09:11:58.639450 <... write resumed>) = 39 <0.004730>
236   09:11:58.644820 <... read resumed>, "\27\3\3\4\4\0\0\0\0\0\0\r\352\224\360M\236\376\202,G\206\330.&\345\35{8/\21m"..., 1033) = 1033 <0.006384>
227   09:11:58.673371 <... read resumed>, 0xb4b01e28, 2048) = -1 EAGAIN (Resource temporarily unavailable) <0.042209>
237   09:11:58.678001 write(10, "\7\v\0#\27\3\3\0\36\300O\200\347\373 \207>\25T\237\352R\334r\245\225\267\206\242B\335i"..., 39 <unfinished ...>
227   09:11:58.682193 write(1, "ArkDbus::reply_to_requestWheelSt"..., 74 <unfinished ...>
237   09:11:58.685859 <... write resumed>) = 39 <0.004391>
227   09:11:58.689890 <... write resumed>) = 74 <0.004200>
236   09:11:58.693501 read(10 <unfinished ...>
230   09:11:58.697479 semop(557060, [{sem_num=0, sem_op=-1, sem_flg=SEM_UNDO}], 1 <unfinished ...>
227   09:11:58.701005 write(2, "ROTATE EVENT: 65536\n", 20 <unfinished ...>
236   09:11:58.704608 <... read resumed>, "\1\v\3\314", 4) = 4 <0.007252>
230   09:11:58.708209 <... semop resumed>) = 0 <0.007295>
227   09:11:58.711798 <... write resumed>) = 20 <0.007383>
227   09:11:58.715772 --- SIGIO {si_signo=SIGIO, si_code=SI_KERNEL} ---
236   09:11:58.719485 read(10, "\27\3\3\3\307\0\0\0\0\0\0\r\353\30e\34A}-*w.\204w\261\v\221\276\271e\315\244"..., 972) = 972 <0.000223>
230   09:11:58.731174 semop(557060, [{sem_num=0, sem_op=1, sem_flg=SEM_UNDO}], 1 <unfinished ...>
236   09:11:58.737192 read(10 <unfinished ...>
230   09:11:58.741149 <... semop resumed>) = 0 <0.004151>
236   09:11:58.748728 <... read resumed>, "\1\v\3\314", 4) = 4 <0.008104>
230   09:11:58.752425 ioctl(22, _IOC(_IOC_READ, 0x4f, 0x39, 0x4), 0xb40fdd04) = 0 <0.000718>
237   09:11:58.760492 write(10, "\2\v\0.\27\3\3\0)\300O\200\347\373 \207?\177\334\2070\22\23a\234\22w#\226\\S\332"..., 50 <unfinished ...>
230   09:11:58.810306 ioctl(22, _IOC(_IOC_READ, 0x4f, 0x36, 0x10), 0xb40fdcf8 <unfinished ...>
227   09:11:58.814319 write(2, "Sink::sendRotateEvent.\n", 23 <unfinished ...>
237   09:11:58.818019 <... write resumed>) = 50 <0.008334>
236   09:11:58.821499 read(10 <unfinished ...>
230   09:11:58.825382 <... ioctl resumed>) = 0 <0.011161>
227   09:11:58.828901 <... write resumed>) = 23 <0.011101>
236   09:11:58.832742 <... read resumed>, "\27\3\3\3\307\0\0\0\0\0\0\r\354~\307\223\221\2060g\236\257\354\321y>\r0v\315\227Y"..., 972) = 972 <0.007559>
230   09:11:58.837961 ioctl(22, _IOC(_IOC_WRITE, 0x4f, 0x2a, 0x10), 0xb40fdd2c <unfinished ...>
227   09:11:58.841638 writev(7, [{iov_base="l\2\1\1\4\0\0\0\24\0\0\0\37\0\0\0\6\1s\0\4\0\0\0:1.0\0\0\0\0"..., iov_len=48}, {iov_base="\1\0\0\0", iov_len=4}], 2 <unfinished ...>
230   09:11:58.848921 <... ioctl resumed>) = 0 <0.007379>
227   09:11:58.854061 <... writev resumed>) = 52 <0.008742>
227   09:11:58.857814 poll([{fd=7, events=POLLIN}], 1, 0 <unfinished ...>
236   09:11:58.861874 read(10 <unfinished ...>
227   09:11:58.865948 <... poll resumed>) = 1 ([{fd=7, revents=POLLIN}]) <0.004584>
237   09:11:58.869613 write(10, "\1\v\0#\27\3\3\0\36\300O\200\347\373 \207@s\311b0\355\333\263\227\251%\1\365\310\34\377"..., 39 <unfinished ...>
236   09:11:58.873615 <... read resumed>, "\1\v)\371", 4) = 4 <0.008274>
227   09:11:58.878676 read(7 <unfinished ...>
237   09:11:59.720008 <... write resumed>) = 39 <0.846957>
227   09:11:59.723566 <... read resumed>, "l\1\0\1\f\0\0\0001\0\0\0\235\0\0\0\1\1o\0\22\0\0\0/com/ark"..., 2048) = 188 <0.003659>
227   09:11:59.728276 read(7 <unfinished ...>
236   09:11:59.731619 read(10 <unfinished ...>
227   09:11:59.759150 <... read resumed>, 0xb4b01e28, 2048) = -1 EAGAIN (Resource temporarily unavailable) <0.027669>
236   09:11:59.762814 <... read resumed>, "\27\3\3)\364\0\0\0\0\0\0\r\355\341\32 \375\7\0\264\314,_\35\3544(\356\6]L\306"..., 4096) = 4096 <0.004205>
230   09:11:59.766267 semop(557060, [{sem_num=0, sem_op=-1, sem_flg=SEM_UNDO}], 1 <unfinished ...>
227   09:11:59.769676 write(1, "ArkDbus::reply_to_requestWheelSt"..., 74 <unfinished ...>
230   09:11:59.773359 <... semop resumed>) = 0 <0.003784>
227   09:11:59.777584 <... write resumed>) = 74 <0.004509>
227   09:11:59.781558 --- SIGIO {si_signo=SIGIO, si_code=SI_KERNEL} ---
236   09:11:59.785116 read(10, "\204L\363\266m\0315X\305+\212T\223\264\313\5tM\30\215\t`5\202fb\372\262\334nfW"..., 4096) = 4096 <0.000360>
227   09:11:59.795645 write(2, "ROTATE EVENT: 65536\n", 20 <unfinished ...>
230   09:11:59.802349 semop(557060, [{sem_num=0, sem_op=1, sem_flg=SEM_UNDO}], 1 <unfinished ...>
227   09:11:59.806010 <... write resumed>) = 20 <0.003939>
236   09:11:59.809401 read(10 <unfinished ...>
230   09:11:59.813128 <... semop resumed>) = 0 <0.007211>
236   09:11:59.816818 <... read resumed>, "\346 \234\317l\37\5\207\0\21\0262\26\333\25\323\5jt\223\26\n\223\345)\300\323Z1\34\16\217"..., 2553) = 2553 <0.004262>
230   09:11:59.823548 ioctl(22, _IOC(_IOC_READ, 0x4f, 0x39, 0x4), 0xb40fdd04) = 0 <0.000295>
230   09:11:59.835847 ioctl(22, _IOC(_IOC_READ, 0x4f, 0x36, 0x10), 0xb40fdcf8 <unfinished ...>
236   09:11:59.839294 read(10 <unfinished ...>
230   09:11:59.843181 <... ioctl resumed>) = 0 <0.003959>
236   09:11:59.847816 <... read resumed>, "\0\v\0*", 4) = 4 <0.004713>
230   09:11:59.895265 ioctl(22, _IOC(_IOC_WRITE, 0x4f, 0x2a, 0x10), 0xb40fdd2c <unfinished ...>
237   09:11:59.898991 write(10, "\2\v\0.\27\3\3\0)\300O\200\347\373 \207A\344n\262\240^\245\333\342\223\242\212\10\6\376\307"..., 50 <unfinished ...>
230   09:11:59.903620 <... ioctl resumed>) = 0 <0.004897>
227   09:11:59.907942 write(2, "Sink::sendRotateEvent.\n", 23 <unfinished ...>
237   09:11:59.911695 <... write resumed>) = 50 <0.008758>
227   09:11:59.915692 <... write resumed>) = 23 <0.004208>
237   09:11:59.920930 write(10, "\1\v\0#\27\3\3\0\36\300O\200\347\373 \207B\306\252|&\274\354\264\362\227g\4M\311\325\177"..., 39 <unfinished ...>
236   09:11:59.925085 read(10 <unfinished ...>
227   09:11:59.928798 writev(7, [{iov_base="l\2\1\1\4\0\0\0\25\0\0\0\37\0\0\0\6\1s\0\4\0\0\0:1.0\0\0\0\0"..., iov_len=48}, {iov_base="\1\0\0\0", iov_len=4}], 2 <unfinished ...>
237   09:11:59.945077 <... write resumed>) = 39 <0.020554>
236   09:11:59.949187 <... read resumed>, "\27\3\3\0%\0\0\0\0\0\0\r\356 \267\23\301a\231\303:&^\362P\374\32\22\377\23\31\221"..., 42) = 42 <0.020631>
227   09:11:59.953457 <... writev resumed>) = 52 <0.021020>
227   09:11:59.957759 poll([{fd=7, events=POLLIN}], 1, 0 <unfinished ...>
230   09:11:59.961762 semop(557060, [{sem_num=0, sem_op=-1, sem_flg=SEM_UNDO}], 1 <unfinished ...>
227   09:11:59.967295 <... poll resumed>) = 1 ([{fd=7, revents=POLLIN}]) <0.005733>
230   09:11:59.971165 <... semop resumed>) = 0 <0.003987>
227   09:11:59.974979 read(7 <unfinished ...>
236   09:12:00.818474 --- SIGIO {si_signo=SIGIO, si_code=SI_KERNEL} ---
227   09:12:00.822036 <... read resumed>, "l\1\0\1\f\0\0\0002\0\0\0\235\0\0\0\1\1o\0\22\0\0\0/com/ark"..., 2048) = 188 <0.003976>
227   09:12:00.825995 read(7, 0xb4b01e28, 2048) = -1 EAGAIN (Resource temporarily unavailable) <0.000406>
230   09:12:00.833123 semop(557060, [{sem_num=0, sem_op=1, sem_flg=SEM_UNDO}], 1 <unfinished ...>
227   09:12:00.860775 write(1, "ArkDbus::reply_to_requestWheelSt"..., 74 <unfinished ...>
230   09:12:00.865104 <... semop resumed>) = 0 <0.004423>
227   09:12:00.868714 <... write resumed>) = 74 <0.004397>
237   09:12:00.872295 write(10, "\0\v\0(\27\3\3\0#\300O\200\347\373 \207C\362\275\17\25\371\34\2\301y\360\272\32\231w\7"..., 44 <unfinished ...>
230   09:12:00.876539 ioctl(22, _IOC(_IOC_READ, 0x4f, 0x39, 0x4), 0xb40fdd04 <unfinished ...>
227   09:12:00.880405 write(2, "ROTATE EVENT: 65536\n", 20 <unfinished ...>
237   09:12:00.884139 <... write resumed>) = 44 <0.008276>
230   09:12:00.887835 <... ioctl resumed>) = 0 <0.007527>
227   09:12:00.891194 <... write resumed>) = 20 <0.007350>
236   09:12:00.894732 read(10 <unfinished ...>
230   09:12:00.898222 ioctl(22, _IOC(_IOC_READ, 0x4f, 0x36, 0x10), 0xb40fdcf8 <unfinished ...>
236   09:12:00.901818 <... read resumed>, "\1\t?\25", 4) = 4 <0.003723>
230   09:12:00.905366 <... ioctl resumed>) = 0 <0.003752>
230   09:12:00.909140 ioctl(22, _IOC(_IOC_WRITE, 0x4f, 0x2a, 0x10), 0xb40fdd2c) = 0 <0.000246>
236   09:12:00.916452 read(10, "\0\0n\270\27\3\3?\20\0\0\0\0\0\0\r\357e\354\302\205\303V\226%i\236\241B-\f\273"..., 4096) = 4096 <0.000660>
237   09:12:00.924806 write(10, "\1\v\0#\27\3\3\0\36\300O\200\347\373 \207Dc,\230\234\242\6@\240P\16\333{\215\0\324"..., 39 <unfinished ...>
227   09:12:00.929214 write(2, "Sink::sendRotateEvent.\n", 23 <unfinished ...>
237   09:12:00.933156 <... write resumed>) = 39 <0.004903>
227   09:12:00.937800 <... write resumed>) = 23 <0.004869>
237   09:12:00.986433 write(10, "\2\v\0.\27\3\3\0)\300O\200\347\373 \207E\307Yj\1\323\354\365 {vM\303;:\17"..., 50 <unfinished ...>
236   09:12:00.990760 read(10 <unfinished ...>
227   09:12:00.994876 writev(7, [{iov_base="l\2\1\1\4\0\0\0\26\0\0\0\37\0\0\0\6\1s\0\4\0\0\0:1.0\0\0\0\0"..., iov_len=48}, {iov_base="\1\0\0\0", iov_len=4}], 2 <unfinished ...>
237   09:12:01.002717 <... write resumed>) = 50 <0.012519>
236   09:12:01.006410 <... read resumed>, "\27.\1^\267x\373\234\371\310Ct\264\f\35?\366\24h\254V^\236\2277a\237\217$(A>"..., 4096) = 4096 <0.011747>
227   09:12:01.010241 <... writev resumed>) = 52 <0.011154>
230   09:12:01.014259 semop(557060, [{sem_num=0, sem_op=-1, sem_flg=SEM_UNDO}], 1 <unfinished ...>
227   09:12:01.017796 poll([{fd=7, events=POLLIN}], 1, 0 <unfinished ...>
230   09:12:01.021491 <... semop resumed>) = 0 <0.003797>
227   09:12:01.025007 <... poll resumed>) = 1 ([{fd=7, revents=POLLIN}]) <0.003711>
236   09:12:01.029755 read(10 <unfinished ...>
227   09:12:01.033284 --- SIGIO {si_signo=SIGIO, si_code=SI_KERNEL} ---
236   09:12:01.037066 <... read resumed>, "J\224I\2555\373,\267pM\366I\354p\220\275\31\33\366\f\350\312\361ET^\6\373X\260\350\367"..., 4096) = 4096 <0.003966>
227   09:12:01.041251 read(7 <unfinished ...>
236   09:12:01.046725 read(10 <unfinished ...>
227   09:12:01.050312 <... read resumed>, "l\1\0\1\f\0\0\0003\0\0\0\235\0\0\0\1\1o\0\22\0\0\0/com/ark"..., 2048) = 188 <0.003771>
236   09:12:01.054573 <... read resumed>, "\370\4\340:\210J\252x\20\355\4B\253\305Q\217\220\250\10\311.\257%\241\231\223\177;\251H\2\23"..., 3865) = 3865 <0.004471>
230   09:12:01.902717 semop(557060, [{sem_num=0, sem_op=1, sem_flg=SEM_UNDO}], 1 <unfinished ...>
227   09:12:01.906532 read(7 <unfinished ...>
230   09:12:01.910065 <... semop resumed>) = 0 <0.003642>
227   09:12:01.913470 <... read resumed>, 0xb4b01e28, 2048) = -1 EAGAIN (Resource temporarily unavailable) <0.003662>
230   09:12:01.942286 ioctl(22, _IOC(_IOC_READ, 0x4f, 0x39, 0x4), 0xb40fdd04 <unfinished ...>
227   09:12:01.946097 write(1, "ArkDbus::reply_to_requestWheelSt"..., 74 <unfinished ...>
236   09:12:01.949867 read(10 <unfinished ...>
230   09:12:01.953364 <... ioctl resumed>) = 0 <0.007359>
227   09:12:01.956908 <... write resumed>) = 74 <0.007347>
236   09:12:01.960381 <... read resumed>, "\1\n/\335", 4) = 4 <0.007054>
230   09:12:01.963929 ioctl(22, _IOC(_IOC_READ, 0x4f, 0x36, 0x10), 0xb40fdcf8 <unfinished ...>
227   09:12:01.968017 write(2, "ROTATE EVENT: 65536\n", 20 <unfinished ...>
230   09:12:01.971618 <... ioctl resumed>) = 0 <0.003695>
227   09:12:01.975157 <... write resumed>) = 20 <0.003849>
230   09:12:01.978742 ioctl(22, _IOC(_IOC_WRITE, 0x4f, 0x2a, 0x10), 0xb40fdd2c <unfinished ...>
236   09:12:01.982302 read(10 <unfinished ...>
230   09:12:01.985829 <... ioctl resumed>) = 0 <0.003718>
236   09:12:01.989625 <... read resumed>, "\27\3\3/\330\0\0\0\0\0\0\r\360\251\214*C\324\344\367\327d\342o\221?u\177!\5\223\345"..., 4096) = 4096 <0.003933>
237   09:12:01.994847 write(10, "\1\v\0#\27\3\3\0\36\300O\200\347\373 \207F\322\335,\311S\257(\35I\357\305\22\233\344\2"..., 39 <unfinished ...>
227   09:12:01.999246 write(2, "Sink::sendRotateEvent.\n", 23 <unfinished ...>
237   09:12:02.003005 <... write resumed>) = 39 <0.004446>
236   09:12:02.007257 read(10 <unfinished ...>
227   09:12:02.010832 <... write resumed>) = 23 <0.008022>
237   09:12:02.020225 write(10, "\2\v\0.\27\3\3\0)\300O\200\347\373 \207G\276\277\307\16\334\272\245\36Y\24|?I\17\7"..., 50 <unfinished ...>
236   09:12:02.025040 <... read resumed>, "Z\211\2r\16\33Q\301b8\241\371\204\6t\316\4t\355\343\305\275\23b\333\202\316\316\6\362\315\6"..., 4096) = 4096 <0.014462>
227   09:12:02.028792 writev(7, [{iov_base="l\2\1\1\4\0\0\0\27\0\0\0\37\0\0\0\6\1s\0\4\0\0\0:1.0\0\0\0\0"..., iov_len=48}, {iov_base="\1\0\0\0", iov_len=4}], 2 <unfinished ...>
237   09:12:02.080688 <... write resumed>) = 50 <0.056214>
227   09:12:02.085033 <... writev resumed>) = 52 <0.007914>
230   09:12:02.089289 semop(557060, [{sem_num=0, sem_op=-1, sem_flg=SEM_UNDO}], 1 <unfinished ...>
227   09:12:02.092847 poll([{fd=7, events=POLLIN}], 1, 0 <unfinished ...>
236   09:12:02.096463 read(10 <unfinished ...>
230   09:12:02.099973 <... semop resumed>) = 0 <0.007222>
227   09:12:02.103514 <... poll resumed>) = 1 ([{fd=7, revents=POLLIN}]) <0.007195>
236   09:12:02.107459 <... read resumed>, "\331n\303\324L\363f`\r\330\221\303\344=4~\215Y\236\222\36:\0C\22\3542>uCD\246"..., 4061) = 4061 <0.007677>
227   09:12:02.114605 --- SIGIO {si_signo=SIGIO, si_code=SI_KERNEL} ---
227   09:12:02.122414 read(7 <unfinished ...>
230   09:12:02.126410 semop(557060, [{sem_num=0, sem_op=1, sem_flg=SEM_UNDO}], 1 <unfinished ...>
227   09:12:02.130051 <... read resumed>, "l\1\0\1\f\0\0\0004\0\0\0\235\0\0\0\1\1o\0\22\0\0\0/com/ark"..., 2048) = 188 <0.003927>
230   09:12:02.133901 <... semop resumed>) = 0 <0.003960>
227   09:12:02.137493 read(7 <unfinished ...>
236   09:12:02.140818 read(10 <unfinished ...>
230   09:12:02.145155 ioctl(22, _IOC(_IOC_READ, 0x4f, 0x39, 0x4), 0xb40fdd04 <unfinished ...>
227   09:12:02.148663 <... read resumed>, 0xb4b01e28, 2048) = -1 EAGAIN (Resource temporarily unavailable) <0.007993>
236   09:12:02.984546 <... read resumed>, "\1\t?\25", 4) = 4 <0.839524>
230   09:12:02.988558 <... ioctl resumed>) = 0 <0.839990>
227   09:12:02.992139 write(1, "ArkDbus::reply_to_requestWheelSt"..., 75 <unfinished ...>
230   09:12:02.995983 ioctl(22, _IOC(_IOC_READ, 0x4f, 0x36, 0x10), 0xb40fdcf8 <unfinished ...>
227   09:12:03.024680 <... write resumed>) = 75 <0.029094>
230   09:12:03.028754 <... ioctl resumed>) = 0 <0.004170>
227   09:12:03.032247 write(2, "ROTATE EVENT: 65536\n", 20 <unfinished ...>
237   09:12:03.035871 write(10, "\7\v\0#\27\3\3\0\36\300O\200\347\373 \207H.8\rv$\3648a\224\4\32\t\35n\371"..., 39 <unfinished ...>
236   09:12:03.039973 read(10 <unfinished ...>
230   09:12:03.043670 ioctl(22, _IOC(_IOC_WRITE, 0x4f, 0x2a, 0x10), 0xb40fdd2c <unfinished ...>
227   09:12:03.047441 <... write resumed>) = 20 <0.011779>
237   09:12:03.051346 <... write resumed>) = 39 <0.011922>
236   09:12:03.054893 <... read resumed>, "\0\0\247#\27\3\3?\20\0\0\0\0\0\0\r\361 \341\217Wo\364\343\344_!d\235\217\332\""..., 4096) = 4096 <0.011437>
230   09:12:03.058439 <... ioctl resumed>) = 0 <0.011098>
237   09:12:03.063015 write(10, "\1\v\0#\27\3\3\0\36\300O\200\347\373 \207I\216L\22\364\34\23\364\262\253T\27\0253\213\363"..., 39 <unfinished ...>
236   09:12:03.066717 read(10 <unfinished ...>
237   09:12:03.070826 <... write resumed>) = 39 <0.004264>
236   09:12:03.074566 <... read resumed>, "W\355\276D\227F`D\364\321h\220\204\26\342&M\206\377\350\355J\241\r\314\3108\273\240\311\362\316"..., 4096) = 4096 <0.004355>
227   09:12:03.078300 write(2, "Sink::sendRotateEvent.\n", 23 <unfinished ...>
237   09:12:03.082009 write(10, "\2\v\0007\27\3\3\0002\300O\200\347\373 \207Jyf\2\265v\207\217\0\310\255_\214\217\364\263"..., 59 <unfinished ...>
227   09:12:03.085851 <... write resumed>) = 23 <0.004054>
237   09:12:03.099091 <... write resumed>) = 59 <0.012983>
227   09:12:03.103033 writev(7, [{iov_base="l\2\1\1\4\0\0\0\30\0\0\0\37\0\0\0\6\1s\0\4\0\0\0:1.0\0\0\0\0"..., iov_len=48}, {iov_base="\1\0\0\0", iov_len=4}], 2 <unfinished ...>
236   09:12:03.110761 read(10 <unfinished ...>
230   09:12:03.114508 semop(557060, [{sem_num=0, sem_op=-1, sem_flg=SEM_UNDO}], 1 <unfinished ...>
227   09:12:03.118102 <... writev resumed>) = 52 <0.011309>
236   09:12:03.165758 <... read resumed>, "\22I\201\257\222\323\327X\355\376\32\272\30\332\250M\237}N\236p2\354\2531C\250]\367U\266b"..., 4096) = 4096 <0.051400>
230   09:12:03.169486 <... semop resumed>) = 0 <0.051487>
227   09:12:03.172976 poll([{fd=7, events=POLLIN}], 1, 0) = 1 ([{fd=7, revents=POLLIN}]) <0.000395>
227   09:12:03.180976 --- SIGIO {si_signo=SIGIO, si_code=SI_KERNEL} ---
236   09:12:03.184594 read(10, "\336\3275\244\365;\353*\235\363\237\rD\314<\273\nZ .\261X\342\25\206k\251\235n\363D}"..., 3865) = 3865 <0.000848>
230   09:12:03.198697 semop(557060, [{sem_num=0, sem_op=1, sem_flg=SEM_UNDO}], 1 <unfinished ...>
227   09:12:03.203116 read(7 <unfinished ...>
230   09:12:03.206612 <... semop resumed>) = 0 <0.003596>
227   09:12:03.209974 <... read resumed>, "l\1\0\1\f\0\0\0005\0\0\0\235\0\0\0\1\1o\0\22\0\0\0/com/ark"..., 2048) = 188 <0.003546>
230   09:12:03.213339 ioctl(22, _IOC(_IOC_READ, 0x4f, 0x39, 0x4), 0xb40fdd04 <unfinished ...>
227   09:12:03.217138 read(7 <unfinished ...>
230   09:12:03.220605 <... ioctl resumed>) = 0 <0.003535>
227   09:12:03.224153 <... read resumed>, 0xb4b01e28, 2048) = -1 EAGAIN (Resource temporarily unavailable) <0.003617>
230   09:12:03.227816 ioctl(22, _IOC(_IOC_READ, 0x4f, 0x36, 0x10), 0xb40fdcf8 <unfinished ...>
227   09:12:04.063754 write(1, "ArkDbus::reply_to_requestWheelSt"..., 75 <unfinished ...>
236   09:12:04.067771 read(10 <unfinished ...>
230   09:12:04.071267 <... ioctl resumed>) = 0 <0.007628>
227   09:12:04.074577 <... write resumed>) = 75 <0.007020>
236   09:12:04.078042 <... read resumed>, "\1\10?\31", 4) = 4 <0.006999>
230   09:12:04.107130 ioctl(22, _IOC(_IOC_WRITE, 0x4f, 0x2a, 0x10), 0xb40fdd2c <unfinished ...>
227   09:12:04.110699 write(2, "ROTATE EVENT: 65536\n", 20 <unfinished ...>
230   09:12:04.114498 <... ioctl resumed>) = 0 <0.003829>
227   09:12:04.118130 <... write resumed>) = 20 <0.003947>
236   09:12:04.122093 read(10 <unfinished ...>
237   09:12:04.125889 write(10, "\1\v\0#\27\3\3\0\36\300O\200\347\373 \207K\276^\22\360\335\352\2168\31\371\227\0j\305\265"..., 39 <unfinished ...>
236   09:12:04.130041 <... read resumed>, "\27\3\3?\24\0\0\0\0\0\0\r\362\254,\364!\264O\241\260\266\272\255K<`\203\315vn\306"..., 4096) = 4096 <0.004477>
237   09:12:04.133820 <... write resumed>) = 39 <0.004367>
236   09:12:04.139002 read(10 <unfinished ...>
237   09:12:04.143107 write(10, "\2\v\0007\27\3\3\0002\300O\200\347\373 \207L\255\2077~\220\263\377\277F\31\372\204QAh"..., 59 <unfinished ...>
236   09:12:04.147335 <... read resumed>, "\217\324QB\336x\316\257K\205\257\265\324.4\324X\313\6\357\215\206\371p\355\1A\301\20p\333a"..., 4096) = 4096 <0.004892>
230   09:12:04.151420 semop(557060, [{sem_num=0, sem_op=-1, sem_flg=SEM_UNDO}], 1 <unfinished ...>
227   09:12:04.155354 write(2, "Sink::sendRotateEvent.\n", 23 <unfinished ...>
237   09:12:04.159081 <... write resumed>) = 59 <0.012322>
230   09:12:04.162607 <... semop resumed>) = 0 <0.007370>
227   09:12:04.166185 <... write resumed>) = 23 <0.007306>
227   09:12:04.170242 --- SIGIO {si_signo=SIGIO, si_code=SI_KERNEL} ---
236   09:12:04.173758 read(10, "0Dr\323J\3274\230\232\37\336^j5,4s\313\nfs\332\353Y\317\274\326\216\27\355)c"..., 4096) = 4096 <0.000415>
227   09:12:04.181409 writev(7, [{iov_base="l\2\1\1\4\0\0\0\31\0\0\0\37\0\0\0\6\1s\0\4\0\0\0:1.0\0\0\0\0"..., iov_len=48}, {iov_base="\1\0\0\0", iov_len=4}], 2 <unfinished ...>
230   09:12:04.189207 semop(557060, [{sem_num=0, sem_op=1, sem_flg=SEM_UNDO}], 1 <unfinished ...>
227   09:12:04.238068 <... writev resumed>) = 52 <0.052546>
236   09:12:04.241511 read(10 <unfinished ...>
230   09:12:04.245539 <... semop resumed>) = 0 <0.007569>
227   09:12:04.249427 poll([{fd=7, events=POLLIN}], 1, 0 <unfinished ...>
236   09:12:04.253001 <... read resumed>, "T\370>y\207\\_8F\342\241(\237\205\223=\335I\372\220*\326r{\223\300d\254=S\340\367"..., 3865) = 3865 <0.007607>
230   09:12:04.263413 ioctl(22, _IOC(_IOC_READ, 0x4f, 0x39, 0x4), 0xb40fdd04 <unfinished ...>
227   09:12:04.266949 <... poll resumed>) = 1 ([{fd=7, revents=POLLIN}]) <0.014093>
230   09:12:04.270471 <... ioctl resumed>) = 0 <0.003559>
227   09:12:04.273913 read(7 <unfinished ...>
230   09:12:04.277579 ioctl(22, _IOC(_IOC_READ, 0x4f, 0x36, 0x10), 0xb40fdcf8 <unfinished ...>
227   09:12:04.281449 <... read resumed>, "l\1\0\1\f\0\0\0006\0\0\0\235\0\0\0\1\1o\0\22\0\0\0/com/ark"..., 2048) = 188 <0.003947>
230   09:12:04.285436 <... ioctl resumed>) = 0 <0.004101>
227   09:12:04.289017 read(7 <unfinished ...>
236   09:12:04.292514 read(10 <unfinished ...>
230   09:12:04.295972 ioctl(22, _IOC(_IOC_WRITE, 0x4f, 0x2a, 0x10), 0xb40fdd2c <unfinished ...>
227   09:12:04.299448 <... read resumed>, 0xb4b01e28, 2048) = -1 EAGAIN (Resource temporarily unavailable) <0.007077>
236   09:12:04.303465 <... read resumed>, "\1\n)L", 4) = 4 <0.007533>
230   09:12:05.143080 <... ioctl resumed>) = 0 <0.843722>
227   09:12:05.146697 write(1, "ArkDbus::reply_to_requestWheelSt"..., 75) = 75 <0.000550>
227   09:12:05.154809 write(2, "ROTATE EVENT: 65536\n", 20 <unfinished ...>
237   09:12:05.182197 write(10, "\1\v\0#\27\3\3\0\36\300O\200\347\373 \207M\241\207{~\304&?\320\17>\331\273\324e8"..., 39 <unfinished ...>
236   09:12:05.186244 read(10 <unfinished ...>
227   09:12:05.189837 <... write resumed>) = 20 <0.007838>
237   09:12:05.193300 <... write resumed>) = 39 <0.007640>
236   09:12:05.197447 <... read resumed>, "\27\3\3)G\0\0\0\0\0\0\r\363\327^D$}\355\211T\277\361\0330\311h\205\300\22\320q"..., 4096) = 4096 <0.007873>
236   09:12:05.202461 read(10 <unfinished ...>
230   09:12:05.206190 semop(557060, [{sem_num=0, sem_op=-1, sem_flg=SEM_UNDO}], 1 <unfinished ...>
236   09:12:05.210566 <... read resumed>, "\275\34;\307\204>\32\357\244L\37\344y\322af\260@RV#\vEP\300\364\233\1\225\226\333\377"..., 4096) = 4096 <0.004581>
230   09:12:05.214954 <... semop resumed>) = 0 <0.004988>
237   09:12:05.219654 write(10, "\2\v\0007\27\3\3\0002\300O\200\347\373 \207NfO[\216\267\260N\262\212\251\200\217\223\353Q"..., 59 <unfinished ...>
227   09:12:05.224178 write(2, "Sink::sendRotateEvent.\n", 23 <unfinished ...>
237   09:12:05.228342 <... write resumed>) = 59 <0.004893>
236   09:12:05.231874 --- SIGIO {si_signo=SIGIO, si_code=SI_KERNEL} ---
227   09:12:05.235346 <... write resumed>) = 23 <0.007312>
227   09:12:05.239465 writev(7, [{iov_base="l\2\1\1\4\0\0\0\32\0\0\0\37\0\0\0\6\1s\0\4\0\0\0:1.0\0\0\0\0"..., iov_len=48}, {iov_base="\1\0\0\0", iov_len=4}], 2 <unfinished ...>
250   09:12:05.247467 write(2, "LinuxController::pingTimerExpire"..., 73 <unfinished ...>
227   09:12:05.251400 <... writev resumed>) = 52 <0.008373>
250   09:12:05.255134 <... write resumed>) = 73 <0.004011>
236   09:12:05.258703 read(10 <unfinished ...>
230   09:12:05.262399 semop(557060, [{sem_num=0, sem_op=1, sem_flg=SEM_UNDO}], 1 <unfinished ...>
227   09:12:05.266435 poll([{fd=7, events=POLLIN}], 1, 0 <unfinished ...>
236   09:12:05.314152 <... read resumed>, "\214ez\220\251\221\342\206\3213\253\327\206(\325|\2 u\177\251\377\323M2\344A\317?\"\241\20"..., 2380) = 2380 <0.051962>
230   09:12:05.317898 <... semop resumed>) = 0 <0.051575>
227   09:12:05.321438 <... poll resumed>) = 1 ([{fd=7, revents=POLLIN}]) <0.007643>
236   09:12:05.325326 write(2, "Sending Framing Error notificati"..., 36 <unfinished ...>
230   09:12:05.328900 ioctl(22, _IOC(_IOC_READ, 0x4f, 0x39, 0x4), 0xb40fdd04 <unfinished ...>
227   09:12:05.332413 read(7 <unfinished ...>
236   09:12:05.336918 <... write resumed>) = 36 <0.008178>
230   09:12:05.340354 <... ioctl resumed>) = 0 <0.008041>
227   09:12:05.343799 <... read resumed>, "l\1\0\1\f\0\0\0007\0\0\0\235\0\0\0\1\1o\0\22\0\0\0/com/ark"..., 2048) = 188 <0.007189>
230   09:12:05.348146 ioctl(22, _IOC(_IOC_READ, 0x4f, 0x36, 0x10), 0xb40fdcf8 <unfinished ...>
227   09:12:05.352183 read(7 <unfinished ...>
230   09:12:05.356148 <... ioctl resumed>) = 0 <0.004054>
227   09:12:05.359659 <... read resumed>, 0xb4b01e28, 2048) = -1 EAGAIN (Resource temporarily unavailable) <0.004195>
236   09:12:05.363348 write(2, "Writer thread exiting.Encountere"..., 70 <unfinished ...>
230   09:12:05.367668 ioctl(22, _IOC(_IOC_WRITE, 0x4f, 0x2a, 0x10), 0xb40fdd2c <unfinished ...>
227   09:12:05.371314 write(1, "ArkDbus::reply_to_requestWheelSt"..., 75 <unfinished ...>
236   09:12:05.375265 <... write resumed>) = 70 <0.007755>
230   09:12:06.214259 <... ioctl resumed>) = 0 <0.843044>
227   09:12:06.217738 <... write resumed>) = 75 <0.842816>
250   09:12:06.222232 write(1, "ArkUtils::send_local_message:288"..., 47 <unfinished ...>
237   09:12:06.225976 write(2, "\n", 1 <unfinished ...>
250   09:12:06.254048 <... write resumed>) = 47 <0.028153>
237   09:12:06.257454 <... write resumed>) = 1 <0.003904>
230   09:12:06.261853 semop(557060, [{sem_num=0, sem_op=-1, sem_flg=SEM_UNDO}], 1) = 0 <0.000447>
236   09:12:07.102599 write(1, "ArkUtils::send_local_message:288"..., 47) = ? ERESTARTSYS (To be restarted if SA_RESTART is set) <0.000441>
234   09:12:07.109965 --- SIGIO {si_signo=SIGIO, si_code=SI_KERNEL} ---
236   09:12:07.113655 write(1, "ArkUtils::send_local_message:288"..., 47 <unfinished ...>
227   09:12:07.117494 write(2, "ROTATE EVENT: 65536\n", 20 <unfinished ...>
236   09:12:07.123503 <... write resumed>) = 47 <0.006225>
227   09:12:07.127150 <... write resumed>) = 20 <0.004119>
250   09:12:07.130713 +++ exited with 0 +++
237   09:12:07.134075 +++ exited with 0 +++
230   09:12:07.137646 semop(557060, [{sem_num=0, sem_op=1, sem_flg=SEM_UNDO}], 1) = 0 <0.000282>
230   09:12:07.151848 ioctl(22, _IOC(_IOC_READ, 0x4f, 0x39, 0x4), 0xb40fdd04) = 0 <0.000249>
236   09:12:07.158865 write(2, "Reader thread exiting.\n", 23 <unfinished ...>
230   09:12:07.162363 ioctl(22, _IOC(_IOC_READ, 0x4f, 0x36, 0x10), 0xb40fdcf8 <unfinished ...>
236   09:12:07.166057 <... write resumed>) = 23 <0.003854>
230   09:12:07.178863 <... ioctl resumed>) = 0 <0.013006>
230   09:12:07.183052 ioctl(22, _IOC(_IOC_WRITE, 0x4f, 0x2a, 0x10), 0xb40fdd2c <unfinished ...>
227   09:12:07.232276 write(2, "Sink::sendRotateEvent.\n", 23 <unfinished ...>
230   09:12:07.236065 <... ioctl resumed>) = 0 <0.003892>
227   09:12:07.252196 <... write resumed>) = 23 <0.016392>
227   09:12:07.256157 writev(7, [{iov_base="l\2\1\1\4\0\0\0\33\0\0\0\37\0\0\0\6\1s\0\4\0\0\0:1.0\0\0\0\0"..., iov_len=48}, {iov_base="\1\0\0\0", iov_len=4}], 2) = 52 <0.003930>
236   09:12:07.267479 +++ exited with 0 +++
227   09:12:07.270917 poll([{fd=7, events=POLLIN}], 1, 0 <unfinished ...>
228   09:12:07.274879 write(2, "Reader thread joined\n", 21 <unfinished ...>
227   09:12:07.291979 <... poll resumed>) = 1 ([{fd=7, revents=POLLIN}]) <0.017552>
230   09:12:07.295596 semop(557060, [{sem_num=0, sem_op=-1, sem_flg=SEM_UNDO}], 1 <unfinished ...>
228   09:12:07.299084 <... write resumed>) = 21 <0.007251>
227   09:12:07.302499 read(7 <unfinished ...>
230   09:12:07.314919 <... semop resumed>) = 0 <0.015933>
228   09:12:07.318453 write(2, "Writer thread joined\n", 21 <unfinished ...>
227   09:12:07.322423 <... read resumed>, "l\1\0\1\f\0\0\08\0\0\0\235\0\0\0\1\1o\0\22\0\0\0/com/ark"..., 2048) = 188 <0.007688>
228   09:12:07.326156 <... write resumed>) = ? ERESTARTSYS (To be restarted if SA_RESTART is set) <0.003843>
227   09:12:07.329535 --- SIGIO {si_signo=SIGIO, si_code=SI_KERNEL} ---
228   09:12:07.333026 write(2, "Writer thread joined\n", 21) = 21 <0.000536>
230   09:12:07.353427 semop(557060, [{sem_num=0, sem_op=1, sem_flg=SEM_UNDO}], 1 <unfinished ...>
228   09:12:07.357030 write(2, "Teardown display called.\n", 25 <unfinished ...>
227   09:12:07.386365 read(7 <unfinished ...>
230   09:12:07.390316 <... semop resumed>) = 0 <0.033384>
228   09:12:07.406976 <... write resumed>) = 25 <0.020772>
227   09:12:07.410450 <... read resumed>, 0xb4b01e28, 2048) = -1 EAGAIN (Resource temporarily unavailable) <0.020695>
230   09:12:07.414320 ioctl(22, _IOC(_IOC_READ, 0x4f, 0x39, 0x4), 0xb40fdd04 <unfinished ...>
227   09:12:07.418287 write(1, "ArkDbus::reply_to_requestWheelSt"..., 75 <unfinished ...>
230   09:12:07.421897 <... ioctl resumed>) = 0 <0.003765>
227   09:12:07.434203 <... write resumed>) = 75 <0.012512>
230   09:12:07.437807 ioctl(22, _IOC(_IOC_READ, 0x4f, 0x36, 0x10), 0xb40fdcf8) = 0 <0.000192>
230   09:12:07.444571 ioctl(22, _IOC(_IOC_WRITE, 0x4f, 0x2a, 0x10), 0xb40fdd2c) = 0 <0.000126>
228   09:12:07.464333 ioctl(24, _IOC(_IOC_WRITE, 0x6b, 0x2, 0x4), 0x6f964) = 0 <0.000578>
228   09:12:07.472009 ioctl(24, _IOC(_IOC_WRITE, 0x6b, 0x2, 0x4), 0x6f970) = 0 <0.000443>
228   09:12:07.479480 ioctl(24, _IOC(_IOC_WRITE, 0x6b, 0x2, 0x4), 0x6f97c) = 0 <0.000426>
228   09:12:07.499888 ioctl(24, _IOC(_IOC_WRITE, 0x6b, 0x2, 0x4), 0x710ac) = 0 <0.000215>
228   09:12:07.508397 ioctl(21, _IOC(_IOC_WRITE, 0x6b, 0x2, 0x4), 0x85dc4) = 0 <0.000547>
228   09:12:07.557631 write(1, "VideoDecoder::free_input_buffer:"..., 36) = 36 <0.000183>
228   09:12:07.573411 ioctl(22, _IOC(_IOC_READ, 0x4f, 0x39, 0x4), 0xb54dfcfc) = 0 <0.000128>
228   09:12:07.580711 ioctl(22, _IOC(_IOC_NONE, 0x4f, 0x2c, 0), 0) = 0 <0.000153>
228   09:12:07.599994 write(1, "VideoDecoder::video_uninit:393\n", 31) = 31 <0.000179>
228   09:12:07.607267 write(2, "Called ArkMediaPlayer teardown s"..., 44) = 44 <0.000376>
230   09:12:07.615253 +++ exited with 0 +++
228   09:12:07.632473 write(2, "Video sink shut down.\n", 22) = 22 <0.000184>
228   09:12:07.639295 write(1, "~LinuxVideoSink 72\n", 19) = 19 <0.000180>
228   09:12:07.646505 write(1, "~VideoSinkCallbacks 47\n", 23) = 23 <0.000242>
228   09:12:07.662221 write(2, "Input source shut down.\n", 24) = 24 <0.000178>
228   09:12:07.669248 write(2, "Called Microphone teardown succe"..., 40) = 40 <0.000180>
228   09:12:07.691506 write(2, "Audio source shut down.\n", 24) = 24 <0.000182>
228   09:12:07.723353 ioctl(11, SNDRV_TIMER_IOCTL_STOP, 0x54a1) = -1 EBUSY (Device or resource busy) <0.000121>
228   09:12:07.730084 ioctl(11, SNDRV_TIMER_IOCTL_STOP, 0x54a1) = -1 EBUSY (Device or resource busy) <0.000117>
228   09:12:07.751085 semop(524291, [{sem_num=0, sem_op=0, sem_flg=0}, {sem_num=0, sem_op=1, sem_flg=SEM_UNDO}], 2) = 0 <0.000130>
228   09:12:07.759401 semop(524291, [{sem_num=0, sem_op=-1, sem_flg=SEM_UNDO|IPC_NOWAIT}], 1) = 0 <0.000183>
228   09:12:07.777848 write(2, "Called ArkMediaPlayer teardown s"..., 44) = 44 <0.000181>
231   09:12:07.785743 +++ exited with 0 +++
228   09:12:07.789649 write(2, "Audio sink shut down.\n", 22) = 22 <0.000180>
228   09:12:07.796631 ioctl(14, SNDRV_TIMER_IOCTL_STOP, 0x54a1) = -1 EBUSY (Device or resource busy) <0.000122>
228   09:12:07.816278 ioctl(14, SNDRV_TIMER_IOCTL_STOP, 0x54a1) = -1 EBUSY (Device or resource busy) <0.000113>
228   09:12:07.823246 semop(524291, [{sem_num=0, sem_op=0, sem_flg=0}, {sem_num=0, sem_op=1, sem_flg=SEM_UNDO}], 2) = 0 <0.000131>
228   09:12:07.844787 semop(524291, [{sem_num=0, sem_op=-1, sem_flg=SEM_UNDO|IPC_NOWAIT}], 1) = 0 <0.000130>
228   09:12:07.851743 write(2, "Called ArkMediaPlayer teardown s"..., 44) = 44 <0.000247>
232   09:12:07.901392 +++ exited with 0 +++
228   09:12:07.913905 write(2, "Audio sink shut down.\n", 22) = 22 <0.000178>
228   09:12:07.920973 ioctl(17, SNDRV_TIMER_IOCTL_STOP, 0x54a1) = -1 EBUSY (Device or resource busy) <0.000118>
228   09:12:07.927763 ioctl(17, SNDRV_TIMER_IOCTL_STOP, 0x54a1) = -1 EBUSY (Device or resource busy) <0.000118>
228   09:12:07.947538 semop(524291, [{sem_num=0, sem_op=0, sem_flg=0}, {sem_num=0, sem_op=1, sem_flg=SEM_UNDO}], 2) = 0 <0.000127>
228   09:12:07.979844 write(2, "Called ArkMediaPlayer teardown s"..., 44) = 44 <0.000198>
233   09:12:08.001113 +++ exited with 0 +++
228   09:12:08.004923 write(2, "Audio sink shut down.\n", 22) = 22 <0.000193>
234   09:12:08.101816 +++ exited with 0 +++
228   09:12:08.105730 write(2, "Shutting down LinuxPhoneStatus.\n", 32) = 32 <0.000173>
227   09:12:08.128947 write(2, "Sink::sendRotateEvent.\n", 23) = 23 <0.000234>
227   09:12:08.136458 writev(7, [{iov_base="l\2\1\1\4\0\0\0\34\0\0\0\37\0\0\0\6\1s\0\4\0\0\0:1.0\0\0\0\0"..., iov_len=48}, {iov_base="\1\0\0\0", iov_len=4}], 2) = 52 <0.003640>
227   09:12:08.196346 poll([{fd=7, events=POLLIN}], 1, 0) = 1 ([{fd=7, revents=POLLIN}]) <0.000191>
228   09:12:08.203318 write(2, "Sink shutdown complete!\n", 24 <unfinished ...>
227   09:12:08.206956 read(7 <unfinished ...>
228   09:12:08.210385 <... write resumed>) = 24 <0.003584>
227   09:12:08.213784 <... read resumed>, "l\1\0\1\f\0\0\09\0\0\0\235\0\0\0\1\1o\0\22\0\0\0/com/ark"..., 2048) = 188 <0.003560>
228   09:12:08.231226 write(1, "ArkDbus::onLinkStatusChange:175 "..., 43 <unfinished ...>
227   09:12:08.234884 read(7 <unfinished ...>
228   09:12:08.238303 <... write resumed>) = 43 <0.003575>
227   09:12:08.247261 <... read resumed>, 0xb4b01e28, 2048) = -1 EAGAIN (Resource temporarily unavailable) <0.009092>
227   09:12:08.250843 write(1, "ArkDbus::reply_to_requestWheelSt"..., 75 <unfinished ...>
228   09:12:08.262823 poll([{fd=7, events=POLLIN|POLLOUT}], 1, -1 <unfinished ...>
227   09:12:08.266511 <... write resumed>) = 75 <0.003748>
228   09:12:08.270870 <... poll resumed>) = 1 ([{fd=7, revents=POLLOUT}]) <0.004426>
228   09:12:08.276827 writev(7, [{iov_base="l\4\1\1\10\0\0\0\35\0\0\0h\0\0\0\1\1o\0\22\0\0\0/com/ark"..., iov_len=120}, {iov_base="\v\0\0\0\10\0\0\0", iov_len=8}], 2) = 128 <0.001102>
228   09:12:08.297339 writev(7, [{iov_base="l\2\1\1\4\0\0\0\36\0\0\0\37\0\0\0\6\1s\0\4\0\0\0:1.0\0\0\0\0"..., iov_len=48}, {iov_base="\1\0\0\0", iov_len=4}], 2) = 52 <0.003507>
228   09:12:08.307623 write(1, "Signal Sent\n", 12 <unfinished ...>
227   09:12:08.311054 poll([{fd=7, events=POLLIN|POLLOUT}], 1, -1 <unfinished ...>
228   09:12:08.314589 <... write resumed>) = 12 <0.003596>
228   09:12:08.331070 write(1, "BtRfcommController::stop : 422 s"..., 37 <unfinished ...>
227   09:12:08.375704 <... poll resumed>) = 1 ([{fd=7, revents=POLLIN|POLLOUT}]) <0.061175>
228   09:12:08.379168 <... write resumed>) = 37 <0.003620>
228   09:12:08.382730 write(1, "RfcommTransport::stop : 230\n", 28 <unfinished ...>
227   09:12:08.386275 read(7 <unfinished ...>
228   09:12:08.398851 <... write resumed>) = 28 <0.012724>
227   09:12:08.402249 <... read resumed>, "l\1\0\1\f\0\0\0:\0\0\0\235\0\0\0\1\1o\0\22\0\0\0/com/ark"..., 2048) = 188 <0.003562>
227   09:12:08.406051 read(7, 0xb4b01e28, 2048) = -1 EAGAIN (Resource temporarily unavailable) <0.000186>
227   09:12:08.413098 poll([{fd=7, events=POLLIN}], 1, 0) = 0 (Timeout) <0.000235>
228   09:12:08.432578 write(1, "ArkUtils::send_local_message:288"..., 47) = 47 <0.000247>
228   09:12:08.439932 write(2, "~RfcommConnection:289\n", 22 <unfinished ...>
227   09:12:08.443507 write(1, "ArkDbus::reply_to_requestWheelSt"..., 75 <unfinished ...>
228   09:12:08.460441 <... write resumed>) = 22 <0.017082>
227   09:12:08.464067 <... write resumed>) = 75 <0.003736>
227   09:12:08.468464 writev(7, [{iov_base="l\2\1\1\4\0\0\0\37\0\0\0\37\0\0\0\6\1s\0\4\0\0\0:1.0\0\0\0\0"..., iov_len=48}, {iov_base="\1\0\0\0", iov_len=4}], 2) = 52 <0.004536>
227   09:12:08.480184 poll([{fd=7, events=POLLIN}], 1, 0) = 1 ([{fd=7, revents=POLLIN}]) <0.000228>
228   09:12:08.496501 write(1, "BtRfcommController::stop : 430 e"..., 35 <unfinished ...>
227   09:12:08.500139 read(7 <unfinished ...>
228   09:12:08.528125 <... write resumed>) = 35 <0.028128>
227   09:12:08.531577 <... read resumed>, "l\1\0\1\f\0\0\0;\0\0\0\235\0\0\0\1\1o\0\22\0\0\0/com/ark"..., 2048) = 188 <0.003627>
228   09:12:08.547896 write(1, "run : 294\n", 10 <unfinished ...>
227   09:12:08.551802 read(7 <unfinished ...>
228   09:12:08.555234 <... write resumed>) = 10 <0.003571>
227   09:12:08.558634 <... read resumed>, 0xb4b01e28, 2048) = -1 EAGAIN (Resource temporarily unavailable) <0.003543>
227   09:12:08.562205 write(1, "ArkDbus::reply_to_requestWheelSt"..., 75) = 75 <0.000176>
227   09:12:08.582882 writev(7, [{iov_base="l\2\1\1\4\0\0\0 \0\0\0\37\0\0\0\6\1s\0\4\0\0\0:1.0\0\0\0\0"..., iov_len=48}, {iov_base="\1\0\0\0", iov_len=4}], 2) = 52 <0.003476>
227   09:12:08.593589 poll([{fd=7, events=POLLIN}], 1, 0) = 1 ([{fd=7, revents=POLLIN}]) <0.000124>
227   09:12:08.600555 read(7, "l\1\0\1\f\0\0\0<\0\0\0\235\0\0\0\1\1o\0\22\0\0\0/com/ark"..., 2048) = 188 <0.000161>
227   09:12:08.616615 read(7, 0xb4b01e28, 2048) = -1 EAGAIN (Resource temporarily unavailable) <0.000122>
227   09:12:08.623398 write(1, "ArkDbus::reply_to_requestWheelSt"..., 75) = 75 <0.000180>
227   09:12:08.643357 writev(7, [{iov_base="l\2\1\1\4\0\0\0!\0\0\0\37\0\0\0\6\1s\0\4\0\0\0:1.0\0\0\0\0"..., iov_len=48}, {iov_base="\1\0\0\0", iov_len=4}], 2) = 52 <0.003582>
227   09:12:08.654512 poll([{fd=7, events=POLLIN}], 1, 0) = 1 ([{fd=7, revents=POLLIN}]) <0.000122>
227   09:12:08.702558 read(7, "l\1\0\1\f\0\0\0=\0\0\0\235\0\0\0\1\1o\0\22\0\0\0/com/ark"..., 2048) = 188 <0.000155>
227   09:12:08.722748 read(7, 0xb4b01e28, 2048) = -1 EAGAIN (Resource temporarily unavailable) <0.000123>
227   09:12:08.729428 write(1, "ArkDbus::reply_to_requestWheelSt"..., 75) = 75 <0.000179>
227   09:12:08.744917 writev(7, [{iov_base="l\2\1\1\4\0\0\0\"\0\0\0\37\0\0\0\6\1s\0\4\0\0\0:1.0\0\0\0\0"..., iov_len=48}, {iov_base="\1\0\0\0", iov_len=4}], 2) = 52 <0.003479>
227   09:12:08.755888 poll([{fd=7, events=POLLIN}], 1, 0) = 1 ([{fd=7, revents=POLLIN}]) <0.000124>
227   09:12:08.762717 read(7, "l\1\0\1\f\0\0\0>\0\0\0\235\0\0\0\1\1o\0\22\0\0\0/com/ark"..., 2048) = 188 <0.000159>
227   09:12:08.782080 read(7, 0xb4b01e28, 2048) = -1 EAGAIN (Resource temporarily unavailable) <0.000124>
227   09:12:08.788784 write(1, "ArkDbus::reply_to_requestWheelSt"..., 75) = 75 <0.000180>
227   09:12:08.808933 writev(7, [{iov_base="l\2\1\1\4\0\0\0#\0\0\0\37\0\0\0\6\1s\0\4\0\0\0:1.0\0\0\0\0"..., iov_len=48}, {iov_base="\1\0\0\0", iov_len=4}], 2) = 52 <0.003622>
227   09:12:08.819500 poll([{fd=7, events=POLLIN}], 1, 0) = 1 ([{fd=7, revents=POLLIN}]) <0.000120>
227   09:12:08.826262 read(7, "l\1\0\1\f\0\0\0?\0\0\0\235\0\0\0\1\1o\0\22\0\0\0/com/ark"..., 2048) = 188 <0.000155>
227   09:12:08.867110 read(7, 0xb4b01e28, 2048) = -1 EAGAIN (Resource temporarily unavailable) <0.000127>
227   09:12:08.873834 write(1, "ArkDbus::reply_to_requestWheelSt"..., 75) = 75 <0.000181>
227   09:12:08.893875 writev(7, [{iov_base="l\2\1\1\4\0\0\0$\0\0\0\37\0\0\0\6\1s\0\4\0\0\0:1.0\0\0\0\0"..., iov_len=48}, {iov_base="\1\0\0\0", iov_len=4}], 2) = 52 <0.003480>
227   09:12:08.904505 poll([{fd=7, events=POLLIN}], 1, 0) = 1 ([{fd=7, revents=POLLIN}]) <0.000117>
227   09:12:08.911329 read(7, "l\1\0\1\f\0\0\0@\0\0\0\235\0\0\0\1\1o\0\22\0\0\0/com/ark"..., 2048) = 188 <0.000157>
227   09:12:08.935224 read(7, 0xb4b01e28, 2048) = -1 EAGAIN (Resource temporarily unavailable) <0.000125>
227   09:12:08.941939 write(1, "ArkDbus::reply_to_requestWheelSt"..., 75) = 75 <0.000182>
227   09:12:08.949203 writev(7, [{iov_base="l\2\1\1\4\0\0\0%\0\0\0\37\0\0\0\6\1s\0\4\0\0\0:1.0\0\0\0\0"..., iov_len=48}, {iov_base="\1\0\0\0", iov_len=4}], 2) = 52 <0.003592>
227   09:12:08.968174 poll([{fd=7, events=POLLIN}], 1, 0) = 1 ([{fd=7, revents=POLLIN}]) <0.000125>
227   09:12:08.975487 read(7, "l\1\0\1\f\0\0\0A\0\0\0\235\0\0\0\1\1o\0\22\0\0\0/com/ark"..., 2048) = 188 <0.000158>
227   09:12:08.995012 read(7, 0xb4b01e28, 2048) = -1 EAGAIN (Resource temporarily unavailable) <0.000123>
227   09:12:09.002270 write(1, "ArkDbus::reply_to_requestWheelSt"..., 75) = 75 <0.000182>
227   09:12:09.050841 writev(7, [{iov_base="l\2\1\1\4\0\0\0&\0\0\0\37\0\0\0\6\1s\0\4\0\0\0:1.0\0\0\0\0"..., iov_len=48}, {iov_base="\1\0\0\0", iov_len=4}], 2) = 52 <0.003484>
227   09:12:09.077508 poll([{fd=7, events=POLLIN}], 1, 0) = 1 ([{fd=7, revents=POLLIN}]) <0.000129>
227   09:12:09.084447 read(7, "l\1\0\1\f\0\0\0B\0\0\0\235\0\0\0\1\1o\0\22\0\0\0/com/ark"..., 2048) = 188 <0.000157>
227   09:12:09.099779 read(7, 0xb4b01e28, 2048) = -1 EAGAIN (Resource temporarily unavailable) <0.000125>
227   09:12:09.106561 write(1, "ArkDbus::reply_to_requestWheelSt"..., 75) = 75 <0.000180>
227   09:12:09.113584 writev(7, [{iov_base="l\2\1\1\4\0\0\0'\0\0\0\37\0\0\0\6\1s\0\4\0\0\0:1.0\0\0\0\0"..., iov_len=48}, {iov_base="\1\0\0\0", iov_len=4}], 2) = 52 <0.003459>
227   09:12:09.137143 poll([{fd=7, events=POLLIN}], 1, 0) = 1 ([{fd=7, revents=POLLIN}]) <0.000126>
227   09:12:09.144450 read(7, "l\1\0\1\f\0\0\0C\0\0\0\235\0\0\0\1\1o\0\22\0\0\0/com/ark"..., 2048) = 188 <0.000161>
227   09:12:09.164876 read(7, 0xb4b01e28, 2048) = -1 EAGAIN (Resource temporarily unavailable) <0.000197>
227   09:12:09.171718 write(1, "ArkDbus::reply_to_requestWheelSt"..., 74) = 74 <0.000182>
227   09:12:09.178772 writev(7, [{iov_base="l\2\1\1\4\0\0\0(\0\0\0\37\0\0\0\6\1s\0\4\0\0\0:1.0\0\0\0\0"..., iov_len=48}, {iov_base="\1\0\0\0", iov_len=4}], 2) = 52 <0.003469>
227   09:12:09.222928 poll([{fd=7, events=POLLIN}], 1, 0) = 1 ([{fd=7, revents=POLLIN}]) <0.000125>
227   09:12:09.229775 read(7, "l\1\0\1\f\0\0\0D\0\0\0\235\0\0\0\1\1o\0\22\0\0\0/com/ark"..., 2048) = 188 <0.000156>
227   09:12:09.236733 read(7, 0xb4b01e28, 2048) = -1 EAGAIN (Resource temporarily unavailable) <0.000122>
227   09:12:09.256133 write(1, "ArkDbus::reply_to_requestWheelSt"..., 74) = 74 <0.000180>
227   09:12:09.263171 writev(7, [{iov_base="l\2\1\1\4\0\0\0)\0\0\0\37\0\0\0\6\1s\0\4\0\0\0:1.0\0\0\0\0"..., iov_len=48}, {iov_base="\1\0\0\0", iov_len=4}], 2) = 52 <0.003478>
227   09:12:09.287706 poll([{fd=7, events=POLLIN}], 1, 0) = 1 ([{fd=7, revents=POLLIN}]) <0.000124>
227   09:12:09.294484 read(7, "l\1\0\1\f\0\0\0E\0\0\0\235\0\0\0\1\1o\0\22\0\0\0/com/ark"..., 2048) = 188 <0.000155>
227   09:12:09.301366 read(7, 0xb4b01e28, 2048) = -1 EAGAIN (Resource temporarily unavailable) <0.000126>
227   09:12:09.316445 write(1, "ArkDbus::reply_to_requestWheelSt"..., 74) = 74 <0.000181>
227   09:12:09.323383 writev(7, [{iov_base="l\2\1\1\4\0\0\0*\0\0\0\37\0\0\0\6\1s\0\4\0\0\0:1.0\0\0\0\0"..., iov_len=48}, {iov_base="\1\0\0\0", iov_len=4}], 2) = 52 <0.003471>
227   09:12:09.346403 poll([{fd=7, events=POLLIN}], 1, 0) = 1 ([{fd=7, revents=POLLIN}]) <0.000125>
227   09:12:09.395087 read(7, "l\1\0\1\f\0\0\0F\0\0\0\235\0\0\0\1\1o\0\22\0\0\0/com/ark"..., 2048) = 188 <0.000155>
227   09:12:09.401927 read(7, 0xb4b01e28, 2048) = -1 EAGAIN (Resource temporarily unavailable) <0.000127>
227   09:12:09.422259 write(1, "ArkDbus::reply_to_requestWheelSt"..., 74) = 74 <0.000184>
227   09:12:09.429983 writev(7, [{iov_base="l\2\1\1\4\0\0\0+\0\0\0\37\0\0\0\6\1s\0\4\0\0\0:1.0\0\0\0\0"..., iov_len=48}, {iov_base="\1\0\0\0", iov_len=4}], 2) = 52 <0.003650>
227   09:12:09.449101 poll([{fd=7, events=POLLIN}], 1, 0) = 1 ([{fd=7, revents=POLLIN}]) <0.000119>
227   09:12:09.456156 read(7, "l\1\0\1\f\0\0\0G\0\0\0\235\0\0\0\1\1o\0\22\0\0\0/com/ark"..., 2048) = 188 <0.000155>
227   09:12:09.463047 read(7, 0xb4b01e28, 2048) = -1 EAGAIN (Resource temporarily unavailable) <0.000124>
227   09:12:09.482779 write(1, "ArkDbus::reply_to_requestWheelSt"..., 74) = 74 <0.000174>
227   09:12:09.489853 writev(7, [{iov_base="l\2\1\1\4\0\0\0,\0\0\0\37\0\0\0\6\1s\0\4\0\0\0:1.0\0\0\0\0"..., iov_len=48}, {iov_base="\1\0\0\0", iov_len=4}], 2) = 52 <0.009426>
227   09:12:09.506599 poll([{fd=7, events=POLLIN}], 1, 0) = 0 (Timeout) <0.000142>
227   09:12:09.542718 poll([{fd=7, events=POLLIN}], 1, 0) = 0 (Timeout) <0.000140>
227   09:12:09.590827 poll([{fd=7, events=POLLIN}], 1, 0) = 0 (Timeout) <0.000144>
227   09:12:09.622713 poll([{fd=7, events=POLLIN}], 1, 0) = 0 (Timeout) <0.000145>
227   09:12:09.645580 poll([{fd=7, events=POLLIN}], 1, 0) = 0 (Timeout) <0.000144>
227   09:12:09.668711 poll([{fd=7, events=POLLIN}], 1, 0) = 0 (Timeout) <0.000142>
227   09:12:09.704387 poll([{fd=7, events=POLLIN}], 1, 0) = 0 (Timeout) <0.000132>
227   09:12:09.727102 poll([{fd=7, events=POLLIN}], 1, 0) = 0 (Timeout) <0.000134>
227   09:12:09.762481 poll([{fd=7, events=POLLIN}], 1, 0) = 0 (Timeout) <0.000124>
227   09:12:09.784745 poll([{fd=7, events=POLLIN}], 1, 0) = 0 (Timeout) <0.000124>
227   09:12:09.806720 poll([{fd=7, events=POLLIN}], 1, 0) = 0 (Timeout) <0.000116>
227   09:12:09.837475 poll([{fd=7, events=POLLIN}], 1, 0) = 0 (Timeout) <0.000124>
227   09:12:09.859570 poll([{fd=7, events=POLLIN}], 1, 0) = 0 (Timeout) <0.000127>
227   09:12:09.923733 poll([{fd=7, events=POLLIN}], 1, 0) = 0 (Timeout) <0.000121>
227   09:12:09.958266 poll([{fd=7, events=POLLIN}], 1, 0) = 0 (Timeout) <0.000122>
227   09:12:09.980287 poll([{fd=7, events=POLLIN}], 1, 0) = 0 (Timeout) <0.000128>
227   09:12:10.002652 poll([{fd=7, events=POLLIN}], 1, 0) = 0 (Timeout) <0.000125>
227   09:12:10.024594 poll([{fd=7, events=POLLIN}], 1, 0) = 0 (Timeout) <0.000119>
227   09:12:10.046503 poll([{fd=7, events=POLLIN}], 1, 0) = 0 (Timeout) <0.000121>
227   09:12:10.070513 poll([{fd=7, events=POLLIN}], 1, 0) = 0 (Timeout) <0.000216>
227   09:12:10.092685 poll([{fd=7, events=POLLIN}], 1, 0) = 0 (Timeout) <0.000119>
227   09:12:10.114705 poll([{fd=7, events=POLLIN}], 1, 0) = 0 (Timeout) <0.000120>
227   09:12:10.136681 poll([{fd=7, events=POLLIN}], 1, 0) = 0 (Timeout) <0.000121>
227   09:12:10.158624 poll([{fd=7, events=POLLIN}], 1, 0) = 0 (Timeout) <0.000125>
227   09:12:10.207351 poll([{fd=7, events=POLLIN}], 1, 0) = 0 (Timeout) <0.000125>
227   09:12:10.229401 poll([{fd=7, events=POLLIN}], 1, 0) = 0 (Timeout) <0.000121>
227   09:12:10.251490 poll([{fd=7, events=POLLIN}], 1, 0) = 0 (Timeout) <0.000121>
227   09:12:10.273528 poll([{fd=7, events=POLLIN}], 1, 0) = 0 (Timeout) <0.000123>
227   09:12:10.296725 poll([{fd=7, events=POLLIN}], 1, 0) = 0 (Timeout) <0.000121>
227   09:12:10.318701 poll([{fd=7, events=POLLIN}], 1, 0) = 0 (Timeout) <0.000123>
227   09:12:10.340818 poll([{fd=7, events=POLLIN}], 1, 0) = 0 (Timeout) <0.000129>
227   09:12:10.363182 poll([{fd=7, events=POLLIN}], 1, 0) = 0 (Timeout) <0.000214>
227   09:12:11.223826 poll([{fd=7, events=POLLIN}], 1, 0) = 0 (Timeout) <0.000124>
227   09:12:11.245599 poll([{fd=7, events=POLLIN}], 1, 0) = 0 (Timeout) <0.000122>
227   09:12:11.305479 poll([{fd=7, events=POLLIN}], 1, 0) = 0 (Timeout) <0.000123>
227   09:12:11.327332 poll([{fd=7, events=POLLIN}], 1, 0) = 0 (Timeout) <0.000124>
227   09:12:11.349154 poll([{fd=7, events=POLLIN}], 1, 0) = 0 (Timeout) <0.000122>
227   09:12:11.371240 poll([{fd=7, events=POLLIN}], 1, 0) = 0 (Timeout) <0.000118>
227   09:12:11.393187 poll([{fd=7, events=POLLIN}], 1, 0) = 0 (Timeout) <0.000125>
227   09:12:11.415186 poll([{fd=7, events=POLLIN}], 1, 0) = 0 (Timeout) <0.000122>
227   09:12:11.437709 poll([{fd=7, events=POLLIN}], 1, 0) = 0 (Timeout) <0.000122>
227   09:12:11.460183 poll([{fd=7, events=POLLIN}], 1, 0) = 0 (Timeout) <0.000126>
227   09:12:11.482214 poll([{fd=7, events=POLLIN}], 1, 0) = 0 (Timeout) <0.000125>
227   09:12:11.504338 poll([{fd=7, events=POLLIN}], 1, 0) = 0 (Timeout) <0.000122>
227   09:12:11.526366 poll([{fd=7, events=POLLIN}], 1, 0) = 0 (Timeout) <0.000118>
227   09:12:11.578936 poll([{fd=7, events=POLLIN}], 1, 0) = 0 (Timeout) <0.000124>
227   09:12:11.600849 poll([{fd=7, events=POLLIN}], 1, 0) = 0 (Timeout) <0.000124>
227   09:12:11.622877 poll([{fd=7, events=POLLIN}], 1, 0) = 0 (Timeout) <0.000121>
227   09:12:11.644859 poll([{fd=7, events=POLLIN}], 1, 0) = 0 (Timeout) <0.000123>
227   09:12:11.667248 poll([{fd=7, events=POLLIN}], 1, 0) = 0 (Timeout) <0.000124>
227   09:12:11.689209 poll([{fd=7, events=POLLIN}], 1, 0) = 0 (Timeout) <0.000124>
227   09:12:11.711333 poll([{fd=7, events=POLLIN}], 1, 0) = 0 (Timeout) <0.000121>
227   09:12:11.733602 poll([{fd=7, events=POLLIN}], 1, 0) = 0 (Timeout) <0.000123>
227   09:12:11.756078 poll([{fd=7, events=POLLIN}], 1, 0) = 0 (Timeout) <0.000229>
227   09:12:12.617386 poll([{fd=7, events=POLLIN}], 1, 0) = 0 (Timeout) <0.000127>
227   09:12:12.677364 poll([{fd=7, events=POLLIN}], 1, 0) = 0 (Timeout) <0.000124>
227   09:12:12.699252 poll([{fd=7, events=POLLIN}], 1, 0) = 0 (Timeout) <0.000358>
227   09:12:12.732574 poll([{fd=7, events=POLLIN}], 1, 0) = 0 (Timeout) <0.000122>
227   09:12:12.754510 poll([{fd=7, events=POLLIN}], 1, 0) = 0 (Timeout) <0.000122>
227   09:12:12.776490 poll([{fd=7, events=POLLIN}], 1, 0) = 0 (Timeout) <0.000123>
227   09:12:12.799228 poll([{fd=7, events=POLLIN}], 1, 0) = 0 (Timeout) <0.000218>
227   09:12:12.823134 poll([{fd=7, events=POLLIN}], 1, 0) = 0 (Timeout) <0.000126>
227   09:12:12.849056 poll([{fd=7, events=POLLIN}], 1, 0) = 0 (Timeout) <0.000121>
227   09:12:12.875565 poll([{fd=7, events=POLLIN}], 1, 0) = 0 (Timeout) <0.000124>
227   09:12:12.897728 poll([{fd=7, events=POLLIN}], 1, 0) = 0 (Timeout) <0.000127>
227   09:12:12.937954 poll([{fd=7, events=POLLIN}], 1, 0) = 0 (Timeout) <0.000137>
227   09:12:12.990716 poll([{fd=7, events=POLLIN}], 1, 0) = 0 (Timeout) <0.000138>
227   09:12:13.013188 poll([{fd=7, events=POLLIN}], 1, 0) = 0 (Timeout) <0.000124>
227   09:12:13.037299 poll([{fd=7, events=POLLIN}], 1, 0) = 0 (Timeout) <0.000122>
227   09:12:13.060712 poll([{fd=7, events=POLLIN}], 1, 0) = 0 (Timeout) <0.000127>
227   09:12:13.084681 poll([{fd=7, events=POLLIN}], 1, 0) = 0 (Timeout) <0.000134>
227   09:12:13.106816 poll([{fd=7, events=POLLIN}], 1, 0) = 0 (Timeout) <0.000120>
227   09:12:13.128751 poll([{fd=7, events=POLLIN}], 1, 0) = 0 (Timeout) <0.000122>
227   09:12:13.150899 poll([{fd=7, events=POLLIN}], 1, 0) = 0 (Timeout) <0.000125>
227   09:12:13.173144 poll([{fd=7, events=POLLIN}], 1, 0) = 0 (Timeout) <0.000225>
227   09:12:14.024297 poll([{fd=7, events=POLLIN}], 1, 0) = 0 (Timeout) <0.000127>
227   09:12:14.082132 poll([{fd=7, events=POLLIN}], 1, 0) = 0 (Timeout) <0.000123>
227   09:12:14.104928 poll([{fd=7, events=POLLIN}], 1, 0) = 0 (Timeout) <0.000125>
227   09:12:14.126776 poll([{fd=7, events=POLLIN}], 1, 0) = 0 (Timeout) <0.000119>
227   09:12:14.148555 poll([{fd=7, events=POLLIN}], 1, 0) = 0 (Timeout) <0.000176>
227   09:12:14.170508 poll([{fd=7, events=POLLIN}], 1, 0) = 0 (Timeout) <0.000122>
227   09:12:14.192446 poll([{fd=7, events=POLLIN}], 1, 0) = 0 (Timeout) <0.000121>
227   09:12:14.214341 poll([{fd=7, events=POLLIN}], 1, 0) = 0 (Timeout) <0.000122>
227   09:12:14.236177 poll([{fd=7, events=POLLIN}], 1, 0) = 0 (Timeout) <0.000120>
227   09:12:14.258018 poll([{fd=7, events=POLLIN}], 1, 0) = 0 (Timeout) <0.000123>
227   09:12:14.279905 poll([{fd=7, events=POLLIN}], 1, 0) = 0 (Timeout) <0.000120>
227   09:12:14.301778 poll([{fd=7, events=POLLIN}], 1, 0) = 0 (Timeout) <0.000120>
227   09:12:14.353542 poll([{fd=7, events=POLLIN}], 1, 0) = 0 (Timeout) <0.000123>
227   09:12:14.375478 poll([{fd=7, events=POLLIN}], 1, 0) = 0 (Timeout) <0.000123>
227   09:12:14.397433 poll([{fd=7, events=POLLIN}], 1, 0) = 0 (Timeout) <0.000126>
227   09:12:14.420138 poll([{fd=7, events=POLLIN}], 1, 0) = 0 (Timeout) <0.000116>
227   09:12:14.442188 poll([{fd=7, events=POLLIN}], 1, 0) = 0 (Timeout) <0.000122>
227   09:12:14.464322 poll([{fd=7, events=POLLIN}], 1, 0) = 0 (Timeout) <0.000122>
227   09:12:14.486316 poll([{fd=7, events=POLLIN}], 1, 0) = 0 (Timeout) <0.000123>
227   09:12:14.508245 poll([{fd=7, events=POLLIN}], 1, 0) = 0 (Timeout) <0.000138>
227   09:12:14.530478 poll([{fd=7, events=POLLIN}], 1, 0) = 0 (Timeout) <0.000259>
227   09:12:15.388039 poll([{fd=7, events=POLLIN}], 1, 0) = 0 (Timeout) <0.000136>
227   09:12:15.412375 poll([{fd=7, events=POLLIN}], 1, 0) = 0 (Timeout) <0.000136>
227   09:12:15.477997 poll([{fd=7, events=POLLIN}], 1, 0) = 0 (Timeout) <0.000138>
227   09:12:15.503246 poll([{fd=7, events=POLLIN}], 1, 0) = 0 (Timeout) <0.000140>
227   09:12:15.527670 poll([{fd=7, events=POLLIN}], 1, 0) = 0 (Timeout) <0.000137>
227   09:12:15.555652 poll([{fd=7, events=POLLIN}], 1, 0) = 0 (Timeout) <0.000135>
227   09:12:15.579013 poll([{fd=7, events=POLLIN}], 1, 0) = 0 (Timeout) <0.000141>
227   09:12:15.602089 poll([{fd=7, events=POLLIN}], 1, 0) = 0 (Timeout) <0.000143>
227   09:12:15.626024 poll([{fd=7, events=POLLIN}], 1, 0) = 0 (Timeout) <0.000140>
227   09:12:15.648813 poll([{fd=7, events=POLLIN}], 1, 0) = 0 (Timeout) <0.000136>
227   09:12:15.671976 poll([{fd=7, events=POLLIN}], 1, 0) = 0 (Timeout) <0.000140>
227   09:12:15.695010 poll([{fd=7, events=POLLIN}], 1, 0) = 1 ([{fd=7, revents=POLLIN}]) <0.000138>
227   09:12:15.743102 read(7, "l\1\0\1\10\0\0\0H\0\0\0\225\0\0\0\1\1o\0\22\0\0\0/com/ark"..., 2048) = 176 <0.000177>
227   09:12:15.752043 read(7, 0xb4b01e28, 2048) = -1 EAGAIN (Resource temporarily unavailable) <0.000145>
227   09:12:15.759579 write(1, "ArkDbus::reply_to_requestLinkSta"..., 65) = 65 <0.000192>
227   09:12:15.767097 write(1, "IArkCallbacks::requestLinkStatus"..., 38) = 38 <0.000200>
227   09:12:15.774556 write(1, "IArkCallbacks::requestLinkStatus"..., 36) = 36 <0.000769>
227   09:12:15.783936 write(1, "ArkDbus::onLinkStatusChange:175 "..., 43) = 43 <0.000202>
227   09:12:15.791731 writev(7, [{iov_base="l\4\1\1\10\0\0\0-\0\0\0h\0\0\0\1\1o\0\22\0\0\0/com/ark"..., iov_len=120}, {iov_base="\v\0\0\0\3\0\0\0", iov_len=8}], 2) = 128 <0.000778>
227   09:12:15.799866 write(1, "Signal Sent\n", 12) = 12 <0.000201>
227   09:12:15.807481 writev(7, [{iov_base="l\2\1\1\4\0\0\0.\0\0\0\37\0\0\0\6\1s\0\4\0\0\0:1.0\0\0\0\0"..., iov_len=48}, {iov_base="\1\0\0\0", iov_len=4}], 2) = 52 <0.000746>
227   09:12:16.650853 write(1, "ArkDbus::run 468\n", 17) = 17 <0.000190>
228   09:12:16.658046 write(1, "BtRfcommController::start : 404\n", 32 <unfinished ...>
227   09:12:16.698450 poll([{fd=7, events=POLLIN}], 1, 0 <unfinished ...>
228   09:12:16.701928 <... write resumed>) = 32 <0.003691>
227   09:12:16.705260 <... poll resumed>) = 1 ([{fd=7, revents=POLLIN}]) <0.003469>
227   09:12:16.718010 read(7, "l\1\0\1\10\0\0\0I\0\0\0\225\0\0\0\1\1o\0\22\0\0\0/com/ark"..., 2048) = 176 <0.000328>
227   09:12:16.726178 read(7 <unfinished ...>
228   09:12:16.729817 write(1, "/dev/bw_aap is not symlink \n", 28 <unfinished ...>
227   09:12:16.733563 <... read resumed>, 0xb4b01e28, 2048) = -1 EAGAIN (Resource temporarily unavailable) <0.003815>
228   09:12:16.737369 <... write resumed>) = 28 <0.003876>
227   09:12:16.741296 write(1, "ArkDbus::reply_to_requestLinkSta"..., 65) = 65 <0.000343>
227   09:12:16.749376 write(1, "IArkCallbacks::requestLinkStatus"..., 38) = 38 <0.000325>
227   09:12:16.757156 writev(7, [{iov_base="l\2\1\1\4\0\0\0/\0\0\0\37\0\0\0\6\1s\0\4\0\0\0:1.0\0\0\0\0"..., iov_len=48}, {iov_base="\1\0\0\0", iov_len=4}], 2) = 52 <0.000875>
228   09:12:16.765523 write(1, "ArkUtils::open_local_socket:266 "..., 41) = 41 <0.000271>
227   09:12:16.773197 write(1, "ArkDbus::run 468\n", 17) = 17 <0.000263>
228   09:12:16.781265 write(1, "BtRfcommController::start : 414\n", 32) = 32 <0.000318>
227   09:12:16.788584 poll([{fd=7, events=POLLIN}], 1, 0 <unfinished ...>
263   09:12:16.822908 write(8, "\0\t\0\4\10\1\20\0\30\0 \274(", 13 <unfinished ...>
227   09:12:16.828756 <... poll resumed>) = 0 (Timeout) <0.006266>
263   09:12:16.833262 <... write resumed>) = 13 <0.004557>
263   09:12:16.838548 write(1, "rfcomm write: 00 09 00 04 08 01 "..., 54) = 54 <0.000179>
227   09:12:16.859554 poll([{fd=7, events=POLLIN}], 1, 0) = 0 (Timeout) <0.000140>
263   09:12:16.874358 read(8, "\0\26\0\5", 4) = 4 <0.000213>
263   09:12:16.881574 write(1, "rfcomm read: 00 16 00 05 \n", 26) = 26 <0.000322>
263   09:12:16.892181 write(2, "len=22 type=5\n", 14) = 14 <0.000286>
227   09:12:16.903949 poll([{fd=7, events=POLLIN}], 1, 0) = 0 (Timeout) <0.000261>
263   09:12:16.914317 read(8, "\10\1\20\0\32\01656171FDAP001TE \0", 22) = 22 <0.000248>
263   09:12:16.925275 write(1, "rfcomm read: 08 01 10 00 1a 0e 3"..., 80) = 80 <0.000293>
227   09:12:17.772151 poll([{fd=7, events=POLLIN}], 1, 0) = 0 (Timeout) <0.000311>
263   09:12:17.816735 read(11, "#beacon_int=20\n#max_listen_inter"..., 4096) = 621 <0.000170>
263   09:12:17.824701 read(11, "", 4096) = 0 <0.000135>
263   09:12:17.831931 write(1, "interface=wlan0\n", 16) = 16 <0.000261>
227   09:12:17.839126 poll([{fd=7, events=POLLIN}], 1, 0) = 0 (Timeout) <0.000259>
263   09:12:17.848768 write(1, "wlan0 IP Address 192.168.43.1\n", 30) = 30 <0.000180>
263   09:12:17.855766 write(1, "local wifi ip=192.168.43.1\n", 27) = 27 <0.000182>
263   09:12:17.862543 write(1, "majorVer:1 minorVer0 deviceSeria"..., 69) = 69 <0.000261>
227   09:12:17.869549 poll([{fd=7, events=POLLIN}], 1, 0 <unfinished ...>
263   09:12:17.873179 write(8, "\0\21\0\1\n\f192.168.43.1\20\3124", 21 <unfinished ...>
227   09:12:17.877460 <... poll resumed>) = 0 (Timeout) <0.004402>
263   09:12:17.881300 <... write resumed>) = 21 <0.004750>
263   09:12:17.884862 write(1, "rfcomm write: 00 11 00 01 0a 0c "..., 78) = 78 <0.000175>
227   09:12:17.900181 poll([{fd=7, events=POLLIN}], 1, 0) = 0 (Timeout) <0.000139>
227   09:12:17.955881 poll([{fd=7, events=POLLIN}], 1, 0) = 0 (Timeout) <0.000125>
227   09:12:17.977833 poll([{fd=7, events=POLLIN}], 1, 0) = 0 (Timeout) <0.000124>
263   09:12:18.003153 read(8 <unfinished ...>
227   09:12:18.006748 poll([{fd=7, events=POLLIN}], 1, 0 <unfinished ...>
263   09:12:18.010308 <... read resumed>, "\0\0\0\2", 4) = 4 <0.003686>
227   09:12:18.013853 <... poll resumed>) = 0 (Timeout) <0.003677>
263   09:12:18.017346 write(1, "rfcomm read: 00 00 00 02 \n", 26) = 26 <0.000244>
263   09:12:18.024289 write(2, "len=0 type=2\n", 13) = 13 <0.000172>
227   09:12:18.036141 poll([{fd=7, events=POLLIN}], 1, 0) = 0 (Timeout) <0.000191>
263   09:12:18.045926 read(8, "", 0)    = 0 <0.000173>
263   09:12:18.052693 read(8, "", 0)    = 0 <0.000315>
227   09:12:18.895632 poll([{fd=7, events=POLLIN}], 1, 0) = 0 (Timeout) <0.001240>
263   09:12:18.903837 read(8, "", 0)    = 0 <0.000220>
226   09:12:18.947699 write(1, "wirelessConnectionProc:206 Accep"..., 52 <unfinished ...>
227   09:12:18.951200 poll([{fd=7, events=POLLIN}], 1, 0 <unfinished ...>
226   09:12:18.954851 <... write resumed>) = 52 <0.003935>
227   09:12:18.963726 <... poll resumed>) = 0 (Timeout) <0.008974>
263   09:12:18.967768 read(8 <unfinished ...>
226   09:12:18.971233 write(2, "wirelessConnectionProc:189\n", 27 <unfinished ...>
263   09:12:18.975362 <... read resumed>, "", 0) = 0 <0.004158>
226   09:12:18.981010 <... write resumed>) = 27 <0.005731>
263   09:12:18.984691 write(1, "Rfcomm Read timeout!!!\n", 23 <unfinished ...>
226   09:12:18.988430 write(2, "\n", 1 <unfinished ...>
263   09:12:18.992195 <... write resumed>) = 23 <0.003832>
226   09:12:18.996090 <... write resumed>) = 1 <0.003970>
227   09:12:19.000124 poll([{fd=7, events=POLLIN}], 1, 0) = 0 (Timeout) <0.000401>
263   09:12:19.007450 read(11, "#beacon_int=20\n#max_listen_inter"..., 4096) = 621 <0.000248>
263   09:12:19.015777 read(11, "", 4096) = 0 <0.000153>
263   09:12:19.023140 write(1, "ssid=carplay_fc9f\n", 18) = 18 <0.000274>
227   09:12:19.061102 poll([{fd=7, events=POLLIN}], 1, 0 <unfinished ...>
263   09:12:19.064835 write(1, "passwd=<REDACTED>\n", 16 <unfinished ...>
227   09:12:19.068265 <... poll resumed>) = 0 (Timeout) <0.003557>
263   09:12:19.072126 <... write resumed>) = 16 <0.004016>
263   09:12:19.075829 write(1, "interface=wlan0\n", 16) = 16 <0.000174>
263   09:12:19.082809 ioctl(11, SIOCGIFHWADDR, {ifr_name="wlan0", ifr_hwaddr={sa_family=ARPHRD_ETHER, sa_data=<MAC-REDACTED>}}) = 0 <0.000221>
263   09:12:19.100625 write(1, "local m<MAC-REDACTED>:43 \n", 29 <unfinished ...>
227   09:12:19.104228 poll([{fd=7, events=POLLIN}], 1, 0 <unfinished ...>
263   09:12:19.116518 <... write resumed>) = 29 <0.012524>
227   09:12:19.120221 <... poll resumed>) = 0 (Timeout) <0.003781>
263   09:12:19.124469 write(1, "mac=<MAC-REDACTED>\n", 22) = 22 <0.000202>
263   09:12:19.132089 write(8, "\0-\0\3\n\fcarplay_fc9f\22\10REDACTED\32\02168"..., 49) = 49 <0.001005>
263   09:12:19.140822 write(1, "rfcomm write: 00 2d 00 03 0a 0c "..., 162 <unfinished ...>
227   09:12:19.144348 poll([{fd=7, events=POLLIN}], 1, 0 <unfinished ...>
263   09:12:19.986125 <... write resumed>) = 162 <0.841803>
228   09:12:19.990235 write(1, "ArkDbus::onLinkStatusChange:175 "..., 43 <unfinished ...>
227   09:12:19.993726 <... poll resumed>) = 0 (Timeout) <0.007679>
228   09:12:20.035201 <... write resumed>) = 43 <0.041626>
263   09:12:20.038654 read(8, "\0\2\0\7", 4) = 4 <0.000211>
228   09:12:20.045868 writev(7, [{iov_base="l\4\1\1\10\0\0\0000\0\0\0h\0\0\0\1\1o\0\22\0\0\0/com/ark"..., iov_len=120}, {iov_base="\v\0\0\0\t\0\0\0", iov_len=8}], 2 <unfinished ...>
263   09:12:20.052138 write(1, "rfcomm read: 00 02 00 07 \n", 26 <unfinished ...>
228   09:12:20.055918 <... writev resumed>) = 128 <0.006591>
263   09:12:20.059612 <... write resumed>) = 26 <0.003863>
227   09:12:20.063317 poll([{fd=7, events=POLLIN}], 1, 0 <unfinished ...>
228   09:12:20.067123 write(1, "Signal Sent\n", 12 <unfinished ...>
227   09:12:20.070618 <... poll resumed>) = 0 (Timeout) <0.003742>
263   09:12:20.074088 write(2, "len=2 type=7\n", 13 <unfinished ...>
228   09:12:20.077578 <... write resumed>) = 12 <0.007104>
263   09:12:20.080980 <... write resumed>) = 13 <0.003563>
228   09:12:20.087069 write(1, "+++ArkAuto::run : 262\n", 22 <unfinished ...>
263   09:12:20.090625 read(8 <unfinished ...>
228   09:12:20.094477 <... write resumed>) = 22 <0.003522>
263   09:12:20.104211 <... read resumed>, "\30\0", 2) = 2 <0.010371>
263   09:12:20.108107 write(1, "rfcomm read: 18 00 \n", 20 <unfinished ...>
227   09:12:20.111659 poll([{fd=7, events=POLLIN}], 1, 0 <unfinished ...>
263   09:12:20.115407 <... write resumed>) = 20 <0.003783>
227   09:12:20.118952 <... poll resumed>) = 0 (Timeout) <0.003622>
263   09:12:20.152993 write(1, "ip: port:-1\n", 12) = 12 <0.000514>
263   09:12:20.169931 read(8, "\0\2\0\6", 4) = 4 <0.001030>
228   09:12:20.177997 write(1, "Sink::init Sink : 0\n", 20) = 20 <0.000341>
227   09:12:20.185419 poll([{fd=7, events=POLLIN}], 1, 0) = 0 (Timeout) <0.000276>
228   09:12:20.198191 write(2, "Creating new Video Sink...\n", 27 <unfinished ...>
263   09:12:20.203311 write(1, "rfcomm read: 00 02 00 06 \n", 26 <unfinished ...>
228   09:12:20.209439 <... write resumed>) = 27 <0.006489>
263   09:12:20.214741 <... write resumed>) = 26 <0.005342>
227   09:12:20.222229 poll([{fd=7, events=POLLIN}], 1, 0 <unfinished ...>
228   09:12:20.226184 write(1, "w=800 h=480 widthMargin=0  heigh"..., 43 <unfinished ...>
263   09:12:20.230953 write(2, "len=2 type=6\n", 13 <unfinished ...>
227   09:12:20.234636 <... poll resumed>) = 0 (Timeout) <0.008543>
263   09:12:20.240309 <... write resumed>) = 13 <0.005710>
228   09:12:21.084667 <... write resumed>) = 43 <0.853793>
263   09:12:21.088527 read(8, "\10\0", 2) = 2 <0.000357>
228   09:12:21.095240 write(1, "w=1280 h=720 widthMargin=0  heig"..., 44) = 44 <0.000264>
227   09:12:21.139947 poll([{fd=7, events=POLLIN}], 1, 0) = 0 (Timeout) <0.000402>
228   09:12:21.146987 write(1, "rfcomm read: w=800 h=480 widthMa"..., 56) = 56 <0.000312>
263   09:12:21.154745 write(1, "08 00 \n", 7) = 7 <0.000563>
228   09:12:21.161946 write(2, "Creating new input source...\n", 29) = 29 <0.000379>
228   09:12:21.169383 write(2, "Creating new Audio source...\n", 29) = 29 <0.000325>
227   09:12:21.177100 poll([{fd=7, events=POLLIN}], 1, 0 <unfinished ...>
228   09:12:21.180630 write(1, "###Microphone::init:85 bridge_mo"..., 45 <unfinished ...>
227   09:12:21.184188 <... poll resumed>) = 0 (Timeout) <0.003687>
228   09:12:21.187665 <... write resumed>) = 45 <0.003726>
228   09:12:21.191181 write(1, "Microphone::init:102 \n", 22) = 22 <0.000179>
228   09:12:21.197997 write(2, "Microphone initialized!\n", 24) = 24 <0.000177>
228   09:12:21.204836 write(2, "Creating new Audio sink...\n", 27) = 27 <0.000293>
227   09:12:21.251488 poll([{fd=7, events=POLLIN}], 1, 0 <unfinished ...>
228   09:12:21.255257 write(1, "open:174 m_handle_name=plug:soft"..., 44) = 44 <0.000177>
227   09:12:21.262124 <... poll resumed>) = 0 (Timeout) <0.006942>
228   09:12:21.267519 ioctl(11, SNDRV_CTL_IOCTL_CARD_INFO, 0xb54df2b0) = 0 <0.000129>
228   09:12:21.274786 semop(589827, [{sem_num=0, sem_op=0, sem_flg=0}, {sem_num=0, sem_op=1, sem_flg=SEM_UNDO}], 2) = 0 <0.000133>
227   09:12:21.282263 poll([{fd=7, events=POLLIN}], 1, 0) = 0 (Timeout) <0.000279>
228   09:12:21.290907 ioctl(11, SNDRV_CTL_IOCTL_CARD_INFO, 0xb54df298) = 0 <0.000127>
228   09:12:21.298239 ioctl(11, SNDRV_CTL_IOCTL_PVERSION, 0xb54df428) = 0 <0.000113>
228   09:12:21.304952 ioctl(11, SNDRV_CTL_IOCTL_PCM_PREFER_SUBDEVICE, 0xb54df464) = 0 <0.000192>
227   09:12:21.311693 poll([{fd=7, events=POLLIN}], 1, 0) = 0 (Timeout) <0.000490>
228   09:12:22.160323 ioctl(12, SNDRV_PCM_IOCTL_INFO, 0xb54df328) = 0 <0.000140>
228   09:12:22.166992 ioctl(12, AGPIOC_INFO or SNDRV_PCM_IOCTL_PVERSION, 0xb54df298) = 0 <0.000111>
227   09:12:22.212076 poll([{fd=7, events=POLLIN}], 1, 0 <unfinished ...>
228   09:12:22.215598 ioctl(12, AGPIOC_SETUP or SNDRV_PCM_IOCTL_TTSTAMP, 0xb54df2a0 <unfinished ...>
227   09:12:22.218937 <... poll resumed>) = 0 (Timeout) <0.003470>
228   09:12:22.222281 <... ioctl resumed>) = 0 <0.003431>
228   09:12:22.225976 ioctl(12, SNDRV_PCM_IOCTL_SYNC_PTR, 0xb54df2a4) = 0 <0.000121>
228   09:12:22.232526 ioctl(12, SNDRV_PCM_IOCTL_HW_REFINE, 0xb54df4a8) = 0 <0.000196>
228   09:12:22.248366 ioctl(12, SNDRV_PCM_IOCTL_HW_REFINE, 0xb54df4a8 <unfinished ...>
227   09:12:22.251728 poll([{fd=7, events=POLLIN}], 1, 0 <unfinished ...>
228   09:12:22.255207 <... ioctl resumed>) = 0 <0.003591>
227   09:12:22.262986 <... poll resumed>) = 0 (Timeout) <0.007912>
228   09:12:22.266471 ioctl(12, SNDRV_PCM_IOCTL_HW_REFINE, 0xb54df4a8) = 0 <0.000277>
228   09:12:22.273536 ioctl(12, SNDRV_PCM_IOCTL_HW_REFINE, 0xb54df4a8) = 0 <0.000196>
228   09:12:22.280526 ioctl(12, SNDRV_PCM_IOCTL_HW_REFINE, 0xb54df4a8) = 0 <0.000211>
228   09:12:22.287883 ioctl(12, SNDRV_PCM_IOCTL_HW_REFINE, 0xb54df4a8 <unfinished ...>
227   09:12:22.291459 poll([{fd=7, events=POLLIN}], 1, 0 <unfinished ...>
228   09:12:22.295307 <... ioctl resumed>) = 0 <0.003882>
227   09:12:22.328607 <... poll resumed>) = 0 (Timeout) <0.033370>
228   09:12:22.332078 ioctl(12, SNDRV_PCM_IOCTL_HW_REFINE, 0xb54df4a8) = 0 <0.000184>
228   09:12:22.338859 ioctl(12, SNDRV_PCM_IOCTL_HW_REFINE, 0xb54df4a8) = 0 <0.000173>
228   09:12:22.346271 ioctl(12, SNDRV_PCM_IOCTL_HW_REFINE, 0xb54df4a8) = 0 <0.000145>
228   09:12:22.352713 ioctl(12, SNDRV_PCM_IOCTL_HW_REFINE, 0xb54df4a8) = 0 <0.000153>
228   09:12:22.359427 ioctl(12, SNDRV_PCM_IOCTL_HW_PARAMS, 0xb54df4a8 <unfinished ...>
227   09:12:22.371759 poll([{fd=7, events=POLLIN}], 1, 0 <unfinished ...>
228   09:12:22.375313 <... ioctl resumed>) = 0 <0.012465>
227   09:12:22.378583 <... poll resumed>) = 0 (Timeout) <0.003414>
228   09:12:22.381942 ioctl(12, SNDRV_PCM_IOCTL_SYNC_PTR, 0xb4924a70) = 0 <0.000199>
228   09:12:22.388652 ioctl(12, SNDRV_PCM_IOCTL_SW_PARAMS, 0xb54df3a8) = 0 <0.000136>
228   09:12:22.395237 ioctl(12, SNDRV_PCM_IOCTL_CHANNEL_INFO, 0xb54df338) = 0 <0.000229>
227   09:12:24.078822 poll([{fd=7, events=POLLIN}], 1, 0 <unfinished ...>
228   09:12:24.121500 ioctl(12, SNDRV_PCM_IOCTL_CHANNEL_INFO, 0xb54df338 <unfinished ...>
227   09:12:24.124980 <... poll resumed>) = 0 (Timeout) <0.003553>
228   09:12:24.128399 <... ioctl resumed>) = 0 <0.003483>
228   09:12:24.132700 ioctl(12, SNDRV_PCM_IOCTL_PREPARE, 0xb4924bb8) = 0 <0.009601>
227   09:12:24.148895 poll([{fd=7, events=POLLIN}], 1, 0 <unfinished ...>
228   09:12:24.152398 ioctl(12, SNDRV_PCM_IOCTL_SYNC_PTR, 0xb4924a70 <unfinished ...>
227   09:12:24.155810 <... poll resumed>) = 0 (Timeout) <0.003475>
228   09:12:24.159201 <... ioctl resumed>) = 0 <0.003458>
228   09:12:24.162682 ioctl(12, SNDRV_PCM_IOCTL_SW_PARAMS, 0xb54df438) = 0 <0.000221>
228   09:12:24.169401 ioctl(12, SNDRV_PCM_IOCTL_SYNC_PTR, 0xb4924a70) = 0 <0.000122>
228   09:12:24.175925 ioctl(12, SNDRV_PCM_IOCTL_START, 0xb4924a70) = 0 <0.022983>
227   09:12:24.214224 poll([{fd=7, events=POLLIN}], 1, 0) = 0 (Timeout) <0.000142>
228   09:12:24.234371 ioctl(12, AGPIOC_INFO or SNDRV_PCM_IOCTL_PVERSION, 0xb54df72c <unfinished ...>
227   09:12:24.238228 poll([{fd=7, events=POLLIN}], 1, 0 <unfinished ...>
228   09:12:24.241912 <... ioctl resumed>) = 0 <0.003866>
227   09:12:24.245634 <... poll resumed>) = 0 (Timeout) <0.003796>
228   09:12:24.281821 ioctl(12, SNDRV_PCM_IOCTL_INFO, 0xb54df590) = 0 <0.000211>
228   09:12:24.289820 ioctl(11, SNDRV_CTL_IOCTL_CARD_INFO, 0xb54df018) = 0 <0.000125>
227   09:12:24.296829 poll([{fd=7, events=POLLIN}], 1, 0) = 0 (Timeout) <0.000287>
228   09:12:24.303935 ioctl(11, SNDRV_TIMER_IOCTL_PVERSION, 0xb54df320) = 0 <0.000113>
228   09:12:24.310677 ioctl(11, SNDRV_TIMER_IOCTL_TREAD_OLD, 0xb54df324) = 0 <0.000213>
228   09:12:24.317286 ioctl(11, SNDRV_TIMER_IOCTL_SELECT, 0xb54df324) = 0 <0.000146>
228   09:12:24.324160 ioctl(11, SNDRV_TIMER_IOCTL_PVERSION, 0xb54df6bc <unfinished ...>
227   09:12:24.327587 poll([{fd=7, events=POLLIN}], 1, 0 <unfinished ...>
228   09:12:24.331200 <... ioctl resumed>) = 0 <0.003698>
227   09:12:24.334597 <... poll resumed>) = 0 (Timeout) <0.003534>
228   09:12:24.338085 semop(589827, [{sem_num=0, sem_op=-1, sem_flg=SEM_UNDO|IPC_NOWAIT}], 1) = 0 <0.000193>
227   09:12:25.182067 poll([{fd=7, events=POLLIN}], 1, 0) = 0 (Timeout) <0.000581>
228   09:12:25.189885 ioctl(13, SNDRV_CTL_IOCTL_CARD_INFO, 0xb54df470) = 0 <0.000129>
227   09:12:25.234409 poll([{fd=7, events=POLLIN}], 1, 0) = 0 (Timeout) <0.000307>
228   09:12:25.241582 ioctl(13, SNDRV_CTL_IOCTL_PVERSION, 0xb54df790) = 0 <0.000113>
228   09:12:25.248329 ioctl(13, SNDRV_CTL_IOCTL_ELEM_INFO, 0xb54df780) = 0 <0.000130>
228   09:12:25.254964 ioctl(13, SNDRV_CTL_IOCTL_TLV_READ, 0xb4924470) = 0 <0.000228>
227   09:12:25.269702 poll([{fd=7, events=POLLIN}], 1, 0 <unfinished ...>
228   09:12:25.273926 write(1, "rate=48000 channels=2 bits_per_s"..., 41 <unfinished ...>
227   09:12:25.277773 <... poll resumed>) = 0 (Timeout) <0.003916>
228   09:12:25.281520 <... write resumed>) = 41 <0.003820>
228   09:12:25.295500 ioctl(12, SNDRV_PCM_IOCTL_SYNC_PTR, 0xb4924a70) = 0 <0.000144>
228   09:12:25.302415 ioctl(11, SNDRV_TIMER_IOCTL_PARAMS, 0xb54dfba8) = 0 <0.000221>
227   09:12:25.309758 poll([{fd=7, events=POLLIN}], 1, 0 <unfinished ...>
228   09:12:25.313565 write(1, "set_alsa_paramters:103 period_si"..., 59 <unfinished ...>
227   09:12:25.317334 <... poll resumed>) = 0 (Timeout) <0.003839>
228   09:12:25.321490 <... write resumed>) = 59 <0.004229>
228   09:12:25.325564 write(1, "open:190 ret=0 m_handle=0xb4915f"..., 35) = 35 <0.000278>
227   09:12:25.362710 poll([{fd=7, events=POLLIN}], 1, 0) = 0 (Timeout) <0.000333>
228   09:12:25.370418 write(2, "Creating new Audio sink...\n", 27) = 27 <0.000295>
228   09:12:25.377627 write(1, "open:174 m_handle_name=plug:soft"..., 44) = 44 <0.000215>
227   09:12:25.386434 poll([{fd=7, events=POLLIN}], 1, 0) = 0 (Timeout) <0.000202>
228   09:12:25.393308 ioctl(14, SNDRV_CTL_IOCTL_CARD_INFO, 0xb54df2b0) = 0 <0.000130>
228   09:12:25.400471 semop(589827, [{sem_num=0, sem_op=0, sem_flg=0}, {sem_num=0, sem_op=1, sem_flg=SEM_UNDO}], 2) = 0 <0.000129>
227   09:12:25.416424 poll([{fd=7, events=POLLIN}], 1, 0) = 0 (Timeout) <0.000236>
228   09:12:25.425756 ioctl(14, SNDRV_CTL_IOCTL_CARD_INFO, 0xb54df298) = 0 <0.000150>
228   09:12:25.433574 ioctl(14, SNDRV_CTL_IOCTL_PVERSION, 0xb54df428) = 0 <0.000318>
227   09:12:26.277923 poll([{fd=7, events=POLLIN}], 1, 0 <unfinished ...>
228   09:12:26.281412 ioctl(14, SNDRV_CTL_IOCTL_PCM_PREFER_SUBDEVICE, 0xb54df464 <unfinished ...>
227   09:12:26.322209 <... poll resumed>) = 0 (Timeout) <0.040925>
228   09:12:26.325991 <... ioctl resumed>) = 0 <0.003826>
228   09:12:26.330371 ioctl(15, SNDRV_PCM_IOCTL_INFO, 0xb54df328) = 0 <0.000152>
228   09:12:26.339662 ioctl(15, AGPIOC_INFO or SNDRV_PCM_IOCTL_PVERSION, 0xb54df298) = 0 <0.000129>
227   09:12:26.346476 poll([{fd=7, events=POLLIN}], 1, 0 <unfinished ...>
228   09:12:26.350339 ioctl(15, AGPIOC_SETUP or SNDRV_PCM_IOCTL_TTSTAMP, 0xb54df2a0 <unfinished ...>
227   09:12:26.353836 <... poll resumed>) = 0 (Timeout) <0.003699>
228   09:12:26.357614 <... ioctl resumed>) = 0 <0.003820>
228   09:12:26.361591 ioctl(15, SNDRV_PCM_IOCTL_SYNC_PTR, 0xb54df2a4) = 0 <0.000227>
228   09:12:26.373381 ioctl(15, SNDRV_PCM_IOCTL_CHANNEL_INFO, 0xb54df6d0) = 0 <0.000229>
227   09:12:26.383193 poll([{fd=7, events=POLLIN}], 1, 0 <unfinished ...>
228   09:12:26.388522 ioctl(15, SNDRV_PCM_IOCTL_CHANNEL_INFO, 0xb54df6d0) = 0 <0.000130>
227   09:12:26.401406 <... poll resumed>) = 0 (Timeout) <0.012959>
228   09:12:26.409260 ioctl(15, SNDRV_PCM_IOCTL_INFO, 0xb54df590) = 0 <0.000135>
228   09:12:26.422587 ioctl(14, SNDRV_CTL_IOCTL_CARD_INFO, 0xb54df018) = 0 <0.000141>
227   09:12:26.467666 poll([{fd=7, events=POLLIN}], 1, 0) = 0 (Timeout) <0.000212>
228   09:12:26.476762 ioctl(14, SNDRV_TIMER_IOCTL_PVERSION, 0xb54df320) = 0 <0.000127>
228   09:12:26.483879 ioctl(14, SNDRV_TIMER_IOCTL_TREAD_OLD, 0xb54df324) = 0 <0.000167>
228   09:12:26.491188 ioctl(14, SNDRV_TIMER_IOCTL_SELECT, 0xb54df324) = 0 <0.000262>
227   09:12:26.499476 poll([{fd=7, events=POLLIN}], 1, 0 <unfinished ...>
228   09:12:26.504147 ioctl(14, SNDRV_TIMER_IOCTL_PVERSION, 0xb54df6bc <unfinished ...>
227   09:12:26.507988 <... poll resumed>) = 0 (Timeout) <0.004068>
228   09:12:26.511604 <... ioctl resumed>) = 0 <0.003716>
228   09:12:26.515252 semop(589827, [{sem_num=0, sem_op=-1, sem_flg=SEM_UNDO|IPC_NOWAIT}], 1) = 0 <0.000148>
228   09:12:26.524514 ioctl(16, SNDRV_CTL_IOCTL_CARD_INFO, 0xb54df470) = 0 <0.000151>
227   09:12:26.533774 poll([{fd=7, events=POLLIN}], 1, 0) = 0 (Timeout) <0.000290>
228   09:12:27.382238 ioctl(16, SNDRV_CTL_IOCTL_PVERSION, 0xb54df790) = 0 <0.000137>
228   09:12:27.389496 ioctl(16, SNDRV_CTL_IOCTL_ELEM_INFO, 0xb54df780) = 0 <0.000227>
227   09:12:27.433869 poll([{fd=7, events=POLLIN}], 1, 0 <unfinished ...>
228   09:12:27.437465 ioctl(16, SNDRV_CTL_IOCTL_TLV_READ, 0xb4924bf8 <unfinished ...>
227   09:12:27.440781 <... poll resumed>) = 0 (Timeout) <0.003453>
228   09:12:27.444275 <... ioctl resumed>) = 0 <0.003593>
228   09:12:27.448107 write(1, "rate=16000 channels=1 bits_per_s"..., 41) = 41 <0.000182>
228   09:12:27.461139 ioctl(15, SNDRV_PCM_IOCTL_SYNC_PTR, 0xb4945818 <unfinished ...>
227   09:12:27.464822 poll([{fd=7, events=POLLIN}], 1, 0 <unfinished ...>
228   09:12:27.468537 <... ioctl resumed>) = 0 <0.003886>
227   09:12:27.471797 <... poll resumed>) = 0 (Timeout) <0.003402>
228   09:12:27.475562 ioctl(14, SNDRV_TIMER_IOCTL_PARAMS, 0xb54dfb88) = 0 <0.000172>
228   09:12:27.482130 write(1, "set_alsa_paramters:103 period_si"..., 57) = 57 <0.000180>
228   09:12:27.489040 write(1, "open:190 ret=0 m_handle=0xb4945e"..., 35) = 35 <0.000176>
227   09:12:27.496647 poll([{fd=7, events=POLLIN}], 1, 0) = 0 (Timeout) <0.000437>
228   09:12:27.511400 write(2, "Creating new Audio sink...\n", 27) = 27 <0.000363>
228   09:12:27.550383 write(1, "open:174 m_handle_name=plug:soft"..., 44 <unfinished ...>
227   09:12:27.554685 poll([{fd=7, events=POLLIN}], 1, 0 <unfinished ...>
228   09:12:27.559713 <... write resumed>) = 44 <0.005061>
227   09:12:27.565509 <... poll resumed>) = 0 (Timeout) <0.005932>
228   09:12:27.576763 ioctl(17, SNDRV_CTL_IOCTL_CARD_INFO, 0xb54df2b0) = 0 <0.000133>
227   09:12:27.589676 poll([{fd=7, events=POLLIN}], 1, 0) = 0 (Timeout) <0.000210>
228   09:12:27.600101 semop(589827, [{sem_num=0, sem_op=0, sem_flg=0}, {sem_num=0, sem_op=1, sem_flg=SEM_UNDO}], 2) = 0 <0.000201>
228   09:12:27.609795 ioctl(17, SNDRV_CTL_IOCTL_CARD_INFO, 0xb54df298) = 0 <0.000164>
228   09:12:27.617887 ioctl(17, SNDRV_CTL_IOCTL_PVERSION, 0xb54df428) = 0 <0.000214>
227   09:12:27.625009 poll([{fd=7, events=POLLIN}], 1, 0 <unfinished ...>
228   09:12:27.628668 ioctl(17, SNDRV_CTL_IOCTL_PCM_PREFER_SUBDEVICE, 0xb54df464 <unfinished ...>
227   09:12:27.632036 <... poll resumed>) = 0 (Timeout) <0.003504>
228   09:12:27.635574 <... ioctl resumed>) = 0 <0.003633>
228   09:12:28.478951 ioctl(18, SNDRV_PCM_IOCTL_INFO, 0xb54df328) = 0 <0.000142>
228   09:12:28.485651 ioctl(18, AGPIOC_INFO or SNDRV_PCM_IOCTL_PVERSION, 0xb54df298) = 0 <0.000129>
227   09:12:28.531715 poll([{fd=7, events=POLLIN}], 1, 0) = 0 (Timeout) <0.000183>
228   09:12:28.540049 ioctl(18, AGPIOC_SETUP or SNDRV_PCM_IOCTL_TTSTAMP, 0xb54df2a0) = 0 <0.000186>
228   09:12:28.550036 ioctl(18, SNDRV_PCM_IOCTL_SYNC_PTR, 0xb54df2a4) = 0 <0.000125>
228   09:12:28.569541 ioctl(18, SNDRV_PCM_IOCTL_CHANNEL_INFO, 0xb54df6d0 <unfinished ...>
227   09:12:28.573402 poll([{fd=7, events=POLLIN}], 1, 0 <unfinished ...>
228   09:12:28.578580 <... ioctl resumed>) = 0 <0.005297>
227   09:12:28.583756 <... poll resumed>) = 0 (Timeout) <0.005253>
228   09:12:28.588419 ioctl(18, SNDRV_PCM_IOCTL_CHANNEL_INFO, 0xb54df6d0) = 0 <0.000319>
228   09:12:28.598790 ioctl(18, SNDRV_PCM_IOCTL_INFO, 0xb54df590) = 0 <0.000151>
228   09:12:28.607378 ioctl(17, SNDRV_CTL_IOCTL_CARD_INFO, 0xb54df018) = 0 <0.000235>
227   09:12:28.614628 poll([{fd=7, events=POLLIN}], 1, 0) = 0 (Timeout) <0.000306>
228   09:12:28.622744 ioctl(17, SNDRV_TIMER_IOCTL_PVERSION, 0xb54df320) = 0 <0.000131>
228   09:12:28.629432 ioctl(17, SNDRV_TIMER_IOCTL_TREAD_OLD, 0xb54df324) = 0 <0.000239>
227   09:12:28.667303 poll([{fd=7, events=POLLIN}], 1, 0 <unfinished ...>
228   09:12:28.670867 ioctl(17, SNDRV_TIMER_IOCTL_SELECT, 0xb54df324 <unfinished ...>
227   09:12:28.674384 <... poll resumed>) = 0 (Timeout) <0.003650>
228   09:12:28.677781 <... ioctl resumed>) = 0 <0.003518>
228   09:12:28.681417 ioctl(17, SNDRV_TIMER_IOCTL_PVERSION, 0xb54df6bc) = 0 <0.000119>
228   09:12:28.688403 semop(589827, [{sem_num=0, sem_op=-1, sem_flg=SEM_UNDO|IPC_NOWAIT}], 1) = 0 <0.000126>
228   09:12:28.696186 ioctl(19, SNDRV_CTL_IOCTL_CARD_INFO, 0xb54df470) = 0 <0.000131>
227   09:12:28.703563 poll([{fd=7, events=POLLIN}], 1, 0) = 0 (Timeout) <0.000289>
228   09:12:28.720702 ioctl(19, SNDRV_CTL_IOCTL_PVERSION, 0xb54df790) = 0 <0.000136>
228   09:12:28.728063 ioctl(19, SNDRV_CTL_IOCTL_ELEM_INFO, 0xb54df780) = 0 <0.000158>
228   09:12:29.563071 ioctl(19, SNDRV_CTL_IOCTL_TLV_READ, 0xb4910640 <unfinished ...>
227   09:12:29.566527 poll([{fd=7, events=POLLIN}], 1, 0 <unfinished ...>
228   09:12:29.570163 <... ioctl resumed>) = 0 <0.003666>
227   09:12:29.573830 <... poll resumed>) = 0 (Timeout) <0.003802>
228   09:12:29.615415 write(1, "rate=16000 channels=1 bits_per_s"..., 41) = 41 <0.000275>
227   09:12:29.634663 poll([{fd=7, events=POLLIN}], 1, 0) = 0 (Timeout) <0.000143>
228   09:12:29.643672 ioctl(18, SNDRV_PCM_IOCTL_SYNC_PTR, 0xb494f7e0) = 0 <0.000148>
228   09:12:29.651231 ioctl(17, SNDRV_TIMER_IOCTL_PARAMS, 0xb54dfb88) = 0 <0.000147>
228   09:12:29.658620 write(1, "set_alsa_paramters:103 period_si"..., 57 <unfinished ...>
227   09:12:29.662274 poll([{fd=7, events=POLLIN}], 1, 0 <unfinished ...>
228   09:12:29.666194 <... write resumed>) = 57 <0.003950>
227   09:12:29.669876 <... poll resumed>) = 0 (Timeout) <0.003758>
228   09:12:29.673627 write(1, "open:190 ret=0 m_handle=0xb494fe"..., 35) = 35 <0.000260>
228   09:12:29.682539 read(21, "<MAC-REDACTED>", 17) = 17 <0.000381>
228   09:12:29.690073 write(1, "bt addr=<MAC-REDACTED>\n", 26) = 26 <0.000218>
227   09:12:29.697434 poll([{fd=7, events=POLLIN}], 1, 0) = 0 (Timeout) <0.000266>
227   09:12:29.720696 poll([{fd=7, events=POLLIN}], 1, 0) = 0 (Timeout) <0.000282>
228   09:12:29.746949 write(2, "Creating Bluetooth endpoint...\n", 31) = 31 <0.000248>
228   09:12:29.754525 write(1, "BluetoothCallbacks:BluetoothCall"..., 41) = 41 <0.000204>
227   09:12:29.769145 poll([{fd=7, events=POLLIN}], 1, 0 <unfinished ...>
228   09:12:29.774704 write(2, "Creating Bluetooth endpoint...\n", 31 <unfinished ...>
227   09:12:29.778427 <... poll resumed>) = 0 (Timeout) <0.004049>
228   09:12:29.782123 <... write resumed>) = 31 <0.003735>
228   09:12:29.786364 write(2, "Transport type is wlan!\n", 24) = 24 <0.000204>
228   09:12:29.794617 write(2, "Starting link, car major=1 minor"..., 35) = 35 <0.000275>
227   09:12:29.801870 poll([{fd=7, events=POLLIN}], 1, 0) = 0 (Timeout) <0.000235>
270   09:12:29.814562 write(10, "\0\3\0\6\0\1\0\1\0\3", 10) = 10 <0.000893>
227   09:12:30.653263 poll([{fd=7, events=POLLIN}], 1, 0) = 0 (Timeout) <0.000274>
269   09:12:30.660787 read(10, "", 4)   = 0 <0.000236>
269   09:12:30.707253 write(2, "read ret=0 because Success\n", 27) = 27 <0.000183>
269   09:12:30.714401 write(2, "Encounted fatal error on read.\n", 31) = 31 <0.000180>
227   09:12:30.721502 poll([{fd=7, events=POLLIN}], 1, 0 <unfinished ...>
270   09:12:30.725117 write(2, "Writer thread exiting.\n", 23 <unfinished ...>
227   09:12:30.729250 <... poll resumed>) = 0 (Timeout) <0.004274>
270   09:12:30.732717 <... write resumed>) = 23 <0.003691>
269   09:12:30.736927 write(1, "ArkUtils::send_local_message:288"..., 47) = 47 <0.000294>
270   09:12:30.743874 +++ exited with 0 +++
269   09:12:30.747205 write(2, "Reader thread exiting.\n", 23) = 23 <0.000176>
227   09:12:30.754588 poll([{fd=7, events=POLLIN}], 1, 0) = 0 (Timeout) <0.000250>
269   09:12:30.761738 +++ exited with 0 +++
228   09:12:30.765217 write(2, "Reader thread joined\n", 21) = 21 <0.000182>
228   09:12:30.772077 write(2, "Writer thread joined\n", 21) = 21 <0.000178>
228   09:12:30.778910 write(2, "Teardown display called.\n", 25) = 25 <0.000275>
227   09:12:30.817660 poll([{fd=7, events=POLLIN}], 1, 0 <unfinished ...>
228   09:12:30.821275 write(2, "Called ArkMediaPlayer teardown s"..., 44 <unfinished ...>
227   09:12:30.825028 <... poll resumed>) = 0 (Timeout) <0.003823>
228   09:12:30.828834 <... write resumed>) = 44 <0.003880>
264   09:12:30.833540 +++ exited with 0 +++
228   09:12:30.850680 write(2, "Video sink shut down.\n", 22 <unfinished ...>
227   09:12:30.854306 poll([{fd=7, events=POLLIN}], 1, 0 <unfinished ...>
228   09:12:30.858107 <... write resumed>) = 22 <0.003834>
227   09:12:30.861499 <... poll resumed>) = 0 (Timeout) <0.003537>
228   09:12:30.865164 write(1, "~LinuxVideoSink 72\n", 19) = 19 <0.000292>
228   09:12:30.872244 write(1, "~VideoSinkCallbacks 47\n", 23) = 23 <0.000182>
228   09:12:30.879228 write(2, "Input source shut down.\n", 24) = 24 <0.000180>
228   09:12:30.886264 write(2, "Called Microphone teardown succe"..., 40) = 40 <0.000368>
227   09:12:31.726659 poll([{fd=7, events=POLLIN}], 1, 0 <unfinished ...>
228   09:12:31.730434 write(2, "Audio source shut down.\n", 24 <unfinished ...>
227   09:12:31.734102 <... poll resumed>) = 0 (Timeout) <0.003742>
228   09:12:31.775174 <... write resumed>) = 24 <0.041231>
228   09:12:31.778810 ioctl(11, SNDRV_TIMER_IOCTL_STOP, 0x54a1) = -1 EBUSY (Device or resource busy) <0.000120>
228   09:12:31.786242 ioctl(11, SNDRV_TIMER_IOCTL_STOP, 0x54a1) = -1 EBUSY (Device or resource busy) <0.000116>
228   09:12:31.793023 semop(589827, [{sem_num=0, sem_op=0, sem_flg=0}, {sem_num=0, sem_op=1, sem_flg=SEM_UNDO}], 2) = 0 <0.000136>
227   09:12:31.800053 poll([{fd=7, events=POLLIN}], 1, 0) = 0 (Timeout) <0.000203>
228   09:12:31.808043 semop(589827, [{sem_num=0, sem_op=-1, sem_flg=SEM_UNDO|IPC_NOWAIT}], 1) = 0 <0.000130>
228   09:12:31.814943 write(2, "Called ArkMediaPlayer teardown s"..., 44) = 44 <0.000181>
227   09:12:31.822464 poll([{fd=7, events=POLLIN}], 1, 0 <unfinished ...>
265   09:12:31.826270 +++ exited with 0 +++
227   09:12:31.829640 <... poll resumed>) = 0 (Timeout) <0.003683>
228   09:12:31.833065 write(2, "Audio sink shut down.\n", 22) = 22 <0.000248>
228   09:12:31.839969 ioctl(14, SNDRV_TIMER_IOCTL_STOP, 0x54a1) = -1 EBUSY (Device or resource busy) <0.000119>
228   09:12:31.846437 ioctl(14, SNDRV_TIMER_IOCTL_STOP, 0x54a1) = -1 EBUSY (Device or resource busy) <0.000228>
227   09:12:31.883265 poll([{fd=7, events=POLLIN}], 1, 0) = 0 (Timeout) <0.000267>
228   09:12:31.891269 semop(589827, [{sem_num=0, sem_op=0, sem_flg=0}, {sem_num=0, sem_op=1, sem_flg=SEM_UNDO}], 2) = 0 <0.000129>
228   09:12:31.899276 semop(589827, [{sem_num=0, sem_op=-1, sem_flg=SEM_UNDO|IPC_NOWAIT}], 1) = 0 <0.000126>
228   09:12:31.906606 write(2, "Called ArkMediaPlayer teardown s"..., 44 <unfinished ...>
227   09:12:31.910109 poll([{fd=7, events=POLLIN}], 1, 0 <unfinished ...>
228   09:12:31.913671 <... write resumed>) = 44 <0.003711>
227   09:12:31.917145 <... poll resumed>) = 0 (Timeout) <0.003615>
266   09:12:31.921474 +++ exited with 0 +++
228   09:12:31.925470 write(2, "Audio sink shut down.\n", 22) = 22 <0.000179>
228   09:12:31.932324 ioctl(17, SNDRV_TIMER_IOCTL_STOP, 0x54a1) = -1 EBUSY (Device or resource busy) <0.000171>
228   09:12:31.939435 ioctl(17, SNDRV_TIMER_IOCTL_STOP, 0x54a1 <unfinished ...>
227   09:12:31.942799 poll([{fd=7, events=POLLIN}], 1, 0 <unfinished ...>
228   09:12:32.779269 <... ioctl resumed>) = -1 EBUSY (Device or resource busy) <0.836552>
227   09:12:32.783531 <... poll resumed>) = 0 (Timeout) <0.004370>
228   09:12:32.787566 semop(589827, [{sem_num=0, sem_op=0, sem_flg=0}, {sem_num=0, sem_op=1, sem_flg=SEM_UNDO}], 2) = 0 <0.000126>
227   09:12:32.832089 poll([{fd=7, events=POLLIN}], 1, 0) = 0 (Timeout) <0.023015>
228   09:12:32.864156 write(2, "Called ArkMediaPlayer teardown s"..., 44) = 44 <0.000197>
267   09:12:32.871628 +++ exited with 0 +++
228   09:12:32.875384 write(2, "Audio sink shut down.\n", 22 <unfinished ...>
227   09:12:32.879072 poll([{fd=7, events=POLLIN}], 1, 0 <unfinished ...>
228   09:12:32.882630 <... write resumed>) = 22 <0.003723>
227   09:12:32.886138 <... poll resumed>) = 0 (Timeout) <0.003639>
268   09:12:32.890129 +++ exited with 0 +++
228   09:12:32.893947 write(2, "Shutting down LinuxPhoneStatus.\n", 32) = 32 <0.000179>
228   09:12:32.903662 write(2, "Sink shutdown complete!\n", 24) = 24 <0.000188>
228   09:12:32.915455 write(1, "ArkDbus::onLinkStatusChange:175 "..., 43 <unfinished ...>
227   09:12:32.919376 poll([{fd=7, events=POLLIN}], 1, 0 <unfinished ...>
228   09:12:32.923105 <... write resumed>) = 43 <0.003762>
227   09:12:32.926640 <... poll resumed>) = 0 (Timeout) <0.003606>
228   09:12:32.944100 poll([{fd=7, events=POLLIN|POLLOUT}], 1, -1) = 1 ([{fd=7, revents=POLLOUT}]) <0.000144>
228   09:12:32.951401 writev(7, [{iov_base="l\4\1\1\10\0\0\0001\0\0\0h\0\0\0\1\1o\0\22\0\0\0/com/ark"..., iov_len=120}, {iov_base="\v\0\0\0\10\0\0\0", iov_len=8}], 2) = 128 <0.000873>
228   09:12:32.989539 write(1, "Signal Sent\n", 12) = 12 <0.000172>
228   09:12:32.997258 write(1, "BtRfcommController::stop : 422 s"..., 37) = 37 <0.000187>
228   09:12:33.004355 write(1, "RfcommTransport::stop : 230\n", 28) = 28 <0.000273>
227   09:12:33.011354 poll([{fd=7, events=POLLIN}], 1, 0) = 0 (Timeout) <0.000226>
263   09:12:33.019073 write(1, "read:291\n", 9) = 9 <0.000242>
263   09:12:33.026384 read(9 <unfinished ...>
228   09:12:33.030002 write(1, "ArkUtils::send_local_message:288"..., 47 <unfinished ...>
263   09:12:33.033885 <... read resumed>, "q", 8) = 1 <0.003919>
228   09:12:33.037606 <... write resumed>) = 47 <0.003791>
227   09:12:33.041501 poll([{fd=7, events=POLLIN}], 1, 0 <unfinished ...>
228   09:12:33.045656 write(2, "~RfcommConnection:289\n", 22 <unfinished ...>
227   09:12:33.049468 <... poll resumed>) = 0 (Timeout) <0.004163>
263   09:12:33.892127 write(1, "Rfcomm transport exit because re"..., 49 <unfinished ...>
228   09:12:33.895643 <... write resumed>) = 22 <0.846211>
263   09:12:33.899162 <... write resumed>) = 49 <0.003554>
263   09:12:33.940411 write(2, "Read header failed\n", 19) = 19 <0.000178>
263   09:12:33.950469 write(2, "run:161 stop\n", 13) = 13 <0.000172>
227   09:12:33.966321 poll([{fd=7, events=POLLIN}], 1, 0) = 0 (Timeout) <0.000232>
263   09:12:33.974386 +++ exited with 0 +++
228   09:12:33.979156 write(1, "BtRfcommController::stop : 430 e"..., 35) = 35 <0.000197>
228   09:12:33.986463 write(1, "run : 294\n", 10) = 10 <0.000196>
227   09:12:33.993546 poll([{fd=7, events=POLLIN}], 1, 0) = 0 (Timeout) <0.000135>
227   09:12:34.016615 poll([{fd=7, events=POLLIN}], 1, 0) = 0 (Timeout) <0.000140>
227   09:12:34.039461 poll([{fd=7, events=POLLIN}], 1, 0) = 0 (Timeout) <0.000142>
227   09:12:34.062601 poll([{fd=7, events=POLLIN}], 1, 0) = 0 (Timeout) <0.000176>
227   09:12:34.088217 poll([{fd=7, events=POLLIN}], 1, 0) = 0 (Timeout) <0.000133>
227   09:12:34.114481 poll([{fd=7, events=POLLIN}], 1, 0) = 0 (Timeout) <0.000144>
227   09:12:34.166918 poll([{fd=7, events=POLLIN}], 1, 0) = 0 (Timeout) <0.000139>
227   09:12:34.189993 poll([{fd=7, events=POLLIN}], 1, 0) = 0 (Timeout) <0.000163>
227   09:12:34.213011 poll([{fd=7, events=POLLIN}], 1, 0) = 0 (Timeout) <0.000139>
227   09:12:34.236433 poll([{fd=7, events=POLLIN}], 1, 0) = 0 (Timeout) <0.000137>
227   09:12:34.259697 poll([{fd=7, events=POLLIN}], 1, 0) = 0 (Timeout) <0.000145>
227   09:12:34.283770 poll([{fd=7, events=POLLIN}], 1, 0) = 0 (Timeout) <0.000189>
227   09:12:34.306835 poll([{fd=7, events=POLLIN}], 1, 0) = 0 (Timeout) <0.000137>
227   09:12:34.330176 poll([{fd=7, events=POLLIN}], 1, 0) = 0 (Timeout) <0.000146>
227   09:12:35.190496 poll([{fd=7, events=POLLIN}], 1, 0) = 1 ([{fd=7, revents=POLLIN}]) <0.000209>
227   09:12:35.197470 read(7, "l\1\0\1\10\0\0\0J\0\0\0\225\0\0\0\1\1o\0\22\0\0\0/com/ark"..., 2048) = 176 <0.000155>
227   09:12:35.242053 read(7, 0xb4b01e28, 2048) = -1 EAGAIN (Resource temporarily unavailable) <0.000126>
227   09:12:35.248741 write(1, "ArkDbus::reply_to_requestLinkSta"..., 65) = 65 <0.000177>
227   09:12:35.255455 write(1, "IArkCallbacks::requestLinkStatus"..., 38) = 38 <0.000202>
227   09:12:35.270723 write(1, "IArkCallbacks::requestLinkStatus"..., 36) = 36 <0.000239>
227   09:12:35.278123 write(1, "ArkDbus::onLinkStatusChange:175 "..., 43) = 43 <0.000203>
227   09:12:35.285768 writev(7, [{iov_base="l\4\1\1\10\0\0\0002\0\0\0h\0\0\0\1\1o\0\22\0\0\0/com/ark"..., iov_len=120}, {iov_base="\v\0\0\0\3\0\0\0", iov_len=8}], 2) = 128 <0.000763>
227   09:12:35.293698 write(1, "Signal Sent\n", 12) = 12 <0.000183>
227   09:12:35.302156 writev(7, [{iov_base="l\2\1\1\4\0\0\0003\0\0\0\37\0\0\0\6\1s\0\4\0\0\0:1.0\0\0\0\0"..., iov_len=48}, {iov_base="\1\0\0\0", iov_len=4}], 2) = 52 <0.000720>
227   09:12:35.309855 write(1, "ArkDbus::run 468\n", 17) = 17 <0.000176>
227   09:12:35.316590 poll([{fd=7, events=POLLIN}], 1, 0) = 0 (Timeout) <0.000128>
227   09:12:35.344664 poll([{fd=7, events=POLLIN}], 1, 0) = 0 (Timeout) <0.000127>
227   09:12:35.396573 poll([{fd=7, events=POLLIN}], 1, 0) = 0 (Timeout) <0.000122>
227   09:12:35.418631 poll([{fd=7, events=POLLIN}], 1, 0) = 0 (Timeout) <0.000147>
227   09:12:35.441537 poll([{fd=7, events=POLLIN}], 1, 0) = 0 (Timeout) <0.000135>
227   09:12:35.463656 poll([{fd=7, events=POLLIN}], 1, 0) = 0 (Timeout) <0.000123>
227   09:12:35.485711 poll([{fd=7, events=POLLIN}], 1, 0) = 0 (Timeout) <0.000122>
227   09:12:35.507711 poll([{fd=7, events=POLLIN}], 1, 0) = 0 (Timeout) <0.000124>
227   09:12:35.529759 poll([{fd=7, events=POLLIN}], 1, 0) = 0 (Timeout) <0.000121>
227   09:12:35.552202 poll([{fd=7, events=POLLIN}], 1, 0) = 0 (Timeout) <0.000122>
227   09:12:35.582517 poll([{fd=7, events=POLLIN}], 1, 0 <unfinished ...>
228   09:12:36.425257 write(1, "BtRfcommController::start : 404\n", 32 <unfinished ...>
227   09:12:36.428692 <... poll resumed>) = 0 (Timeout) <0.003689>
228   09:12:36.432162 <... write resumed>) = 32 <0.003505>
228   09:12:36.435863 write(1, "/dev/bw_aap is not symlink \n", 28) = 28 <0.000290>
227   09:12:36.481372 poll([{fd=7, events=POLLIN}], 1, 0) = 0 (Timeout) <0.000289>
228   09:12:36.490164 write(1, "ArkUtils::open_local_socket:266 "..., 41) = 41 <0.000199>
228   09:12:36.497935 write(1, "BtRfcommController::start : 414\n", 32) = 32 <0.000196>
227   09:12:36.505449 poll([{fd=7, events=POLLIN}], 1, 0) = 0 (Timeout) <0.000158>
277   09:12:36.512466 write(8, "\0\t\0\4\10\1\20\0\30\0 \274(", 13) = 13 <0.001039>
277   09:12:36.520574 write(1, "rfcomm write: 00 09 00 04 08 01 "..., 54) = 54 <0.000197>
227   09:12:36.528687 poll([{fd=7, events=POLLIN}], 1, 0) = 0 (Timeout) <0.000122>
227   09:12:36.552293 poll([{fd=7, events=POLLIN}], 1, 0) = 0 (Timeout) <0.000126>
277   09:12:36.571561 read(8, "\0\26\0\5", 4) = 4 <0.000143>
277   09:12:36.578978 write(1, "rfcomm read: 00 16 00 05 \n", 26 <unfinished ...>
227   09:12:36.582484 poll([{fd=7, events=POLLIN}], 1, 0 <unfinished ...>
277   09:12:36.616901 <... write resumed>) = 26 <0.034562>
227   09:12:36.620513 <... poll resumed>) = 0 (Timeout) <0.003686>
277   09:12:36.624307 write(2, "len=22 type=5\n", 14) = 14 <0.000268>
277   09:12:36.631943 read(8, "\10\1\20\0\32\01656171FDAP001TE \0", 22) = 22 <0.000169>
277   09:12:36.639111 write(1, "rfcomm read: 08 01 10 00 1a 0e 3"..., 80) = 80 <0.000191>
227   09:12:36.646353 poll([{fd=7, events=POLLIN}], 1, 0) = 0 (Timeout) <0.000309>
277   09:12:36.654107 read(10, "#beacon_int=20\n#max_listen_inter"..., 4096) = 621 <0.000239>
277   09:12:36.662525 read(10, "", 4096) = 0 <0.000157>
277   09:12:36.669995 write(1, "interface=wlan0\n", 16) = 16 <0.000278>
227   09:12:36.677433 poll([{fd=7, events=POLLIN}], 1, 0) = 0 (Timeout) <0.000304>
277   09:12:37.528204 write(1, "wlan0 IP Address 192.168.43.1\n", 30) = 30 <0.000200>
277   09:12:37.535472 write(1, "local wifi ip=192.168.43.1\n", 27) = 27 <0.000306>
227   09:12:37.581226 poll([{fd=7, events=POLLIN}], 1, 0 <unfinished ...>
277   09:12:37.584933 write(1, "majorVer:1 minorVer0 deviceSeria"..., 69 <unfinished ...>
227   09:12:37.588439 <... poll resumed>) = 0 (Timeout) <0.003642>
277   09:12:37.591866 <... write resumed>) = 69 <0.003577>
277   09:12:37.595428 write(8, "\0\21\0\1\n\f192.168.43.1\20\3124", 21) = 21 <0.000948>
277   09:12:37.603386 write(1, "rfcomm write: 00 11 00 01 0a 0c "..., 78) = 78 <0.000179>
227   09:12:37.610625 poll([{fd=7, events=POLLIN}], 1, 0) = 0 (Timeout) <0.000128>
227   09:12:37.632711 poll([{fd=7, events=POLLIN}], 1, 0) = 0 (Timeout) <0.000126>
227   09:12:37.654848 poll([{fd=7, events=POLLIN}], 1, 0) = 0 (Timeout) <0.000144>
277   09:12:37.685736 read(8 <unfinished ...>
227   09:12:37.689366 poll([{fd=7, events=POLLIN}], 1, 0 <unfinished ...>
277   09:12:37.693424 <... read resumed>, "\0\0\0\2", 4) = 4 <0.004091>
227   09:12:37.696969 <... poll resumed>) = 0 (Timeout) <0.003683>
277   09:12:37.700343 write(1, "rfcomm read: 00 00 00 02 \n", 26) = 26 <0.000243>
277   09:12:37.707209 write(2, "len=0 type=2\n", 13) = 13 <0.000175>
227   09:12:37.744590 poll([{fd=7, events=POLLIN}], 1, 0) = 0 (Timeout) <0.000189>
277   09:12:37.751294 read(8, "", 0)    = 0 <0.000182>
277   09:12:37.758117 read(8, "", 0)    = 0 <0.000117>
277   09:12:37.765054 read(8, "", 0)    = 0 <0.000113>
227   09:12:37.771804 poll([{fd=7, events=POLLIN}], 1, 0 <unfinished ...>
277   09:12:37.775413 read(8 <unfinished ...>
227   09:12:38.358902 <... poll resumed>) = 0 (Timeout) <0.583607>
277   09:12:38.362381 <... read resumed>, "", 0) = 0 <0.003521>
277   09:12:38.365985 write(1, "Rfcomm Read timeout!!!\n", 23) = 23 <0.000360>
226   09:12:38.373174 write(1, "wirelessConnectionProc:206 Accep"..., 52) = 52 <0.000320>
226   09:12:38.380596 write(2, "wirelessConnectionProc:189\n", 27) = 27 <0.000323>
277   09:12:38.387884 read(11 <unfinished ...>
226   09:12:38.391213 write(2, "\n", 1 <unfinished ...>
277   09:12:38.445647 <... read resumed>, "#beacon_int=20\n#max_listen_inter"..., 4096) = 621 <0.054625>
227   09:12:38.449113 poll([{fd=7, events=POLLIN}], 1, 0 <unfinished ...>
277   09:12:38.453792 read(11 <unfinished ...>
227   09:12:38.457633 <... poll resumed>) = 0 (Timeout) <0.003978>
226   09:12:38.460963 <... write resumed>) = 1 <0.015399>
277   09:12:38.464360 <... read resumed>, "", 4096) = 0 <0.006879>
277   09:12:38.468132 write(1, "ssid=carplay_fc9f\n", 18) = 18 <0.000178>
277   09:12:38.474879 write(1, "passwd=<REDACTED>\n", 16) = 16 <0.000175>
277   09:12:38.481590 write(1, "interface=wlan0\n", 16) = 16 <0.000179>
227   09:12:38.488588 poll([{fd=7, events=POLLIN}], 1, 0) = 0 (Timeout) <0.000187>
277   09:12:38.495314 ioctl(11, SIOCGIFHWADDR, {ifr_name="wlan0", ifr_hwaddr={sa_family=ARPHRD_ETHER, sa_data=<MAC-REDACTED>}}) = 0 <0.000194>
277   09:12:38.502869 write(1, "local m<MAC-REDACTED>:43 \n", 29) = 29 <0.000350>
227   09:12:39.348844 poll([{fd=7, events=POLLIN}], 1, 0) = 0 (Timeout) <0.000230>
228   09:12:39.356121 write(1, "ArkDbus::onLinkStatusChange:175 "..., 43) = 43 <0.000290>
227   09:12:39.392977 poll([{fd=7, events=POLLIN}], 1, 0) = 0 (Timeout) <0.007756>
277   09:12:39.407218 write(1, "mac=<MAC-REDACTED>\n", 22 <unfinished ...>
228   09:12:39.410740 poll([{fd=7, events=POLLIN|POLLOUT}], 1, -1 <unfinished ...>
277   09:12:39.414375 <... write resumed>) = 22 <0.003707>
228   09:12:39.417847 <... poll resumed>) = 1 ([{fd=7, revents=POLLOUT}]) <0.003608>
277   09:12:39.421490 write(8, "\0-\0\3\n\fcarplay_fc9f\22\10REDACTED\32\02168"..., 49 <unfinished ...>
228   09:12:39.425944 writev(7, [{iov_base="l\4\1\1\10\0\0\0004\0\0\0h\0\0\0\1\1o\0\22\0\0\0/com/ark"..., iov_len=120}, {iov_base="\v\0\0\0\t\0\0\0", iov_len=8}], 2 <unfinished ...>
277   09:12:39.432571 <... write resumed>) = 49 <0.007539>
228   09:12:39.436457 <... writev resumed>) = 128 <0.006681>
277   09:12:39.440460 write(1, "rfcomm write: 00 2d 00 03 0a 0c "..., 162 <unfinished ...>
227   09:12:39.444245 poll([{fd=7, events=POLLIN}], 1, 0 <unfinished ...>
277   09:12:39.447799 <... write resumed>) = 162 <0.003854>
227   09:12:39.451133 <... poll resumed>) = 0 (Timeout) <0.003471>
228   09:12:39.475320 write(1, "Signal Sent\n", 12) = 12 <0.000247>
277   09:12:39.483013 read(8, "\0\2\0\7", 4) = 4 <0.000227>
277   09:12:39.490437 write(1, "rfcomm read: 00 02 00 07 \n", 26) = 26 <0.000319>
227   09:12:39.555336 poll([{fd=7, events=POLLIN}], 1, 0) = 0 (Timeout) <0.000384>
277   09:12:39.562406 write(2, "len=2 type=7\n", 13 <unfinished ...>
228   09:12:39.565990 write(1, "+++ArkAuto::run : 262\n", 22 <unfinished ...>
277   09:12:39.569549 <... write resumed>) = 13 <0.003711>
228   09:12:39.572930 <... write resumed>) = 22 <0.003629>
277   09:12:39.584208 read(8, "\30\0", 2) = 2 <0.000261>
227   09:12:39.591469 poll([{fd=7, events=POLLIN}], 1, 0 <unfinished ...>
277   09:12:39.595170 write(1, "rfcomm read: 18 00 \n", 20 <unfinished ...>
227   09:12:39.613078 <... poll resumed>) = 0 (Timeout) <0.017978>
277   09:12:39.616767 <... write resumed>) = 20 <0.003779>
277   09:12:39.620774 write(1, "ip: port:-1\n", 12) = 12 <0.000251>
277   09:12:39.629119 read(8 <unfinished ...>
228   09:12:39.632686 write(1, "Sink::init Sink : 0\n", 20 <unfinished ...>
277   09:12:39.636467 <... read resumed>, "\0\2\0\6", 4) = 4 <0.003820>
228   09:12:39.640343 <... write resumed>) = 20 <0.003956>
227   09:12:40.481190 poll([{fd=7, events=POLLIN}], 1, 0) = 0 (Timeout) <0.000471>
228   09:12:40.505236 write(2, "Creating new Video Sink...\n", 27 <unfinished ...>
277   09:12:40.543665 write(1, "rfcomm read: 00 02 00 06 \n", 26) = 26 <0.000178>
228   09:12:40.550671 <... write resumed>) = 27 <0.007102>
228   09:12:40.554507 write(1, "w=800 h=480 widthMargin=0  heigh"..., 43) = 43 <0.000258>
277   09:12:40.561499 write(2, "len=2 type=6\n", 13 <unfinished ...>
228   09:12:40.565075 write(1, "w=1280 h=720 widthMargin=0  heig"..., 44 <unfinished ...>
277   09:12:40.569347 <... write resumed>) = 13 <0.004416>
228   09:12:40.572647 <... write resumed>) = 44 <0.003569>
227   09:12:40.576864 poll([{fd=7, events=POLLIN}], 1, 0 <unfinished ...>
228   09:12:40.580479 write(1, "w=800 h=480 widthMargin=0  heigh"..., 43 <unfinished ...>
227   09:12:40.583944 <... poll resumed>) = 0 (Timeout) <0.003692>
228   09:12:40.587512 <... write resumed>) = 43 <0.003722>
277   09:12:40.591068 read(8, "\10\0", 2) = 2 <0.000373>
277   09:12:40.598223 write(1, "rfcomm read: 08 00 \n", 20) = 20 <0.000343>
228   09:12:40.605276 write(2, "Creating new input source...\n", 29) = 29 <0.000342>
228   09:12:40.612783 write(2, "Creating new Audio source...\n", 29 <unfinished ...>
227   09:12:40.616337 poll([{fd=7, events=POLLIN}], 1, 0 <unfinished ...>
228   09:12:40.667341 <... write resumed>) = 29 <0.051143>
227   09:12:40.670943 <... poll resumed>) = 0 (Timeout) <0.003676>
228   09:12:40.674645 write(1, "###Microphone::init:85 bridge_mo"..., 45) = 45 <0.000272>
228   09:12:40.682889 write(1, "Microphone::init:102 \n", 22) = 22 <0.000199>
228   09:12:40.689768 write(2, "Microphone initialized!\n", 24) = 24 <0.000204>
228   09:12:40.697190 write(2, "Creating new Audio sink...\n", 27 <unfinished ...>
227   09:12:40.700886 poll([{fd=7, events=POLLIN}], 1, 0 <unfinished ...>
228   09:12:40.704679 <... write resumed>) = 27 <0.003825>
227   09:12:40.708158 <... poll resumed>) = 0 (Timeout) <0.003555>
228   09:12:40.711892 write(1, "open:174 m_handle_name=plug:soft"..., 44) = 44 <0.000273>
228   09:12:40.721262 ioctl(11, SNDRV_CTL_IOCTL_CARD_INFO, 0xb54df2b0) = 0 <0.000148>
228   09:12:40.729066 semop(622595, [{sem_num=0, sem_op=0, sem_flg=0}, {sem_num=0, sem_op=1, sem_flg=SEM_UNDO}], 2) = 0 <0.000238>
227   09:12:41.573144 poll([{fd=7, events=POLLIN}], 1, 0) = 0 (Timeout) <0.000332>
228   09:12:41.582724 ioctl(11, SNDRV_CTL_IOCTL_CARD_INFO, 0xb54df298) = 0 <0.000139>
227   09:12:41.618641 poll([{fd=7, events=POLLIN}], 1, 0) = 0 (Timeout) <0.000398>
228   09:12:41.626536 ioctl(11, SNDRV_CTL_IOCTL_PVERSION, 0xb54df428) = 0 <0.000114>
228   09:12:41.633072 ioctl(11, SNDRV_CTL_IOCTL_PCM_PREFER_SUBDEVICE, 0xb54df464) = 0 <0.000195>
228   09:12:41.640288 ioctl(12, SNDRV_PCM_IOCTL_INFO, 0xb54df328) = 0 <0.000129>
227   09:12:41.647032 poll([{fd=7, events=POLLIN}], 1, 0) = 0 (Timeout) <0.000183>
228   09:12:41.653797 ioctl(12, AGPIOC_INFO or SNDRV_PCM_IOCTL_PVERSION, 0xb54df298) = 0 <0.000171>
228   09:12:41.660480 ioctl(12, AGPIOC_SETUP or SNDRV_PCM_IOCTL_TTSTAMP, 0xb54df2a0) = 0 <0.000114>
228   09:12:41.667267 ioctl(12, SNDRV_PCM_IOCTL_SYNC_PTR, 0xb54df2a4) = 0 <0.000116>
228   09:12:41.673899 ioctl(12, SNDRV_PCM_IOCTL_HW_REFINE, 0xb54df4a8) = 0 <0.000280>
227   09:12:41.680815 poll([{fd=7, events=POLLIN}], 1, 0 <unfinished ...>
228   09:12:41.684344 ioctl(12, SNDRV_PCM_IOCTL_HW_REFINE, 0xb54df4a8 <unfinished ...>
227   09:12:41.687749 <... poll resumed>) = 0 (Timeout) <0.003538>
228   09:12:41.738659 <... ioctl resumed>) = 0 <0.051025>
228   09:12:41.742213 ioctl(12, SNDRV_PCM_IOCTL_HW_REFINE, 0xb54df4a8) = 0 <0.000185>
228   09:12:41.749341 ioctl(12, SNDRV_PCM_IOCTL_HW_REFINE, 0xb54df4a8) = 0 <0.000173>
228   09:12:41.756004 ioctl(12, SNDRV_PCM_IOCTL_HW_REFINE, 0xb54df4a8) = 0 <0.000179>
228   09:12:41.762754 ioctl(12, SNDRV_PCM_IOCTL_HW_REFINE, 0xb54df4a8 <unfinished ...>
227   09:12:41.766234 poll([{fd=7, events=POLLIN}], 1, 0 <unfinished ...>
228   09:12:41.769710 <... ioctl resumed>) = 0 <0.003631>
227   09:12:41.773045 <... poll resumed>) = 0 (Timeout) <0.003472>
228   09:12:41.776439 ioctl(12, SNDRV_PCM_IOCTL_HW_REFINE, 0xb54df4a8) = 0 <0.000237>
228   09:12:41.783252 ioctl(12, SNDRV_PCM_IOCTL_HW_REFINE, 0xb54df4a8) = 0 <0.000172>
228   09:12:41.790004 ioctl(12, SNDRV_PCM_IOCTL_HW_REFINE, 0xb54df4a8) = 0 <0.000148>
228   09:12:41.796575 ioctl(12, SNDRV_PCM_IOCTL_HW_REFINE, 0xb54df4a8) = 0 <0.000242>
227   09:12:42.641676 poll([{fd=7, events=POLLIN}], 1, 0 <unfinished ...>
228   09:12:42.645187 ioctl(12, SNDRV_PCM_IOCTL_HW_PARAMS, 0xb54df4a8 <unfinished ...>
227   09:12:42.686295 <... poll resumed>) = 0 (Timeout) <0.041230>
228   09:12:42.690142 <... ioctl resumed>) = 0 <0.012719>
228   09:12:42.693493 ioctl(12, SNDRV_PCM_IOCTL_SYNC_PTR, 0xb4950848) = 0 <0.000135>
228   09:12:42.699957 ioctl(12, SNDRV_PCM_IOCTL_SW_PARAMS, 0xb54df3a8) = 0 <0.000132>
228   09:12:42.706375 ioctl(12, SNDRV_PCM_IOCTL_CHANNEL_INFO, 0xb54df338) = 0 <0.000198>
227   09:12:42.712846 poll([{fd=7, events=POLLIN}], 1, 0 <unfinished ...>
228   09:12:42.716342 ioctl(12, SNDRV_PCM_IOCTL_CHANNEL_INFO, 0xb54df338 <unfinished ...>
227   09:12:42.719647 <... poll resumed>) = 0 (Timeout) <0.003435>
228   09:12:42.722963 <... ioctl resumed>) = 0 <0.003416>
228   09:12:42.726557 ioctl(12, SNDRV_PCM_IOCTL_PREPARE, 0xb4950990) = 0 <0.009603>
227   09:12:42.742595 poll([{fd=7, events=POLLIN}], 1, 0 <unfinished ...>
228   09:12:42.746091 ioctl(12, SNDRV_PCM_IOCTL_SYNC_PTR, 0xb4950848 <unfinished ...>
227   09:12:42.749440 <... poll resumed>) = 0 (Timeout) <0.003412>
228   09:12:42.752802 <... ioctl resumed>) = 0 <0.003424>
228   09:12:42.764635 ioctl(12, SNDRV_PCM_IOCTL_SW_PARAMS, 0xb54df438) = 0 <0.000144>
228   09:12:42.771763 ioctl(12, SNDRV_PCM_IOCTL_SYNC_PTR, 0xb4950848) = 0 <0.000146>
228   09:12:42.826660 ioctl(12, SNDRV_PCM_IOCTL_START, 0xb4950848 <unfinished ...>
227   09:12:42.830085 poll([{fd=7, events=POLLIN}], 1, 0 <unfinished ...>
228   09:12:42.856573 <... ioctl resumed>) = 0 <0.026516>
227   09:12:42.859873 <... poll resumed>) = 0 (Timeout) <0.003437>
228   09:12:42.863225 ioctl(12, AGPIOC_INFO or SNDRV_PCM_IOCTL_PVERSION, 0xb54df72c) = 0 <0.000186>
228   09:12:42.871647 ioctl(12, SNDRV_PCM_IOCTL_INFO, 0xb54df590) = 0 <0.000140>
228   09:12:42.879692 ioctl(11, SNDRV_CTL_IOCTL_CARD_INFO, 0xb54df018 <unfinished ...>
227   09:12:42.883202 poll([{fd=7, events=POLLIN}], 1, 0 <unfinished ...>
228   09:12:42.886868 <... ioctl resumed>) = 0 <0.003826>
227   09:12:42.890206 <... poll resumed>) = 0 (Timeout) <0.003476>
228   09:12:42.894448 ioctl(11, SNDRV_TIMER_IOCTL_PVERSION, 0xb54df320) = 0 <0.000112>
228   09:12:42.901459 ioctl(11, SNDRV_TIMER_IOCTL_TREAD_OLD, 0xb54df324) = 0 <0.000126>
228   09:12:42.914312 ioctl(11, SNDRV_TIMER_IOCTL_SELECT, 0xb54df324 <unfinished ...>
227   09:12:43.751859 poll([{fd=7, events=POLLIN}], 1, 0 <unfinished ...>
228   09:12:43.755528 <... ioctl resumed>) = 0 <0.003710>
228   09:12:43.758986 ioctl(11, SNDRV_TIMER_IOCTL_PVERSION, 0xb54df6bc <unfinished ...>
227   09:12:43.762281 <... poll resumed>) = 0 (Timeout) <0.006823>
228   09:12:43.796241 <... ioctl resumed>) = 0 <0.034042>
228   09:12:43.799908 semop(622595, [{sem_num=0, sem_op=-1, sem_flg=SEM_UNDO|IPC_NOWAIT}], 1) = 0 <0.000126>
227   09:12:43.815343 poll([{fd=7, events=POLLIN}], 1, 0) = 0 (Timeout) <0.000224>
228   09:12:43.824582 ioctl(13, SNDRV_CTL_IOCTL_CARD_INFO, 0xb54df470) = 0 <0.000222>
228   09:12:43.837613 ioctl(13, SNDRV_CTL_IOCTL_PVERSION, 0xb54df790) = 0 <0.000135>
228   09:12:43.845703 ioctl(13, SNDRV_CTL_IOCTL_ELEM_INFO, 0xb54df780 <unfinished ...>
227   09:12:43.851807 poll([{fd=7, events=POLLIN}], 1, 0 <unfinished ...>
228   09:12:43.856221 <... ioctl resumed>) = 0 <0.004447>
227   09:12:43.861838 <... poll resumed>) = 0 (Timeout) <0.005693>
228   09:12:43.867066 ioctl(13, SNDRV_CTL_IOCTL_TLV_READ, 0xb4934a10) = 0 <0.000209>
228   09:12:43.877787 write(1, "rate=48000 channels=2 bits_per_s"..., 41) = 41 <0.001915>
227   09:12:43.890297 poll([{fd=7, events=POLLIN}], 1, 0) = 0 (Timeout) <0.000145>
228   09:12:43.908952 ioctl(12, SNDRV_PCM_IOCTL_SYNC_PTR, 0xb4950848) = 0 <0.000143>
228   09:12:43.964637 ioctl(11, SNDRV_TIMER_IOCTL_PARAMS, 0xb54dfba8 <unfinished ...>
227   09:12:43.968160 poll([{fd=7, events=POLLIN}], 1, 0 <unfinished ...>
228   09:12:43.971893 <... ioctl resumed>) = 0 <0.003759>
227   09:12:43.975565 <... poll resumed>) = 0 (Timeout) <0.003750>
228   09:12:43.979257 write(1, "set_alsa_paramters:103 period_si"..., 59) = 59 <0.000272>
228   09:12:43.986996 write(1, "open:190 ret=0 m_handle=0xb49509"..., 35) = 35 <0.000202>
228   09:12:43.994970 write(2, "Creating new Audio sink...\n", 27) = 27 <0.000273>
227   09:12:44.002537 poll([{fd=7, events=POLLIN}], 1, 0 <unfinished ...>
228   09:12:44.006641 write(1, "open:174 m_handle_name=plug:soft"..., 44 <unfinished ...>
227   09:12:44.010414 <... poll resumed>) = 0 (Timeout) <0.004002>
228   09:12:44.014288 <... write resumed>) = 44 <0.003983>
228   09:12:44.020173 ioctl(14, SNDRV_CTL_IOCTL_CARD_INFO, 0xb54df2b0) = 0 <0.000144>
228   09:12:44.027797 semop(622595, [{sem_num=0, sem_op=0, sem_flg=0}, {sem_num=0, sem_op=1, sem_flg=SEM_UNDO}], 2) = 0 <0.000150>
227   09:12:44.864698 poll([{fd=7, events=POLLIN}], 1, 0) = 0 (Timeout) <0.000274>
228   09:12:44.873504 ioctl(14, SNDRV_CTL_IOCTL_CARD_INFO, 0xb54df298) = 0 <0.000153>
227   09:12:44.910274 poll([{fd=7, events=POLLIN}], 1, 0) = 0 (Timeout) <0.000382>
228   09:12:44.917767 ioctl(14, SNDRV_CTL_IOCTL_PVERSION, 0xb54df428) = 0 <0.000112>
228   09:12:44.924390 ioctl(14, SNDRV_CTL_IOCTL_PCM_PREFER_SUBDEVICE, 0xb54df464) = 0 <0.000115>
228   09:12:44.931343 ioctl(15, SNDRV_PCM_IOCTL_INFO, 0xb54df328) = 0 <0.000134>
227   09:12:44.938688 poll([{fd=7, events=POLLIN}], 1, 0) = 0 (Timeout) <0.000288>
228   09:12:44.945498 ioctl(15, AGPIOC_INFO or SNDRV_PCM_IOCTL_PVERSION, 0xb54df298) = 0 <0.000174>
228   09:12:44.952177 ioctl(15, AGPIOC_SETUP or SNDRV_PCM_IOCTL_TTSTAMP, 0xb54df2a0) = 0 <0.000110>
228   09:12:44.958993 ioctl(15, SNDRV_PCM_IOCTL_SYNC_PTR, 0xb54df2a4) = 0 <0.000119>
228   09:12:44.965811 ioctl(15, SNDRV_PCM_IOCTL_CHANNEL_INFO, 0xb54df6d0) = 0 <0.000202>
227   09:12:44.972487 poll([{fd=7, events=POLLIN}], 1, 0 <unfinished ...>
228   09:12:44.976065 ioctl(15, SNDRV_PCM_IOCTL_CHANNEL_INFO, 0xb54df6d0 <unfinished ...>
227   09:12:44.979408 <... poll resumed>) = 0 (Timeout) <0.003477>
228   09:12:45.031970 <... ioctl resumed>) = 0 <0.052662>
228   09:12:45.036595 ioctl(15, SNDRV_PCM_IOCTL_INFO, 0xb54df590) = 0 <0.000124>
228   09:12:45.044432 ioctl(14, SNDRV_CTL_IOCTL_CARD_INFO, 0xb54df018) = 0 <0.000128>
227   09:12:45.051387 poll([{fd=7, events=POLLIN}], 1, 0) = 0 (Timeout) <0.000283>
228   09:12:45.058642 ioctl(14, SNDRV_TIMER_IOCTL_PVERSION, 0xb54df320) = 0 <0.000115>
228   09:12:45.065521 ioctl(14, SNDRV_TIMER_IOCTL_TREAD_OLD, 0xb54df324) = 0 <0.000144>
228   09:12:45.072216 ioctl(14, SNDRV_TIMER_IOCTL_SELECT, 0xb54df324) = 0 <0.000154>
228   09:12:45.079194 ioctl(14, SNDRV_TIMER_IOCTL_PVERSION, 0xb54df6bc <unfinished ...>
227   09:12:45.082548 poll([{fd=7, events=POLLIN}], 1, 0 <unfinished ...>
228   09:12:45.086161 <... ioctl resumed>) = 0 <0.003699>
227   09:12:45.089661 <... poll resumed>) = 0 (Timeout) <0.003638>
228   09:12:45.093081 semop(622595, [{sem_num=0, sem_op=-1, sem_flg=SEM_UNDO|IPC_NOWAIT}], 1) = 0 <0.000208>
228   09:12:45.932089 ioctl(16, SNDRV_CTL_IOCTL_CARD_INFO, 0xb54df470) = 0 <0.000148>
227   09:12:45.969460 poll([{fd=7, events=POLLIN}], 1, 0) = 0 (Timeout) <0.000275>
228   09:12:45.976803 ioctl(16, SNDRV_CTL_IOCTL_PVERSION, 0xb54df790) = 0 <0.000114>
228   09:12:45.983311 ioctl(16, SNDRV_CTL_IOCTL_ELEM_INFO, 0xb54df780) = 0 <0.000129>
228   09:12:45.990056 ioctl(16, SNDRV_CTL_IOCTL_TLV_READ, 0xb494fd98) = 0 <0.000129>
228   09:12:45.997768 write(1, "rate=16000 channels=1 bits_per_s"..., 41 <unfinished ...>
227   09:12:46.001315 poll([{fd=7, events=POLLIN}], 1, 0 <unfinished ...>
228   09:12:46.005010 <... write resumed>) = 41 <0.003848>
227   09:12:46.013193 <... poll resumed>) = 0 (Timeout) <0.008318>
228   09:12:46.018417 ioctl(15, SNDRV_PCM_IOCTL_SYNC_PTR, 0xb4914038) = 0 <0.000138>
228   09:12:46.025226 ioctl(14, SNDRV_TIMER_IOCTL_PARAMS, 0xb54dfb88) = 0 <0.000134>
228   09:12:46.031772 write(1, "set_alsa_paramters:103 period_si"..., 57) = 57 <0.000275>
227   09:12:46.038911 poll([{fd=7, events=POLLIN}], 1, 0 <unfinished ...>
228   09:12:46.042512 write(1, "open:190 ret=0 m_handle=0xb49148"..., 35 <unfinished ...>
227   09:12:46.046035 <... poll resumed>) = 0 (Timeout) <0.003648>
228   09:12:46.049500 <... write resumed>) = 35 <0.003624>
228   09:12:46.101278 write(2, "Creating new Audio sink...\n", 27) = 27 <0.000335>
228   09:12:46.108653 write(1, "open:174 m_handle_name=plug:soft"..., 44) = 44 <0.000203>
227   09:12:46.116976 poll([{fd=7, events=POLLIN}], 1, 0) = 0 (Timeout) <0.000199>
228   09:12:46.125142 ioctl(17, SNDRV_CTL_IOCTL_CARD_INFO, 0xb54df2b0) = 0 <0.000127>
228   09:12:46.132047 semop(622595, [{sem_num=0, sem_op=0, sem_flg=0}, {sem_num=0, sem_op=1, sem_flg=SEM_UNDO}], 2) = 0 <0.000129>
227   09:12:46.140581 poll([{fd=7, events=POLLIN}], 1, 0) = 0 (Timeout) <0.000387>
228   09:12:46.147582 ioctl(17, SNDRV_CTL_IOCTL_CARD_INFO, 0xb54df298) = 0 <0.000125>
228   09:12:46.154622 ioctl(17, SNDRV_CTL_IOCTL_PVERSION, 0xb54df428) = 0 <0.000114>
228   09:12:46.161183 ioctl(17, SNDRV_CTL_IOCTL_PCM_PREFER_SUBDEVICE, 0xb54df464) = 0 <0.000127>
227   09:12:46.168018 poll([{fd=7, events=POLLIN}], 1, 0) = 0 (Timeout) <0.000186>
228   09:12:46.175030 ioctl(18, SNDRV_PCM_IOCTL_INFO, 0xb54df328) = 0 <0.000239>
227   09:12:46.224420 poll([{fd=7, events=POLLIN}], 1, 0) = 0 (Timeout) <0.000224>
228   09:12:46.231359 ioctl(18, AGPIOC_INFO or SNDRV_PCM_IOCTL_PVERSION, 0xb54df298) = 0 <0.000206>
228   09:12:46.239371 ioctl(18, AGPIOC_SETUP or SNDRV_PCM_IOCTL_TTSTAMP, 0xb54df2a0) = 0 <0.000133>
228   09:12:46.246727 ioctl(18, SNDRV_PCM_IOCTL_SYNC_PTR, 0xb54df2a4) = 0 <0.000223>
228   09:12:46.254121 ioctl(18, SNDRV_PCM_IOCTL_CHANNEL_INFO, 0xb54df6d0 <unfinished ...>
227   09:12:46.257767 poll([{fd=7, events=POLLIN}], 1, 0 <unfinished ...>
228   09:12:46.261543 <... ioctl resumed>) = 0 <0.003807>
227   09:12:46.265299 <... poll resumed>) = 0 (Timeout) <0.003836>
228   09:12:46.268996 ioctl(18, SNDRV_PCM_IOCTL_CHANNEL_INFO, 0xb54df6d0) = 0 <0.000222>
228   09:12:46.277325 ioctl(18, SNDRV_PCM_IOCTL_INFO, 0xb54df590) = 0 <0.000137>
228   09:12:46.285281 ioctl(17, SNDRV_CTL_IOCTL_CARD_INFO, 0xb54df018) = 0 <0.000131>
227   09:12:47.128198 poll([{fd=7, events=POLLIN}], 1, 0) = 0 (Timeout) <0.000253>
228   09:12:47.177954 ioctl(17, SNDRV_TIMER_IOCTL_PVERSION, 0xb54df320) = 0 <0.000129>
228   09:12:47.184647 ioctl(17, SNDRV_TIMER_IOCTL_TREAD_OLD, 0xb54df324) = 0 <0.000126>
228   09:12:47.191183 ioctl(17, SNDRV_TIMER_IOCTL_SELECT, 0xb54df324) = 0 <0.000157>
228   09:12:47.198398 ioctl(17, SNDRV_TIMER_IOCTL_PVERSION, 0xb54df6bc <unfinished ...>
227   09:12:47.201806 poll([{fd=7, events=POLLIN}], 1, 0 <unfinished ...>
228   09:12:47.205361 <... ioctl resumed>) = 0 <0.003646>
227   09:12:47.208706 <... poll resumed>) = 0 (Timeout) <0.003485>
228   09:12:47.212042 semop(622595, [{sem_num=0, sem_op=-1, sem_flg=SEM_UNDO|IPC_NOWAIT}], 1) = 0 <0.000188>
228   09:12:47.219834 ioctl(19, SNDRV_CTL_IOCTL_CARD_INFO, 0xb54df470) = 0 <0.000131>
228   09:12:47.227122 ioctl(19, SNDRV_CTL_IOCTL_PVERSION, 0xb54df790) = 0 <0.000117>
228   09:12:47.233831 ioctl(19, SNDRV_CTL_IOCTL_ELEM_INFO, 0xb54df780) = 0 <0.000213>
227   09:12:47.240690 poll([{fd=7, events=POLLIN}], 1, 0 <unfinished ...>
228   09:12:47.244281 ioctl(19, SNDRV_CTL_IOCTL_TLV_READ, 0xb4934ca0 <unfinished ...>
227   09:12:47.247680 <... poll resumed>) = 0 (Timeout) <0.003535>
228   09:12:47.251136 <... ioctl resumed>) = 0 <0.003556>
228   09:12:47.296482 write(1, "rate=16000 channels=1 bits_per_s"..., 41) = 41 <0.000198>
227   09:12:47.318203 poll([{fd=7, events=POLLIN}], 1, 0) = 0 (Timeout) <0.000161>
228   09:12:47.326958 ioctl(18, SNDRV_PCM_IOCTL_SYNC_PTR, 0xb4901dd8) = 0 <0.000143>
228   09:12:47.334862 ioctl(17, SNDRV_TIMER_IOCTL_PARAMS, 0xb54dfb88) = 0 <0.000137>
227   09:12:47.341576 poll([{fd=7, events=POLLIN}], 1, 0 <unfinished ...>
228   09:12:47.345320 write(1, "set_alsa_paramters:103 period_si"..., 57 <unfinished ...>
227   09:12:47.348854 <... poll resumed>) = 0 (Timeout) <0.003666>
228   09:12:47.352403 <... write resumed>) = 57 <0.003705>
228   09:12:47.356169 write(1, "open:190 ret=0 m_handle=0xb49656"..., 35) = 35 <0.000182>
228   09:12:47.364853 read(21, "<MAC-REDACTED>", 17) = 17 <0.000379>
227   09:12:47.372727 poll([{fd=7, events=POLLIN}], 1, 0 <unfinished ...>
228   09:12:48.210405 write(1, "bt addr=<MAC-REDACTED>\n", 26) = 26 <0.000193>
227   09:12:48.217553 <... poll resumed>) = 0 (Timeout) <0.007280>
227   09:12:48.236356 poll([{fd=7, events=POLLIN}], 1, 0) = 0 (Timeout) <0.000131>
228   09:12:48.278743 write(2, "Creating Bluetooth endpoint...\n", 31) = 31 <0.000180>
228   09:12:48.285456 write(1, "BluetoothCallbacks:BluetoothCall"..., 41) = 41 <0.000174>
228   09:12:48.293255 write(2, "Creating Bluetooth endpoint...\n", 31) = 31 <0.000191>
228   09:12:48.300555 write(2, "Transport type is wlan!\n", 24 <unfinished ...>
227   09:12:48.304142 poll([{fd=7, events=POLLIN}], 1, 0 <unfinished ...>
228   09:12:48.312663 <... write resumed>) = 24 <0.008756>
227   09:12:48.316338 <... poll resumed>) = 0 (Timeout) <0.003781>
228   09:12:48.320723 write(2, "Starting link, car major=1 minor"..., 35) = 35 <0.000201>
284   09:12:48.334899 write(10, "\0\3\0\6\0\1\0\1\0\3", 10) = 10 <0.000974>
227   09:12:48.342869 poll([{fd=7, events=POLLIN}], 1, 0) = 0 (Timeout) <0.000313>
283   09:12:48.350140 write(2, "readBytes:548\n", 14) = 14 <0.000257>
283   09:12:48.397372 write(2, "\n", 1) = 1 <0.000170>
283   09:12:48.404165 read(4, "q", 16)  = 1 <0.000143>
227   09:12:48.411600 poll([{fd=7, events=POLLIN}], 1, 0 <unfinished ...>
283   09:12:48.415160 read(10 <unfinished ...>
227   09:12:48.418559 <... poll resumed>) = 0 (Timeout) <0.003532>
283   09:12:48.421991 <... read resumed>, "", 4) = 0 <0.003548>
283   09:12:48.425653 write(2, "read ret=0 because Success\n", 27) = 27 <0.000247>
283   09:12:48.432761 write(2, "Encounted fatal error on read.\n", 31) = 31 <0.000179>
284   09:12:48.439819 write(2, "Writer thread exiting.\n", 23) = 23 <0.000257>
227   09:12:48.447441 poll([{fd=7, events=POLLIN}], 1, 0) = 0 (Timeout) <0.000286>
283   09:12:48.454803 write(1, "ArkUtils::send_local_message:288"..., 47 <unfinished ...>
284   09:12:49.301148 +++ exited with 0 +++
283   09:12:49.304710 <... write resumed>) = 47 <0.004042>
283   09:12:49.308130 write(2, "Reader thread exiting.\n", 23) = 23 <0.000185>
227   09:12:49.359596 poll([{fd=7, events=POLLIN}], 1, 0) = 0 (Timeout) <0.000231>
283   09:12:49.366806 +++ exited with 0 +++
228   09:12:49.370493 write(2, "Reader thread joined\n", 21) = 21 <0.000200>
228   09:12:49.377872 write(2, "Writer thread joined\n", 21) = 21 <0.000201>
228   09:12:49.385030 write(2, "Teardown display called.\n", 25) = 25 <0.000289>
227   09:12:49.392317 poll([{fd=7, events=POLLIN}], 1, 0 <unfinished ...>
228   09:12:49.396149 write(2, "Called ArkMediaPlayer teardown s"..., 44 <unfinished ...>
227   09:12:49.399899 <... poll resumed>) = 0 (Timeout) <0.003822>
228   09:12:49.403687 <... write resumed>) = 44 <0.003864>
278   09:12:49.408646 +++ exited with 0 +++
228   09:12:49.412463 write(2, "Video sink shut down.\n", 22) = 22 <0.000203>
228   09:12:49.419507 write(1, "~LinuxVideoSink 72\n", 19) = 19 <0.000286>
227   09:12:49.426862 poll([{fd=7, events=POLLIN}], 1, 0 <unfinished ...>
228   09:12:49.430841 write(1, "~VideoSinkCallbacks 47\n", 23 <unfinished ...>
227   09:12:49.434585 <... poll resumed>) = 0 (Timeout) <0.003816>
228   09:12:49.479638 <... write resumed>) = 23 <0.045131>
228   09:12:49.483234 write(2, "Input source shut down.\n", 24) = 24 <0.000183>
228   09:12:49.490716 write(2, "Called Microphone teardown succe"..., 40) = 40 <0.000181>
228   09:12:49.497625 write(2, "Audio source shut down.\n", 24) = 24 <0.000181>
228   09:12:49.504562 ioctl(11, SNDRV_TIMER_IOCTL_STOP, 0x54a1 <unfinished ...>
227   09:12:49.514403 poll([{fd=7, events=POLLIN}], 1, 0 <unfinished ...>
228   09:12:49.518105 <... ioctl resumed>) = -1 EBUSY (Device or resource busy) <0.003734>
227   09:12:49.521700 <... poll resumed>) = 0 (Timeout) <0.003695>
228   09:12:49.525339 ioctl(11, SNDRV_TIMER_IOCTL_STOP, 0x54a1) = -1 EBUSY (Device or resource busy) <0.000214>
228   09:12:49.533270 semop(622595, [{sem_num=0, sem_op=0, sem_flg=0}, {sem_num=0, sem_op=1, sem_flg=SEM_UNDO}], 2) = 0 <0.000150>
228   09:12:49.542231 semop(622595, [{sem_num=0, sem_op=-1, sem_flg=SEM_UNDO|IPC_NOWAIT}], 1) = 0 <0.000232>
227   09:12:49.549803 poll([{fd=7, events=POLLIN}], 1, 0) = 0 (Timeout) <0.000369>
228   09:12:50.392968 write(2, "Called ArkMediaPlayer teardown s"..., 44) = 44 <0.000249>
227   09:12:50.441372 poll([{fd=7, events=POLLIN}], 1, 0) = 0 (Timeout) <0.000334>
279   09:12:50.451873 +++ exited with 0 +++
228   09:12:50.455336 write(2, "Audio sink shut down.\n", 22) = 22 <0.000180>
228   09:12:50.462005 ioctl(14, SNDRV_TIMER_IOCTL_STOP, 0x54a1) = -1 EBUSY (Device or resource busy) <0.000116>
228   09:12:50.468691 ioctl(14, SNDRV_TIMER_IOCTL_STOP, 0x54a1) = -1 EBUSY (Device or resource busy) <0.000194>
227   09:12:50.475361 poll([{fd=7, events=POLLIN}], 1, 0) = 0 (Timeout) <0.000265>
228   09:12:50.485101 semop(622595, [{sem_num=0, sem_op=0, sem_flg=0}, {sem_num=0, sem_op=1, sem_flg=SEM_UNDO}], 2) = 0 <0.000189>
228   09:12:50.495625 semop(622595, [{sem_num=0, sem_op=-1, sem_flg=SEM_UNDO|IPC_NOWAIT}], 1) = 0 <0.000135>
227   09:12:50.508353 poll([{fd=7, events=POLLIN}], 1, 0) = 0 (Timeout) <0.000260>
228   09:12:50.519127 write(2, "Called ArkMediaPlayer teardown s"..., 44) = 44 <0.000247>
280   09:12:50.528119 +++ exited with 0 +++
228   09:12:50.534656 write(2, "Audio sink shut down.\n", 22) = 22 <0.000181>
228   09:12:50.586282 ioctl(17, SNDRV_TIMER_IOCTL_STOP, 0x54a1 <unfinished ...>
227   09:12:50.589610 poll([{fd=7, events=POLLIN}], 1, 0 <unfinished ...>
228   09:12:50.593213 <... ioctl resumed>) = -1 EBUSY (Device or resource busy) <0.003632>
227   09:12:50.596787 <... poll resumed>) = 0 (Timeout) <0.003710>
228   09:12:50.600274 ioctl(17, SNDRV_TIMER_IOCTL_STOP, 0x54a1) = -1 EBUSY (Device or resource busy) <0.000234>
228   09:12:50.607370 semop(622595, [{sem_num=0, sem_op=0, sem_flg=0}, {sem_num=0, sem_op=1, sem_flg=SEM_UNDO}], 2) = 0 <0.000130>
227   09:12:50.637449 poll([{fd=7, events=POLLIN}], 1, 0) = 0 (Timeout) <0.000163>
228   09:12:50.646464 write(2, "Called ArkMediaPlayer teardown s"..., 44) = 44 <0.000197>
281   09:12:50.654101 +++ exited with 0 +++
228   09:12:50.657886 write(2, "Audio sink shut down.\n", 22) = 22 <0.000265>
227   09:12:50.664863 poll([{fd=7, events=POLLIN}], 1, 0) = 0 (Timeout) <0.000220>
227   09:12:50.687158 poll([{fd=7, events=POLLIN}], 1, 0) = 0 (Timeout) <0.000265>
282   09:12:51.530673 +++ exited with 0 +++
228   09:12:51.534574 write(2, "Shutting down LinuxPhoneStatus.\n", 32) = 32 <0.000181>
227   09:12:51.582586 poll([{fd=7, events=POLLIN}], 1, 0) = 0 (Timeout) <0.000182>
228   09:12:51.591717 write(2, "Sink shutdown complete!\n", 24) = 24 <0.000179>
228   09:12:51.598636 write(1, "ArkDbus::onLinkStatusChange:175 "..., 43) = 43 <0.000175>
228   09:12:51.605614 writev(7, [{iov_base="l\4\1\1\10\0\0\0005\0\0\0h\0\0\0\1\1o\0\22\0\0\0/com/ark"..., iov_len=120}, {iov_base="\v\0\0\0\10\0\0\0", iov_len=8}], 2) = 128 <0.000849>
228   09:12:51.621935 write(1, "Signal Sent\n", 12) = 12 <0.000198>
228   09:12:51.629185 write(1, "BtRfcommController::stop : 422 s"..., 37) = 37 <0.000197>
228   09:12:51.636585 write(1, "RfcommTransport::stop : 230\n", 28) = 28 <0.000276>
227   09:12:51.643886 poll([{fd=7, events=POLLIN}], 1, 0) = 0 (Timeout) <0.000229>
277   09:12:51.651517 write(1, "read:291\n", 9) = 9 <0.000256>
277   09:12:51.659252 read(9 <unfinished ...>
228   09:12:51.662809 write(1, "ArkUtils::send_local_message:288"..., 47 <unfinished ...>
277   09:12:51.708371 <... read resumed>, "q", 8) = 1 <0.045598>
228   09:12:51.712272 <... write resumed>) = 47 <0.003979>
227   09:12:51.718297 poll([{fd=7, events=POLLIN}], 1, 0) = 0 (Timeout) <0.000311>
228   09:12:51.728652 write(2, "~RfcommConnection:289\n", 22 <unfinished ...>
277   09:12:51.733232 write(1, "Rfcomm transport exit because re"..., 49 <unfinished ...>
228   09:12:51.738802 <... write resumed>) = 22 <0.005646>
277   09:12:51.742631 <... write resumed>) = 49 <0.003927>
277   09:12:51.746638 write(2, "Read header failed\n", 19) = 19 <0.000206>
277   09:12:51.754178 write(2, "run:161 stop\n", 13) = 13 <0.000325>
227   09:12:51.762630 poll([{fd=7, events=POLLIN}], 1, 0) = 0 (Timeout) <0.002529>
277   09:12:51.774792 +++ exited with 0 +++
228   09:12:51.781757 write(1, "BtRfcommController::stop : 430 e"..., 35) = 35 <0.000202>
228   09:12:51.791434 write(1, "run : 294\n", 10) = 10 <0.000264>
227   09:12:52.633591 poll([{fd=7, events=POLLIN}], 1, 0) = 0 (Timeout) <0.000201>
227   09:12:52.656399 poll([{fd=7, events=POLLIN}], 1, 0) = 0 (Timeout) <0.000143>
227   09:12:52.720619 poll([{fd=7, events=POLLIN}], 1, 0) = 0 (Timeout) <0.000138>
227   09:12:52.743678 poll([{fd=7, events=POLLIN}], 1, 0) = 0 (Timeout) <0.000140>
227   09:12:52.766405 poll([{fd=7, events=POLLIN}], 1, 0) = 0 (Timeout) <0.000142>
227   09:12:52.789277 poll([{fd=7, events=POLLIN}], 1, 0) = 0 (Timeout) <0.000134>
227   09:12:52.812197 poll([{fd=7, events=POLLIN}], 1, 0) = 0 (Timeout) <0.000140>
227   09:12:52.836290 poll([{fd=7, events=POLLIN}], 1, 0) = 0 (Timeout) <0.000139>
227   09:12:52.870081 poll([{fd=7, events=POLLIN}], 1, 0) = 0 (Timeout) <0.000146>
227   09:12:52.893865 poll([{fd=7, events=POLLIN}], 1, 0) = 0 (Timeout) <0.000180>
227   09:12:52.916773 poll([{fd=7, events=POLLIN}], 1, 0) = 0 (Timeout) <0.000139>
227   09:12:52.941017 poll([{fd=7, events=POLLIN}], 1, 0) = 0 (Timeout) <0.000139>
227   09:12:53.006521 poll([{fd=7, events=POLLIN}], 1, 0) = 0 (Timeout) <0.000168>
227   09:12:53.029885 poll([{fd=7, events=POLLIN}], 1, 0) = 1 ([{fd=7, revents=POLLIN}]) <0.000134>
227   09:12:53.036943 read(7, "l\1\0\1\10\0\0\0K\0\0\0\225\0\0\0\1\1o\0\22\0\0\0/com/ark"..., 2048) = 176 <0.000158>
227   09:12:53.043779 read(7, 0xb4b01e28, 2048) = -1 EAGAIN (Resource temporarily unavailable) <0.000129>
227   09:12:53.050612 write(1, "ArkDbus::reply_to_requestLinkSta"..., 65) = 65 <0.000178>
227   09:12:53.057594 write(1, "IArkCallbacks::requestLinkStatus"..., 38) = 38 <0.000172>
227   09:12:53.064543 write(1, "IArkCallbacks::requestLinkStatus"..., 36) = 36 <0.000169>
227   09:12:53.075082 write(1, "ArkDbus::onLinkStatusChange:175 "..., 43) = 43 <0.000180>
227   09:12:53.091664 writev(7, [{iov_base="l\4\1\1\10\0\0\0006\0\0\0h\0\0\0\1\1o\0\22\0\0\0/com/ark"..., iov_len=120}, {iov_base="\v\0\0\0\3\0\0\0", iov_len=8}], 2) = 128 <0.003091>
227   09:12:53.948763 write(1, "Signal Sent\n", 12) = 12 <0.000224>
228   09:12:53.956172 write(1, "BtRfcommController::start : 404\n", 32 <unfinished ...>
227   09:12:54.001460 writev(7, [{iov_base="l\2\1\1\4\0\0\0007\0\0\0\37\0\0\0\6\1s\0\4\0\0\0:1.0\0\0\0\0"..., iov_len=48}, {iov_base="\1\0\0\0", iov_len=4}], 2 <unfinished ...>
228   09:12:54.006629 <... write resumed>) = 32 <0.005313>
227   09:12:54.010010 <... writev resumed>) = 52 <0.004965>
227   09:12:54.013423 write(1, "ArkDbus::run 468\n", 17) = 17 <0.000579>
227   09:12:54.024399 poll([{fd=7, events=POLLIN}], 1, 0) = 0 (Timeout) <0.000187>
228   09:12:54.031704 write(1, "/dev/bw_aap is not symlink \n", 28) = 28 <0.000178>
228   09:12:54.039776 write(1, "ArkUtils::open_local_socket:266 "..., 41) = 41 <0.000178>
227   09:12:54.047130 poll([{fd=7, events=POLLIN}], 1, 0 <unfinished ...>
228   09:12:54.050846 write(1, "BtRfcommController::start : 414\n", 32 <unfinished ...>
227   09:12:54.054514 <... poll resumed>) = 0 (Timeout) <0.003938>
228   09:12:54.057959 <... write resumed>) = 32 <0.003683>
291   09:12:54.061642 write(8, "\0\t\0\4\10\1\20\0\30\0 \274(", 13) = 13 <0.000980>
291   09:12:54.080377 write(1, "rfcomm write: 00 09 00 04 08 01 "..., 54 <unfinished ...>
227   09:12:54.084141 poll([{fd=7, events=POLLIN}], 1, 0 <unfinished ...>
291   09:12:54.088057 <... write resumed>) = 54 <0.004049>
227   09:12:54.091783 <... poll resumed>) = 0 (Timeout) <0.003801>
227   09:12:54.111137 poll([{fd=7, events=POLLIN}], 1, 0) = 0 (Timeout) <0.000137>
291   09:12:54.169169 read(8, "\0\26\0\5", 4) = 4 <0.000139>
291   09:12:54.176159 write(1, "rfcomm read: 00 16 00 05 \n", 26) = 26 <0.000263>
227   09:12:54.183040 poll([{fd=7, events=POLLIN}], 1, 0 <unfinished ...>
291   09:12:54.186566 write(2, "len=22 type=5\n", 14 <unfinished ...>
227   09:12:54.190137 <... poll resumed>) = 0 (Timeout) <0.003700>
291   09:12:54.193603 <... write resumed>) = 14 <0.003620>
291   09:12:54.197290 read(8, "\10\1\20\0\32\01656171FDAP001TE \0", 22) = 22 <0.000150>
291   09:12:54.204153 write(1, "rfcomm read: 08 01 10 00 1a 0e 3"..., 80) = 80 <0.000177>
291   09:12:54.211517 read(10, "#beacon_int=20\n#max_listen_inter"..., 4096) = 621 <0.000261>
227   09:12:54.230193 poll([{fd=7, events=POLLIN}], 1, 0 <unfinished ...>
291   09:12:54.235312 read(10 <unfinished ...>
227   09:12:55.075551 <... poll resumed>) = 0 (Timeout) <0.840308>
291   09:12:55.079038 <... read resumed>, "", 4096) = 0 <0.003560>
291   09:12:55.082747 write(1, "interface=wlan0\n", 16) = 16 <0.000180>
227   09:12:55.131278 poll([{fd=7, events=POLLIN}], 1, 0) = 0 (Timeout) <0.000229>
291   09:12:55.142281 write(1, "wlan0 IP Address 192.168.43.1\n", 30) = 30 <0.000195>
291   09:12:55.149452 write(1, "local wifi ip=192.168.43.1\n", 27) = 27 <0.000198>
291   09:12:55.156781 write(1, "majorVer:1 minorVer0 deviceSeria"..., 69 <unfinished ...>
227   09:12:55.160407 poll([{fd=7, events=POLLIN}], 1, 0 <unfinished ...>
291   09:12:55.164241 <... write resumed>) = 69 <0.003866>
227   09:12:55.167915 <... poll resumed>) = 0 (Timeout) <0.003745>
291   09:12:55.171669 write(8, "\0\21\0\1\n\f192.168.43.1\20\3124", 21) = 21 <0.001031>
291   09:12:55.180153 write(1, "rfcomm write: 00 11 00 01 0a 0c "..., 78) = 78 <0.000186>
227   09:12:55.190809 poll([{fd=7, events=POLLIN}], 1, 0) = 0 (Timeout) <0.000122>
227   09:12:55.212952 poll([{fd=7, events=POLLIN}], 1, 0) = 0 (Timeout) <0.000123>
291   09:12:55.231828 read(8, "\0\0\0\2", 4) = 4 <0.000152>
291   09:12:55.238816 write(1, "rfcomm read: 00 00 00 02 \n", 26 <unfinished ...>
227   09:12:55.284410 poll([{fd=7, events=POLLIN}], 1, 0 <unfinished ...>
291   09:12:55.288244 <... write resumed>) = 26 <0.003875>
227   09:12:55.291859 <... poll resumed>) = 0 (Timeout) <0.003689>
291   09:12:55.295589 write(2, "len=0 type=2\n", 13) = 13 <0.000257>
291   09:12:55.303148 read(8, "", 0)    = 0 <0.000118>
291   09:12:55.309865 read(8, "", 0)    = 0 <0.000199>
227   09:12:55.316775 poll([{fd=7, events=POLLIN}], 1, 0 <unfinished ...>
291   09:12:55.320347 read(8 <unfinished ...>
227   09:12:55.323690 <... poll resumed>) = 0 (Timeout) <0.003471>
291   09:12:55.327174 <... read resumed>, "", 0) = 0 <0.003578>
291   09:12:55.330780 read(8, "", 0)    = 0 <0.000121>
291   09:12:55.337785 write(1, "Rfcomm Read timeout!!!\n", 23) = 23 <0.000178>
291   09:12:55.345081 read(10, "#beacon_int=20\n#max_listen_inter"..., 4096) = 621 <0.000554>
227   09:12:56.190747 poll([{fd=7, events=POLLIN}], 1, 0 <unfinished ...>
291   09:12:56.197434 read(10 <unfinished ...>
227   09:12:56.203376 <... poll resumed>) = 0 (Timeout) <0.006025>
291   09:12:56.249707 <... read resumed>, "", 4096) = 0 <0.046414>
226   09:12:56.256295 write(1, "wirelessConnectionProc:206 Accep"..., 52) = 52 <0.000300>
226   09:12:56.271025 write(2, "wirelessConnectionProc:189\n", 27 <unfinished ...>
291   09:12:56.276351 write(1, "ssid=carplay_fc9f\n", 18 <unfinished ...>
226   09:12:56.283426 <... write resumed>) = 27 <0.007260>
291   09:12:56.287840 <... write resumed>) = 18 <0.004637>
227   09:12:56.291292 poll([{fd=7, events=POLLIN}], 1, 0 <unfinished ...>
226   09:12:56.294868 write(2, "\n", 1 <unfinished ...>
291   09:12:56.298370 write(1, "passwd=<REDACTED>\n", 16 <unfinished ...>
227   09:12:56.301990 <... poll resumed>) = 0 (Timeout) <0.007216>
226   09:12:56.325482 <... write resumed>) = 1 <0.027296>
291   09:12:56.329198 <... write resumed>) = 16 <0.027355>
291   09:12:56.334819 write(1, "interface=wlan0\n", 16) = 16 <0.000200>
291   09:12:56.342550 ioctl(10, SIOCGIFHWADDR, {ifr_name="wlan0", ifr_hwaddr={sa_family=ARPHRD_ETHER, sa_data=<MAC-REDACTED>}}) = 0 <0.000148>
291   09:12:56.349966 write(1, "local m<MAC-REDACTED>:43 \n", 29) = 29 <0.000263>
227   09:12:56.357009 poll([{fd=7, events=POLLIN}], 1, 0) = 0 (Timeout) <0.000362>
291   09:12:56.406491 write(1, "mac=<MAC-REDACTED>\n", 22) = 22 <0.000188>
291   09:12:56.415737 write(8, "\0-\0\3\n\fcarplay_fc9f\22\10REDACTED\32\02168"..., 49) = 49 <0.000957>
291   09:12:56.423772 write(1, "rfcomm write: 00 2d 00 03 0a 0c "..., 162) = 162 <0.000185>
291   09:12:56.431081 read(8 <unfinished ...>
227   09:12:56.438114 poll([{fd=7, events=POLLIN}], 1, 0 <unfinished ...>
291   09:12:56.443694 <... read resumed>, "\0\2\0\7", 4) = 4 <0.005946>
227   09:12:56.450587 <... poll resumed>) = 0 (Timeout) <0.007035>
291   09:12:56.456557 write(1, "rfcomm read: 00 02 00 07 \n", 26) = 26 <0.000241>
291   09:12:56.480760 write(2, "len=2 type=7\n", 13 <unfinished ...>
227   09:12:56.484420 poll([{fd=7, events=POLLIN}], 1, 0 <unfinished ...>
291   09:12:56.488204 <... write resumed>) = 13 <0.003820>
227   09:12:56.491826 <... poll resumed>) = 0 (Timeout) <0.003691>
291   09:12:56.495808 read(8, "\30\0", 2) = 2 <0.000356>
228   09:12:57.342512 write(1, "ArkDbus::onLinkStatusChange:175 "..., 43 <unfinished ...>
227   09:12:57.346107 poll([{fd=7, events=POLLIN}], 1, 0 <unfinished ...>
228   09:12:57.349667 <... write resumed>) = 43 <0.003717>
227   09:12:57.393525 <... poll resumed>) = 0 (Timeout) <0.044062>
228   09:12:57.397818 writev(7, [{iov_base="l\4\1\1\10\0\0\08\0\0\0h\0\0\0\1\1o\0\22\0\0\0/com/ark"..., iov_len=120}, {iov_base="\v\0\0\0\t\0\0\0", iov_len=8}], 2) = 128 <0.000888>
291   09:12:57.407665 write(1, "rfcomm read: 18 00 \n", 20) = 20 <0.000238>
227   09:12:57.415463 poll([{fd=7, events=POLLIN}], 1, 0 <unfinished ...>
291   09:12:57.419188 write(1, "ip: port:-1\n", 12 <unfinished ...>
227   09:12:57.422823 <... poll resumed>) = 0 (Timeout) <0.003777>
291   09:12:57.426178 <... write resumed>) = 12 <0.003561>
228   09:12:57.429924 write(1, "Signal Sent\n", 12) = 12 <0.000242>
291   09:12:57.436808 read(8, "\0\2\0\6", 4) = 4 <0.000205>
291   09:12:57.443556 write(1, "rfcomm read: 00 02 00 06 \n", 26) = 26 <0.000253>
227   09:12:57.450614 poll([{fd=7, events=POLLIN}], 1, 0) = 0 (Timeout) <0.000385>
291   09:12:57.457675 write(2, "len=2 type=6\n", 13 <unfinished ...>
228   09:12:57.461132 write(1, "+++ArkAuto::run : 262\n", 22 <unfinished ...>
291   09:12:57.464740 <... write resumed>) = 13 <0.003756>
228   09:12:57.468138 <... write resumed>) = 22 <0.003648>
227   09:12:57.532931 poll([{fd=7, events=POLLIN}], 1, 0 <unfinished ...>
291   09:12:57.536720 read(8 <unfinished ...>
227   09:12:57.540413 <... poll resumed>) = 0 (Timeout) <0.003771>
291   09:12:57.544514 <... read resumed>, "\10\0", 2) = 2 <0.004196>
291   09:12:57.548709 write(1, "rfcomm read: 08 00 \n", 20) = 20 <0.000244>
228   09:12:57.556669 write(1, "Sink::init Sink : 0\n", 20) = 20 <0.000196>
228   09:12:57.564409 write(2, "Creating new Video Sink...\n", 27 <unfinished ...>
227   09:12:57.568068 poll([{fd=7, events=POLLIN}], 1, 0 <unfinished ...>
228   09:12:57.571836 <... write resumed>) = 27 <0.003805>
227   09:12:57.575315 <... poll resumed>) = 0 (Timeout) <0.003553>
228   09:12:57.579154 write(1, "w=800 h=480 widthMargin=0  heigh"..., 43) = 43 <0.000269>
228   09:12:57.586788 write(1, "w=1280 h=720 widthMargin=0  heig"..., 44) = 44 <0.000200>
228   09:12:57.594319 write(1, "w=800 h=480 widthMargin=0  heigh"..., 43) = 43 <0.000278>
227   09:12:58.438745 poll([{fd=7, events=POLLIN}], 1, 0) = 0 (Timeout) <0.000368>
228   09:12:58.446194 write(2, "Creating new input source...\n", 29) = 29 <0.000211>
228   09:12:58.494046 write(2, "Creating new Audio source...\n", 29) = 29 <0.000179>
228   09:12:58.501426 write(1, "###Microphone::init:85 bridge_mo"..., 45) = 45 <0.000185>
228   09:12:58.508266 write(1, "Microphone::init:102 \n", 22) = 22 <0.000175>
228   09:12:58.515165 write(2, "Microphone initialized!\n", 24 <unfinished ...>
227   09:12:58.518718 poll([{fd=7, events=POLLIN}], 1, 0 <unfinished ...>
228   09:12:58.522199 <... write resumed>) = 24 <0.003633>
227   09:12:58.525640 <... poll resumed>) = 0 (Timeout) <0.003576>
228   09:12:58.529086 write(2, "Creating new Audio sink...\n", 27) = 27 <0.000245>
228   09:12:58.536078 write(1, "open:174 m_handle_name=plug:soft"..., 44) = 44 <0.000179>
228   09:12:58.544847 ioctl(10, SNDRV_CTL_IOCTL_CARD_INFO, 0xb54df2b0) = 0 <0.000125>
227   09:12:58.551849 poll([{fd=7, events=POLLIN}], 1, 0) = 0 (Timeout) <0.000295>
228   09:12:58.558934 semop(655363, [{sem_num=0, sem_op=0, sem_flg=0}, {sem_num=0, sem_op=1, sem_flg=SEM_UNDO}], 2) = 0 <0.000129>
227   09:12:58.576929 poll([{fd=7, events=POLLIN}], 1, 0) = 0 (Timeout) <0.000225>
228   09:12:58.628188 ioctl(10, SNDRV_CTL_IOCTL_CARD_INFO, 0xb54df298) = 0 <0.000136>
228   09:12:58.635842 ioctl(10, SNDRV_CTL_IOCTL_PVERSION, 0xb54df428) = 0 <0.000112>
228   09:12:58.642312 ioctl(10, SNDRV_CTL_IOCTL_PCM_PREFER_SUBDEVICE, 0xb54df464) = 0 <0.000196>
227   09:12:58.648871 poll([{fd=7, events=POLLIN}], 1, 0) = 0 (Timeout) <0.000545>
228   09:12:58.656724 ioctl(12, SNDRV_PCM_IOCTL_INFO, 0xb54df328) = 0 <0.000126>
228   09:12:58.665271 ioctl(12, AGPIOC_INFO or SNDRV_PCM_IOCTL_PVERSION, 0xb54df298) = 0 <0.000111>
227   09:12:58.671980 poll([{fd=7, events=POLLIN}], 1, 0 <unfinished ...>
228   09:12:58.675509 ioctl(12, AGPIOC_SETUP or SNDRV_PCM_IOCTL_TTSTAMP, 0xb54df2a0 <unfinished ...>
227   09:12:58.678856 <... poll resumed>) = 0 (Timeout) <0.003478>
228   09:12:58.682295 <... ioctl resumed>) = 0 <0.003527>
228   09:12:58.686005 ioctl(12, SNDRV_PCM_IOCTL_SYNC_PTR, 0xb54df2a4) = 0 <0.000246>
227   09:12:59.522178 poll([{fd=7, events=POLLIN}], 1, 0 <unfinished ...>
228   09:12:59.525866 ioctl(12, SNDRV_PCM_IOCTL_HW_REFINE, 0xb54df4a8 <unfinished ...>
227   09:12:59.570857 <... poll resumed>) = 0 (Timeout) <0.045122>
228   09:12:59.574343 <... ioctl resumed>) = 0 <0.003663>
228   09:12:59.577751 ioctl(12, SNDRV_PCM_IOCTL_HW_REFINE, 0xb54df4a8) = 0 <0.000140>
228   09:12:59.584299 ioctl(12, SNDRV_PCM_IOCTL_HW_REFINE, 0xb54df4a8) = 0 <0.000177>
228   09:12:59.590832 ioctl(12, SNDRV_PCM_IOCTL_HW_REFINE, 0xb54df4a8) = 0 <0.000177>
228   09:12:59.597549 ioctl(12, SNDRV_PCM_IOCTL_HW_REFINE, 0xb54df4a8 <unfinished ...>
227   09:12:59.600981 poll([{fd=7, events=POLLIN}], 1, 0 <unfinished ...>
228   09:12:59.604590 <... ioctl resumed>) = 0 <0.003747>
227   09:12:59.607946 <... poll resumed>) = 0 (Timeout) <0.003495>
228   09:12:59.611273 ioctl(12, SNDRV_PCM_IOCTL_HW_REFINE, 0xb54df4a8) = 0 <0.000269>
228   09:12:59.628286 ioctl(12, SNDRV_PCM_IOCTL_HW_REFINE, 0xb54df4a8) = 0 <0.000201>
228   09:12:59.635432 ioctl(12, SNDRV_PCM_IOCTL_HW_REFINE, 0xb54df4a8) = 0 <0.000196>
228   09:12:59.642817 ioctl(12, SNDRV_PCM_IOCTL_HW_REFINE, 0xb54df4a8 <unfinished ...>
227   09:12:59.646577 poll([{fd=7, events=POLLIN}], 1, 0 <unfinished ...>
228   09:12:59.650137 <... ioctl resumed>) = 0 <0.003594>
227   09:12:59.696669 <... poll resumed>) = 0 (Timeout) <0.046602>
228   09:12:59.700103 ioctl(12, SNDRV_PCM_IOCTL_HW_REFINE, 0xb54df4a8) = 0 <0.000151>
228   09:12:59.706934 ioctl(12, SNDRV_PCM_IOCTL_HW_PARAMS, 0xb54df4a8) = 0 <0.008941>
227   09:12:59.722370 poll([{fd=7, events=POLLIN}], 1, 0 <unfinished ...>
228   09:12:59.725932 ioctl(12, SNDRV_PCM_IOCTL_SYNC_PTR, 0xb4914f88 <unfinished ...>
227   09:12:59.729337 <... poll resumed>) = 0 (Timeout) <0.003466>
228   09:12:59.732748 <... ioctl resumed>) = 0 <0.003475>
228   09:12:59.736363 ioctl(12, SNDRV_PCM_IOCTL_SW_PARAMS, 0xb54df3a8) = 0 <0.000131>
228   09:12:59.742903 ioctl(12, SNDRV_PCM_IOCTL_CHANNEL_INFO, 0xb54df338) = 0 <0.000141>
228   09:12:59.749447 ioctl(12, SNDRV_PCM_IOCTL_CHANNEL_INFO, 0xb54df338) = 0 <0.000126>
227   09:12:59.756382 poll([{fd=7, events=POLLIN}], 1, 0) = 0 (Timeout) <0.000194>
228   09:12:59.774608 ioctl(12, SNDRV_PCM_IOCTL_PREPARE, 0xb4901c00) = 0 <0.009902>
228   09:13:00.625552 ioctl(12, SNDRV_PCM_IOCTL_SYNC_PTR, 0xb4914f88 <unfinished ...>
227   09:13:00.628957 poll([{fd=7, events=POLLIN}], 1, 0 <unfinished ...>
228   09:13:00.674088 <... ioctl resumed>) = 0 <0.045197>
227   09:13:00.677792 <... poll resumed>) = 0 (Timeout) <0.003880>
228   09:13:00.681429 ioctl(12, SNDRV_PCM_IOCTL_SW_PARAMS, 0xb54df438) = 0 <0.000218>
228   09:13:00.688870 ioctl(12, SNDRV_PCM_IOCTL_SYNC_PTR, 0xb4914f88) = 0 <0.000140>
228   09:13:00.695531 ioctl(12, SNDRV_PCM_IOCTL_START, 0xb4914f88) = 0 <0.023145>
227   09:13:00.725541 poll([{fd=7, events=POLLIN}], 1, 0) = 0 (Timeout) <0.000144>
228   09:13:00.739901 ioctl(12, AGPIOC_INFO or SNDRV_PCM_IOCTL_PVERSION, 0xb54df72c) = 0 <0.000132>
227   09:13:00.747976 poll([{fd=7, events=POLLIN}], 1, 0) = 0 (Timeout) <0.000146>
228   09:13:00.754881 ioctl(12, SNDRV_PCM_IOCTL_INFO, 0xb54df590) = 0 <0.000194>
228   09:13:00.762863 ioctl(10, SNDRV_CTL_IOCTL_CARD_INFO, 0xb54df018) = 0 <0.000138>
228   09:13:00.770392 ioctl(10, SNDRV_TIMER_IOCTL_PVERSION, 0xb54df320) = 0 <0.000189>
228   09:13:00.777019 ioctl(10, SNDRV_TIMER_IOCTL_TREAD_OLD, 0xb54df324 <unfinished ...>
227   09:13:00.780376 poll([{fd=7, events=POLLIN}], 1, 0 <unfinished ...>
228   09:13:00.827617 <... ioctl resumed>) = 0 <0.047339>
227   09:13:00.831317 <... poll resumed>) = 0 (Timeout) <0.003778>
228   09:13:00.835041 ioctl(10, SNDRV_TIMER_IOCTL_SELECT, 0xb54df324) = 0 <0.000229>
228   09:13:00.841901 ioctl(10, SNDRV_TIMER_IOCTL_PVERSION, 0xb54df6bc) = 0 <0.000135>
228   09:13:00.849000 semop(655363, [{sem_num=0, sem_op=-1, sem_flg=SEM_UNDO|IPC_NOWAIT}], 1) = 0 <0.000143>
227   09:13:00.856567 poll([{fd=7, events=POLLIN}], 1, 0) = 0 (Timeout) <0.000562>
228   09:13:00.864370 ioctl(13, SNDRV_CTL_IOCTL_CARD_INFO, 0xb54df470) = 0 <0.000147>
228   09:13:00.872063 ioctl(13, SNDRV_CTL_IOCTL_PVERSION, 0xb54df790) = 0 <0.000133>
228   09:13:00.879525 ioctl(13, SNDRV_CTL_IOCTL_ELEM_INFO, 0xb54df780) = 0 <0.000222>
227   09:13:00.887358 poll([{fd=7, events=POLLIN}], 1, 0 <unfinished ...>
228   09:13:01.724567 ioctl(13, SNDRV_CTL_IOCTL_TLV_READ, 0xb4913d80 <unfinished ...>
227   09:13:01.728413 <... poll resumed>) = 0 (Timeout) <0.003920>
228   09:13:01.732058 <... ioctl resumed>) = 0 <0.003713>
228   09:13:01.736340 write(1, "rate=48000 channels=2 bits_per_s"..., 41) = 41 <0.000280>
227   09:13:01.784458 poll([{fd=7, events=POLLIN}], 1, 0 <unfinished ...>
228   09:13:01.792617 ioctl(12, SNDRV_PCM_IOCTL_SYNC_PTR, 0xb4914f88 <unfinished ...>
227   09:13:01.796084 <... poll resumed>) = 0 (Timeout) <0.003607>
228   09:13:01.799477 <... ioctl resumed>) = 0 <0.003424>
228   09:13:01.802887 ioctl(10, SNDRV_TIMER_IOCTL_PARAMS, 0xb54dfba8) = 0 <0.000138>
228   09:13:01.809623 write(1, "set_alsa_paramters:103 period_si"..., 59) = 59 <0.000190>
228   09:13:01.816578 write(1, "open:190 ret=0 m_handle=0xb494f0"..., 35) = 35 <0.000182>
227   09:13:01.823634 poll([{fd=7, events=POLLIN}], 1, 0) = 0 (Timeout) <0.000342>
228   09:13:01.831467 write(2, "Creating new Audio sink...\n", 27) = 27 <0.000199>
228   09:13:01.838878 write(1, "open:174 m_handle_name=plug:soft"..., 44) = 44 <0.000179>
227   09:13:01.847449 poll([{fd=7, events=POLLIN}], 1, 0) = 0 (Timeout) <0.000293>
228   09:13:01.854694 ioctl(14, SNDRV_CTL_IOCTL_CARD_INFO, 0xb54df2b0) = 0 <0.000127>
227   09:13:01.904319 poll([{fd=7, events=POLLIN}], 1, 0) = 0 (Timeout) <0.000297>
228   09:13:01.911591 semop(655363, [{sem_num=0, sem_op=0, sem_flg=0}, {sem_num=0, sem_op=1, sem_flg=SEM_UNDO}], 2) = 0 <0.000124>
228   09:13:01.920149 ioctl(14, SNDRV_CTL_IOCTL_CARD_INFO, 0xb54df298) = 0 <0.000125>
227   09:13:01.927219 poll([{fd=7, events=POLLIN}], 1, 0) = 0 (Timeout) <0.000285>
228   09:13:01.934444 ioctl(14, SNDRV_CTL_IOCTL_PVERSION, 0xb54df428) = 0 <0.000116>
228   09:13:01.941129 ioctl(14, SNDRV_CTL_IOCTL_PCM_PREFER_SUBDEVICE, 0xb54df464) = 0 <0.000119>
228   09:13:01.948304 ioctl(15, SNDRV_PCM_IOCTL_INFO, 0xb54df328) = 0 <0.000128>
227   09:13:01.955064 poll([{fd=7, events=POLLIN}], 1, 0) = 0 (Timeout) <0.000185>
228   09:13:01.962399 ioctl(15, AGPIOC_INFO or SNDRV_PCM_IOCTL_PVERSION, 0xb54df298) = 0 <0.000171>
227   09:13:02.804200 poll([{fd=7, events=POLLIN}], 1, 0 <unfinished ...>
228   09:13:02.807842 ioctl(15, AGPIOC_SETUP or SNDRV_PCM_IOCTL_TTSTAMP, 0xb54df2a0 <unfinished ...>
227   09:13:02.811267 <... poll resumed>) = 0 (Timeout) <0.003601>
228   09:13:02.814642 <... ioctl resumed>) = 0 <0.003467>
228   09:13:02.859845 ioctl(15, SNDRV_PCM_IOCTL_SYNC_PTR, 0xb54df2a4) = 0 <0.000121>
228   09:13:02.866502 ioctl(15, SNDRV_PCM_IOCTL_CHANNEL_INFO, 0xb54df6d0) = 0 <0.000125>
228   09:13:02.872933 ioctl(15, SNDRV_PCM_IOCTL_CHANNEL_INFO, 0xb54df6d0) = 0 <0.000130>
227   09:13:02.879878 poll([{fd=7, events=POLLIN}], 1, 0) = 0 (Timeout) <0.000184>
228   09:13:02.887531 ioctl(15, SNDRV_PCM_IOCTL_INFO, 0xb54df590) = 0 <0.000128>
228   09:13:02.895312 ioctl(14, SNDRV_CTL_IOCTL_CARD_INFO, 0xb54df018) = 0 <0.000129>
227   09:13:02.902363 poll([{fd=7, events=POLLIN}], 1, 0) = 0 (Timeout) <0.000291>
228   09:13:02.909898 ioctl(14, SNDRV_TIMER_IOCTL_PVERSION, 0xb54df320) = 0 <0.004128>
228   09:13:02.920595 ioctl(14, SNDRV_TIMER_IOCTL_TREAD_OLD, 0xb54df324) = 0 <0.000162>
228   09:13:02.927704 ioctl(14, SNDRV_TIMER_IOCTL_SELECT, 0xb54df324 <unfinished ...>
227   09:13:02.931128 poll([{fd=7, events=POLLIN}], 1, 0 <unfinished ...>
228   09:13:02.934892 <... ioctl resumed>) = 0 <0.003798>
227   09:13:02.981934 <... poll resumed>) = 0 (Timeout) <0.047109>
228   09:13:02.985420 ioctl(14, SNDRV_TIMER_IOCTL_PVERSION, 0xb54df6bc) = 0 <0.000122>
228   09:13:02.991982 semop(655363, [{sem_num=0, sem_op=-1, sem_flg=SEM_UNDO|IPC_NOWAIT}], 1) = 0 <0.000129>
228   09:13:02.999610 ioctl(16, SNDRV_CTL_IOCTL_CARD_INFO, 0xb54df470) = 0 <0.000123>
228   09:13:03.007253 ioctl(16, SNDRV_CTL_IOCTL_PVERSION, 0xb54df790 <unfinished ...>
227   09:13:03.010677 poll([{fd=7, events=POLLIN}], 1, 0 <unfinished ...>
228   09:13:03.014212 <... ioctl resumed>) = 0 <0.003622>
227   09:13:03.017604 <... poll resumed>) = 0 (Timeout) <0.003614>
228   09:13:03.021563 ioctl(16, SNDRV_CTL_IOCTL_ELEM_INFO, 0xb54df780) = 0 <0.000194>
228   09:13:03.028517 ioctl(16, SNDRV_CTL_IOCTL_TLV_READ, 0xb4950df8) = 0 <0.000121>
228   09:13:03.035548 write(1, "rate=16000 channels=1 bits_per_s"..., 41) = 41 <0.000181>
227   09:13:03.047566 poll([{fd=7, events=POLLIN}], 1, 0 <unfinished ...>
228   09:13:03.889184 ioctl(15, SNDRV_PCM_IOCTL_SYNC_PTR, 0xb49022a8 <unfinished ...>
227   09:13:03.892563 <... poll resumed>) = 0 (Timeout) <0.004883>
228   09:13:03.896047 <... ioctl resumed>) = 0 <0.003518>
228   09:13:03.941205 ioctl(14, SNDRV_TIMER_IOCTL_PARAMS, 0xb54dfb88) = 0 <0.000126>
228   09:13:03.947854 write(1, "set_alsa_paramters:103 period_si"..., 57) = 57 <0.000179>
228   09:13:03.954660 write(1, "open:190 ret=0 m_handle=0xb49033"..., 35) = 35 <0.000179>
227   09:13:03.961836 poll([{fd=7, events=POLLIN}], 1, 0) = 0 (Timeout) <0.000450>
228   09:13:03.980456 write(2, "Creating new Audio sink...\n", 27) = 27 <0.000328>
228   09:13:03.988571 write(1, "open:174 m_handle_name=plug:soft"..., 44) = 44 <0.000199>
228   09:13:03.997965 ioctl(17, SNDRV_CTL_IOCTL_CARD_INFO, 0xb54df2b0 <unfinished ...>
227   09:13:04.001821 poll([{fd=7, events=POLLIN}], 1, 0 <unfinished ...>
228   09:13:04.005580 <... ioctl resumed>) = 0 <0.003942>
227   09:13:04.009307 <... poll resumed>) = 0 (Timeout) <0.003802>
228   09:13:04.013520 semop(655363, [{sem_num=0, sem_op=0, sem_flg=0}, {sem_num=0, sem_op=1, sem_flg=SEM_UNDO}], 2) = 0 <0.000149>
228   09:13:04.022441 ioctl(17, SNDRV_CTL_IOCTL_CARD_INFO, 0xb54df298) = 0 <0.000250>
227   09:13:04.029963 poll([{fd=7, events=POLLIN}], 1, 0) = 0 (Timeout) <0.000292>
228   09:13:04.081916 ioctl(17, SNDRV_CTL_IOCTL_PVERSION, 0xb54df428) = 0 <0.000126>
228   09:13:04.088642 ioctl(17, SNDRV_CTL_IOCTL_PCM_PREFER_SUBDEVICE, 0xb54df464) = 0 <0.000118>
228   09:13:04.095821 ioctl(18, SNDRV_PCM_IOCTL_INFO, 0xb54df328) = 0 <0.000130>
227   09:13:04.102535 poll([{fd=7, events=POLLIN}], 1, 0) = 0 (Timeout) <0.000186>
228   09:13:04.109415 ioctl(18, AGPIOC_INFO or SNDRV_PCM_IOCTL_PVERSION, 0xb54df298) = 0 <0.000193>
228   09:13:04.130887 ioctl(18, AGPIOC_SETUP or SNDRV_PCM_IOCTL_TTSTAMP, 0xb54df2a0) = 0 <0.000136>
228   09:13:04.138373 ioctl(18, SNDRV_PCM_IOCTL_SYNC_PTR, 0xb54df2a4) = 0 <0.000184>
228   09:13:04.145427 ioctl(18, SNDRV_PCM_IOCTL_CHANNEL_INFO, 0xb54df6d0 <unfinished ...>
227   09:13:04.149058 poll([{fd=7, events=POLLIN}], 1, 0 <unfinished ...>
228   09:13:04.152829 <... ioctl resumed>) = 0 <0.003810>
227   09:13:04.994956 <... poll resumed>) = 0 (Timeout) <0.842198>
228   09:13:04.998453 ioctl(18, SNDRV_PCM_IOCTL_CHANNEL_INFO, 0xb54df6d0) = 0 <0.000130>
228   09:13:05.006166 ioctl(18, SNDRV_PCM_IOCTL_INFO, 0xb54df590) = 0 <0.000232>
227   09:13:05.053429 poll([{fd=7, events=POLLIN}], 1, 0) = 0 (Timeout) <0.000261>
228   09:13:05.061554 ioctl(17, SNDRV_CTL_IOCTL_CARD_INFO, 0xb54df018) = 0 <0.000130>
228   09:13:05.068684 ioctl(17, SNDRV_TIMER_IOCTL_PVERSION, 0xb54df320) = 0 <0.000109>
228   09:13:05.075220 ioctl(17, SNDRV_TIMER_IOCTL_TREAD_OLD, 0xb54df324) = 0 <0.000128>
228   09:13:05.082635 ioctl(17, SNDRV_TIMER_IOCTL_SELECT, 0xb54df324 <unfinished ...>
227   09:13:05.086072 poll([{fd=7, events=POLLIN}], 1, 0 <unfinished ...>
228   09:13:05.089536 <... ioctl resumed>) = 0 <0.003587>
227   09:13:05.092870 <... poll resumed>) = 0 (Timeout) <0.003472>
228   09:13:05.096446 ioctl(17, SNDRV_TIMER_IOCTL_PVERSION, 0xb54df6bc) = 0 <0.000179>
228   09:13:05.102952 semop(655363, [{sem_num=0, sem_op=-1, sem_flg=SEM_UNDO|IPC_NOWAIT}], 1) = 0 <0.000126>
228   09:13:05.110639 ioctl(19, SNDRV_CTL_IOCTL_CARD_INFO, 0xb54df470) = 0 <0.000132>
227   09:13:05.117973 poll([{fd=7, events=POLLIN}], 1, 0) = 0 (Timeout) <0.000287>
228   09:13:05.174925 ioctl(19, SNDRV_CTL_IOCTL_PVERSION, 0xb54df790) = 0 <0.000134>
228   09:13:05.182193 ioctl(19, SNDRV_CTL_IOCTL_ELEM_INFO, 0xb54df780) = 0 <0.000154>
228   09:13:05.189464 ioctl(19, SNDRV_CTL_IOCTL_TLV_READ, 0xb4901b10) = 0 <0.000219>
227   09:13:05.196180 poll([{fd=7, events=POLLIN}], 1, 0 <unfinished ...>
228   09:13:05.200316 write(1, "rate=16000 channels=1 bits_per_s"..., 41 <unfinished ...>
227   09:13:05.204583 <... poll resumed>) = 0 (Timeout) <0.004333>
228   09:13:05.209189 <... write resumed>) = 41 <0.004684>
228   09:13:05.225539 ioctl(18, SNDRV_PCM_IOCTL_SYNC_PTR, 0xb4924e00) = 0 <0.000143>
228   09:13:05.232444 ioctl(17, SNDRV_TIMER_IOCTL_PARAMS, 0xb54dfb88 <unfinished ...>
227   09:13:05.236075 poll([{fd=7, events=POLLIN}], 1, 0 <unfinished ...>
228   09:13:05.239630 <... ioctl resumed>) = 0 <0.003723>
227   09:13:05.242947 <... poll resumed>) = 0 (Timeout) <0.003454>
228   09:13:05.246503 write(1, "set_alsa_paramters:103 period_si"..., 57) = 57 <0.000249>
228   09:13:06.092470 write(1, "open:190 ret=0 m_handle=0xb4965d"..., 35 <unfinished ...>
227   09:13:06.096027 poll([{fd=7, events=POLLIN}], 1, 0 <unfinished ...>
228   09:13:06.099711 <... write resumed>) = 35 <0.003714>
227   09:13:07.820614 <... poll resumed>) = 0 (Timeout) <1.721035>
228   09:13:07.826222 read(21, "<MAC-REDACTED>", 17) = 17 <0.000406>
228   09:13:07.834146 write(1, "bt addr=<MAC-REDACTED>\n", 26) = 26 <0.000219>
227   09:13:07.841504 poll([{fd=7, events=POLLIN}], 1, 0) = 0 (Timeout) <0.001033>
228   09:13:07.855346 write(2, "Creating Bluetooth endpoint...\n", 31) = 31 <0.000181>
228   09:13:07.862101 write(1, "BluetoothCallbacks:BluetoothCall"..., 41) = 41 <0.000298>
227   09:13:07.877863 poll([{fd=7, events=POLLIN}], 1, 0) = 0 (Timeout) <0.001061>
228   09:13:07.886304 write(2, "Creating Bluetooth endpoint...\n", 31) = 31 <0.000275>
228   09:13:07.894184 write(2, "Transport type is wlan!\n", 24) = 24 <0.000207>
228   09:13:07.902228 write(2, "Starting link, car major=1 minor"..., 35) = 35 <0.000279>
227   09:13:07.909260 poll([{fd=7, events=POLLIN}], 1, 0) = 0 (Timeout) <0.000331>
298   09:13:07.959887 write(11, "\0\3\0\6\0\1\0\1\0\3", 10) = 10 <0.000954>
297   09:13:07.968009 read(11, "", 4)   = 0 <0.000150>
227   09:13:07.974960 poll([{fd=7, events=POLLIN}], 1, 0 <unfinished ...>
297   09:13:07.978553 write(2, "read ret=0 because Success\n", 27 <unfinished ...>
227   09:13:07.982329 <... poll resumed>) = 0 (Timeout) <0.003912>
297   09:13:07.985961 <... write resumed>) = 27 <0.003670>
297   09:13:07.990226 write(2, "Encounted fatal error on read.\n", 31) = 31 <0.000181>
298   09:13:07.997470 write(2, "Writer thread exiting.\n", 23) = 23 <0.000247>
227   09:13:08.005274 poll([{fd=7, events=POLLIN}], 1, 0 <unfinished ...>
297   09:13:08.008872 write(1, "ArkUtils::send_local_message:288"..., 47 <unfinished ...>
227   09:13:08.012981 <... poll resumed>) = 0 (Timeout) <0.004301>
297   09:13:08.023860 <... write resumed>) = 47 <0.011035>
298   09:13:08.027674 +++ exited with 0 +++
297   09:13:08.031347 write(2, "Reader thread exiting.\n", 23) = 23 <0.000208>
227   09:13:08.872869 poll([{fd=7, events=POLLIN}], 1, 0) = 0 (Timeout) <0.000236>
297   09:13:08.922291 +++ exited with 0 +++
228   09:13:08.925914 write(2, "Reader thread joined\n", 21) = 21 <0.000201>
228   09:13:08.933097 write(2, "Writer thread joined\n", 21) = 21 <0.000202>
228   09:13:08.940102 write(2, "Teardown display called.\n", 25) = 25 <0.000301>
227   09:13:08.947880 poll([{fd=7, events=POLLIN}], 1, 0 <unfinished ...>
228   09:13:08.951605 write(2, "Called ArkMediaPlayer teardown s"..., 44 <unfinished ...>
227   09:13:08.955447 <... poll resumed>) = 0 (Timeout) <0.003915>
228   09:13:08.959262 <... write resumed>) = 44 <0.003889>
292   09:13:08.963933 +++ exited with 0 +++
228   09:13:08.971124 write(2, "Video sink shut down.\n", 22) = 22 <0.000272>
228   09:13:08.978615 write(1, "~LinuxVideoSink 72\n", 19 <unfinished ...>
227   09:13:08.982095 poll([{fd=7, events=POLLIN}], 1, 0 <unfinished ...>
228   09:13:08.985953 <... write resumed>) = 19 <0.003893>
227   09:13:08.989566 <... poll resumed>) = 0 (Timeout) <0.003687>
228   09:13:08.993323 write(1, "~VideoSinkCallbacks 47\n", 23) = 23 <0.000272>
228   09:13:09.043418 write(2, "Input source shut down.\n", 24 <unfinished ...>
227   09:13:09.047328 poll([{fd=7, events=POLLIN}], 1, 0 <unfinished ...>
228   09:13:09.050873 <... write resumed>) = 24 <0.003696>
227   09:13:09.054969 <... poll resumed>) = 0 (Timeout) <0.004236>
228   09:13:09.061301 write(2, "Called Microphone teardown succe"..., 40) = 40 <0.000337>
228   09:13:09.082119 write(2, "Audio source shut down.\n", 24) = 24 <0.000203>
228   09:13:09.092557 ioctl(10, SNDRV_TIMER_IOCTL_STOP, 0x54a1 <unfinished ...>
227   09:13:09.098216 poll([{fd=7, events=POLLIN}], 1, 0 <unfinished ...>
228   09:13:09.102420 <... ioctl resumed>) = -1 EBUSY (Device or resource busy) <0.004263>
227   09:13:09.107300 <... poll resumed>) = 0 (Timeout) <0.004955>
228   09:13:09.110797 ioctl(10, SNDRV_TIMER_IOCTL_STOP, 0x54a1) = -1 EBUSY (Device or resource busy) <0.000206>
228   09:13:09.122578 semop(655363, [{sem_num=0, sem_op=0, sem_flg=0}, {sem_num=0, sem_op=1, sem_flg=SEM_UNDO}], 2) = 0 <0.000147>
227   09:13:09.131540 poll([{fd=7, events=POLLIN}], 1, 0) = 0 (Timeout) <0.000230>
228   09:13:09.977362 semop(655363, [{sem_num=0, sem_op=-1, sem_flg=SEM_UNDO|IPC_NOWAIT}], 1) = 0 <0.000151>
228   09:13:09.984979 write(2, "Called ArkMediaPlayer teardown s"..., 44) = 44 <0.000199>
227   09:13:10.033665 poll([{fd=7, events=POLLIN}], 1, 0) = 0 (Timeout) <0.000369>
293   09:13:10.041358 +++ exited with 0 +++
228   09:13:10.044982 write(2, "Audio sink shut down.\n", 22) = 22 <0.000180>
228   09:13:10.051767 ioctl(14, SNDRV_TIMER_IOCTL_STOP, 0x54a1) = -1 EBUSY (Device or resource busy) <0.000117>
228   09:13:10.058338 ioctl(14, SNDRV_TIMER_IOCTL_STOP, 0x54a1) = -1 EBUSY (Device or resource busy) <0.000282>
227   09:13:10.065200 poll([{fd=7, events=POLLIN}], 1, 0) = 0 (Timeout) <0.000267>
228   09:13:10.074045 semop(655363, [{sem_num=0, sem_op=0, sem_flg=0}, {sem_num=0, sem_op=1, sem_flg=SEM_UNDO}], 2) = 0 <0.000184>
228   09:13:10.082076 semop(655363, [{sem_num=0, sem_op=-1, sem_flg=SEM_UNDO|IPC_NOWAIT}], 1) = 0 <0.000131>
227   09:13:10.090161 poll([{fd=7, events=POLLIN}], 1, 0 <unfinished ...>
228   09:13:10.093696 write(2, "Called ArkMediaPlayer teardown s"..., 44 <unfinished ...>
227   09:13:10.097257 <... poll resumed>) = 0 (Timeout) <0.003694>
228   09:13:10.101137 <... write resumed>) = 44 <0.004027>
294   09:13:10.105442 +++ exited with 0 +++
228   09:13:10.109246 write(2, "Audio sink shut down.\n", 22) = 22 <0.000288>
227   09:13:10.158227 poll([{fd=7, events=POLLIN}], 1, 0 <unfinished ...>
228   09:13:10.161889 ioctl(17, SNDRV_TIMER_IOCTL_STOP, 0x54a1) = -1 EBUSY (Device or resource busy) <0.000118>
227   09:13:10.168398 <... poll resumed>) = 0 (Timeout) <0.006582>
228   09:13:10.171772 ioctl(17, SNDRV_TIMER_IOCTL_STOP, 0x54a1) = -1 EBUSY (Device or resource busy) <0.000182>
228   09:13:10.178839 semop(655363, [{sem_num=0, sem_op=0, sem_flg=0}, {sem_num=0, sem_op=1, sem_flg=SEM_UNDO}], 2) = 0 <0.000180>
227   09:13:10.209024 poll([{fd=7, events=POLLIN}], 1, 0) = 0 (Timeout) <0.000165>
228   09:13:10.218059 write(2, "Called ArkMediaPlayer teardown s"..., 44) = 44 <0.000198>
295   09:13:10.225636 +++ exited with 0 +++
228   09:13:10.229386 write(2, "Audio sink shut down.\n", 22) = 22 <0.000257>
227   09:13:10.236373 poll([{fd=7, events=POLLIN}], 1, 0) = 0 (Timeout) <0.000221>
296   09:13:11.083271 +++ exited with 0 +++
228   09:13:11.087233 write(2, "Shutting down LinuxPhoneStatus.\n", 32) = 32 <0.000181>
227   09:13:11.135514 poll([{fd=7, events=POLLIN}], 1, 0) = 0 (Timeout) <0.000230>
228   09:13:11.144530 write(2, "Sink shutdown complete!\n", 24) = 24 <0.000180>
228   09:13:11.151402 write(1, "ArkDbus::onLinkStatusChange:175 "..., 43) = 43 <0.000181>
228   09:13:11.158383 writev(7, [{iov_base="l\4\1\1\10\0\0\09\0\0\0h\0\0\0\1\1o\0\22\0\0\0/com/ark"..., iov_len=120}, {iov_base="\v\0\0\0\10\0\0\0", iov_len=8}], 2) = 128 <0.005756>
228   09:13:11.171024 write(1, "Signal Sent\n", 12 <unfinished ...>
227   09:13:11.174508 poll([{fd=7, events=POLLIN}], 1, 0 <unfinished ...>
228   09:13:11.178148 <... write resumed>) = 12 <0.003672>
227   09:13:11.181637 <... poll resumed>) = 0 (Timeout) <0.003562>
228   09:13:11.185289 write(1, "BtRfcommController::stop : 422 s"..., 37) = 37 <0.000270>
228   09:13:11.192554 write(1, "RfcommTransport::stop : 230\n", 28) = 28 <0.000201>
291   09:13:11.201061 write(1, "read:291\n", 9) = 9 <0.000336>
227   09:13:11.208656 poll([{fd=7, events=POLLIN}], 1, 0) = 0 (Timeout) <0.000309>
291   09:13:11.216141 read(9 <unfinished ...>
228   09:13:11.219662 write(1, "ArkUtils::send_local_message:288"..., 47 <unfinished ...>
291   09:13:11.264964 <... read resumed>, "q", 8) = 1 <0.045328>
228   09:13:11.268920 <... write resumed>) = 47 <0.004043>
228   09:13:11.273131 write(2, "~RfcommConnection:289\n", 22 <unfinished ...>
291   09:13:11.277051 write(1, "Rfcomm transport exit because re"..., 49 <unfinished ...>
228   09:13:11.280935 <... write resumed>) = 22 <0.003950>
291   09:13:11.284775 <... write resumed>) = 49 <0.003867>
291   09:13:11.288816 write(2, "Read header failed\n", 19 <unfinished ...>
227   09:13:11.292448 poll([{fd=7, events=POLLIN}], 1, 0 <unfinished ...>
291   09:13:11.296804 <... write resumed>) = 19 <0.004390>
227   09:13:11.300459 <... poll resumed>) = 0 (Timeout) <0.003729>
291   09:13:11.304626 write(2, "run:161 stop\n", 13) = 13 <0.000271>
291   09:13:11.312577 +++ exited with 0 +++
228   09:13:11.317492 write(1, "BtRfcommController::stop : 430 e"..., 35) = 35 <0.000192>
228   09:13:11.325101 write(1, "run : 294\n", 10 <unfinished ...>
227   09:13:11.328792 poll([{fd=7, events=POLLIN}], 1, 0 <unfinished ...>
228   09:13:12.170593 <... write resumed>) = 10 <0.841833>
227   09:13:12.174202 <... poll resumed>) = 0 (Timeout) <0.003684>
227   09:13:12.192973 poll([{fd=7, events=POLLIN}], 1, 0) = 0 (Timeout) <0.000124>
227   09:13:12.257055 poll([{fd=7, events=POLLIN}], 1, 0) = 0 (Timeout) <0.000135>
227   09:13:12.279986 poll([{fd=7, events=POLLIN}], 1, 0) = 0 (Timeout) <0.000140>
227   09:13:12.302935 poll([{fd=7, events=POLLIN}], 1, 0) = 0 (Timeout) <0.000135>
227   09:13:12.326079 poll([{fd=7, events=POLLIN}], 1, 0) = 0 (Timeout) <0.000142>
227   09:13:12.348784 poll([{fd=7, events=POLLIN}], 1, 0) = 0 (Timeout) <0.000143>
227   09:13:12.372067 poll([{fd=7, events=POLLIN}], 1, 0) = 0 (Timeout) <0.000139>
227   09:13:12.395424 poll([{fd=7, events=POLLIN}], 1, 0) = 0 (Timeout) <0.000168>
227   09:13:12.418303 poll([{fd=7, events=POLLIN}], 1, 0) = 0 (Timeout) <0.000133>
227   09:13:12.441674 poll([{fd=7, events=POLLIN}], 1, 0) = 0 (Timeout) <0.000140>
227   09:13:12.465223 poll([{fd=7, events=POLLIN}], 1, 0) = 0 (Timeout) <0.000136>
227   09:13:12.488434 poll([{fd=7, events=POLLIN}], 1, 0) = 1 ([{fd=7, revents=POLLIN}]) <0.000248>
227   09:13:12.537884 read(7, "l\1\0\1\10\0\0\0L\0\0\0\225\0\0\0\1\1o\0\22\0\0\0/com/ark"..., 2048) = 176 <0.000169>
227   09:13:12.544862 read(7, 0xb4b01e28, 2048) = -1 EAGAIN (Resource temporarily unavailable) <0.000124>
227   09:13:12.551740 write(1, "ArkDbus::reply_to_requestLinkSta"..., 65) = 65 <0.000182>
227   09:13:12.559864 write(1, "IArkCallbacks::requestLinkStatus"..., 38) = 38 <0.000172>
227   09:13:12.567736 write(1, "IArkCallbacks::requestLinkStatus"..., 36) = 36 <0.000179>
227   09:13:12.574675 write(1, "ArkDbus::onLinkStatusChange:175 "..., 43) = 43 <0.000177>
227   09:13:12.582106 writev(7, [{iov_base="l\4\1\1\10\0\0\0:\0\0\0h\0\0\0\1\1o\0\22\0\0\0/com/ark"..., iov_len=120}, {iov_base="\v\0\0\0\3\0\0\0", iov_len=8}], 2) = 128 <0.002853>
227   09:13:12.592200 write(1, "Signal Sent\n", 12) = 12 <0.000175>
227   09:13:12.599415 writev(7, [{iov_base="l\2\1\1\4\0\0\0;\0\0\0\37\0\0\0\6\1s\0\4\0\0\0:1.0\0\0\0\0"..., iov_len=48}, {iov_base="\1\0\0\0", iov_len=4}], 2 <unfinished ...>
228   09:13:13.442077 write(1, "BtRfcommController::start : 404\n", 32 <unfinished ...>
227   09:13:13.445819 <... writev resumed>) = 52 <0.004610>
228   09:13:13.449467 <... write resumed>) = 32 <0.003692>
227   09:13:13.453387 write(1, "ArkDbus::run 468\n", 17) = 17 <0.000332>
228   09:13:13.503528 write(1, "/dev/bw_aap is not symlink \n", 28) = 28 <0.000273>
227   09:13:13.510403 poll([{fd=7, events=POLLIN}], 1, 0) = 0 (Timeout) <0.000250>
228   09:13:13.518545 write(1, "ArkUtils::open_local_socket:266 "..., 41) = 41 <0.000177>
228   09:13:13.525693 write(1, "BtRfcommController::start : 414\n", 32) = 32 <0.000307>
227   09:13:13.533419 poll([{fd=7, events=POLLIN}], 1, 0) = 0 (Timeout) <0.000148>
305   09:13:13.540370 write(8, "\0\t\0\4\10\1\20\0\30\0 \274(", 13) = 13 <0.001136>
305   09:13:13.548497 write(1, "rfcomm write: 00 09 00 04 08 01 "..., 54) = 54 <0.000180>
227   09:13:13.560034 poll([{fd=7, events=POLLIN}], 1, 0) = 0 (Timeout) <0.000123>
227   09:13:13.594339 poll([{fd=7, events=POLLIN}], 1, 0) = 0 (Timeout) <0.000140>
305   09:13:13.614721 read(8, "\0\26\0\5", 4) = 4 <0.000228>
227   09:13:13.664076 poll([{fd=7, events=POLLIN}], 1, 0 <unfinished ...>
305   09:13:13.667586 write(1, "rfcomm read: 00 16 00 05 \n", 26 <unfinished ...>
227   09:13:13.671189 <... poll resumed>) = 0 (Timeout) <0.003733>
305   09:13:13.674624 <... write resumed>) = 26 <0.003589>
305   09:13:13.678127 write(2, "len=22 type=5\n", 14) = 14 <0.000173>
305   09:13:13.687173 read(8, "\10\1\20\0\32\01656171FDAP001TE \0", 22) = 22 <0.000152>
305   09:13:13.693882 write(1, "rfcomm read: 08 01 10 00 1a 0e 3"..., 80) = 80 <0.000262>
227   09:13:13.701302 poll([{fd=7, events=POLLIN}], 1, 0) = 0 (Timeout) <0.000275>
305   09:13:13.715806 read(10, "#beacon_int=20\n#max_listen_inter"..., 4096) = 621 <0.000150>
305   09:13:13.723700 read(10, "", 4096) = 0 <0.000133>
227   09:13:13.739101 poll([{fd=7, events=POLLIN}], 1, 0 <unfinished ...>
305   09:13:13.742986 write(1, "interface=wlan0\n", 16 <unfinished ...>
227   09:13:13.746563 <... poll resumed>) = 0 (Timeout) <0.003854>
305   09:13:13.750237 <... write resumed>) = 16 <0.003713>
305   09:13:13.756845 write(1, "wlan0 IP Address 192.168.43.1\n", 30) = 30 <0.000198>
305   09:13:13.829815 write(1, "local wifi ip=192.168.43.1\n", 27 <unfinished ...>
227   09:13:13.833238 poll([{fd=7, events=POLLIN}], 1, 0 <unfinished ...>
305   09:13:13.836943 <... write resumed>) = 27 <0.003734>
227   09:13:13.840362 <... poll resumed>) = 0 (Timeout) <0.003559>
305   09:13:13.843735 write(1, "majorVer:1 minorVer0 deviceSeria"..., 69) = 69 <0.000251>
305   09:13:13.863918 write(8, "\0\21\0\1\n\f192.168.43.1\20\3124", 21) = 21 <0.000945>
305   09:13:13.884220 write(1, "rfcomm write: 00 11 00 01 0a 0c "..., 78 <unfinished ...>
227   09:13:13.892444 poll([{fd=7, events=POLLIN}], 1, 0 <unfinished ...>
305   09:13:13.905217 <... write resumed>) = 78 <0.012807>
227   09:13:13.908851 <... poll resumed>) = 0 (Timeout) <0.003707>
305   09:13:13.913914 read(8, "\0\0\0\2", 4) = 4 <0.000161>
305   09:13:13.920988 write(1, "rfcomm read: 00 00 00 02 \n", 26) = 26 <0.000266>
227   09:13:13.944136 poll([{fd=7, events=POLLIN}], 1, 0 <unfinished ...>
305   09:13:13.947743 write(2, "len=0 type=2\n", 13 <unfinished ...>
227   09:13:13.951192 <... poll resumed>) = 0 (Timeout) <0.003577>
305   09:13:13.954590 <... write resumed>) = 13 <0.003551>
305   09:13:13.971504 read(8, "", 0)    = 0 <0.000112>
305   09:13:13.978082 read(8, "", 0)    = 0 <0.000120>
227   09:13:14.024998 poll([{fd=7, events=POLLIN}], 1, 0) = 0 (Timeout) <0.000185>
305   09:13:14.040676 read(8, "", 0)    = 0 <0.000205>
305   09:13:14.048149 read(8, "", 0)    = 0 <0.000138>
305   09:13:14.068801 write(1, "Rfcomm Read timeout!!!\n", 23 <unfinished ...>
227   09:13:14.072229 poll([{fd=7, events=POLLIN}], 1, 0 <unfinished ...>
305   09:13:14.075872 <... write resumed>) = 23 <0.003673>
227   09:13:14.079261 <... poll resumed>) = 0 (Timeout) <0.003523>
305   09:13:14.083065 read(10, "#beacon_int=20\n#max_listen_inter"..., 4096) = 621 <0.000149>
305   09:13:14.104524 read(10, "", 4096) = 0 <0.000212>
227   09:13:14.111120 poll([{fd=7, events=POLLIN}], 1, 0) = 0 (Timeout) <0.000250>
305   09:13:14.118029 write(1, "ssid=carplay_fc9f\n", 18) = 18 <0.000182>
305   09:13:14.133106 write(1, "passwd=<REDACTED>\n", 16) = 16 <0.000182>
305   09:13:14.139898 write(1, "interface=wlan0\n", 16 <unfinished ...>
227   09:13:14.193479 poll([{fd=7, events=POLLIN}], 1, 0 <unfinished ...>
305   09:13:14.210155 <... write resumed>) = 16 <0.016712>
227   09:13:14.213583 <... poll resumed>) = 0 (Timeout) <0.003505>
305   09:13:14.217329 ioctl(10, SIOCGIFHWADDR, {ifr_name="wlan0", ifr_hwaddr={sa_family=ARPHRD_ETHER, sa_data=<MAC-REDACTED>}}) = 0 <0.000130>
305   09:13:14.224744 write(1, "local m<MAC-REDACTED>:43 \n", 29) = 29 <0.000181>
227   09:13:14.244862 poll([{fd=7, events=POLLIN}], 1, 0) = 0 (Timeout) <0.000239>
305   09:13:14.251815 write(1, "mac=<MAC-REDACTED>\n", 22) = 22 <0.000242>
305   09:13:14.267176 write(8, "\0-\0\3\n\fcarplay_fc9f\22\10REDACTED\32\02168"..., 49) = 49 <0.000980>
305   09:13:14.275438 write(1, "rfcomm write: 00 2d 00 03 0a 0c "..., 162 <unfinished ...>
227   09:13:14.278950 poll([{fd=7, events=POLLIN}], 1, 0 <unfinished ...>
305   09:13:14.282554 <... write resumed>) = 162 <0.003760>
227   09:13:14.286121 <... poll resumed>) = 0 (Timeout) <0.003697>
305   09:13:14.302664 read(8, "\0\2\0\7", 4) = 4 <0.000138>
305   09:13:14.309488 write(1, "rfcomm read: 00 02 00 07 \n", 26) = 26 <0.000175>
305   09:13:14.316276 write(2, "len=2 type=7\n", 13) = 13 <0.000359>
227   09:13:14.377467 poll([{fd=7, events=POLLIN}], 1, 0) = 0 (Timeout) <0.000224>
305   09:13:14.384774 read(8, "\30\0", 2) = 2 <0.000151>
305   09:13:14.401031 write(1, "rfcomm read: 18 00 \n", 20) = 20 <0.000262>
227   09:13:14.407827 poll([{fd=7, events=POLLIN}], 1, 0 <unfinished ...>
305   09:13:14.411240 write(1, "ip: port:-1\n", 12 <unfinished ...>
227   09:13:14.414884 <... poll resumed>) = 0 (Timeout) <0.003768>
305   09:13:14.430922 <... write resumed>) = 12 <0.016191>
305   09:13:14.439708 read(8, "\0\2\0\6", 4) = 4 <0.000140>
305   09:13:14.446471 write(1, "rfcomm read: 00 02 00 06 \n", 26) = 26 <0.000172>
305   09:13:14.466705 write(2, "len=2 type=6\n", 13 <unfinished ...>
227   09:13:14.470232 poll([{fd=7, events=POLLIN}], 1, 0 <unfinished ...>
305   09:13:14.473673 <... write resumed>) = 13 <0.003585>
227   09:13:14.477078 <... poll resumed>) = 0 (Timeout) <0.003542>
305   09:13:14.480647 read(8, "\10\0", 2) = 2 <0.000260>
227   09:13:14.509006 poll([{fd=7, events=POLLIN}], 1, 0 <unfinished ...>
305   09:13:14.564399 write(1, "rfcomm read: 08 00 \n", 20 <unfinished ...>
227   09:13:14.567911 <... poll resumed>) = 0 (Timeout) <0.003584>
305   09:13:14.571884 <... write resumed>) = 20 <0.004038>
227   09:13:14.603144 poll([{fd=7, events=POLLIN}], 1, 0) = 0 (Timeout) <0.000128>
227   09:13:14.625431 poll([{fd=7, events=POLLIN}], 1, 0) = 0 (Timeout) <0.000120>
227   09:13:14.651254 poll([{fd=7, events=POLLIN}], 1, 0) = 0 (Timeout) <0.000775>
226   09:13:14.674210 write(1, "wirelessConnectionProc:206 Accep"..., 52) = 52 <0.000194>
226   09:13:14.680976 write(2, "wirelessConnectionProc:189\n", 27) = 27 <0.000174>
226   09:13:14.687705 write(2, "\n", 1) = 1 <0.000254>
227   09:13:14.705769 poll([{fd=7, events=POLLIN}], 1, 0) = 0 (Timeout) <0.000206>
227   09:13:14.727694 poll([{fd=7, events=POLLIN}], 1, 0) = 0 (Timeout) <0.000122>
227   09:13:14.762218 poll([{fd=7, events=POLLIN}], 1, 0) = 0 (Timeout) <0.000125>
227   09:13:14.784348 poll([{fd=7, events=POLLIN}], 1, 0) = 0 (Timeout) <0.000164>
227   09:13:14.853031 poll([{fd=7, events=POLLIN}], 1, 0) = 0 (Timeout) <0.000125>
227   09:13:14.888617 poll([{fd=7, events=POLLIN}], 1, 0) = 0 (Timeout) <0.000125>
227   09:13:14.911082 poll([{fd=7, events=POLLIN}], 1, 0) = 0 (Timeout) <0.000123>
227   09:13:14.941488 poll([{fd=7, events=POLLIN}], 1, 0) = 0 (Timeout) <0.000135>
227   09:13:14.964250 poll([{fd=7, events=POLLIN}], 1, 0) = 0 (Timeout) <0.000135>
227   09:13:14.986290 poll([{fd=7, events=POLLIN}], 1, 0) = 0 (Timeout) <0.000126>
227   09:13:15.024531 poll([{fd=7, events=POLLIN}], 1, 0) = 0 (Timeout) <0.000120>
227   09:13:15.049321 poll([{fd=7, events=POLLIN}], 1, 0) = 0 (Timeout) <0.000122>
227   09:13:15.076880 poll([{fd=7, events=POLLIN}], 1, 0) = 0 (Timeout) <0.000242>
227   09:13:15.112959 poll([{fd=7, events=POLLIN}], 1, 0) = 0 (Timeout) <0.000139>
227   09:13:15.137283 poll([{fd=7, events=POLLIN}], 1, 0) = 0 (Timeout) <0.000125>
227   09:13:15.219200 poll([{fd=7, events=POLLIN}], 1, 0) = 0 (Timeout) <0.000125>
227   09:13:15.246240 poll([{fd=7, events=POLLIN}], 1, 0) = 0 (Timeout) <0.000132>
227   09:13:15.272087 poll([{fd=7, events=POLLIN}], 1, 0) = 0 (Timeout) <0.000141>
227   09:13:15.310000 poll([{fd=7, events=POLLIN}], 1, 0) = 0 (Timeout) <0.000127>
227   09:13:15.332046 poll([{fd=7, events=POLLIN}], 1, 0) = 0 (Timeout) <0.000121>
227   09:13:15.367434 poll([{fd=7, events=POLLIN}], 1, 0) = 0 (Timeout) <0.000121>
227   09:13:15.389579 poll([{fd=7, events=POLLIN}], 1, 0) = 0 (Timeout) <0.000147>
227   09:13:15.412388 poll([{fd=7, events=POLLIN}], 1, 0) = 0 (Timeout) <0.000134>
227   09:13:15.443437 poll([{fd=7, events=POLLIN}], 1, 0) = 0 (Timeout) <0.000123>
227   09:13:15.465474 poll([{fd=7, events=POLLIN}], 1, 0) = 0 (Timeout) <0.000121>
227   09:13:15.487449 poll([{fd=7, events=POLLIN}], 1, 0) = 0 (Timeout) <0.000124>
228   09:13:15.546738 write(1, "ArkDbus::onLinkStatusChange:175 "..., 43) = 43 <0.000247>
228   09:13:15.554080 writev(7, [{iov_base="l\4\1\1\10\0\0\0<\0\0\0h\0\0\0\1\1o\0\22\0\0\0/com/ark"..., iov_len=120}, {iov_base="\v\0\0\0\t\0\0\0", iov_len=8}], 2) = 128 <0.000746>
228   09:13:15.575583 write(1, "Signal Sent\n", 12 <unfinished ...>
227   09:13:15.579603 poll([{fd=7, events=POLLIN}], 1, 0 <unfinished ...>
228   09:13:15.583151 <... write resumed>) = 12 <0.003694>
227   09:13:15.586596 <... poll resumed>) = 0 (Timeout) <0.003614>
228   09:13:15.589970 write(1, "+++ArkAuto::run : 262\n", 22) = 22 <0.000243>
228   09:13:15.614806 write(1, "Sink::init Sink : 0\n", 20 <unfinished ...>
227   09:13:15.618473 poll([{fd=7, events=POLLIN}], 1, 0 <unfinished ...>
228   09:13:15.622012 <... write resumed>) = 20 <0.003707>
227   09:13:15.625341 <... poll resumed>) = 0 (Timeout) <0.003466>
228   09:13:15.641403 write(2, "Creating new Video Sink...\n", 27) = 27 <0.000232>
228   09:13:15.648306 write(1, "w=800 h=480 widthMargin=0  heigh"..., 43) = 43 <0.000177>
228   09:13:15.655295 write(1, "w=1280 h=720 widthMargin=0  heig"..., 44) = 44 <0.000174>
228   09:13:15.675848 write(1, "w=800 h=480 widthMargin=0  heigh"..., 43) = 43 <0.000261>
227   09:13:15.737033 poll([{fd=7, events=POLLIN}], 1, 0) = 0 (Timeout) <0.000354>
228   09:13:15.744685 write(2, "Creating new input source...\n", 29) = 29 <0.000278>
228   09:13:15.764081 write(2, "Creating new Audio source...\n", 29) = 29 <0.000215>
228   09:13:15.770971 write(1, "###Microphone::init:85 bridge_mo"..., 45) = 45 <0.000179>
228   09:13:15.790701 write(1, "Microphone::init:102 \n", 22) = 22 <0.000363>
227   09:13:15.797647 poll([{fd=7, events=POLLIN}], 1, 0 <unfinished ...>
228   09:13:15.801108 write(2, "Microphone initialized!\n", 24 <unfinished ...>
227   09:13:15.804608 <... poll resumed>) = 0 (Timeout) <0.003629>
228   09:13:15.821296 <... write resumed>) = 24 <0.016846>
228   09:13:15.824813 write(2, "Creating new Audio sink...\n", 27) = 27 <0.000176>
228   09:13:15.834665 write(1, "open:174 m_handle_name=plug:soft"..., 44) = 44 <0.000286>
227   09:13:15.854582 poll([{fd=7, events=POLLIN}], 1, 0) = 0 (Timeout) <0.000296>
228   09:13:15.864172 ioctl(11, SNDRV_CTL_IOCTL_CARD_INFO, 0xb54df2b0) = 0 <0.000144>
227   09:13:15.911566 poll([{fd=7, events=POLLIN}], 1, 0) = 0 (Timeout) <0.000323>
228   09:13:15.932141 semop(688131, [{sem_num=0, sem_op=0, sem_flg=0}, {sem_num=0, sem_op=1, sem_flg=SEM_UNDO}], 2) = 0 <0.000136>
228   09:13:15.940772 ioctl(11, SNDRV_CTL_IOCTL_CARD_INFO, 0xb54df298) = 0 <0.000461>
227   09:13:15.961402 poll([{fd=7, events=POLLIN}], 1, 0) = 0 (Timeout) <0.000282>
228   09:13:15.968528 ioctl(11, SNDRV_CTL_IOCTL_PVERSION, 0xb54df428) = 0 <0.000112>
228   09:13:15.975064 ioctl(11, SNDRV_CTL_IOCTL_PCM_PREFER_SUBDEVICE, 0xb54df464) = 0 <0.000117>
227   09:13:15.990608 poll([{fd=7, events=POLLIN}], 1, 0) = 0 (Timeout) <0.000233>
228   09:13:15.998618 ioctl(12, SNDRV_PCM_IOCTL_INFO, 0xb54df328) = 0 <0.000147>
228   09:13:16.005989 ioctl(12, AGPIOC_INFO or SNDRV_PCM_IOCTL_PVERSION, 0xb54df298) = 0 <0.000227>
227   09:13:16.025850 poll([{fd=7, events=POLLIN}], 1, 0) = 0 (Timeout) <0.000221>
228   09:13:16.032735 ioctl(12, AGPIOC_SETUP or SNDRV_PCM_IOCTL_TTSTAMP, 0xb54df2a0) = 0 <0.000174>
227   09:13:16.104501 poll([{fd=7, events=POLLIN}], 1, 0 <unfinished ...>
228   09:13:16.108051 ioctl(12, SNDRV_PCM_IOCTL_SYNC_PTR, 0xb54df2a4 <unfinished ...>
227   09:13:16.111928 <... poll resumed>) = 0 (Timeout) <0.004009>
228   09:13:16.115313 <... ioctl resumed>) = 0 <0.003484>
228   09:13:16.118835 ioctl(12, SNDRV_PCM_IOCTL_HW_REFINE, 0xb54df4a8) = 0 <0.000202>
228   09:13:16.139471 ioctl(12, SNDRV_PCM_IOCTL_HW_REFINE, 0xb54df4a8 <unfinished ...>
227   09:13:16.142907 poll([{fd=7, events=POLLIN}], 1, 0 <unfinished ...>
228   09:13:16.146521 <... ioctl resumed>) = 0 <0.003650>
227   09:13:16.150011 <... poll resumed>) = 0 (Timeout) <0.003560>
228   09:13:16.166349 ioctl(12, SNDRV_PCM_IOCTL_HW_REFINE, 0xb54df4a8) = 0 <0.000271>
228   09:13:16.173651 ioctl(12, SNDRV_PCM_IOCTL_HW_REFINE, 0xb54df4a8) = 0 <0.000199>
228   09:13:16.180874 ioctl(12, SNDRV_PCM_IOCTL_HW_REFINE, 0xb54df4a8) = 0 <0.000194>
228   09:13:16.201373 ioctl(12, SNDRV_PCM_IOCTL_HW_REFINE, 0xb54df4a8) = 0 <0.000264>
227   09:13:16.208170 poll([{fd=7, events=POLLIN}], 1, 0 <unfinished ...>
228   09:13:16.211609 ioctl(12, SNDRV_PCM_IOCTL_HW_REFINE, 0xb54df4a8 <unfinished ...>
227   09:13:16.226634 <... poll resumed>) = 0 (Timeout) <0.015151>
228   09:13:16.230031 <... ioctl resumed>) = 0 <0.003554>
228   09:13:16.233477 ioctl(12, SNDRV_PCM_IOCTL_HW_REFINE, 0xb54df4a8) = 0 <0.000176>
228   09:13:16.280757 ioctl(12, SNDRV_PCM_IOCTL_HW_REFINE, 0xb54df4a8 <unfinished ...>
227   09:13:16.290426 poll([{fd=7, events=POLLIN}], 1, 0 <unfinished ...>
228   09:13:16.307088 <... ioctl resumed>) = 0 <0.016695>
227   09:13:16.310745 <... poll resumed>) = 0 (Timeout) <0.003733>
228   09:13:16.314422 ioctl(12, SNDRV_PCM_IOCTL_HW_REFINE, 0xb54df4a8) = 0 <0.000244>
228   09:13:16.321751 ioctl(12, SNDRV_PCM_IOCTL_HW_PARAMS, 0xb54df4a8) = 0 <0.009046>
227   09:13:16.350686 poll([{fd=7, events=POLLIN}], 1, 0 <unfinished ...>
228   09:13:16.354183 ioctl(12, SNDRV_PCM_IOCTL_SYNC_PTR, 0xb494f6d8 <unfinished ...>
227   09:13:16.357588 <... poll resumed>) = 0 (Timeout) <0.003477>
228   09:13:16.360947 <... ioctl resumed>) = 0 <0.003419>
228   09:13:16.373041 ioctl(12, SNDRV_PCM_IOCTL_SW_PARAMS, 0xb54df3a8) = 0 <0.000137>
228   09:13:16.379963 ioctl(12, SNDRV_PCM_IOCTL_CHANNEL_INFO, 0xb54df338) = 0 <0.000123>
228   09:13:16.386385 ioctl(12, SNDRV_PCM_IOCTL_CHANNEL_INFO, 0xb54df338) = 0 <0.000127>
227   09:13:16.405621 poll([{fd=7, events=POLLIN}], 1, 0) = 0 (Timeout) <0.000190>
228   09:13:16.412174 ioctl(12, SNDRV_PCM_IOCTL_PREPARE, 0xb494f820) = 0 <0.009738>
227   09:13:16.493214 poll([{fd=7, events=POLLIN}], 1, 0 <unfinished ...>
228   09:13:16.496794 ioctl(12, SNDRV_PCM_IOCTL_SYNC_PTR, 0xb494f6d8 <unfinished ...>
227   09:13:16.500053 <... poll resumed>) = 0 (Timeout) <0.003389>
228   09:13:16.503417 <... ioctl resumed>) = 0 <0.003397>
228   09:13:16.506876 ioctl(12, SNDRV_PCM_IOCTL_SW_PARAMS, 0xb54df438) = 0 <0.000115>
228   09:13:16.522205 ioctl(12, SNDRV_PCM_IOCTL_SYNC_PTR, 0xb494f6d8) = 0 <0.000199>
227   09:13:16.528923 poll([{fd=7, events=POLLIN}], 1, 0 <unfinished ...>
228   09:13:16.532421 ioctl(12, SNDRV_PCM_IOCTL_START, 0xb494f6d8 <unfinished ...>
227   09:13:16.558777 <... poll resumed>) = 0 (Timeout) <0.026481>
228   09:13:16.575490 <... ioctl resumed>) = 0 <0.039756>
228   09:13:16.579133 ioctl(12, AGPIOC_INFO or SNDRV_PCM_IOCTL_PVERSION, 0xb54df72c) = 0 <0.000137>
228   09:13:16.590826 ioctl(12, SNDRV_PCM_IOCTL_INFO, 0xb54df590 <unfinished ...>
227   09:13:16.594494 poll([{fd=7, events=POLLIN}], 1, 0 <unfinished ...>
228   09:13:16.612199 <... ioctl resumed>) = 0 <0.017862>
227   09:13:16.615848 <... poll resumed>) = 0 (Timeout) <0.003721>
228   09:13:16.620937 ioctl(11, SNDRV_CTL_IOCTL_CARD_INFO, 0xb54df018) = 0 <0.000146>
228   09:13:16.628623 ioctl(11, SNDRV_TIMER_IOCTL_PVERSION, 0xb54df320) = 0 <0.000204>
227   09:13:16.683436 poll([{fd=7, events=POLLIN}], 1, 0 <unfinished ...>
228   09:13:16.687051 ioctl(11, SNDRV_TIMER_IOCTL_TREAD_OLD, 0xb54df324 <unfinished ...>
227   09:13:16.690378 <... poll resumed>) = 0 (Timeout) <0.003458>
228   09:13:16.693688 <... ioctl resumed>) = 0 <0.003413>
228   09:13:16.709703 ioctl(11, SNDRV_TIMER_IOCTL_SELECT, 0xb54df324) = 0 <0.000146>
228   09:13:16.716973 ioctl(11, SNDRV_TIMER_IOCTL_PVERSION, 0xb54df6bc) = 0 <0.000115>
228   09:13:16.723497 semop(688131, [{sem_num=0, sem_op=-1, sem_flg=SEM_UNDO|IPC_NOWAIT}], 1) = 0 <0.000236>
227   09:13:16.743824 poll([{fd=7, events=POLLIN}], 1, 0) = 0 (Timeout) <0.000288>
228   09:13:16.752566 ioctl(13, SNDRV_CTL_IOCTL_CARD_INFO, 0xb54df470) = 0 <0.000150>
227   09:13:16.768498 poll([{fd=7, events=POLLIN}], 1, 0) = 0 (Timeout) <0.000285>
228   09:13:16.776445 ioctl(13, SNDRV_CTL_IOCTL_PVERSION, 0xb54df790) = 0 <0.000137>
228   09:13:16.783587 ioctl(13, SNDRV_CTL_IOCTL_ELEM_INFO, 0xb54df780) = 0 <0.000147>
228   09:13:16.803456 ioctl(13, SNDRV_CTL_IOCTL_TLV_READ, 0xb494f480 <unfinished ...>
227   09:13:16.806927 poll([{fd=7, events=POLLIN}], 1, 0 <unfinished ...>
228   09:13:16.857547 <... ioctl resumed>) = 0 <0.050711>
227   09:13:16.861333 <... poll resumed>) = 0 (Timeout) <0.003920>
228   09:13:16.864885 write(1, "rate=48000 channels=2 bits_per_s"..., 41) = 41 <0.000248>
228   09:13:16.876669 ioctl(12, SNDRV_PCM_IOCTL_SYNC_PTR, 0xb494f6d8) = 0 <0.000139>
228   09:13:16.900424 ioctl(11, SNDRV_TIMER_IOCTL_PARAMS, 0xb54dfba8 <unfinished ...>
227   09:13:16.904320 poll([{fd=7, events=POLLIN}], 1, 0 <unfinished ...>
228   09:13:16.908189 <... ioctl resumed>) = 0 <0.003904>
228   09:13:16.911652 write(1, "set_alsa_paramters:103 period_si"..., 59 <unfinished ...>
227   09:13:16.915330 <... poll resumed>) = 0 (Timeout) <0.007202>
228   09:13:16.919263 <... write resumed>) = 59 <0.004093>
228   09:13:16.926829 write(1, "open:190 ret=0 m_handle=0xb49239"..., 35) = 35 <0.000201>
228   09:13:16.934586 write(2, "Creating new Audio sink...\n", 27) = 27 <0.000203>
228   09:13:16.942283 write(1, "open:174 m_handle_name=plug:soft"..., 44) = 44 <0.000317>
227   09:13:16.949782 poll([{fd=7, events=POLLIN}], 1, 0) = 0 (Timeout) <0.000383>
228   09:13:16.959536 ioctl(14, SNDRV_CTL_IOCTL_CARD_INFO, 0xb54df2b0) = 0 <0.000227>
227   09:13:17.001051 poll([{fd=7, events=POLLIN}], 1, 0) = 0 (Timeout) <0.000271>
228   09:13:17.024049 semop(688131, [{sem_num=0, sem_op=0, sem_flg=0}, {sem_num=0, sem_op=1, sem_flg=SEM_UNDO}], 2) = 0 <0.000128>
228   09:13:17.035925 ioctl(14, SNDRV_CTL_IOCTL_CARD_INFO, 0xb54df298) = 0 <0.000214>
227   09:13:17.042932 poll([{fd=7, events=POLLIN}], 1, 0) = 0 (Timeout) <0.000296>
228   09:13:17.050769 ioctl(14, SNDRV_CTL_IOCTL_PVERSION, 0xb54df428) = 0 <0.000130>
228   09:13:17.057884 ioctl(14, SNDRV_CTL_IOCTL_PCM_PREFER_SUBDEVICE, 0xb54df464) = 0 <0.000137>
228   09:13:17.065814 ioctl(15, SNDRV_PCM_IOCTL_INFO, 0xb54df328) = 0 <0.000210>
227   09:13:17.074179 poll([{fd=7, events=POLLIN}], 1, 0) = 0 (Timeout) <0.000279>
228   09:13:17.920476 ioctl(15, AGPIOC_INFO or SNDRV_PCM_IOCTL_PVERSION, 0xb54df298) = 0 <0.000209>
228   09:13:17.927367 ioctl(15, AGPIOC_SETUP or SNDRV_PCM_IOCTL_TTSTAMP, 0xb54df2a0) = 0 <0.000108>
227   09:13:17.973834 poll([{fd=7, events=POLLIN}], 1, 0) = 0 (Timeout) <0.000151>
228   09:13:17.980769 ioctl(15, SNDRV_PCM_IOCTL_SYNC_PTR, 0xb54df2a4) = 0 <0.000188>
228   09:13:17.988312 ioctl(15, SNDRV_PCM_IOCTL_CHANNEL_INFO, 0xb54df6d0) = 0 <0.000127>
228   09:13:17.994879 ioctl(15, SNDRV_PCM_IOCTL_CHANNEL_INFO, 0xb54df6d0) = 0 <0.000119>
227   09:13:18.001581 poll([{fd=7, events=POLLIN}], 1, 0) = 0 (Timeout) <0.000200>
228   09:13:18.009267 ioctl(15, SNDRV_PCM_IOCTL_INFO, 0xb54df590) = 0 <0.000128>
228   09:13:18.017018 ioctl(14, SNDRV_CTL_IOCTL_CARD_INFO, 0xb54df018) = 0 <0.000127>
227   09:13:18.024127 poll([{fd=7, events=POLLIN}], 1, 0) = 0 (Timeout) <0.000283>
228   09:13:18.031189 ioctl(14, SNDRV_TIMER_IOCTL_PVERSION, 0xb54df320) = 0 <0.000113>
228   09:13:18.037670 ioctl(14, SNDRV_TIMER_IOCTL_TREAD_OLD, 0xb54df324) = 0 <0.000138>
228   09:13:18.044214 ioctl(14, SNDRV_TIMER_IOCTL_SELECT, 0xb54df324) = 0 <0.000152>
228   09:13:18.093116 ioctl(14, SNDRV_TIMER_IOCTL_PVERSION, 0xb54df6bc <unfinished ...>
227   09:13:18.096668 poll([{fd=7, events=POLLIN}], 1, 0 <unfinished ...>
228   09:13:18.100387 <... ioctl resumed>) = 0 <0.003754>
227   09:13:18.104129 <... poll resumed>) = 0 (Timeout) <0.003814>
228   09:13:18.108445 semop(688131, [{sem_num=0, sem_op=-1, sem_flg=SEM_UNDO|IPC_NOWAIT}], 1) = 0 <0.000217>
228   09:13:18.116872 ioctl(16, SNDRV_CTL_IOCTL_CARD_INFO, 0xb54df470) = 0 <0.000140>
228   09:13:18.124483 ioctl(16, SNDRV_CTL_IOCTL_PVERSION, 0xb54df790) = 0 <0.000214>
227   09:13:18.131711 poll([{fd=7, events=POLLIN}], 1, 0 <unfinished ...>
228   09:13:18.135558 ioctl(16, SNDRV_CTL_IOCTL_ELEM_INFO, 0xb54df780 <unfinished ...>
227   09:13:18.139066 <... poll resumed>) = 0 (Timeout) <0.003577>
228   09:13:18.142719 <... ioctl resumed>) = 0 <0.003725>
228   09:13:18.146613 ioctl(16, SNDRV_CTL_IOCTL_TLV_READ, 0xb4914d00) = 0 <0.000141>
228   09:13:18.154267 write(1, "rate=16000 channels=1 bits_per_s"..., 41) = 41 <0.000294>
227   09:13:18.999396 poll([{fd=7, events=POLLIN}], 1, 0) = 0 (Timeout) <0.000145>
228   09:13:19.048326 ioctl(15, SNDRV_PCM_IOCTL_SYNC_PTR, 0xb4966688) = 0 <0.000136>
228   09:13:19.055118 ioctl(14, SNDRV_TIMER_IOCTL_PARAMS, 0xb54dfb88) = 0 <0.000138>
228   09:13:19.062171 write(1, "set_alsa_paramters:103 period_si"..., 57) = 57 <0.000264>
227   09:13:19.071188 poll([{fd=7, events=POLLIN}], 1, 0 <unfinished ...>
228   09:13:19.074944 write(1, "open:190 ret=0 m_handle=0xb49135"..., 35 <unfinished ...>
227   09:13:19.078527 <... poll resumed>) = 0 (Timeout) <0.003720>
228   09:13:19.081936 <... write resumed>) = 35 <0.003559>
228   09:13:19.085839 write(2, "Creating new Audio sink...\n", 27) = 27 <0.000307>
228   09:13:19.092961 write(1, "open:174 m_handle_name=plug:soft"..., 44) = 44 <0.000199>
227   09:13:19.101733 poll([{fd=7, events=POLLIN}], 1, 0) = 0 (Timeout) <0.000294>
228   09:13:19.108955 ioctl(17, SNDRV_CTL_IOCTL_CARD_INFO, 0xb54df2b0) = 0 <0.000121>
228   09:13:19.115941 semop(688131, [{sem_num=0, sem_op=0, sem_flg=0}, {sem_num=0, sem_op=1, sem_flg=SEM_UNDO}], 2) = 0 <0.000130>
227   09:13:19.124486 poll([{fd=7, events=POLLIN}], 1, 0) = 0 (Timeout) <0.000203>
228   09:13:19.163274 ioctl(17, SNDRV_CTL_IOCTL_CARD_INFO, 0xb54df298) = 0 <0.000192>
228   09:13:19.170987 ioctl(17, SNDRV_CTL_IOCTL_PVERSION, 0xb54df428) = 0 <0.000115>
228   09:13:19.178329 ioctl(17, SNDRV_CTL_IOCTL_PCM_PREFER_SUBDEVICE, 0xb54df464) = 0 <0.000116>
227   09:13:19.185358 poll([{fd=7, events=POLLIN}], 1, 0) = 0 (Timeout) <0.000200>
228   09:13:19.192421 ioctl(18, SNDRV_PCM_IOCTL_INFO, 0xb54df328) = 0 <0.000125>
228   09:13:19.200201 ioctl(18, AGPIOC_INFO or SNDRV_PCM_IOCTL_PVERSION, 0xb54df298) = 0 <0.000114>
228   09:13:19.207107 ioctl(18, AGPIOC_SETUP or SNDRV_PCM_IOCTL_TTSTAMP, 0xb54df2a0) = 0 <0.000120>
227   09:13:19.214166 poll([{fd=7, events=POLLIN}], 1, 0) = 0 (Timeout) <0.000189>
228   09:13:19.220943 ioctl(18, SNDRV_PCM_IOCTL_SYNC_PTR, 0xb54df2a4) = 0 <0.000189>
228   09:13:20.066884 ioctl(18, SNDRV_PCM_IOCTL_CHANNEL_INFO, 0xb54df6d0) = 0 <0.000129>
228   09:13:20.073366 ioctl(18, SNDRV_PCM_IOCTL_CHANNEL_INFO, 0xb54df6d0) = 0 <0.000131>
227   09:13:20.116470 poll([{fd=7, events=POLLIN}], 1, 0) = 0 (Timeout) <0.000192>
228   09:13:20.124158 ioctl(18, SNDRV_PCM_IOCTL_INFO, 0xb54df590) = 0 <0.000131>
228   09:13:20.132369 ioctl(17, SNDRV_CTL_IOCTL_CARD_INFO, 0xb54df018) = 0 <0.000130>
227   09:13:20.139133 poll([{fd=7, events=POLLIN}], 1, 0) = 0 (Timeout) <0.000285>
228   09:13:20.146342 ioctl(17, SNDRV_TIMER_IOCTL_PVERSION, 0xb54df320) = 0 <0.000111>
228   09:13:20.152734 ioctl(17, SNDRV_TIMER_IOCTL_TREAD_OLD, 0xb54df324) = 0 <0.000129>
228   09:13:20.159814 ioctl(17, SNDRV_TIMER_IOCTL_SELECT, 0xb54df324) = 0 <0.000154>
228   09:13:20.166628 ioctl(17, SNDRV_TIMER_IOCTL_PVERSION, 0xb54df6bc <unfinished ...>
227   09:13:20.169961 poll([{fd=7, events=POLLIN}], 1, 0 <unfinished ...>
228   09:13:20.173410 <... ioctl resumed>) = 0 <0.003533>
227   09:13:20.176775 <... poll resumed>) = 0 (Timeout) <0.003502>
228   09:13:20.180118 semop(688131, [{sem_num=0, sem_op=-1, sem_flg=SEM_UNDO|IPC_NOWAIT}], 1) = 0 <0.000204>
227   09:13:20.233283 poll([{fd=7, events=POLLIN}], 1, 0) = 0 (Timeout) <0.000582>
228   09:13:20.241083 ioctl(19, SNDRV_CTL_IOCTL_CARD_INFO, 0xb54df470) = 0 <0.000125>
228   09:13:20.248896 ioctl(19, SNDRV_CTL_IOCTL_PVERSION, 0xb54df790) = 0 <0.000111>
228   09:13:20.255538 ioctl(19, SNDRV_CTL_IOCTL_ELEM_INFO, 0xb54df780) = 0 <0.000139>
228   09:13:20.262332 ioctl(19, SNDRV_CTL_IOCTL_TLV_READ, 0xb49677d8 <unfinished ...>
227   09:13:20.265799 poll([{fd=7, events=POLLIN}], 1, 0 <unfinished ...>
228   09:13:20.269465 <... ioctl resumed>) = 0 <0.003760>
227   09:13:20.273151 <... poll resumed>) = 0 (Timeout) <0.003819>
228   09:13:20.276637 write(1, "rate=16000 channels=1 bits_per_s"..., 41) = 41 <0.000247>
228   09:13:20.290115 ioctl(18, SNDRV_PCM_IOCTL_SYNC_PTR, 0xb49679f8) = 0 <0.000141>
227   09:13:20.297107 poll([{fd=7, events=POLLIN}], 1, 0 <unfinished ...>
228   09:13:20.300704 ioctl(17, SNDRV_TIMER_IOCTL_PARAMS, 0xb54dfb88 <unfinished ...>
227   09:13:21.140969 <... poll resumed>) = 0 (Timeout) <0.840393>
228   09:13:21.144609 <... ioctl resumed>) = 0 <0.003683>
228   09:13:21.148106 write(1, "set_alsa_paramters:103 period_si"..., 57) = 57 <0.000237>
228   09:13:21.191806 write(1, "open:190 ret=0 m_handle=0xb4967e"..., 35) = 35 <0.000183>
228   09:13:21.200802 read(21, "<MAC-REDACTED>", 17) = 17 <0.000373>
227   09:13:21.208282 poll([{fd=7, events=POLLIN}], 1, 0) = 0 (Timeout) <0.000410>
228   09:13:21.215480 write(1, "bt addr=<MAC-REDACTED>\n", 26) = 26 <0.000247>
228   09:13:21.229310 write(2, "Creating Bluetooth endpoint...\n", 31) = 31 <0.000281>
227   09:13:21.243348 poll([{fd=7, events=POLLIN}], 1, 0 <unfinished ...>
228   09:13:21.247210 write(1, "BluetoothCallbacks:BluetoothCall"..., 41 <unfinished ...>
227   09:13:21.251065 <... poll resumed>) = 0 (Timeout) <0.003931>
228   09:13:21.254985 <... write resumed>) = 41 <0.003998>
228   09:13:21.259912 write(2, "Creating Bluetooth endpoint...\n", 31) = 31 <0.000208>
228   09:13:21.267827 write(2, "Transport type is wlan!\n", 24) = 24 <0.000206>
227   09:13:21.275309 poll([{fd=7, events=POLLIN}], 1, 0) = 0 (Timeout) <0.000239>
228   09:13:21.314737 write(2, "Starting link, car major=1 minor"..., 35) = 35 <0.000247>
312   09:13:21.324466 write(10, "\0\3\0\6\0\1\0\1\0\3", 10) = 10 <0.000854>
227   09:13:21.332303 poll([{fd=7, events=POLLIN}], 1, 0) = 0 (Timeout) <0.000292>
311   09:13:21.340800 write(2, "readBytes:548\n", 14) = 14 <0.000181>
311   09:13:21.347962 write(2, "\n", 1) = 1 <0.000170>
311   09:13:21.354639 read(4, "q", 16)  = 1 <0.000148>
227   09:13:21.361552 poll([{fd=7, events=POLLIN}], 1, 0) = 0 (Timeout) <0.000190>
311   09:13:21.368478 read(10, "\0\3\0\10", 4) = 4 <0.000210>
311   09:13:21.375438 read(10, "\0\2\0\1\0\7\0\0", 8) = 8 <0.000153>
311   09:13:21.391634 write(2, "Phone reported version major=1 m"..., 39) = 39 <0.000327>
227   09:13:22.274417 poll([{fd=7, events=POLLIN}], 1, 0) = 0 (Timeout) <0.000197>
311   09:13:22.283010 write(2, "ssl state=SSLv3 read server hell"..., 39) = 39 <0.000318>
227   09:13:22.299269 poll([{fd=7, events=POLLIN}], 1, 0 <unfinished ...>
312   09:13:22.303392 write(10, "\0\3\0015\0\3\26\3\1\1.\1\0\1*\3\3R\212.\321\362L\243\337\37\n\7+\350F\303"..., 313 <unfinished ...>
227   09:13:22.307173 <... poll resumed>) = 0 (Timeout) <0.004194>
312   09:13:22.311810 <... write resumed>) = 313 <0.004700>
311   09:13:22.315747 write(2, "readBytes:548\n", 14) = 14 <0.000197>
311   09:13:22.322700 write(2, "\n", 1) = 1 <0.000197>
311   09:13:22.329884 read(4, "q", 16)  = 1 <0.000264>
227   09:13:22.338017 poll([{fd=7, events=POLLIN}], 1, 0) = 0 (Timeout) <0.000276>
311   09:13:22.345110 read(10, "\0\3\tK", 4) = 4 <0.000245>
311   09:13:22.352615 read(10, "\0\3\26\3\3\0W\2\0\0S\3\3jn\371%g\323)\3\324\260\267p\n\323\316;\217iZ"..., 2379) = 2379 <0.000201>
227   09:13:22.364715 poll([{fd=7, events=POLLIN}], 1, 0) = 0 (Timeout) <0.000274>
227   09:13:22.419815 poll([{fd=7, events=POLLIN}], 1, 0) = 0 (Timeout) <0.000142>
227   09:13:22.442390 poll([{fd=7, events=POLLIN}], 1, 0) = 0 (Timeout) <0.000141>
227   09:13:22.464996 poll([{fd=7, events=POLLIN}], 1, 0) = 0 (Timeout) <0.000150>
227   09:13:22.488135 poll([{fd=7, events=POLLIN}], 1, 0) = 0 (Timeout) <0.000153>
227   09:13:22.510891 poll([{fd=7, events=POLLIN}], 1, 0) = 0 (Timeout) <0.000143>
227   09:13:22.534199 poll([{fd=7, events=POLLIN}], 1, 0) = 0 (Timeout) <0.000144>
227   09:13:22.556838 poll([{fd=7, events=POLLIN}], 1, 0) = 0 (Timeout) <0.000150>
227   09:13:22.579662 poll([{fd=7, events=POLLIN}], 1, 0) = 0 (Timeout) <0.000149>
227   09:13:22.605556 poll([{fd=7, events=POLLIN}], 1, 0) = 0 (Timeout) <0.000402>
227   09:13:23.467520 poll([{fd=7, events=POLLIN}], 1, 0) = 0 (Timeout) <0.000145>
227   09:13:23.489949 poll([{fd=7, events=POLLIN}], 1, 0) = 0 (Timeout) <0.000154>
227   09:13:23.550380 poll([{fd=7, events=POLLIN}], 1, 0) = 0 (Timeout) <0.000152>
227   09:13:23.572886 poll([{fd=7, events=POLLIN}], 1, 0) = 0 (Timeout) <0.000144>
227   09:13:23.595173 poll([{fd=7, events=POLLIN}], 1, 0) = 0 (Timeout) <0.000146>
227   09:13:23.617535 poll([{fd=7, events=POLLIN}], 1, 0) = 0 (Timeout) <0.000144>
227   09:13:23.640146 poll([{fd=7, events=POLLIN}], 1, 0) = 0 (Timeout) <0.000145>
227   09:13:23.662842 poll([{fd=7, events=POLLIN}], 1, 0) = 0 (Timeout) <0.000144>
227   09:13:23.686085 poll([{fd=7, events=POLLIN}], 1, 0) = 0 (Timeout) <0.000150>
227   09:13:23.708749 poll([{fd=7, events=POLLIN}], 1, 0) = 0 (Timeout) <0.000146>
227   09:13:23.731306 poll([{fd=7, events=POLLIN}], 1, 0) = 0 (Timeout) <0.000147>
227   09:13:23.753910 poll([{fd=7, events=POLLIN}], 1, 0) = 0 (Timeout) <0.000146>
227   09:13:23.808595 poll([{fd=7, events=POLLIN}], 1, 0) = 0 (Timeout) <0.000145>
227   09:13:23.831337 poll([{fd=7, events=POLLIN}], 1, 0) = 0 (Timeout) <0.000145>
227   09:13:23.854137 poll([{fd=7, events=POLLIN}], 1, 0) = 0 (Timeout) <0.000139>
227   09:13:23.876523 poll([{fd=7, events=POLLIN}], 1, 0) = 0 (Timeout) <0.000150>
227   09:13:23.898938 poll([{fd=7, events=POLLIN}], 1, 0) = 0 (Timeout) <0.000148>
227   09:13:23.921367 poll([{fd=7, events=POLLIN}], 1, 0) = 0 (Timeout) <0.000149>
227   09:13:23.944104 poll([{fd=7, events=POLLIN}], 1, 0) = 0 (Timeout) <0.000150>
227   09:13:23.966686 poll([{fd=7, events=POLLIN}], 1, 0) = 0 (Timeout) <0.000148>
227   09:13:23.989900 poll([{fd=7, events=POLLIN}], 1, 0) = 0 (Timeout) <0.000232>
227   09:13:24.852589 poll([{fd=7, events=POLLIN}], 1, 0) = 0 (Timeout) <0.000150>
227   09:13:24.875477 poll([{fd=7, events=POLLIN}], 1, 0) = 0 (Timeout) <0.000151>
227   09:13:24.935747 poll([{fd=7, events=POLLIN}], 1, 0) = 0 (Timeout) <0.000234>
227   09:13:24.958228 poll([{fd=7, events=POLLIN}], 1, 0) = 0 (Timeout) <0.000259>
227   09:13:24.980691 poll([{fd=7, events=POLLIN}], 1, 0) = 0 (Timeout) <0.000152>
227   09:13:25.006002 poll([{fd=7, events=POLLIN}], 1, 0) = 0 (Timeout) <0.000149>
227   09:13:25.028440 poll([{fd=7, events=POLLIN}], 1, 0) = 0 (Timeout) <0.000142>
227   09:13:25.050857 poll([{fd=7, events=POLLIN}], 1, 0) = 0 (Timeout) <0.000149>
227   09:13:25.073311 poll([{fd=7, events=POLLIN}], 1, 0) = 0 (Timeout) <0.000145>
227   09:13:25.095823 poll([{fd=7, events=POLLIN}], 1, 0) = 0 (Timeout) <0.000143>
227   09:13:25.119226 poll([{fd=7, events=POLLIN}], 1, 0) = 0 (Timeout) <0.000147>
227   09:13:25.141683 poll([{fd=7, events=POLLIN}], 1, 0) = 0 (Timeout) <0.000146>
227   09:13:25.164575 poll([{fd=7, events=POLLIN}], 1, 0) = 0 (Timeout) <0.000148>
227   09:13:25.218955 poll([{fd=7, events=POLLIN}], 1, 0) = 0 (Timeout) <0.000145>
227   09:13:25.241043 poll([{fd=7, events=POLLIN}], 1, 0) = 0 (Timeout) <0.000212>
311   09:13:25.255346 write(2, "ssl state=SSLv3 read finished A "..., 35) = 35 <0.000204>
312   09:13:25.262992 write(10, "\0\3\4\305\0\3\26\3\3\0033\v\0\3/\0\3,\0\3)0\202\3%0\202\2\r\2\2v"..., 1225) = 1225 <0.000754>
227   09:13:25.270625 poll([{fd=7, events=POLLIN}], 1, 0) = 0 (Timeout) <0.000157>
311   09:13:25.277563 write(2, "readBytes:548\n", 14) = 14 <0.003444>
311   09:13:25.290568 write(2, "\n", 1) = 1 <0.000196>
311   09:13:25.297658 read(4, "q", 16)  = 1 <0.000259>
227   09:13:25.304653 poll([{fd=7, events=POLLIN}], 1, 0) = 0 (Timeout) <0.000342>
311   09:13:26.138202 read(10, "\0\3\0005", 4) = 4 <0.000151>
311   09:13:26.188887 read(10, "\0\3\24\3\3\0\1\1\26\3\3\0(\0\0\0\0\0\0\0\0006Y\231l\204\252~\324\21\366\366"..., 53) = 53 <0.000175>
311   09:13:26.198984 write(2, "ssl state=SSL negotiation finish"..., 50) = 50 <0.000210>
311   09:13:26.206690 write(2, "SSL version=TLSv1.2 Cipher name="..., 60 <unfinished ...>
227   09:13:26.210590 poll([{fd=7, events=POLLIN}], 1, 0 <unfinished ...>
311   09:13:26.214458 <... write resumed>) = 60 <0.003904>
227   09:13:26.218144 <... poll resumed>) = 0 (Timeout) <0.003762>
227   09:13:26.240705 poll([{fd=7, events=POLLIN}], 1, 0) = 0 (Timeout) <0.000148>
227   09:13:26.263418 poll([{fd=7, events=POLLIN}], 1, 0) = 0 (Timeout) <0.000142>
311   09:13:26.278839 write(2, "Verify returned: ok\n", 20) = 20 <0.000199>
227   09:13:26.285900 poll([{fd=7, events=POLLIN}], 1, 0) = 0 (Timeout) <0.000163>
312   09:13:26.292989 write(10, "\0\3\0\4\0\4\10\0", 8) = 8 <0.000598>
311   09:13:26.300492 write(2, "readBytes:548\n", 14) = 14 <0.000263>
311   09:13:26.307435 write(2, "\n", 1) = 1 <0.000333>
227   09:13:26.347428 poll([{fd=7, events=POLLIN}], 1, 0 <unfinished ...>
311   09:13:26.351261 read(4 <unfinished ...>
227   09:13:26.355478 <... poll resumed>) = 0 (Timeout) <0.004288>
311   09:13:26.358947 <... read resumed>, "q", 16) = 1 <0.003553>
311   09:13:26.376344 read(10, "\0\v\3h", 4) = 4 <0.000249>
227   09:13:26.383285 poll([{fd=7, events=POLLIN}], 1, 0) = 0 (Timeout) <0.000238>
311   09:13:26.390286 read(10, "\27\3\3\3c\0\0\0\0\0\0\0\1p\n\200\213\17%\300\273\2471\334\222\30\245\273V\314\2632"..., 872) = 872 <0.000151>
311   09:13:26.398105 write(2, "label:Android deviceName: Google"..., 45) = 45 <0.000186>
227   09:13:26.407291 poll([{fd=7, events=POLLIN}], 1, 0 <unfinished ...>
312   09:13:26.410925 write(10, "\0\v\1{\27\3\3\1v\3562\20\337\366\333r\377Y\30\373R\231\231T5y$[\22\313Pt"..., 383 <unfinished ...>
227   09:13:26.415383 <... poll resumed>) = 0 (Timeout) <0.004591>
312   09:13:26.418862 <... write resumed>) = 383 <0.004150>
227   09:13:26.437556 poll([{fd=7, events=POLLIN}], 1, 0 <unfinished ...>
311   09:13:27.271148 read(10 <unfinished ...>
227   09:13:27.274606 <... poll resumed>) = 0 (Timeout) <0.003791>
311   09:13:27.297065 <... read resumed>, "\0\v\0!", 4) = 4 <0.022516>
311   09:13:27.301518 read(10, "\27\3\3\0\34\0\0\0\0\0\0\0\2\251\200\276G\375L4\20:\251%U\n\35F\1Ww&"..., 33) = 33 <0.000249>
227   09:13:27.344302 poll([{fd=7, events=POLLIN}], 1, 0) = 0 (Timeout) <0.000241>
312   09:13:27.352157 write(10, "\0\v\0#\27\3\3\0\36\3562\20\337\366\333s\0\v\3055\311I\3179\206\213R\274\231vw\245"..., 39 <unfinished ...>
311   09:13:27.356248 write(2, "#audio stream release\n", 22 <unfinished ...>
312   09:13:27.359806 <... write resumed>) = 39 <0.004127>
311   09:13:27.363174 <... write resumed>) = 22 <0.003564>
311   09:13:27.366787 read(10, "\1\17\0#", 4) = 4 <0.000154>
227   09:13:27.373891 poll([{fd=7, events=POLLIN}], 1, 0) = 0 (Timeout) <0.000241>
311   09:13:27.380893 read(10, "\27\3\3\0\36\0\0\0\0\0\0\0\3X\3\"\370\363\376\362\275K\225\226\5\367\253\270A\33+\344"..., 35) = 35 <0.000254>
312   09:13:27.401295 write(10, "\1\17\0!\27\3\3\0\34\3562\20\337\366\333s\1\31N\263\2554\257\314quN\371\250\276~\277"..., 37) = 37 <0.001162>
311   09:13:27.410227 read(10, "\2\17\0#", 4) = 4 <0.000590>
227   09:13:27.418021 poll([{fd=7, events=POLLIN}], 1, 0) = 0 (Timeout) <0.000280>
311   09:13:27.426012 read(10, "\27\3\3\0\36\0\0\0\0\0\0\0\4\310\10\6\376B\245\r\2458k\327\21\250\312x\274\235\236\315"..., 35) = 35 <0.000331>
227   09:13:27.466132 poll([{fd=7, events=POLLIN}], 1, 0 <unfinished ...>
312   09:13:27.470165 write(10, "\2\17\0!\27\3\3\0\34\3562\20\337\366\333s\2q\264\241;\177\267p\2506\326\307FA\376b"..., 37 <unfinished ...>
227   09:13:27.474596 <... poll resumed>) = 0 (Timeout) <0.004896>
312   09:13:27.478072 <... write resumed>) = 37 <0.004521>
311   09:13:27.482445 read(10, "\3\17\0#", 4) = 4 <0.000148>
311   09:13:27.489389 read(10, "\27\3\3\0\36\0\0\0\0\0\0\0\5D\236\226\301\360\212[W\10\36\2245\254p\34\226\253\177\3"..., 35) = 35 <0.000154>
312   09:13:27.497422 write(10, "\3\17\0!\27\3\3\0\34\3562\20\337\366\333s\3\366Q|\362\307\254\365\341Qe\366\257\35\20!"..., 37) = 37 <0.000833>
227   09:13:27.505828 poll([{fd=7, events=POLLIN}], 1, 0 <unfinished ...>
311   09:13:27.509444 read(10 <unfinished ...>
227   09:13:27.512804 <... poll resumed>) = 0 (Timeout) <0.003568>
311   09:13:27.516222 <... read resumed>, "\4\17\0#", 4) = 4 <0.003539>
311   09:13:27.519955 read(10, "\27\3\3\0\36\0\0\0\0\0\0\0\6\365\2134Z\2664= \"\20\r\206\342\355\177b\317?\306"..., 35) = 35 <0.000144>
312   09:13:27.527692 write(10, "\4\17\0!\27\3\3\0\34\3562\20\337\366\333s\4K\224\277\262\34Xn\257\374\17\347\273\265qD"..., 37) = 37 <0.000323>
311   09:13:28.381564 read(10 <unfinished ...>
227   09:13:28.385029 poll([{fd=7, events=POLLIN}], 1, 0 <unfinished ...>
311   09:13:28.388617 <... read resumed>, "\5\17\0#", 4) = 4 <0.003638>
227   09:13:28.428988 <... poll resumed>) = 0 (Timeout) <0.040507>
311   09:13:28.434860 read(10, "\27\3\3\0\36\0\0\0\0\0\0\0\7\246\3117o\356XT\306Z\250TX*6\201\214\200\302F"..., 35) = 35 <0.000170>
312   09:13:28.442888 write(10, "\5\17\0!\27\3\3\0\34\3562\20\337\366\333s\5f\203b~\212\267\361\337J\257tZu\322\6"..., 37) = 37 <0.000746>
311   09:13:28.451202 read(10 <unfinished ...>
227   09:13:28.454633 poll([{fd=7, events=POLLIN}], 1, 0 <unfinished ...>
311   09:13:28.459145 <... read resumed>, "\6\17\0#", 4) = 4 <0.004544>
227   09:13:28.462825 <... poll resumed>) = 0 (Timeout) <0.003760>
311   09:13:28.466672 read(10, "\27\3\3\0\36\0\0\0\0\0\0\0\10\306l*\\\0276\277\310\267>\375\237]M\331`\3045\326"..., 35) = 35 <0.000180>
312   09:13:28.474832 write(10, "\6\17\0!\27\3\3\0\34\3562\20\337\366\333s\6\22\231\33\306\273M\26\342\212t&Q\357\261\""..., 37) = 37 <0.000806>
311   09:13:28.483142 read(10 <unfinished ...>
227   09:13:28.487084 poll([{fd=7, events=POLLIN}], 1, 0 <unfinished ...>
311   09:13:28.490897 <... read resumed>, "\7\17\0#", 4) = 4 <0.003850>
227   09:13:28.494687 <... poll resumed>) = 0 (Timeout) <0.003876>
311   09:13:28.498785 read(10, "\27\3\3\0\36\0\0\0\0\0\0\0\t\2476<..\324\301x\236S\323\34U\330\31Q\316\260\23"..., 35) = 35 <0.000156>
312   09:13:28.506603 write(10, "\7\17\0!\27\3\3\0\34\3562\20\337\366\333s\7}R\225\200y\337<!\354\2241\277\316\2413"..., 37) = 37 <0.000752>
311   09:13:28.547886 read(10 <unfinished ...>
227   09:13:28.551345 poll([{fd=7, events=POLLIN}], 1, 0 <unfinished ...>
311   09:13:28.555672 <... read resumed>, "\10\17\0#", 4) = 4 <0.004357>
227   09:13:28.559125 <... poll resumed>) = 0 (Timeout) <0.003622>
311   09:13:28.562655 read(10, "\27\3\3\0\36\0\0\0\0\0\0\0\n\7\301!ky\262!\220\303zb\251\241+\36\211\220\210\34"..., 35) = 35 <0.000150>
312   09:13:28.571533 write(10, "\10\17\0!\27\3\3\0\34\3562\20\337\366\333s\10n;\203\210\264\203H$\261\216\355\17\271-n"..., 37) = 37 <0.000695>
311   09:13:28.579088 read(10, "\t\17\0#", 4) = 4 <0.000230>
227   09:13:28.590616 poll([{fd=7, events=POLLIN}], 1, 0) = 0 (Timeout) <0.000269>
311   09:13:28.597870 read(10, "\27\3\3\0\36\0\0\0\0\0\0\0\v\247\304\2452\377n\6?@21\305VfOi)n\17"..., 35) = 35 <0.000296>
312   09:13:28.606201 write(10, "\t\17\0!\27\3\3\0\34\3562\20\337\366\333s\t+\223|\375\257\303oz\357'\354\353\340p\232"..., 37) = 37 <0.000317>
311   09:13:28.614166 read(10, "\1\v\0!", 4) = 4 <0.000250>
227   09:13:29.454348 poll([{fd=7, events=POLLIN}], 1, 0) = 0 (Timeout) <0.000334>
311   09:13:29.461321 read(10, "\27\3\3\0\34\0\0\0\0\0\0\0\f\271[\216\375\347\235\262{\301\304c\177\251Yotx\372\250"..., 33) = 33 <0.000216>
311   09:13:29.505363 write(1, "VideoSinkCallbacks::setupCallbac"..., 38 <unfinished ...>
227   09:13:29.508975 poll([{fd=7, events=POLLIN}], 1, 0 <unfinished ...>
311   09:13:29.512810 <... write resumed>) = 38 <0.003875>
227   09:13:29.516466 <... poll resumed>) = 0 (Timeout) <0.003736>
312   09:13:29.520811 write(10, "\1\v\0)\27\3\3\0$\3562\20\337\366\333s\nE\2G\344\254\261\33\364M\365I\25\20\333n"..., 45) = 45 <0.000704>
312   09:13:29.528632 write(10, "\1\v\0#\27\3\3\0\36\3562\20\337\366\333s\v&\17\326k{\203\232\rm\374\0.\356(\303"..., 39 <unfinished ...>
311   09:13:29.532107 read(10 <unfinished ...>
312   09:13:29.535524 <... write resumed>) = 39 <0.003570>
311   09:13:29.538952 <... read resumed>, "\2\v\0c", 4) = 4 <0.003585>
227   09:13:29.543386 poll([{fd=7, events=POLLIN}], 1, 0 <unfinished ...>
311   09:13:29.547008 read(10 <unfinished ...>
227   09:13:29.550523 <... poll resumed>) = 0 (Timeout) <0.003645>
311   09:13:29.554043 <... read resumed>, "\27\3\3\0^\0\0\0\0\0\0\0\r-\202\337(\204\r&\231-\22\370O\206<7\34\344\370\252"..., 99) = 99 <0.003559>
312   09:13:29.559130 write(10, "\2\v\0!\27\3\3\0\34\3562\20\337\366\333s\f\375\1\310\343Ol\327\25\372\4\374\350\263\225V"..., 37) = 37 <0.000329>
311   09:13:29.566282 read(10, "\4\v\0!", 4) = 4 <0.000145>
311   09:13:29.573332 read(10, "\27\3\3\0\34\0\0\0\0\0\0\0\16Dj\230^8\225\207@M\323\376\317)\334L\310\242l\272"..., 33) = 33 <0.000167>
227   09:13:29.582166 poll([{fd=7, events=POLLIN}], 1, 0) = 0 (Timeout) <0.000617>
312   09:13:29.621297 write(10, "\4\v\0&\27\3\3\0!\3562\20\337\366\333s\r\263\213\272Bw\37\233\377,\213\255\224\227d\320"..., 42) = 42 <0.000734>
311   09:13:29.628829 read(10, "\5\v\0!", 4) = 4 <0.000159>
227   09:13:29.645812 poll([{fd=7, events=POLLIN}], 1, 0 <unfinished ...>
311   09:13:29.649763 read(10 <unfinished ...>
227   09:13:29.653444 <... poll resumed>) = 0 (Timeout) <0.003894>
311   09:13:29.657554 <... read resumed>, "\27\3\3\0\34\0\0\0\0\0\0\0\17\203\27e\177\345$\265v\27\244F\335ou\341\370\361\rd"..., 33) = 33 <0.004152>
312   09:13:29.662492 write(10, "\5\v\0&\27\3\3\0!\3562\20\337\366\333s\16u\2C\262S\335\271\245\250?\311y\304l\311"..., 42) = 42 <0.000368>
311   09:13:29.670205 read(10, "\6\v\0!", 4) = 4 <0.000166>
227   09:13:29.678471 poll([{fd=7, events=POLLIN}], 1, 0 <unfinished ...>
311   09:13:29.682980 read(10 <unfinished ...>
227   09:13:29.686564 <... poll resumed>) = 0 (Timeout) <0.003801>
311   09:13:29.690268 <... read resumed>, "\27\3\3\0\34\0\0\0\0\0\0\0\20\246\241Gc\246\350G\212[ \2252\357\267s\340\313=e"..., 33) = 33 <0.003745>
312   09:13:29.695001 write(10, "\6\v\0&\27\3\3\0!\3562\20\337\366\333s\17\211\276\263\300\253\363-\10\205f\346\257i-Q"..., 42) = 42 <0.000854>
227   09:13:30.539286 poll([{fd=7, events=POLLIN}], 1, 0 <unfinished ...>
311   09:13:30.542998 read(10 <unfinished ...>
227   09:13:30.583617 <... poll resumed>) = 0 (Timeout) <0.040708>
311   09:13:30.587132 <... read resumed>, "\7\v\0#", 4) = 4 <0.003595>
311   09:13:30.590900 read(10, "\27\3\3\0\36\0\0\0\0\0\0\0\21\302az\177\303\344\361+\16\t8\5W\16r\323Y\275\311"..., 35) = 35 <0.000140>
312   09:13:30.598902 write(10, "\7\v\0!\27\3\3\0\34\3562\20\337\366\333s\20\354\24\274\205\324W\2 \274\27\24+E\376\354"..., 37) = 37 <0.000697>
312   09:13:30.606659 write(10, "\7\v\0#\27\3\3\0\36\3562\20\337\366\333s\21\220\265\243L\345\213\256\222\277\206\255\6\357q\332"..., 39 <unfinished ...>
311   09:13:30.611066 read(10 <unfinished ...>
312   09:13:30.614582 <... write resumed>) = 39 <0.004120>
311   09:13:30.618060 <... read resumed>, "\0\v\0*", 4) = 4 <0.003723>
227   09:13:30.621513 poll([{fd=7, events=POLLIN}], 1, 0) = 0 (Timeout) <0.000302>
311   09:13:30.628487 read(10, "\27\3\3\0%\0\0\0\0\0\0\0\22\35\24\2704(\324k\341u\375\254\333}\232\5\273\257\326\242"..., 42) = 42 <0.000154>
312   09:13:30.637029 write(10, "\0\v\0(\27\3\3\0#\3562\20\337\366\333s\22\250Bu\31pm\374[A,L\312\222\251P"..., 44) = 44 <0.000280>
311   09:13:30.644477 read(10, "\1\v\0#", 4) = 4 <0.000612>
227   09:13:30.651769 poll([{fd=7, events=POLLIN}], 1, 0 <unfinished ...>
312   09:13:30.655350 write(10, "\7\v\0#\27\3\3\0\36\3562\20\337\366\333s\0231G\360\300\260o\336j\335Q\211\7\306K\361"..., 39 <unfinished ...>
227   09:13:30.659101 <... poll resumed>) = 0 (Timeout) <0.003902>
312   09:13:30.662497 <... write resumed>) = 39 <0.003688>
311   09:13:30.699238 read(10, "\27\3\3\0\36\0\0\0\0\0\0\0\23\3531aW\232#Z\23/\26\6\336\375u \216\265C:"..., 35) = 35 <0.000169>
311   09:13:30.706979 write(2, "Source video config index is 0 w"..., 44) = 44 <0.000205>
311   09:13:30.714425 write(2, "\n", 1) = 1 <0.000267>
227   09:13:30.721571 poll([{fd=7, events=POLLIN}], 1, 0 <unfinished ...>
311   09:13:30.725483 write(1, "VideoSinkCallbacks::playbackStar"..., 57 <unfinished ...>
227   09:13:30.730359 <... poll resumed>) = 0 (Timeout) <0.004950>
311   09:13:30.734149 <... write resumed>) = 57 <0.003864>
311   09:13:30.738104 write(1, "VideoDecoder::SetVideoResolution"..., 49) = 49 <0.000212>
311   09:13:30.745650 write(1, "VideoDecoder::open:116\n", 23) = 23 <0.000194>
311   09:13:30.752919 ioctl(21, _IOC(_IOC_READ|_IOC_WRITE, 0x6b, 0x1, 0x4), 0x85dc4) = 0 <0.004268>
227   09:13:30.764357 poll([{fd=7, events=POLLIN}], 1, 0) = 0 (Timeout) <0.000411>
311   09:13:31.610979 write(1, "VideoDecoder::open:125 m_backcar"..., 35) = 35 <0.000182>
311   09:13:31.617942 write(1, "VideoDecoder::video_init:337 fb_"..., 53) = 53 <0.000191>
227   09:13:31.662331 poll([{fd=7, events=POLLIN}], 1, 0) = 0 (Timeout) <0.000233>
311   09:13:31.669185 write(1, "video_init:350, 800, 480, 800, 4"..., 35) = 35 <0.000246>
311   09:13:31.676109 write(1, "#video_init:351, 0, 0, 0, 0\n", 28) = 28 <0.000181>
311   09:13:31.682838 ioctl(22, _IOC(_IOC_READ, 0x4f, 0x39, 0x4), 0xb18f8b0c) = 0 <0.000125>
311   09:13:31.690210 ioctl(22, _IOC(_IOC_NONE, 0x4f, 0x2c, 0), 0) = 0 <0.000233>
227   09:13:31.696856 poll([{fd=7, events=POLLIN}], 1, 0) = 0 (Timeout) <0.000191>
311   09:13:31.703737 ioctl(22, _IOC(_IOC_WRITE, 0x4f, 0x27, 0x3c), 0xb18f8b88) = 0 <0.000189>
311   09:13:31.710681 write(1, "VideoDecoder::open:140\n", 23) = 23 <0.000246>
311   09:13:31.717763 write(1, "ArkDbus::onLinkStatusChange:175 "..., 43) = 43 <0.000188>
311   09:13:31.725015 writev(7, [{iov_base="l\4\1\1\10\0\0\0=\0\0\0h\0\0\0\1\1o\0\22\0\0\0/com/ark"..., iov_len=120}, {iov_base="\v\0\0\0\4\0\0\0", iov_len=8}], 2) = 128 <0.005046>
311   09:13:31.779219 write(1, "Signal Sent\n", 12 <unfinished ...>
227   09:13:31.782909 poll([{fd=7, events=POLLIN}], 1, 0 <unfinished ...>
311   09:13:31.786737 <... write resumed>) = 12 <0.003863>
227   09:13:31.790525 <... poll resumed>) = 1 ([{fd=7, revents=POLLIN}]) <0.003861>
311   09:13:31.794420 write(1, "VideoSinkCallbacks::playbackStar"..., 46 <unfinished ...>
227   09:13:31.798158 read(7 <unfinished ...>
311   09:13:31.801958 <... write resumed>) = 46 <0.003878>
227   09:13:31.806068 <... read resumed>, "l\1\0\1\10\0\0\0M\0\0\0\225\0\0\0\1\1o\0\22\0\0\0/com/ark"..., 2048) = 176 <0.004181>
227   09:13:31.810346 read(7 <unfinished ...>
311   09:13:31.814074 read(10 <unfinished ...>
227   09:13:31.817804 <... read resumed>, 0xb4b01e28, 2048) = -1 EAGAIN (Resource temporarily unavailable) <0.003851>
311   09:13:31.821571 <... read resumed>, "\0\v\0*", 4) = 4 <0.003895>
227   09:13:31.825489 write(1, "ArkDbus::reply_to_requestLinkSta"..., 66) = 66 <0.000392>
311   09:13:31.833314 read(10 <unfinished ...>
227   09:13:31.837410 writev(7, [{iov_base="l\2\1\1\4\0\0\0>\0\0\0\37\0\0\0\6\1s\0\4\0\0\0:1.0\0\0\0\0"..., iov_len=48}, {iov_base="\1\0\0\0", iov_len=4}], 2 <unfinished ...>
311   09:13:31.841287 <... read resumed>, "\27\3\3\0%\0\0\0\0\0\0\0\24\f\0177\212\252#u90+\35764a,q\24-\356"..., 42) = 42 <0.003946>
227   09:13:31.845680 <... writev resumed>) = 52 <0.004470>
305   09:13:32.694326 read(8 <unfinished ...>
227   09:13:32.697601 write(1, "ArkDbus::run 468\n", 17 <unfinished ...>
305   09:13:32.701522 <... read resumed>, "", 4) = 0 <0.003956>
227   09:13:32.704981 <... write resumed>) = 17 <0.003742>
227   09:13:32.746012 poll([{fd=7, events=POLLIN}], 1, 0) = 0 (Timeout) <0.000293>
305   09:13:32.753442 read(8 <unfinished ...>
312   09:13:32.757022 write(10, "\0\v\0(\27\3\3\0#\3562\20\337\366\333s\24\330\307\267\37z\207\272\303%\250\204\227\267\235\330"..., 44 <unfinished ...>
305   09:13:32.760995 <... read resumed>, "", 4) = 0 <0.004172>
312   09:13:32.765052 <... write resumed>) = 44 <0.004720>
311   09:13:32.768623 read(10, "\0\v\0!", 4) = 4 <0.000266>
305   09:13:32.775484 read(8, "", 4)    = 0 <0.000316>
227   09:13:32.781976 poll([{fd=7, events=POLLIN}], 1, 0) = 0 (Timeout) <0.000289>
311   09:13:32.788913 read(10, "\27\3\3\0\34\0\0\0\0\0\0\0\25Q\337\313\302\7Q`$F\307~!\373\264\353y{\177\310"..., 33) = 33 <0.000268>
305   09:13:32.796305 read(8, "", 4)    = 0 <0.000289>
305   09:13:32.803562 write(1, "Rfcomm Read timeout!!!\n", 23 <unfinished ...>
312   09:13:32.807855 write(10, "\0\v\0#\27\3\3\0\36\3562\20\337\366\333s\25\306*&\351@\363\306\274A\322\210:1\310\326"..., 39 <unfinished ...>
305   09:13:32.811867 <... write resumed>) = 23 <0.004210>
312   09:13:32.816051 <... write resumed>) = 39 <0.004821>
227   09:13:32.819578 poll([{fd=7, events=POLLIN}], 1, 0) = 0 (Timeout) <0.000374>
311   09:13:32.859529 write(1, "ArkDbus::onLinkStatusChange:175 "..., 44 <unfinished ...>
305   09:13:32.862967 write(2, "Read header failed\n", 19 <unfinished ...>
311   09:13:32.866866 <... write resumed>) = 44 <0.004049>
305   09:13:32.870255 <... write resumed>) = 19 <0.003641>
305   09:13:32.873841 write(2, "run:161 stop\n", 13) = 13 <0.000555>
311   09:13:32.881122 writev(7, [{iov_base="l\4\1\1\10\0\0\0?\0\0\0h\0\0\0\1\1o\0\22\0\0\0/com/ark"..., iov_len=120}, {iov_base="\v\0\0\0\17\0\0\0", iov_len=8}], 2) = 128 <0.005467>
311   09:13:32.896611 write(1, "Signal Sent\n", 12 <unfinished ...>
227   09:13:32.900157 poll([{fd=7, events=POLLIN}], 1, 0 <unfinished ...>
311   09:13:32.904474 <... write resumed>) = 12 <0.004365>
227   09:13:32.908416 <... poll resumed>) = 1 ([{fd=7, revents=POLLIN}]) <0.004033>
311   09:13:32.912443 write(2, "Granted audio focus\n", 20 <unfinished ...>
305   09:13:32.916442 +++ exited with 0 +++
311   09:13:32.920357 <... write resumed>) = 20 <0.003967>
227   09:13:32.923950 read(7, "l\1\0\1\10\0\0\0N\0\0\0\225\0\0\0\1\1o\0\22\0\0\0/com/ark"..., 2048) = 176 <0.000319>
311   09:13:34.636115 read(10 <unfinished ...>
227   09:13:34.639627 read(7 <unfinished ...>
311   09:13:34.643005 <... read resumed>, "\0\v\0!", 4) = 4 <0.003466>
227   09:13:34.683807 <... read resumed>, 0xb4b01e28, 2048) = -1 EAGAIN (Resource temporarily unavailable) <0.040940>
227   09:13:34.687440 write(1, "ArkDbus::reply_to_requestLinkSta"..., 66) = 66 <0.000251>
311   09:13:34.694731 read(10 <unfinished ...>
227   09:13:34.698178 writev(7, [{iov_base="l\2\1\1\4\0\0\0@\0\0\0\37\0\0\0\6\1s\0\4\0\0\0:1.0\0\0\0\0"..., iov_len=48}, {iov_base="\1\0\0\0", iov_len=4}], 2 <unfinished ...>
311   09:13:34.712208 <... read resumed>, "\27\3\3\0\34\0\0\0\0\0\0\0\26\273\304\2'\313\302\373\273\275\244\24\242]\305t\234|A\211"..., 33) = 33 <0.014156>
227   09:13:34.716255 <... writev resumed>) = 52 <0.005780>
227   09:13:34.719884 write(1, "ArkDbus::run 468\n", 17) = 17 <0.000658>
312   09:13:34.727247 write(10, "\0\v\0#\27\3\3\0\36\3562\20\337\366\333s\26\256\356\33\375\nG/\226:=\237\207C@\241"..., 39 <unfinished ...>
311   09:13:34.731586 write(2, "Granted audio focus\n", 20 <unfinished ...>
227   09:13:34.735187 poll([{fd=7, events=POLLIN}], 1, 0 <unfinished ...>
312   09:13:34.738726 <... write resumed>) = 39 <0.007695>
311   09:13:34.742061 <... write resumed>) = 20 <0.007037>
227   09:13:34.745556 <... poll resumed>) = 0 (Timeout) <0.006977>
311   09:13:34.749225 read(10, "\1\v\0;", 4) = 4 <0.000144>
311   09:13:34.756253 read(10, "\27\3\3\0006\0\0\0\0\0\0\0\27U\206\217=\314\27\270\232\16(\236\337\4M\261\225\323\230v"..., 59) = 59 <0.000155>
311   09:13:34.764479 write(1, "VideoSinkCallbacks::codecConfigC"..., 44) = 44 <0.000262>
227   09:13:34.771255 poll([{fd=7, events=POLLIN}], 1, 0 <unfinished ...>
311   09:13:34.806646 write(2, "Configuring codec\n", 18 <unfinished ...>
227   09:13:34.810166 <... poll resumed>) = 0 (Timeout) <0.003667>
311   09:13:34.813621 <... write resumed>) = 18 <0.003669>
311   09:13:34.820100 write(1, "**********VideoDecoder::play:166"..., 43) = 43 <0.000182>
311   09:13:34.827841 ioctl(25, _IOC(_IOC_READ, 0x6b, 0x3, 0x4), 0xb18f8b38) = 0 <0.000114>
311   09:13:34.834449 ioctl(25, SPI_IOC_RD_MAX_SPEED_HZ, 0xb18f8b3c) = 0 <0.000126>
227   09:13:34.841693 poll([{fd=7, events=POLLIN}], 1, 0) = 0 (Timeout) <0.000194>
311   09:13:34.849786 ioctl(25, _IOC(_IOC_READ, 0x6b, 0x3, 0x4), 0xb18f8adc) = 0 <0.000114>
311   09:13:34.856307 ioctl(25, SPI_IOC_RD_MAX_SPEED_HZ, 0xb18f8ae0) = 0 <0.000112>
311   09:13:34.863278 ioctl(27, _IOC(_IOC_READ, 0x6b, 0x3, 0x4), 0xb18f8ac0) = 0 <0.000126>
311   09:13:34.872006 ioctl(27, SPI_IOC_RD_MAX_SPEED_HZ, 0xb18f8ac4 <unfinished ...>
227   09:13:35.713590 poll([{fd=7, events=POLLIN}], 1, 0 <unfinished ...>
311   09:13:35.717263 <... ioctl resumed>) = 0 <0.003713>
227   09:13:35.720883 <... poll resumed>) = 0 (Timeout) <0.003766>
312   09:13:35.761573 write(10, "\7\v\0#\27\3\3\0\36\3562\20\337\366\333s\27\307\379\3050qZ'\353[#\353_@["..., 39) = 39 <0.000858>
311   09:13:35.770387 ioctl(27, _IOC(_IOC_READ, 0x6b, 0x3, 0x4), 0xb18f8ac0) = 0 <0.000116>
311   09:13:35.777085 ioctl(27, SPI_IOC_RD_MAX_SPEED_HZ, 0xb18f8ac4) = 0 <0.000195>
227   09:13:35.783764 poll([{fd=7, events=POLLIN}], 1, 0) = 0 (Timeout) <0.000259>
311   09:13:35.791639 ioctl(27, _IOC(_IOC_READ, 0x6b, 0x3, 0x4), 0xb18f8aa8) = 0 <0.000119>
311   09:13:35.798310 ioctl(27, SPI_IOC_RD_MAX_SPEED_HZ, 0xb18f8aac) = 0 <0.000117>
227   09:13:35.806139 poll([{fd=7, events=POLLIN}], 1, 0) = 0 (Timeout) <0.000204>
311   09:13:35.813781 ioctl(26, _IOC(_IOC_READ, 0x6b, 0x3, 0x4), 0xb18f8aac) = 0 <0.000114>
311   09:13:35.820376 ioctl(26, SPI_IOC_RD_MAX_SPEED_HZ, 0xb4987fcc) = 0 <0.000125>
311   09:13:35.828580 write(1, "VideoSinkCallbacks::codecConfigC"..., 44) = 44 <0.000262>
227   09:13:35.835524 poll([{fd=7, events=POLLIN}], 1, 0) = 0 (Timeout) <0.000283>
311   09:13:35.874267 read(10, "\1\v\6\23", 4) = 4 <0.000148>
311   09:13:35.881196 read(10, "\27\3\3\6\16\0\0\0\0\0\0\0\30\211\363\331\237\301(a\177\\B\356N\274\337\215\255\310\1y"..., 1555) = 1555 <0.000163>
227   09:13:35.889880 poll([{fd=7, events=POLLIN}], 1, 0) = 0 (Timeout) <0.000289>
311   09:13:35.897292 read(10 <unfinished ...>
306   09:13:35.900725 ioctl(24, _IOC(_IOC_READ|_IOC_WRITE, 0x6b, 0x1, 0x4), 0xb38fcc30 <unfinished ...>
311   09:13:35.906873 <... read resumed>, "\1\v\4\200", 4) = 4 <0.006252>
306   09:13:35.910509 <... ioctl resumed>) = 0 <0.006373>
227   09:13:35.914649 poll([{fd=7, events=POLLIN}], 1, 0 <unfinished ...>
311   09:13:35.918253 read(10 <unfinished ...>
306   09:13:35.921723 ioctl(24, _IOC(_IOC_READ|_IOC_WRITE, 0x6b, 0x1, 0x4), 0xb38fcc30 <unfinished ...>
227   09:13:35.928019 <... poll resumed>) = 0 (Timeout) <0.009897>
311   09:13:35.932018 <... read resumed>, "\27\3\3\4{\0\0\0\0\0\0\0\31p\25[\367\264\331\1\230\234\2024\226%\227\372\343\275\275\375"..., 1152) = 1152 <0.010429>
306   09:13:35.936699 <... ioctl resumed>) = 0 <0.011631>
311   09:13:35.940801 read(10 <unfinished ...>
306   09:13:36.781380 ioctl(24, _IOC(_IOC_READ|_IOC_WRITE, 0x6b, 0x1, 0x4), 0xb38fcc30 <unfinished ...>
311   09:13:36.785201 <... read resumed>, "\1\v\1\21", 4) = 4 <0.003942>
306   09:13:36.790997 <... ioctl resumed>) = 0 <0.006340>
227   09:13:36.794353 poll([{fd=7, events=POLLIN}], 1, 0) = 0 (Timeout) <0.000349>
311   09:13:36.838015 read(10, "\27\3\3\1\f\0\0\0\0\0\0\0\32\326\36\234\213\1h=\354P{\3734\t\300\224\270sK#"..., 273) = 273 <0.000488>
306   09:13:36.845745 ioctl(24, _IOC(_IOC_READ|_IOC_WRITE, 0x6b, 0x1, 0x4), 0xb38fcc58) = 0 <0.001183>
311   09:13:36.853840 read(10, "\1\v\3:", 4) = 4 <0.000519>
306   09:13:36.861168 semop(557060, [{sem_num=0, sem_op=-1, sem_flg=SEM_UNDO}], 1) = 0 <0.000321>
227   09:13:36.868654 poll([{fd=7, events=POLLIN}], 1, 0) = 0 (Timeout) <0.000251>
311   09:13:36.875434 read(10, "\27\3\3\0035\0\0\0\0\0\0\0\33J\341H\366\351\2571\246[1\335\204\5\247\275\10\337\37\362"..., 826) = 826 <0.000680>
311   09:13:36.885339 read(10, "\0\v\0!", 4) = 4 <0.000570>
311   09:13:36.893207 read(10, "\27\3\3\0\34\0\0\0\0\0\0\0\34Z\356.\334uV\250#T\216\253\213s5Mj\204\341\222"..., 33) = 33 <0.000162>
311   09:13:36.900385 --- SIGIO {si_signo=SIGIO, si_code=SI_KERNEL} ---
227   09:13:36.903749 poll([{fd=7, events=POLLIN}], 1, 0) = 0 (Timeout) <0.000333>
306   09:13:36.911565 semop(557060, [{sem_num=0, sem_op=1, sem_flg=SEM_UNDO}], 1) = 0 <0.000594>
312   09:13:36.950732 write(10, "\0\v\0#\27\3\3\0\36\3562\20\337\366\333s\30\275\363\253\253\6\235\264\207\363\261\211\226^*\321"..., 39 <unfinished ...>
311   09:13:36.954778 write(2, "Granted audio focus\n", 20 <unfinished ...>
306   09:13:36.958279 ioctl(22, _IOC(_IOC_READ, 0x4f, 0x39, 0x4), 0xb38fcd04 <unfinished ...>
227   09:13:36.962005 poll([{fd=7, events=POLLIN}], 1, 0 <unfinished ...>
312   09:13:36.966215 <... write resumed>) = 39 <0.011997>
311   09:13:36.969579 <... write resumed>) = 20 <0.011460>
306   09:13:36.973081 <... ioctl resumed>) = 0 <0.011174>
227   09:13:36.976513 <... poll resumed>) = 0 (Timeout) <0.010452>
306   09:13:36.980131 ioctl(22, _IOC(_IOC_WRITE, 0x4f, 0x2a, 0x10), 0xb38fcd2c) = 0 <0.000246>
311   09:13:36.986912 read(10, "\0\v\0!", 4) = 4 <0.000204>
311   09:13:36.994608 read(10, "\27\3\3\0\34\0\0\0\0\0\0\0\35\36\363\25\324\322\216U\2\225\313\204\265\247\215\363\2529gb"..., 33) = 33 <0.000160>
227   09:13:37.002462 poll([{fd=7, events=POLLIN}], 1, 0 <unfinished ...>
312   09:13:37.006247 write(10, "\0\v\0#\27\3\3\0\36\3562\20\337\366\333s\31\2`\320\327\240\204\26\340A\301\255\33\2044O"..., 39 <unfinished ...>
311   09:13:37.010538 write(2, "Granted audio focus\n", 20 <unfinished ...>
227   09:13:37.851269 <... poll resumed>) = 0 (Timeout) <0.845161>
312   09:13:37.854771 <... write resumed>) = 39 <0.844874>
311   09:13:37.858653 <... write resumed>) = 20 <0.007429>
306   09:13:37.899677 ioctl(22, _IOC(_IOC_READ, 0x4f, 0x39, 0x4), 0xb38fcd04) = 0 <0.000349>
311   09:13:37.906605 read(10 <unfinished ...>
306   09:13:37.909946 ioctl(22, _IOC(_IOC_NONE, 0x4f, 0x2b, 0), 0 <unfinished ...>
311   09:13:37.913577 <... read resumed>, "\1\v\0\305", 4) = 4 <0.003741>
306   09:13:37.917162 <... ioctl resumed>) = 0 <0.003875>
227   09:13:37.921825 poll([{fd=7, events=POLLIN}], 1, 0 <unfinished ...>
312   09:13:37.925789 write(10, "\1\v\0#\27\3\3\0\36\3562\20\337\366\333s\32\16\305\r\307\2\377s\372*\27\357\314\4E\221"..., 39 <unfinished ...>
311   09:13:37.929767 read(10 <unfinished ...>
227   09:13:37.933319 <... poll resumed>) = 0 (Timeout) <0.007950>
312   09:13:37.937171 <... write resumed>) = 39 <0.007991>
311   09:13:37.940645 <... read resumed>, "\27\3\3\0\300\0\0\0\0\0\0\0\36\270\216R\306\0\35\257\225\201\0S\207\305\350\4o8L\27"..., 197) = 197 <0.007568>
311   09:13:37.945784 read(10 <unfinished ...>
306   09:13:37.949302 semop(557060, [{sem_num=0, sem_op=-1, sem_flg=SEM_UNDO}], 1 <unfinished ...>
313   09:13:37.953263 write(2, "LinuxController::pingTimerExpire"..., 73 <unfinished ...>
311   09:13:37.957745 <... read resumed>, "\7\v\0#", 4) = 4 <0.008561>
306   09:13:37.961441 <... semop resumed>) = 0 <0.008330>
313   09:13:37.965088 <... write resumed>) = 73 <0.007495>
313   09:13:37.969198 --- SIGIO {si_signo=SIGIO, si_code=SI_KERNEL} ---
227   09:13:37.972684 poll([{fd=7, events=POLLIN}], 1, 0 <unfinished ...>
311   09:13:37.976498 read(10 <unfinished ...>
227   09:13:38.012405 <... poll resumed>) = 0 (Timeout) <0.036175>
311   09:13:38.016176 <... read resumed>, "\27\3\3\0\36\0\0\0\0\0\0\0\37\275\30\221\314\313[\336\301\355\362\225\256\35!\273\240\4\27\313"..., 35) = 35 <0.003889>
311   09:13:38.020174 write(2, "Sending Framing Error notificati"..., 36 <unfinished ...>
306   09:13:38.023830 semop(557060, [{sem_num=0, sem_op=1, sem_flg=SEM_UNDO}], 1 <unfinished ...>
311   09:13:38.027747 <... write resumed>) = 36 <0.004036>
306   09:13:38.031502 <... semop resumed>) = 0 <0.004117>
306   09:13:38.035267 ioctl(22, _IOC(_IOC_READ, 0x4f, 0x39, 0x4), 0xb38fcd04) = 0 <0.000396>
311   09:13:38.042622 write(2, "Writer thread exiting.Encountere"..., 70 <unfinished ...>
306   09:13:38.046707 ioctl(22, _IOC(_IOC_READ, 0x4f, 0x36, 0x10), 0xb38fccf8 <unfinished ...>
227   09:13:38.050234 poll([{fd=7, events=POLLIN}], 1, 0 <unfinished ...>
311   09:13:38.053945 <... write resumed>) = 70 <0.007382>
306   09:13:38.057435 <... ioctl resumed>) = 0 <0.007302>
227   09:13:38.060894 <... poll resumed>) = 0 (Timeout) <0.007267>
313   09:13:38.064358 write(1, "ArkUtils::send_local_message:288"..., 47 <unfinished ...>
306   09:13:38.068065 ioctl(22, _IOC(_IOC_WRITE, 0x4f, 0x2a, 0x10), 0xb38fcd2c <unfinished ...>
313   09:13:38.071656 <... write resumed>) = 47 <0.003874>
306   09:13:38.075305 <... ioctl resumed>) = 0 <0.003858>
312   09:13:38.917500 write(2, "\n", 1) = 1 <0.000488>
227   09:13:38.924950 poll([{fd=7, events=POLLIN}], 1, 0) = 0 (Timeout) <0.000582>
313   09:13:38.970939 +++ exited with 0 +++
311   09:13:38.974521 write(1, "ArkUtils::send_local_message:288"..., 47 <unfinished ...>
306   09:13:38.978221 semop(557060, [{sem_num=0, sem_op=-1, sem_flg=SEM_UNDO}], 1 <unfinished ...>
311   09:13:38.981782 <... write resumed>) = 47 <0.003723>
306   09:13:38.985590 <... semop resumed>) = 0 <0.003995>
311   09:13:38.989260 write(2, "Reader thread exiting.\n", 23) = ? ERESTARTSYS (To be restarted if SA_RESTART is set) <0.000423>
227   09:13:38.996801 --- SIGIO {si_signo=SIGIO, si_code=SI_KERNEL} ---
312   09:13:39.000498 +++ exited with 0 +++
311   09:13:39.004148 write(2, "Reader thread exiting.\n", 23) = 23 <0.000450>
306   09:13:39.011642 semop(557060, [{sem_num=0, sem_op=1, sem_flg=SEM_UNDO}], 1 <unfinished ...>
227   09:13:39.015304 poll([{fd=7, events=POLLIN}], 1, 0 <unfinished ...>
306   09:13:39.018882 <... semop resumed>) = 0 <0.003669>
227   09:13:39.022471 <... poll resumed>) = 0 (Timeout) <0.003792>
306   09:13:39.026193 ioctl(22, _IOC(_IOC_READ, 0x4f, 0x39, 0x4), 0xb38fcd04) = 0 <0.000394>
311   09:13:39.033560 +++ exited with 0 +++
306   09:13:39.036988 ioctl(22, _IOC(_IOC_READ, 0x4f, 0x36, 0x10), 0xb38fccf8) = 0 <0.000217>
228   09:13:39.043830 write(2, "Reader thread joined\n", 21 <unfinished ...>
306   09:13:39.080683 ioctl(22, _IOC(_IOC_WRITE, 0x4f, 0x2a, 0x10), 0xb38fcd2c <unfinished ...>
228   09:13:39.084298 <... write resumed>) = 21 <0.003820>
306   09:13:39.087944 <... ioctl resumed>) = 0 <0.003740>
228   09:13:39.091453 write(2, "Writer thread joined\n", 21 <unfinished ...>
227   09:13:39.095123 poll([{fd=7, events=POLLIN}], 1, 0 <unfinished ...>
228   09:13:39.098786 <... write resumed>) = 21 <0.003819>
227   09:13:39.102217 <... poll resumed>) = 0 (Timeout) <0.003648>
228   09:13:39.106003 write(2, "Teardown display called.\n", 25) = 25 <0.000315>
228   09:13:39.113197 ioctl(24, _IOC(_IOC_WRITE, 0x6b, 0x2, 0x4), 0xb492d97c) = 0 <0.000483>
228   09:13:39.120666 ioctl(24, _IOC(_IOC_WRITE, 0x6b, 0x2, 0x4), 0xb492d988) = 0 <0.000448>
227   09:13:39.128794 poll([{fd=7, events=POLLIN}], 1, 0 <unfinished ...>
228   09:13:39.132550 ioctl(24, _IOC(_IOC_WRITE, 0x6b, 0x2, 0x4), 0xb492d994 <unfinished ...>
227   09:13:39.136390 <... poll resumed>) = 0 (Timeout) <0.004027>
228   09:13:39.139975 <... ioctl resumed>) = 0 <0.004013>
228   09:13:39.143756 ioctl(24, _IOC(_IOC_WRITE, 0x6b, 0x2, 0x4), 0xb492f0c4) = 0 <0.000760>
227   09:13:39.990041 poll([{fd=7, events=POLLIN}], 1, 0) = 0 (Timeout) <0.000272>
228   09:13:40.036289 ioctl(21, _IOC(_IOC_WRITE, 0x6b, 0x2, 0x4), 0x85dc4) = 0 <0.000547>
228   09:13:40.043708 write(1, "VideoDecoder::free_input_buffer:"..., 36) = 36 <0.000284>
228   09:13:40.050846 ioctl(22, _IOC(_IOC_READ, 0x4f, 0x39, 0x4), 0xb54dfcfc) = 0 <0.000203>
227   09:13:40.057546 poll([{fd=7, events=POLLIN}], 1, 0 <unfinished ...>
228   09:13:40.061060 ioctl(22, _IOC(_IOC_NONE, 0x4f, 0x2c, 0), 0 <unfinished ...>
227   09:13:40.064503 <... poll resumed>) = 0 (Timeout) <0.003578>
228   09:13:40.068059 <... ioctl resumed>) = 0 <0.003687>
228   09:13:40.072155 write(1, "VideoDecoder::video_uninit:393\n", 31) = 31 <0.000182>
228   09:13:40.081126 write(2, "Called ArkMediaPlayer teardown s"..., 44) = 44 <0.000381>
227   09:13:40.088877 poll([{fd=7, events=POLLIN}], 1, 0) = 0 (Timeout) <0.000295>
306   09:13:40.096184 +++ exited with 0 +++
228   09:13:40.099623 write(2, "Video sink shut down.\n", 22) = 22 <0.000257>
228   09:13:40.106368 write(1, "~LinuxVideoSink 72\n", 19) = 19 <0.000175>
228   09:13:40.113315 write(1, "~VideoSinkCallbacks 47\n", 23) = 23 <0.000262>
227   09:13:40.152449 poll([{fd=7, events=POLLIN}], 1, 0 <unfinished ...>
228   09:13:40.156656 write(2, "Input source shut down.\n", 24 <unfinished ...>
227   09:13:40.160179 <... poll resumed>) = 0 (Timeout) <0.003659>
228   09:13:40.163584 <... write resumed>) = 24 <0.003563>
228   09:13:40.167279 write(2, "Called Microphone teardown succe"..., 40) = 40 <0.000181>
228   09:13:40.174325 write(2, "Audio source shut down.\n", 24) = 24 <0.000176>
228   09:13:40.181041 ioctl(11, SNDRV_TIMER_IOCTL_STOP, 0x54a1) = -1 EBUSY (Device or resource busy) <0.000128>
228   09:13:40.188491 ioctl(11, SNDRV_TIMER_IOCTL_STOP, 0x54a1 <unfinished ...>
227   09:13:40.191946 poll([{fd=7, events=POLLIN}], 1, 0 <unfinished ...>
228   09:13:40.195590 <... ioctl resumed>) = -1 EBUSY (Device or resource busy) <0.003729>
227   09:13:40.199120 <... poll resumed>) = 0 (Timeout) <0.003732>
228   09:13:40.202950 semop(688131, [{sem_num=0, sem_op=0, sem_flg=0}, {sem_num=0, sem_op=1, sem_flg=SEM_UNDO}], 2) = 0 <0.000128>
227   09:13:41.036929 poll([{fd=7, events=POLLIN}], 1, 0) = 0 (Timeout) <0.000250>
228   09:13:41.045036 semop(688131, [{sem_num=0, sem_op=-1, sem_flg=SEM_UNDO|IPC_NOWAIT}], 1) = 0 <0.000218>
227   09:13:41.090363 poll([{fd=7, events=POLLIN}], 1, 0 <unfinished ...>
228   09:13:41.093932 write(2, "Called ArkMediaPlayer teardown s"..., 44 <unfinished ...>
227   09:13:41.097502 <... poll resumed>) = 0 (Timeout) <0.003703>
228   09:13:41.100935 <... write resumed>) = 44 <0.003590>
307   09:13:41.105194 +++ exited with 0 +++
228   09:13:41.109277 write(2, "Audio sink shut down.\n", 22) = 22 <0.000182>
228   09:13:41.116368 ioctl(14, SNDRV_TIMER_IOCTL_STOP, 0x54a1) = -1 EBUSY (Device or resource busy) <0.000113>
228   09:13:41.123023 ioctl(14, SNDRV_TIMER_IOCTL_STOP, 0x54a1 <unfinished ...>
227   09:13:41.126425 poll([{fd=7, events=POLLIN}], 1, 0 <unfinished ...>
228   09:13:41.129943 <... ioctl resumed>) = -1 EBUSY (Device or resource busy) <0.003601>
227   09:13:41.133466 <... poll resumed>) = 0 (Timeout) <0.003660>
228   09:13:41.137421 semop(688131, [{sem_num=0, sem_op=0, sem_flg=0}, {sem_num=0, sem_op=1, sem_flg=SEM_UNDO}], 2) = 0 <0.000121>
228   09:13:41.145476 semop(688131, [{sem_num=0, sem_op=-1, sem_flg=SEM_UNDO|IPC_NOWAIT}], 1) = 0 <0.000127>
228   09:13:41.152452 write(2, "Called ArkMediaPlayer teardown s"..., 44) = 44 <0.000264>
227   09:13:41.159568 poll([{fd=7, events=POLLIN}], 1, 0) = 0 (Timeout) <0.000233>
308   09:13:41.200150 +++ exited with 0 +++
228   09:13:41.204060 write(2, "Audio sink shut down.\n", 22) = 22 <0.000186>
228   09:13:41.224117 ioctl(17, SNDRV_TIMER_IOCTL_STOP, 0x54a1 <unfinished ...>
227   09:13:41.227634 poll([{fd=7, events=POLLIN}], 1, 0 <unfinished ...>
228   09:13:41.231118 <... ioctl resumed>) = -1 EBUSY (Device or resource busy) <0.003562>
227   09:13:41.234556 <... poll resumed>) = 0 (Timeout) <0.003574>
228   09:13:41.238004 ioctl(17, SNDRV_TIMER_IOCTL_STOP, 0x54a1) = -1 EBUSY (Device or resource busy) <0.000230>
228   09:13:41.245277 semop(688131, [{sem_num=0, sem_op=0, sem_flg=0}, {sem_num=0, sem_op=1, sem_flg=SEM_UNDO}], 2) = 0 <0.000129>
227   09:13:41.275333 poll([{fd=7, events=POLLIN}], 1, 0) = 0 (Timeout) <0.000159>
228   09:13:41.284410 write(2, "Called ArkMediaPlayer teardown s"..., 44) = 44 <0.000196>
309   09:13:41.292019 +++ exited with 0 +++
228   09:13:41.295827 write(2, "Audio sink shut down.\n", 22) = 22 <0.000263>
227   09:13:42.134048 poll([{fd=7, events=POLLIN}], 1, 0) = 0 (Timeout) <0.000416>
310   09:13:42.141483 +++ exited with 0 +++
228   09:13:42.145391 write(2, "Shutting down LinuxPhoneStatus.\n", 32) = 32 <0.000178>
227   09:13:42.189712 poll([{fd=7, events=POLLIN}], 1, 0) = 0 (Timeout) <0.000179>
228   09:13:42.199569 write(2, "Sink shutdown complete!\n", 24) = 24 <0.000192>
228   09:13:42.206364 write(1, "ArkDbus::onLinkStatusChange:175 "..., 43) = 43 <0.000175>
228   09:13:42.213250 writev(7, [{iov_base="l\4\1\1\10\0\0\0A\0\0\0h\0\0\0\1\1o\0\22\0\0\0/com/ark"..., iov_len=120}, {iov_base="\v\0\0\0\10\0\0\0", iov_len=8}], 2) = 128 <0.006395>
228   09:13:42.226632 write(1, "Signal Sent\n", 12) = 12 <0.000156>
228   09:13:42.233394 write(1, "BtRfcommController::stop : 422 s"..., 37) = 37 <0.000272>
227   09:13:42.246475 poll([{fd=7, events=POLLIN}], 1, 0 <unfinished ...>
228   09:13:42.250308 write(1, "RfcommTransport::stop : 230\n", 28 <unfinished ...>
227   09:13:42.254186 <... poll resumed>) = 0 (Timeout) <0.003941>
228   09:13:42.257987 <... write resumed>) = 28 <0.003991>
228   09:13:42.262244 write(1, "ArkUtils::send_local_message:288"..., 47) = 47 <0.000202>
228   09:13:42.270145 write(2, "~RfcommConnection:289\n", 22) = 22 <0.000197>
227   09:13:42.310365 poll([{fd=7, events=POLLIN}], 1, 0) = 0 (Timeout) <0.000353>
228   09:13:42.318840 write(1, "BtRfcommController::stop : 430 e"..., 35) = 35 <0.000201>
228   09:13:42.326419 write(1, "run : 294\n", 10) = 10 <0.000199>
227   09:13:42.334135 poll([{fd=7, events=POLLIN}], 1, 0) = 0 (Timeout) <0.000143>
227   09:13:42.356985 poll([{fd=7, events=POLLIN}], 1, 0) = 0 (Timeout) <0.000139>
227   09:13:42.379863 poll([{fd=7, events=POLLIN}], 1, 0) = 0 (Timeout) <0.000138>
227   09:13:42.402880 poll([{fd=7, events=POLLIN}], 1, 0) = 0 (Timeout) <0.000145>
227   09:13:42.425956 poll([{fd=7, events=POLLIN}], 1, 0) = 0 (Timeout) <0.000142>
227   09:13:42.448754 poll([{fd=7, events=POLLIN}], 1, 0) = 0 (Timeout) <0.000140>
227   09:13:43.303759 poll([{fd=7, events=POLLIN}], 1, 0) = 0 (Timeout) <0.000138>
227   09:13:43.325764 poll([{fd=7, events=POLLIN}], 1, 0) = 0 (Timeout) <0.000124>
227   09:13:43.384685 poll([{fd=7, events=POLLIN}], 1, 0) = 0 (Timeout) <0.000120>
227   09:13:43.406977 poll([{fd=7, events=POLLIN}], 1, 0) = 0 (Timeout) <0.000124>
227   09:13:43.428881 poll([{fd=7, events=POLLIN}], 1, 0) = 0 (Timeout) <0.000122>
227   09:13:43.450831 poll([{fd=7, events=POLLIN}], 1, 0) = 0 (Timeout) <0.000117>
227   09:13:43.472834 poll([{fd=7, events=POLLIN}], 1, 0) = 0 (Timeout) <0.000122>
227   09:13:43.494690 poll([{fd=7, events=POLLIN}], 1, 0) = 0 (Timeout) <0.000121>
227   09:13:43.516661 poll([{fd=7, events=POLLIN}], 1, 0) = 0 (Timeout) <0.000122>
227   09:13:43.538609 poll([{fd=7, events=POLLIN}], 1, 0) = 0 (Timeout) <0.000123>
227   09:13:43.560601 poll([{fd=7, events=POLLIN}], 1, 0) = 0 (Timeout) <0.000429>
227   09:13:43.583057 poll([{fd=7, events=POLLIN}], 1, 0) = 0 (Timeout) <0.000118>
227   09:13:43.605039 poll([{fd=7, events=POLLIN}], 1, 0) = 0 (Timeout) <0.000122>
227   09:13:43.658773 poll([{fd=7, events=POLLIN}], 1, 0) = 0 (Timeout) <0.000119>
227   09:13:44.263813 poll([{fd=7, events=POLLIN}], 1, 0) = 0 (Timeout) <0.000124>
227   09:13:44.286081 poll([{fd=7, events=POLLIN}], 1, 0) = 0 (Timeout) <0.000119>
227   09:13:44.308017 poll([{fd=7, events=POLLIN}], 1, 0) = 0 (Timeout) <0.000122>
227   09:13:44.330015 poll([{fd=7, events=POLLIN}], 1, 0) = 0 (Timeout) <0.000124>
227   09:13:44.352112 poll([{fd=7, events=POLLIN}], 1, 0) = 0 (Timeout) <0.000122>
227   09:13:44.374214 poll([{fd=7, events=POLLIN}], 1, 0) = 0 (Timeout) <0.000125>
227   09:13:44.396176 poll([{fd=7, events=POLLIN}], 1, 0) = 0 (Timeout) <0.000122>
227   09:13:44.418196 poll([{fd=7, events=POLLIN}], 1, 0) = 0 (Timeout) <0.000122>
227   09:13:44.440319 poll([{fd=7, events=POLLIN}], 1, 0) = 0 (Timeout) <0.000123>
227   09:13:44.512017 poll([{fd=7, events=POLLIN}], 1, 0) = 0 (Timeout) <0.000125>
227   09:13:44.534201 poll([{fd=7, events=POLLIN}], 1, 0) = 0 (Timeout) <0.000120>
227   09:13:44.556159 poll([{fd=7, events=POLLIN}], 1, 0) = 0 (Timeout) <0.000124>
227   09:13:44.578181 poll([{fd=7, events=POLLIN}], 1, 0) = 0 (Timeout) <0.000121>
227   09:13:44.600748 poll([{fd=7, events=POLLIN}], 1, 0) = 0 (Timeout) <0.000121>
227   09:13:44.622767 poll([{fd=7, events=POLLIN}], 1, 0) = 0 (Timeout) <0.000121>
227   09:13:44.644687 poll([{fd=7, events=POLLIN}], 1, 0) = 0 (Timeout) <0.000121>
227   09:13:44.666712 poll([{fd=7, events=POLLIN}], 1, 0) = 0 (Timeout) <0.000119>
227   09:13:44.688632 poll([{fd=7, events=POLLIN}], 1, 0) = 0 (Timeout) <0.000122>
227   09:13:45.543908 poll([{fd=7, events=POLLIN}], 1, 0) = 0 (Timeout) <0.000122>
227   09:13:45.565851 poll([{fd=7, events=POLLIN}], 1, 0) = 0 (Timeout) <0.000124>
227   09:13:45.618401 poll([{fd=7, events=POLLIN}], 1, 0) = 0 (Timeout) <0.000121>
227   09:13:45.641466 poll([{fd=7, events=POLLIN}], 1, 0) = 0 (Timeout) <0.000126>
227   09:13:45.670373 poll([{fd=7, events=POLLIN}], 1, 0) = 0 (Timeout) <0.000125>
227   09:13:45.693859 poll([{fd=7, events=POLLIN}], 1, 0) = 0 (Timeout) <0.000124>
227   09:13:45.718702 poll([{fd=7, events=POLLIN}], 1, 0) = 0 (Timeout) <0.000121>
227   09:13:45.740765 poll([{fd=7, events=POLLIN}], 1, 0) = 0 (Timeout) <0.000127>
227   09:13:45.763662 poll([{fd=7, events=POLLIN}], 1, 0) = 0 (Timeout) <0.000125>
227   09:13:45.785903 poll([{fd=7, events=POLLIN}], 1, 0) = 0 (Timeout) <0.000122>
227   09:13:45.814269 poll([{fd=7, events=POLLIN}], 1, 0) = 0 (Timeout) <0.000119>
227   09:13:45.843095 poll([{fd=7, events=POLLIN}], 1, 0) = 0 (Timeout) <0.000127>
227   09:13:45.866112 poll([{fd=7, events=POLLIN}], 1, 0) = 0 (Timeout) <0.000140>
227   09:13:45.932463 poll([{fd=7, events=POLLIN}], 1, 0) = 0 (Timeout) <0.000125>
227   09:13:45.954847 poll([{fd=7, events=POLLIN}], 1, 0) = 0 (Timeout) <0.000124>
227   09:13:45.982775 poll([{fd=7, events=POLLIN}], 1, 0) = 0 (Timeout) <0.000127>
227   09:13:46.006409 poll([{fd=7, events=POLLIN}], 1, 0) = 0 (Timeout) <0.000204>
227   09:13:46.038055 poll([{fd=7, events=POLLIN}], 1, 0) = 0 (Timeout) <0.000136>
227   09:13:46.061076 poll([{fd=7, events=POLLIN}], 1, 0) = 0 (Timeout) <0.000135>
227   09:13:46.083392 poll([{fd=7, events=POLLIN}], 1, 0) = 0 (Timeout) <0.000121>
227   09:13:46.106602 poll([{fd=7, events=POLLIN}], 1, 0) = 0 (Timeout) <0.000124>
227   09:13:46.128635 poll([{fd=7, events=POLLIN}], 1, 0) = 0 (Timeout) <0.000189>
227   09:13:46.985563 poll([{fd=7, events=POLLIN}], 1, 0) = 0 (Timeout) <0.000123>
227   09:13:47.038497 poll([{fd=7, events=POLLIN}], 1, 0) = 0 (Timeout) <0.000118>
227   09:13:47.064246 poll([{fd=7, events=POLLIN}], 1, 0) = 0 (Timeout) <0.000126>
227   09:13:47.089200 poll([{fd=7, events=POLLIN}], 1, 0) = 0 (Timeout) <0.000129>
227   09:13:47.111687 poll([{fd=7, events=POLLIN}], 1, 0) = 0 (Timeout) <0.000123>
227   09:13:47.133542 poll([{fd=7, events=POLLIN}], 1, 0) = 0 (Timeout) <0.000124>
227   09:13:47.155573 poll([{fd=7, events=POLLIN}], 1, 0) = 0 (Timeout) <0.000123>
227   09:13:47.177500 poll([{fd=7, events=POLLIN}], 1, 0) = 0 (Timeout) <0.000117>
227   09:13:47.199579 poll([{fd=7, events=POLLIN}], 1, 0) = 0 (Timeout) <0.000123>
227   09:13:47.221565 poll([{fd=7, events=POLLIN}], 1, 0) = 0 (Timeout) <0.000123>
227   09:13:47.244022 poll([{fd=7, events=POLLIN}], 1, 0) = 0 (Timeout) <0.000125>
227   09:13:47.266065 poll([{fd=7, events=POLLIN}], 1, 0) = 0 (Timeout) <0.000122>
227   09:13:47.332368 poll([{fd=7, events=POLLIN}], 1, 0) = 0 (Timeout) <0.000126>
227   09:13:47.354567 poll([{fd=7, events=POLLIN}], 1, 0) = 0 (Timeout) <0.000122>
227   09:13:47.376512 poll([{fd=7, events=POLLIN}], 1, 0) = 0 (Timeout) <0.000125>
227   09:13:47.398481 poll([{fd=7, events=POLLIN}], 1, 0) = 0 (Timeout) <0.000116>
227   09:13:47.420472 poll([{fd=7, events=POLLIN}], 1, 0) = 0 (Timeout) <0.000215>
227   09:13:47.442607 poll([{fd=7, events=POLLIN}], 1, 0) = 0 (Timeout) <0.000121>
227   09:13:47.464801 poll([{fd=7, events=POLLIN}], 1, 0) = 0 (Timeout) <0.000123>
227   09:13:47.486840 poll([{fd=7, events=POLLIN}], 1, 0) = 0 (Timeout) <0.000122>
227   09:13:47.508823 poll([{fd=7, events=POLLIN}], 1, 0) = 0 (Timeout) <0.000120>
227   09:13:48.369599 poll([{fd=7, events=POLLIN}], 1, 0) = 0 (Timeout) <0.000125>
227   09:13:48.393450 poll([{fd=7, events=POLLIN}], 1, 0) = 0 (Timeout) <0.000127>
227   09:13:48.447900 poll([{fd=7, events=POLLIN}], 1, 0) = 0 (Timeout) <0.000118>
227   09:13:48.469714 poll([{fd=7, events=POLLIN}], 1, 0) = 0 (Timeout) <0.000118>
227   09:13:48.491545 poll([{fd=7, events=POLLIN}], 1, 0) = 0 (Timeout) <0.000124>
227   09:13:48.513936 poll([{fd=7, events=POLLIN}], 1, 0) = 0 (Timeout) <0.000124>
227   09:13:48.535944 poll([{fd=7, events=POLLIN}], 1, 0) = 0 (Timeout) <0.000120>
227   09:13:48.557844 poll([{fd=7, events=POLLIN}], 1, 0) = 0 (Timeout) <0.000120>
227   09:13:48.579721 poll([{fd=7, events=POLLIN}], 1, 0) = 0 (Timeout) <0.000121>
227   09:13:48.601710 poll([{fd=7, events=POLLIN}], 1, 0) = 0 (Timeout) <0.000120>
227   09:13:48.623625 poll([{fd=7, events=POLLIN}], 1, 0) = 0 (Timeout) <0.000119>
227   09:13:48.645592 poll([{fd=7, events=POLLIN}], 1, 0) = 0 (Timeout) <0.000125>
227   09:13:48.711572 poll([{fd=7, events=POLLIN}], 1, 0) = 0 (Timeout) <0.000124>
227   09:13:48.733504 poll([{fd=7, events=POLLIN}], 1, 0) = 0 (Timeout) <0.000124>
227   09:13:48.756172 poll([{fd=7, events=POLLIN}], 1, 0) = 0 (Timeout) <0.000124>
227   09:13:48.778206 poll([{fd=7, events=POLLIN}], 1, 0) = 0 (Timeout) <0.000123>
227   09:13:48.800457 poll([{fd=7, events=POLLIN}], 1, 0) = 0 (Timeout) <0.000197>
227   09:13:48.822603 poll([{fd=7, events=POLLIN}], 1, 0) = 0 (Timeout) <0.000123>
227   09:13:48.844655 poll([{fd=7, events=POLLIN}], 1, 0) = 0 (Timeout) <0.000120>
227   09:13:48.866697 poll([{fd=7, events=POLLIN}], 1, 0) = 0 (Timeout) <0.000121>
227   09:13:48.888672 poll([{fd=7, events=POLLIN}], 1, 0) = 0 (Timeout) <0.000121>
227   09:13:49.759958 poll([{fd=7, events=POLLIN}], 1, 0) = 0 (Timeout) <0.000136>
227   09:13:49.782284 poll([{fd=7, events=POLLIN}], 1, 0) = 0 (Timeout) <0.000119>
227   09:13:49.835411 poll([{fd=7, events=POLLIN}], 1, 0) = 0 (Timeout) <0.000124>
227   09:13:49.857274 poll([{fd=7, events=POLLIN}], 1, 0) = 0 (Timeout) <0.000123>
227   09:13:49.879191 poll([{fd=7, events=POLLIN}], 1, 0) = 0 (Timeout) <0.000122>
227   09:13:49.901693 poll([{fd=7, events=POLLIN}], 1, 0) = 0 (Timeout) <0.000126>
227   09:13:49.923722 poll([{fd=7, events=POLLIN}], 1, 0) = 0 (Timeout) <0.000122>
227   09:13:49.947162 poll([{fd=7, events=POLLIN}], 1, 0) = 0 (Timeout) <0.000126>
227   09:13:49.969415 poll([{fd=7, events=POLLIN}], 1, 0) = 0 (Timeout) <0.000124>
227   09:13:49.991425 poll([{fd=7, events=POLLIN}], 1, 0) = 0 (Timeout) <0.000125>
227   09:13:50.013486 poll([{fd=7, events=POLLIN}], 1, 0) = 0 (Timeout) <0.000124>
227   09:13:50.035522 poll([{fd=7, events=POLLIN}], 1, 0) = 0 (Timeout) <0.000120>
227   09:13:50.057564 poll([{fd=7, events=POLLIN}], 1, 0) = 0 (Timeout) <0.000124>
227   09:13:50.123600 poll([{fd=7, events=POLLIN}], 1, 0) = 0 (Timeout) <0.000124>
227   09:13:50.145597 poll([{fd=7, events=POLLIN}], 1, 0) = 0 (Timeout) <0.000125>
227   09:13:50.167660 poll([{fd=7, events=POLLIN}], 1, 0) = 0 (Timeout) <0.000123>
227   09:13:50.197052 poll([{fd=7, events=POLLIN}], 1, 0) = 0 (Timeout) <0.000125>
227   09:13:50.220260 poll([{fd=7, events=POLLIN}], 1, 0) = 0 (Timeout) <0.000127>
227   09:13:50.242976 poll([{fd=7, events=POLLIN}], 1, 0) = 0 (Timeout) <0.000121>
227   09:13:50.267546 poll([{fd=7, events=POLLIN}], 1, 0) = 0 (Timeout) <0.000122>
227   09:13:50.291139 poll([{fd=7, events=POLLIN}], 1, 0) = 0 (Timeout) <0.000127>
227   09:13:51.154225 poll([{fd=7, events=POLLIN}], 1, 0) = 0 (Timeout) <0.000135>
227   09:13:51.176190 poll([{fd=7, events=POLLIN}], 1, 0) = 0 (Timeout) <0.000124>
227   09:13:51.229595 poll([{fd=7, events=POLLIN}], 1, 0) = 0 (Timeout) <0.000122>
227   09:13:51.253793 poll([{fd=7, events=POLLIN}], 1, 0) = 0 (Timeout) <0.000124>
227   09:13:51.275839 poll([{fd=7, events=POLLIN}], 1, 0) = 0 (Timeout) <0.000119>
227   09:13:51.297914 poll([{fd=7, events=POLLIN}], 1, 0) = 0 (Timeout) <0.000123>
227   09:13:51.319841 poll([{fd=7, events=POLLIN}], 1, 0) = 0 (Timeout) <0.000124>
227   09:13:51.341815 poll([{fd=7, events=POLLIN}], 1, 0) = 0 (Timeout) <0.000117>
227   09:13:51.363722 poll([{fd=7, events=POLLIN}], 1, 0) = 0 (Timeout) <0.000125>
227   09:13:51.386194 poll([{fd=7, events=POLLIN}], 1, 0) = 0 (Timeout) <0.000124>
227   09:13:51.408103 poll([{fd=7, events=POLLIN}], 1, 0) = 0 (Timeout) <0.000121>
227   09:13:51.429988 poll([{fd=7, events=POLLIN}], 1, 0) = 0 (Timeout) <0.000118>
227   09:13:51.451932 poll([{fd=7, events=POLLIN}], 1, 0) = 0 (Timeout) <0.000120>
227   09:13:51.520004 poll([{fd=7, events=POLLIN}], 1, 0) = 0 (Timeout) <0.000121>
227   09:13:51.542058 poll([{fd=7, events=POLLIN}], 1, 0) = 0 (Timeout) <0.000122>
227   09:13:51.564204 poll([{fd=7, events=POLLIN}], 1, 0) = 0 (Timeout) <0.000123>
227   09:13:51.586090 poll([{fd=7, events=POLLIN}], 1, 0) = 0 (Timeout) <0.000123>
227   09:13:51.608020 poll([{fd=7, events=POLLIN}], 1, 0) = 0 (Timeout) <0.000124>
227   09:13:51.629976 poll([{fd=7, events=POLLIN}], 1, 0) = 0 (Timeout) <0.000121>
227   09:13:51.652063 poll([{fd=7, events=POLLIN}], 1, 0) = 0 (Timeout) <0.000123>
227   09:13:51.674163 poll([{fd=7, events=POLLIN}], 1, 0) = 0 (Timeout) <0.000122>
227   09:13:51.696833 poll([{fd=7, events=POLLIN}], 1, 0) = 0 (Timeout) <0.000227>
227   09:13:52.556300 poll([{fd=7, events=POLLIN}], 1, 0) = 0 (Timeout) <0.000125>
227   09:13:52.610207 poll([{fd=7, events=POLLIN}], 1, 0) = 0 (Timeout) <0.000124>
227   09:13:52.632240 poll([{fd=7, events=POLLIN}], 1, 0) = 0 (Timeout) <0.000123>
227   09:13:52.654229 poll([{fd=7, events=POLLIN}], 1, 0) = 0 (Timeout) <0.000118>
227   09:13:52.676110 poll([{fd=7, events=POLLIN}], 1, 0) = 0 (Timeout) <0.000121>
227   09:13:52.698056 poll([{fd=7, events=POLLIN}], 1, 0) = 0 (Timeout) <0.000124>
227   09:13:52.720007 poll([{fd=7, events=POLLIN}], 1, 0) = 0 (Timeout) <0.000122>
227   09:13:52.742210 poll([{fd=7, events=POLLIN}], 1, 0) = 0 (Timeout) <0.000129>
227   09:13:52.764216 poll([{fd=7, events=POLLIN}], 1, 0) = 0 (Timeout) <0.000121>
227   09:13:52.786235 poll([{fd=7, events=POLLIN}], 1, 0) = 0 (Timeout) <0.000125>
227   09:13:52.808267 poll([{fd=7, events=POLLIN}], 1, 0) = 0 (Timeout) <0.000118>
227   09:13:52.830441 poll([{fd=7, events=POLLIN}], 1, 0) = 0 (Timeout) <0.000119>
227   09:13:52.897551 poll([{fd=7, events=POLLIN}], 1, 0) = 0 (Timeout) <0.000125>
227   09:13:52.919607 poll([{fd=7, events=POLLIN}], 1, 0) = 0 (Timeout) <0.000124>
227   09:13:52.941699 poll([{fd=7, events=POLLIN}], 1, 0) = 0 (Timeout) <0.000121>
227   09:13:52.963687 poll([{fd=7, events=POLLIN}], 1, 0) = 0 (Timeout) <0.000125>
227   09:13:52.985703 poll([{fd=7, events=POLLIN}], 1, 0) = 0 (Timeout) <0.000122>
227   09:13:53.007822 poll([{fd=7, events=POLLIN}], 1, 0) = 0 (Timeout) <0.000121>
227   09:13:53.030017 poll([{fd=7, events=POLLIN}], 1, 0) = 0 (Timeout) <0.000130>
227   09:13:53.052836 poll([{fd=7, events=POLLIN}], 1, 0) = 0 (Timeout) <0.000123>
227   09:13:53.074891 poll([{fd=7, events=POLLIN}], 1, 0) = 0 (Timeout) <0.000228>
227   09:13:53.934362 poll([{fd=7, events=POLLIN}], 1, 0) = 0 (Timeout) <0.000125>
227   09:13:53.956040 poll([{fd=7, events=POLLIN}], 1, 0) = 0 (Timeout) <0.000125>
227   09:13:54.011091 poll([{fd=7, events=POLLIN}], 1, 0) = 0 (Timeout) <0.000123>
227   09:13:54.046834 poll([{fd=7, events=POLLIN}], 1, 0) = 0 (Timeout) <0.000120>
227   09:13:54.068728 poll([{fd=7, events=POLLIN}], 1, 0) = 0 (Timeout) <0.000123>
227   09:13:54.090727 poll([{fd=7, events=POLLIN}], 1, 0) = 0 (Timeout) <0.000123>
227   09:13:54.112762 poll([{fd=7, events=POLLIN}], 1, 0) = 0 (Timeout) <0.000122>
227   09:13:54.134706 poll([{fd=7, events=POLLIN}], 1, 0) = 0 (Timeout) <0.000120>
227   09:13:54.156588 poll([{fd=7, events=POLLIN}], 1, 0) = 0 (Timeout) <0.000122>
227   09:13:54.178530 poll([{fd=7, events=POLLIN}], 1, 0) = 0 (Timeout) <0.000119>
227   09:13:54.200538 poll([{fd=7, events=POLLIN}], 1, 0) = 0 (Timeout) <0.000191>
227   09:13:54.222527 poll([{fd=7, events=POLLIN}], 1, 0) = 0 (Timeout) <0.000122>
227   09:13:54.287440 poll([{fd=7, events=POLLIN}], 1, 0) = 0 (Timeout) <0.000115>
227   09:13:54.309487 poll([{fd=7, events=POLLIN}], 1, 0) = 0 (Timeout) <0.000120>
227   09:13:54.331395 poll([{fd=7, events=POLLIN}], 1, 0) = 0 (Timeout) <0.000123>
227   09:13:54.358972 poll([{fd=7, events=POLLIN}], 1, 0) = 0 (Timeout) <0.000137>
227   09:13:54.380786 poll([{fd=7, events=POLLIN}], 1, 0) = 0 (Timeout) <0.000121>
227   09:13:54.402718 poll([{fd=7, events=POLLIN}], 1, 0) = 0 (Timeout) <0.000122>
227   09:13:54.424671 poll([{fd=7, events=POLLIN}], 1, 0) = 0 (Timeout) <0.000119>
227   09:13:54.446574 poll([{fd=7, events=POLLIN}], 1, 0) = 0 (Timeout) <0.000121>
227   09:13:54.468434 poll([{fd=7, events=POLLIN}], 1, 0) = 0 (Timeout) <0.000120>
227   09:13:54.490433 poll([{fd=7, events=POLLIN}], 1, 0) = 0 (Timeout) <0.000123>
227   09:13:54.512906 poll([{fd=7, events=POLLIN}], 1, 0) = 0 (Timeout) <0.000175>
227   09:13:54.578597 poll([{fd=7, events=POLLIN}], 1, 0) = 0 (Timeout) <0.000122>
227   09:13:54.600757 poll([{fd=7, events=POLLIN}], 1, 0) = 0 (Timeout) <0.000121>
227   09:13:54.622797 poll([{fd=7, events=POLLIN}], 1, 0) = 0 (Timeout) <0.000121>
227   09:13:54.644733 poll([{fd=7, events=POLLIN}], 1, 0) = 0 (Timeout) <0.000118>
227   09:13:54.666697 poll([{fd=7, events=POLLIN}], 1, 0) = 0 (Timeout) <0.000125>
227   09:13:54.689321 poll([{fd=7, events=POLLIN}], 1, 0) = 0 (Timeout) <0.000123>
227   09:13:54.711520 poll([{fd=7, events=POLLIN}], 1, 0) = 0 (Timeout) <0.000124>
227   09:13:54.733696 poll([{fd=7, events=POLLIN}], 1, 0) = 0 (Timeout) <0.000225>
227   09:13:55.591735 poll([{fd=7, events=POLLIN}], 1, 0) = 0 (Timeout) <0.000123>
227   09:13:55.613678 poll([{fd=7, events=POLLIN}], 1, 0) = 0 (Timeout) <0.000117>
227   09:13:55.635700 poll([{fd=7, events=POLLIN}], 1, 0) = 0 (Timeout) <0.000126>
227   09:13:55.700821 poll([{fd=7, events=POLLIN}], 1, 0) = 0 (Timeout) <0.000123>
227   09:13:55.725198 poll([{fd=7, events=POLLIN}], 1, 0) = 0 (Timeout) <0.000124>
227   09:13:55.748768 poll([{fd=7, events=POLLIN}], 1, 0) = 0 (Timeout) <0.000123>
227   09:13:55.770780 poll([{fd=7, events=POLLIN}], 1, 0) = 0 (Timeout) <0.000123>
227   09:13:55.792808 poll([{fd=7, events=POLLIN}], 1, 0) = 0 (Timeout) <0.000120>
227   09:13:55.814810 poll([{fd=7, events=POLLIN}], 1, 0) = 0 (Timeout) <0.000122>
227   09:13:55.837238 poll([{fd=7, events=POLLIN}], 1, 0) = 0 (Timeout) <0.000126>
227   09:13:55.859308 poll([{fd=7, events=POLLIN}], 1, 0) = 0 (Timeout) <0.000122>
227   09:13:55.881367 poll([{fd=7, events=POLLIN}], 1, 0) = 0 (Timeout) <0.000122>
227   09:13:55.903490 poll([{fd=7, events=POLLIN}], 1, 0) = 0 (Timeout) <0.000123>
227   09:13:55.967067 poll([{fd=7, events=POLLIN}], 1, 0) = 0 (Timeout) <0.000122>
227   09:13:55.989047 poll([{fd=7, events=POLLIN}], 1, 0) = 0 (Timeout) <0.000118>
227   09:13:56.011233 poll([{fd=7, events=POLLIN}], 1, 0) = 0 (Timeout) <0.000125>
227   09:13:56.033351 poll([{fd=7, events=POLLIN}], 1, 0) = 0 (Timeout) <0.000125>
227   09:13:56.055405 poll([{fd=7, events=POLLIN}], 1, 0) = 0 (Timeout) <0.000121>
227   09:13:56.077413 poll([{fd=7, events=POLLIN}], 1, 0) = 0 (Timeout) <0.000122>
227   09:13:56.099483 poll([{fd=7, events=POLLIN}], 1, 0) = 0 (Timeout) <0.000123>
227   09:13:56.121559 poll([{fd=7, events=POLLIN}], 1, 0) = 0 (Timeout) <0.000119>
227   09:13:56.143951 poll([{fd=7, events=POLLIN}], 1, 0) = 0 (Timeout) <0.000127>
227   09:13:57.005636 poll([{fd=7, events=POLLIN}], 1, 0) = 0 (Timeout) <0.000135>
227   09:13:57.027726 poll([{fd=7, events=POLLIN}], 1, 0) = 0 (Timeout) <0.000123>
227   09:13:57.091473 poll([{fd=7, events=POLLIN}], 1, 0) = 0 (Timeout) <0.000124>
227   09:13:57.113464 poll([{fd=7, events=POLLIN}], 1, 0) = 0 (Timeout) <0.000124>
227   09:13:57.135583 poll([{fd=7, events=POLLIN}], 1, 0) = 0 (Timeout) <0.000122>
227   09:13:57.157462 poll([{fd=7, events=POLLIN}], 1, 0) = 0 (Timeout) <0.000121>
227   09:13:57.179452 poll([{fd=7, events=POLLIN}], 1, 0) = 0 (Timeout) <0.000120>
227   09:13:57.201492 poll([{fd=7, events=POLLIN}], 1, 0) = 0 (Timeout) <0.000125>
227   09:13:57.224035 poll([{fd=7, events=POLLIN}], 1, 0) = 0 (Timeout) <0.000123>
227   09:13:57.246102 poll([{fd=7, events=POLLIN}], 1, 0) = 0 (Timeout) <0.000121>
227   09:13:57.268095 poll([{fd=7, events=POLLIN}], 1, 0) = 0 (Timeout) <0.000123>
227   09:13:57.290012 poll([{fd=7, events=POLLIN}], 1, 0) = 0 (Timeout) <0.000639>
227   09:13:57.313004 poll([{fd=7, events=POLLIN}], 1, 0) = 0 (Timeout) <0.000128>
227   09:13:57.375496 poll([{fd=7, events=POLLIN}], 1, 0) = 0 (Timeout) <0.000121>
227   09:13:57.397430 poll([{fd=7, events=POLLIN}], 1, 0) = 0 (Timeout) <0.000123>
227   09:13:57.419500 poll([{fd=7, events=POLLIN}], 1, 0) = 0 (Timeout) <0.000122>
227   09:13:57.441461 poll([{fd=7, events=POLLIN}], 1, 0) = 0 (Timeout) <0.000123>
227   09:13:57.463465 poll([{fd=7, events=POLLIN}], 1, 0) = 0 (Timeout) <0.000122>
227   09:13:57.485473 poll([{fd=7, events=POLLIN}], 1, 0) = 0 (Timeout) <0.000120>
227   09:13:57.507496 poll([{fd=7, events=POLLIN}], 1, 0) = 0 (Timeout) <0.000123>
227   09:13:57.529592 poll([{fd=7, events=POLLIN}], 1, 0) = 0 (Timeout) <0.000124>
227   09:13:57.551584 poll([{fd=7, events=POLLIN}], 1, 0) = 0 (Timeout) <0.000231>
227   09:13:58.411681 poll([{fd=7, events=POLLIN}], 1, 0) = 0 (Timeout) <0.000124>
227   09:13:58.474742 poll([{fd=7, events=POLLIN}], 1, 0) = 0 (Timeout) <0.000123>
227   09:13:58.499383 poll([{fd=7, events=POLLIN}], 1, 0) = 0 (Timeout) <0.000128>
227   09:13:58.522431 poll([{fd=7, events=POLLIN}], 1, 0) = 0 (Timeout) <0.000122>
227   09:13:58.544476 poll([{fd=7, events=POLLIN}], 1, 0) = 0 (Timeout) <0.000125>
227   09:13:58.566413 poll([{fd=7, events=POLLIN}], 1, 0) = 0 (Timeout) <0.000121>
227   09:13:58.588373 poll([{fd=7, events=POLLIN}], 1, 0) = 0 (Timeout) <0.000125>
227   09:13:58.610693 poll([{fd=7, events=POLLIN}], 1, 0) = 0 (Timeout) <0.000123>
227   09:13:58.633644 poll([{fd=7, events=POLLIN}], 1, 0) = 0 (Timeout) <0.000124>
227   09:13:58.656634 poll([{fd=7, events=POLLIN}], 1, 0) = 0 (Timeout) <0.000121>
227   09:13:58.678653 poll([{fd=7, events=POLLIN}], 1, 0) = 0 (Timeout) <0.000123>
227   09:13:58.700706 poll([{fd=7, events=POLLIN}], 1, 0) = 0 (Timeout) <0.000126>
227   09:13:58.763360 poll([{fd=7, events=POLLIN}], 1, 0) = 0 (Timeout) <0.000125>
227   09:13:58.785438 poll([{fd=7, events=POLLIN}], 1, 0) = 0 (Timeout) <0.000120>
227   09:13:58.807806 poll([{fd=7, events=POLLIN}], 1, 0) = 0 (Timeout) <0.000120>
227   09:13:58.830619 poll([{fd=7, events=POLLIN}], 1, 0) = 0 (Timeout) <0.000122>
227   09:13:58.852741 poll([{fd=7, events=POLLIN}], 1, 0) = 0 (Timeout) <0.000122>
227   09:13:58.874764 poll([{fd=7, events=POLLIN}], 1, 0) = 0 (Timeout) <0.000124>
227   09:13:58.897094 poll([{fd=7, events=POLLIN}], 1, 0) = 0 (Timeout) <0.000120>
227   09:13:58.919076 poll([{fd=7, events=POLLIN}], 1, 0) = 0 (Timeout) <0.000122>
227   09:13:58.941151 poll([{fd=7, events=POLLIN}], 1, 0) = 0 (Timeout) <0.000227>
227   09:13:59.792875 poll([{fd=7, events=POLLIN}], 1, 0) = 0 (Timeout) <0.000137>
227   09:13:59.857081 poll([{fd=7, events=POLLIN}], 1, 0) = 0 (Timeout) <0.000126>
227   09:13:59.879212 poll([{fd=7, events=POLLIN}], 1, 0) = 0 (Timeout) <0.000127>
227   09:13:59.901300 poll([{fd=7, events=POLLIN}], 1, 0) = 0 (Timeout) <0.000118>
227   09:13:59.923345 poll([{fd=7, events=POLLIN}], 1, 0) = 0 (Timeout) <0.000124>
227   09:13:59.945337 poll([{fd=7, events=POLLIN}], 1, 0) = 0 (Timeout) <0.000123>
227   09:13:59.967655 poll([{fd=7, events=POLLIN}], 1, 0) = 0 (Timeout) <0.000123>
227   09:13:59.989575 poll([{fd=7, events=POLLIN}], 1, 0) = 0 (Timeout) <0.000122>
227   09:14:00.011537 poll([{fd=7, events=POLLIN}], 1, 0) = 0 (Timeout) <0.000121>
227   09:14:00.033585 poll([{fd=7, events=POLLIN}], 1, 0) = 0 (Timeout) <0.000123>
227   09:14:00.055644 poll([{fd=7, events=POLLIN}], 1, 0) = 0 (Timeout) <0.000119>
227   09:14:00.077571 poll([{fd=7, events=POLLIN}], 1, 0) = 0 (Timeout) <0.000122>
227   09:14:00.140543 poll([{fd=7, events=POLLIN}], 1, 0) = 0 (Timeout) <0.000191>
227   09:14:00.162603 poll([{fd=7, events=POLLIN}], 1, 0) = 0 (Timeout) <0.000122>
227   09:14:00.184636 poll([{fd=7, events=POLLIN}], 1, 0) = 0 (Timeout) <0.000123>
227   09:14:00.206569 poll([{fd=7, events=POLLIN}], 1, 0) = 0 (Timeout) <0.000117>
227   09:14:00.228580 poll([{fd=7, events=POLLIN}], 1, 0) = 0 (Timeout) <0.000123>
227   09:14:00.250555 poll([{fd=7, events=POLLIN}], 1, 0) = 0 (Timeout) <0.000123>
227   09:14:00.272930 poll([{fd=7, events=POLLIN}], 1, 0) = 0 (Timeout) <0.000125>
227   09:14:00.294851 poll([{fd=7, events=POLLIN}], 1, 0) = 0 (Timeout) <0.000124>
227   09:14:00.316828 poll([{fd=7, events=POLLIN}], 1, 0) = 0 (Timeout) <0.000228>
227   09:14:01.170699 poll([{fd=7, events=POLLIN}], 1, 0) = 0 (Timeout) <0.000130>
227   09:14:01.192678 poll([{fd=7, events=POLLIN}], 1, 0) = 0 (Timeout) <0.000124>
227   09:14:01.256542 poll([{fd=7, events=POLLIN}], 1, 0) = 0 (Timeout) <0.000124>
227   09:14:01.278428 poll([{fd=7, events=POLLIN}], 1, 0) = 0 (Timeout) <0.000117>
227   09:14:01.300369 poll([{fd=7, events=POLLIN}], 1, 0) = 0 (Timeout) <0.000123>
227   09:14:01.322279 poll([{fd=7, events=POLLIN}], 1, 0) = 0 (Timeout) <0.000123>
227   09:14:01.344262 poll([{fd=7, events=POLLIN}], 1, 0) = 0 (Timeout) <0.000119>
227   09:14:01.366150 poll([{fd=7, events=POLLIN}], 1, 0) = 0 (Timeout) <0.000122>
227   09:14:01.388032 poll([{fd=7, events=POLLIN}], 1, 0) = 0 (Timeout) <0.000124>
227   09:14:01.410595 poll([{fd=7, events=POLLIN}], 1, 0) = 0 (Timeout) <0.000128>
227   09:14:01.432689 poll([{fd=7, events=POLLIN}], 1, 0) = 0 (Timeout) <0.000120>
227   09:14:01.454645 poll([{fd=7, events=POLLIN}], 1, 0) = 0 (Timeout) <0.000120>
227   09:14:01.517807 poll([{fd=7, events=POLLIN}], 1, 0) = 0 (Timeout) <0.000116>
227   09:14:01.539769 poll([{fd=7, events=POLLIN}], 1, 0) = 0 (Timeout) <0.000122>
227   09:14:01.561760 poll([{fd=7, events=POLLIN}], 1, 0) = 0 (Timeout) <0.000123>
227   09:14:01.583742 poll([{fd=7, events=POLLIN}], 1, 0) = 0 (Timeout) <0.000123>
227   09:14:01.605821 poll([{fd=7, events=POLLIN}], 1, 0) = 0 (Timeout) <0.000123>
227   09:14:01.627888 poll([{fd=7, events=POLLIN}], 1, 0) = 0 (Timeout) <0.000120>
227   09:14:01.649906 poll([{fd=7, events=POLLIN}], 1, 0) = 0 (Timeout) <0.000124>
227   09:14:01.672024 poll([{fd=7, events=POLLIN}], 1, 0) = 0 (Timeout) <0.000124>
227   09:14:01.694155 poll([{fd=7, events=POLLIN}], 1, 0) = 0 (Timeout) <0.000122>
227   09:14:02.552673 poll([{fd=7, events=POLLIN}], 1, 0) = 0 (Timeout) <0.000127>
227   09:14:02.575025 poll([{fd=7, events=POLLIN}], 1, 0) = 0 (Timeout) <0.000121>
227   09:14:02.638494 poll([{fd=7, events=POLLIN}], 1, 0) = 0 (Timeout) <0.000126>
227   09:14:02.660568 poll([{fd=7, events=POLLIN}], 1, 0) = 0 (Timeout) <0.000126>
227   09:14:02.682874 poll([{fd=7, events=POLLIN}], 1, 0) = 0 (Timeout) <0.000124>
227   09:14:02.704949 poll([{fd=7, events=POLLIN}], 1, 0) = 0 (Timeout) <0.000123>
227   09:14:02.726965 poll([{fd=7, events=POLLIN}], 1, 0) = 0 (Timeout) <0.000123>
227   09:14:02.748902 poll([{fd=7, events=POLLIN}], 1, 0) = 0 (Timeout) <0.000122>
227   09:14:02.770858 poll([{fd=7, events=POLLIN}], 1, 0) = 0 (Timeout) <0.000124>
227   09:14:02.792816 poll([{fd=7, events=POLLIN}], 1, 0) = 0 (Timeout) <0.000121>
227   09:14:02.814823 poll([{fd=7, events=POLLIN}], 1, 0) = 0 (Timeout) <0.000124>
227   09:14:02.836835 poll([{fd=7, events=POLLIN}], 1, 0) = 0 (Timeout) <0.000124>
227   09:14:02.858796 poll([{fd=7, events=POLLIN}], 1, 0) = 0 (Timeout) <0.000127>
227   09:14:02.923679 poll([{fd=7, events=POLLIN}], 1, 0) = 0 (Timeout) <0.000124>
227   09:14:02.947900 poll([{fd=7, events=POLLIN}], 1, 0) = 0 (Timeout) <0.000139>
227   09:14:02.971935 poll([{fd=7, events=POLLIN}], 1, 0) = 0 (Timeout) <0.000123>
227   09:14:02.994110 poll([{fd=7, events=POLLIN}], 1, 0) = 0 (Timeout) <0.000122>
227   09:14:03.016252 poll([{fd=7, events=POLLIN}], 1, 0) = 0 (Timeout) <0.000122>
227   09:14:03.039076 poll([{fd=7, events=POLLIN}], 1, 0) = 0 (Timeout) <0.000122>
227   09:14:03.063762 poll([{fd=7, events=POLLIN}], 1, 0) = 0 (Timeout) <0.000125>
227   09:14:03.086014 poll([{fd=7, events=POLLIN}], 1, 0) = 0 (Timeout) <0.000121>
227   09:14:03.108044 poll([{fd=7, events=POLLIN}], 1, 0) = 0 (Timeout) <0.000184>
227   09:14:03.963734 poll([{fd=7, events=POLLIN}], 1, 0) = 0 (Timeout) <0.000126>
227   09:14:04.027522 poll([{fd=7, events=POLLIN}], 1, 0) = 0 (Timeout) <0.000124>
227   09:14:04.049497 poll([{fd=7, events=POLLIN}], 1, 0) = 0 (Timeout) <0.000125>
227   09:14:04.071882 poll([{fd=7, events=POLLIN}], 1, 0) = 0 (Timeout) <0.000120>
227   09:14:04.093753 poll([{fd=7, events=POLLIN}], 1, 0) = 0 (Timeout) <0.000121>
227   09:14:04.115864 poll([{fd=7, events=POLLIN}], 1, 0) = 0 (Timeout) <0.000129>
227   09:14:04.137911 poll([{fd=7, events=POLLIN}], 1, 0) = 0 (Timeout) <0.000119>
227   09:14:04.159866 poll([{fd=7, events=POLLIN}], 1, 0) = 0 (Timeout) <0.000118>
227   09:14:04.181758 poll([{fd=7, events=POLLIN}], 1, 0) = 0 (Timeout) <0.000126>
227   09:14:04.203662 poll([{fd=7, events=POLLIN}], 1, 0) = 0 (Timeout) <0.000121>
227   09:14:04.225729 poll([{fd=7, events=POLLIN}], 1, 0) = 0 (Timeout) <0.000122>
227   09:14:04.247590 poll([{fd=7, events=POLLIN}], 1, 0) = 0 (Timeout) <0.000119>
227   09:14:04.310223 poll([{fd=7, events=POLLIN}], 1, 0) = 0 (Timeout) <0.000126>
227   09:14:04.332197 poll([{fd=7, events=POLLIN}], 1, 0) = 0 (Timeout) <0.000121>
227   09:14:04.354229 poll([{fd=7, events=POLLIN}], 1, 0) = 0 (Timeout) <0.000123>
227   09:14:04.376209 poll([{fd=7, events=POLLIN}], 1, 0) = 0 (Timeout) <0.000123>
227   09:14:04.398733 poll([{fd=7, events=POLLIN}], 1, 0) = 0 (Timeout) <0.000125>
227   09:14:04.420735 poll([{fd=7, events=POLLIN}], 1, 0) = 0 (Timeout) <0.000124>
227   09:14:04.442843 poll([{fd=7, events=POLLIN}], 1, 0) = 0 (Timeout) <0.000118>
227   09:14:04.465652 poll([{fd=7, events=POLLIN}], 1, 0) = 0 (Timeout) <0.000123>
227   09:14:04.487748 poll([{fd=7, events=POLLIN}], 1, 0) = 0 (Timeout) <0.000120>
227   09:14:05.345961 poll([{fd=7, events=POLLIN}], 1, 0) = 0 (Timeout) <0.000133>
227   09:14:05.367733 poll([{fd=7, events=POLLIN}], 1, 0) = 0 (Timeout) <0.000128>
227   09:14:05.431095 poll([{fd=7, events=POLLIN}], 1, 0) = 0 (Timeout) <0.000122>
227   09:14:05.452981 poll([{fd=7, events=POLLIN}], 1, 0) = 0 (Timeout) <0.000123>
227   09:14:05.474972 poll([{fd=7, events=POLLIN}], 1, 0) = 0 (Timeout) <0.000122>
227   09:14:05.496948 poll([{fd=7, events=POLLIN}], 1, 0) = 0 (Timeout) <0.000118>
227   09:14:05.518946 poll([{fd=7, events=POLLIN}], 1, 0) = 0 (Timeout) <0.000123>
227   09:14:05.541373 poll([{fd=7, events=POLLIN}], 1, 0) = 0 (Timeout) <0.000120>
227   09:14:05.563416 poll([{fd=7, events=POLLIN}], 1, 0) = 0 (Timeout) <0.000121>
227   09:14:05.585627 poll([{fd=7, events=POLLIN}], 1, 0) = 0 (Timeout) <0.000122>
227   09:14:05.607662 poll([{fd=7, events=POLLIN}], 1, 0) = 0 (Timeout) <0.000124>
227   09:14:05.629733 poll([{fd=7, events=POLLIN}], 1, 0) = 0 (Timeout) <0.000124>
227   09:14:05.693195 poll([{fd=7, events=POLLIN}], 1, 0) = 0 (Timeout) <0.000123>
227   09:14:05.715695 poll([{fd=7, events=POLLIN}], 1, 0) = 0 (Timeout) <0.000123>
227   09:14:05.737766 poll([{fd=7, events=POLLIN}], 1, 0) = 0 (Timeout) <0.000125>
227   09:14:05.759811 poll([{fd=7, events=POLLIN}], 1, 0) = 0 (Timeout) <0.000120>
227   09:14:05.781859 poll([{fd=7, events=POLLIN}], 1, 0) = 0 (Timeout) <0.000124>
227   09:14:05.803861 poll([{fd=7, events=POLLIN}], 1, 0) = 0 (Timeout) <0.000121>
227   09:14:05.825999 poll([{fd=7, events=POLLIN}], 1, 0) = 0 (Timeout) <0.000124>
227   09:14:05.857059 poll([{fd=7, events=POLLIN}], 1, 0) = 0 (Timeout) <0.000124>
227   09:14:05.879155 poll([{fd=7, events=POLLIN}], 1, 0) = 0 (Timeout) <0.000122>
227   09:14:06.739656 poll([{fd=7, events=POLLIN}], 1, 0) = 0 (Timeout) <0.000132>
227   09:14:06.761458 poll([{fd=7, events=POLLIN}], 1, 0) = 0 (Timeout) <0.000124>
227   09:14:06.824056 poll([{fd=7, events=POLLIN}], 1, 0) = 0 (Timeout) <0.000134>
227   09:14:06.845975 poll([{fd=7, events=POLLIN}], 1, 0) = 0 (Timeout) <0.000122>
227   09:14:06.867857 poll([{fd=7, events=POLLIN}], 1, 0) = 0 (Timeout) <0.000127>
227   09:14:06.889844 poll([{fd=7, events=POLLIN}], 1, 0) = 0 (Timeout) <0.000121>
227   09:14:06.911743 poll([{fd=7, events=POLLIN}], 1, 0) = 0 (Timeout) <0.000123>
227   09:14:06.933743 poll([{fd=7, events=POLLIN}], 1, 0) = 0 (Timeout) <0.000123>
227   09:14:06.955761 poll([{fd=7, events=POLLIN}], 1, 0) = 0 (Timeout) <0.000121>
227   09:14:06.977725 poll([{fd=7, events=POLLIN}], 1, 0) = 0 (Timeout) <0.000120>
227   09:14:06.999746 poll([{fd=7, events=POLLIN}], 1, 0) = 0 (Timeout) <0.000228>
227   09:14:07.022582 poll([{fd=7, events=POLLIN}], 1, 0) = 0 (Timeout) <0.000124>
227   09:14:07.044671 poll([{fd=7, events=POLLIN}], 1, 0) = 0 (Timeout) <0.000125>
227   09:14:07.107966 poll([{fd=7, events=POLLIN}], 1, 0) = 0 (Timeout) <0.000126>
227   09:14:07.129988 poll([{fd=7, events=POLLIN}], 1, 0) = 0 (Timeout) <0.000217>
227   09:14:07.152025 poll([{fd=7, events=POLLIN}], 1, 0) = 0 (Timeout) <0.000121>
227   09:14:07.173945 poll([{fd=7, events=POLLIN}], 1, 0) = 0 (Timeout) <0.000122>
227   09:14:07.195938 poll([{fd=7, events=POLLIN}], 1, 0) = 0 (Timeout) <0.000122>
227   09:14:07.217931 poll([{fd=7, events=POLLIN}], 1, 0) = 0 (Timeout) <0.000121>
227   09:14:07.239913 poll([{fd=7, events=POLLIN}], 1, 0) = 0 (Timeout) <0.000122>
227   09:14:07.261896 poll([{fd=7, events=POLLIN}], 1, 0) = 0 (Timeout) <0.000123>
227   09:14:07.283857 poll([{fd=7, events=POLLIN}], 1, 0) = 0 (Timeout) <0.000187>
227   09:14:08.151687 poll([{fd=7, events=POLLIN}], 1, 0) = 0 (Timeout) <0.000125>
227   09:14:08.216567 poll([{fd=7, events=POLLIN}], 1, 0) = 0 (Timeout) <0.000121>
227   09:14:08.241905 poll([{fd=7, events=POLLIN}], 1, 0) = 0 (Timeout) <0.000129>
227   09:14:08.268727 poll([{fd=7, events=POLLIN}], 1, 0) = 0 (Timeout) <0.000124>
227   09:14:08.290745 poll([{fd=7, events=POLLIN}], 1, 0) = 0 (Timeout) <0.000124>
227   09:14:08.312675 poll([{fd=7, events=POLLIN}], 1, 0) = 0 (Timeout) <0.000124>
227   09:14:08.334629 poll([{fd=7, events=POLLIN}], 1, 0) = 0 (Timeout) <0.000122>
227   09:14:08.356603 poll([{fd=7, events=POLLIN}], 1, 0) = 0 (Timeout) <0.000116>
227   09:14:08.378601 poll([{fd=7, events=POLLIN}], 1, 0) = 0 (Timeout) <0.000123>
227   09:14:08.400607 poll([{fd=7, events=POLLIN}], 1, 0) = 0 (Timeout) <0.000125>
227   09:14:08.422665 poll([{fd=7, events=POLLIN}], 1, 0) = 0 (Timeout) <0.000123>
227   09:14:08.444734 poll([{fd=7, events=POLLIN}], 1, 0) = 0 (Timeout) <0.000123>
227   09:14:08.506714 poll([{fd=7, events=POLLIN}], 1, 0) = 0 (Timeout) <0.000123>
227   09:14:08.530844 poll([{fd=7, events=POLLIN}], 1, 0) = 0 (Timeout) <0.000121>
227   09:14:08.556814 poll([{fd=7, events=POLLIN}], 1, 0) = 0 (Timeout) <0.000126>
227   09:14:08.582327 poll([{fd=7, events=POLLIN}], 1, 0) = 0 (Timeout) <0.001752>
227   09:14:08.607500 poll([{fd=7, events=POLLIN}], 1, 0) = 0 (Timeout) <0.000124>
227   09:14:08.629698 poll([{fd=7, events=POLLIN}], 1, 0) = 0 (Timeout) <0.000121>
227   09:14:08.653515 poll([{fd=7, events=POLLIN}], 1, 0) = 0 (Timeout) <0.000123>
227   09:14:08.675623 poll([{fd=7, events=POLLIN}], 1, 0) = 0 (Timeout) <0.000125>
227   09:14:08.697721 poll([{fd=7, events=POLLIN}], 1, 0) = 0 (Timeout) <0.000125>
227   09:14:10.426397 poll([{fd=7, events=POLLIN}], 1, 0) = 0 (Timeout) <0.000136>
227   09:14:10.448356 poll([{fd=7, events=POLLIN}], 1, 0) = 0 (Timeout) <0.000118>
227   09:14:10.511678 poll([{fd=7, events=POLLIN}], 1, 0) = 0 (Timeout) <0.000125>
227   09:14:10.533569 poll([{fd=7, events=POLLIN}], 1, 0) = 0 (Timeout) <0.000119>
227   09:14:10.555597 poll([{fd=7, events=POLLIN}], 1, 0) = 0 (Timeout) <0.000125>
227   09:14:10.577942 poll([{fd=7, events=POLLIN}], 1, 0) = 0 (Timeout) <0.000124>
227   09:14:10.599886 poll([{fd=7, events=POLLIN}], 1, 0) = 0 (Timeout) <0.000121>
227   09:14:10.622286 poll([{fd=7, events=POLLIN}], 1, 0) = 0 (Timeout) <0.000121>
227   09:14:10.644278 poll([{fd=7, events=POLLIN}], 1, 0) = 0 (Timeout) <0.000124>
227   09:14:10.666249 poll([{fd=7, events=POLLIN}], 1, 0) = 0 (Timeout) <0.000123>
227   09:14:10.688217 poll([{fd=7, events=POLLIN}], 1, 0) = 0 (Timeout) <0.000123>
227   09:14:10.710313 poll([{fd=7, events=POLLIN}], 1, 0) = 0 (Timeout) <0.000123>
227   09:14:10.772212 poll([{fd=7, events=POLLIN}], 1, 0) = 0 (Timeout) <0.000117>
227   09:14:10.794354 poll([{fd=7, events=POLLIN}], 1, 0) = 0 (Timeout) <0.000120>
227   09:14:10.816400 poll([{fd=7, events=POLLIN}], 1, 0) = 0 (Timeout) <0.000124>
227   09:14:10.838391 poll([{fd=7, events=POLLIN}], 1, 0) = 0 (Timeout) <0.000118>
227   09:14:10.860443 poll([{fd=7, events=POLLIN}], 1, 0) = 0 (Timeout) <0.000124>
227   09:14:10.883573 poll([{fd=7, events=POLLIN}], 1, 0) = 0 (Timeout) <0.000122>
227   09:14:10.905693 poll([{fd=7, events=POLLIN}], 1, 0) = 0 (Timeout) <0.000123>
227   09:14:10.927591 poll([{fd=7, events=POLLIN}], 1, 0) = 0 (Timeout) <0.000124>
227   09:14:10.949599 poll([{fd=7, events=POLLIN}], 1, 0) = 0 (Timeout) <0.000222>
227   09:14:11.808308 poll([{fd=7, events=POLLIN}], 1, 0) = 0 (Timeout) <0.000203>
227   09:14:11.830221 poll([{fd=7, events=POLLIN}], 1, 0) = 0 (Timeout) <0.000126>
227   09:14:11.893298 poll([{fd=7, events=POLLIN}], 1, 0) = 0 (Timeout) <0.000118>
227   09:14:11.915192 poll([{fd=7, events=POLLIN}], 1, 0) = 0 (Timeout) <0.000122>
227   09:14:11.936990 poll([{fd=7, events=POLLIN}], 1, 0) = 0 (Timeout) <0.000123>
227   09:14:11.958798 poll([{fd=7, events=POLLIN}], 1, 0) = 0 (Timeout) <0.000120>
227   09:14:11.980711 poll([{fd=7, events=POLLIN}], 1, 0) = 0 (Timeout) <0.000122>
227   09:14:12.002752 poll([{fd=7, events=POLLIN}], 1, 0) = 0 (Timeout) <0.000120>
227   09:14:12.025278 poll([{fd=7, events=POLLIN}], 1, 0) = 0 (Timeout) <0.000124>
227   09:14:12.047252 poll([{fd=7, events=POLLIN}], 1, 0) = 0 (Timeout) <0.000119>
227   09:14:12.069180 poll([{fd=7, events=POLLIN}], 1, 0) = 0 (Timeout) <0.000123>
227   09:14:12.091262 poll([{fd=7, events=POLLIN}], 1, 0) = 0 (Timeout) <0.000123>
227   09:14:12.113328 poll([{fd=7, events=POLLIN}], 1, 0) = 0 (Timeout) <0.000126>
227   09:14:12.176010 poll([{fd=7, events=POLLIN}], 1, 0) = 0 (Timeout) <0.000125>
227   09:14:12.197943 poll([{fd=7, events=POLLIN}], 1, 0) = 0 (Timeout) <0.000122>
227   09:14:12.220161 poll([{fd=7, events=POLLIN}], 1, 0) = 0 (Timeout) <0.000123>
227   09:14:12.242212 poll([{fd=7, events=POLLIN}], 1, 0) = 0 (Timeout) <0.000120>
227   09:14:12.264271 poll([{fd=7, events=POLLIN}], 1, 0) = 0 (Timeout) <0.000125>
227   09:14:12.286294 poll([{fd=7, events=POLLIN}], 1, 0) = 0 (Timeout) <0.000121>
227   09:14:12.308370 poll([{fd=7, events=POLLIN}], 1, 0) = 0 (Timeout) <0.000125>
227   09:14:12.330584 poll([{fd=7, events=POLLIN}], 1, 0) = 0 (Timeout) <0.000127>
227   09:14:13.191680 poll([{fd=7, events=POLLIN}], 1, 0) = 0 (Timeout) <0.000135>
227   09:14:13.213721 poll([{fd=7, events=POLLIN}], 1, 0) = 0 (Timeout) <0.000126>
227   09:14:13.277566 poll([{fd=7, events=POLLIN}], 1, 0) = 0 (Timeout) <0.000123>
227   09:14:13.299545 poll([{fd=7, events=POLLIN}], 1, 0) = 0 (Timeout) <0.000122>
227   09:14:13.321537 poll([{fd=7, events=POLLIN}], 1, 0) = 0 (Timeout) <0.000124>
227   09:14:13.343521 poll([{fd=7, events=POLLIN}], 1, 0) = 0 (Timeout) <0.000122>
227   09:14:13.365507 poll([{fd=7, events=POLLIN}], 1, 0) = 0 (Timeout) <0.000119>
227   09:14:13.387467 poll([{fd=7, events=POLLIN}], 1, 0) = 0 (Timeout) <0.000122>
227   09:14:13.409450 poll([{fd=7, events=POLLIN}], 1, 0) = 0 (Timeout) <0.000125>
227   09:14:13.431448 poll([{fd=7, events=POLLIN}], 1, 0) = 0 (Timeout) <0.000124>
227   09:14:13.453496 poll([{fd=7, events=POLLIN}], 1, 0) = 0 (Timeout) <0.000123>
227   09:14:13.475560 poll([{fd=7, events=POLLIN}], 1, 0) = 0 (Timeout) <0.000120>
227   09:14:13.497985 poll([{fd=7, events=POLLIN}], 1, 0) = 0 (Timeout) <0.000124>
227   09:14:13.560689 poll([{fd=7, events=POLLIN}], 1, 0) = 0 (Timeout) <0.000118>
227   09:14:13.582691 poll([{fd=7, events=POLLIN}], 1, 0) = 0 (Timeout) <0.000118>
227   09:14:13.604699 poll([{fd=7, events=POLLIN}], 1, 0) = 0 (Timeout) <0.000121>
227   09:14:13.626880 poll([{fd=7, events=POLLIN}], 1, 0) = 0 (Timeout) <0.000121>
227   09:14:13.648948 poll([{fd=7, events=POLLIN}], 1, 0) = 0 (Timeout) <0.000121>
227   09:14:13.670941 poll([{fd=7, events=POLLIN}], 1, 0) = 0 (Timeout) <0.000125>
227   09:14:13.692998 poll([{fd=7, events=POLLIN}], 1, 0) = 0 (Timeout) <0.000122>
227   09:14:13.715058 poll([{fd=7, events=POLLIN}], 1, 0) = 0 (Timeout) <0.000118>
227   09:14:13.737169 poll([{fd=7, events=POLLIN}], 1, 0) = 0 (Timeout) <0.000184>
227   09:14:14.598659 poll([{fd=7, events=POLLIN}], 1, 0) = 0 (Timeout) <0.000121>
227   09:14:14.620872 poll([{fd=7, events=POLLIN}], 1, 0) = 0 (Timeout) <0.000123>
227   09:14:14.686606 poll([{fd=7, events=POLLIN}], 1, 0) = 0 (Timeout) <0.000128>
227   09:14:14.711744 poll([{fd=7, events=POLLIN}], 1, 0) = 0 (Timeout) <0.000126>
227   09:14:14.733792 poll([{fd=7, events=POLLIN}], 1, 0) = 0 (Timeout) <0.000219>
227   09:14:14.755794 poll([{fd=7, events=POLLIN}], 1, 0) = 0 (Timeout) <0.000122>
227   09:14:14.777582 poll([{fd=7, events=POLLIN}], 1, 0) = 0 (Timeout) <0.000122>
227   09:14:14.799516 poll([{fd=7, events=POLLIN}], 1, 0) = 0 (Timeout) <0.000122>
227   09:14:14.821480 poll([{fd=7, events=POLLIN}], 1, 0) = 0 (Timeout) <0.000121>
227   09:14:14.843479 poll([{fd=7, events=POLLIN}], 1, 0) = 0 (Timeout) <0.000123>
227   09:14:14.865657 poll([{fd=7, events=POLLIN}], 1, 0) = 0 (Timeout) <0.000124>
227   09:14:14.887713 poll([{fd=7, events=POLLIN}], 1, 0) = 0 (Timeout) <0.000120>
227   09:14:14.955219 poll([{fd=7, events=POLLIN}], 1, 0) = 0 (Timeout) <0.000114>
227   09:14:14.977741 poll([{fd=7, events=POLLIN}], 1, 0) = 0 (Timeout) <0.000121>
227   09:14:14.999706 poll([{fd=7, events=POLLIN}], 1, 0) = 0 (Timeout) <0.000127>
227   09:14:15.022446 poll([{fd=7, events=POLLIN}], 1, 0) = 0 (Timeout) <0.000123>
227   09:14:15.044601 poll([{fd=7, events=POLLIN}], 1, 0) = 0 (Timeout) <0.000124>
227   09:14:15.066530 poll([{fd=7, events=POLLIN}], 1, 0) = 0 (Timeout) <0.000121>
227   09:14:15.088494 poll([{fd=7, events=POLLIN}], 1, 0) = 0 (Timeout) <0.000124>
227   09:14:15.110645 poll([{fd=7, events=POLLIN}], 1, 0) = 0 (Timeout) <0.000121>
227   09:14:15.132818 poll([{fd=7, events=POLLIN}], 1, 0) = 0 (Timeout) <0.000260>
227   09:14:15.995729 poll([{fd=7, events=POLLIN}], 1, 0) = 0 (Timeout) <0.000135>
227   09:14:16.017840 poll([{fd=7, events=POLLIN}], 1, 0) = 0 (Timeout) <0.000124>
227   09:14:16.081598 poll([{fd=7, events=POLLIN}], 1, 0) = 0 (Timeout) <0.000125>
227   09:14:16.104653 poll([{fd=7, events=POLLIN}], 1, 0) = 0 (Timeout) <0.000124>
227   09:14:16.126713 poll([{fd=7, events=POLLIN}], 1, 0) = 0 (Timeout) <0.000123>
227   09:14:16.148711 poll([{fd=7, events=POLLIN}], 1, 0) = 0 (Timeout) <0.000123>
227   09:14:16.171153 poll([{fd=7, events=POLLIN}], 1, 0) = 0 (Timeout) <0.000123>
227   09:14:16.193110 poll([{fd=7, events=POLLIN}], 1, 0) = 0 (Timeout) <0.000124>
227   09:14:16.215158 poll([{fd=7, events=POLLIN}], 1, 0) = 0 (Timeout) <0.000117>
227   09:14:16.237035 poll([{fd=7, events=POLLIN}], 1, 0) = 0 (Timeout) <0.000122>
227   09:14:16.259016 poll([{fd=7, events=POLLIN}], 1, 0) = 0 (Timeout) <0.000122>
227   09:14:16.281066 poll([{fd=7, events=POLLIN}], 1, 0) = 0 (Timeout) <0.000122>
227   09:14:16.303113 poll([{fd=7, events=POLLIN}], 1, 0) = 0 (Timeout) <0.000124>
227   09:14:16.366476 poll([{fd=7, events=POLLIN}], 1, 0) = 0 (Timeout) <0.000122>
227   09:14:16.388575 poll([{fd=7, events=POLLIN}], 1, 0) = 0 (Timeout) <0.000124>
227   09:14:16.410665 poll([{fd=7, events=POLLIN}], 1, 0) = 0 (Timeout) <0.000123>
227   09:14:16.432825 poll([{fd=7, events=POLLIN}], 1, 0) = 0 (Timeout) <0.000121>
227   09:14:16.454855 poll([{fd=7, events=POLLIN}], 1, 0) = 0 (Timeout) <0.000121>
227   09:14:16.477402 poll([{fd=7, events=POLLIN}], 1, 0) = 0 (Timeout) <0.000121>
227   09:14:16.499655 poll([{fd=7, events=POLLIN}], 1, 0) = 0 (Timeout) <0.000125>
227   09:14:16.521893 poll([{fd=7, events=POLLIN}], 1, 0) = 0 (Timeout) <0.000119>
227   09:14:17.384113 poll([{fd=7, events=POLLIN}], 1, 0) = 0 (Timeout) <0.000138>
227   09:14:17.406203 poll([{fd=7, events=POLLIN}], 1, 0) = 0 (Timeout) <0.000120>
227   09:14:17.470372 poll([{fd=7, events=POLLIN}], 1, 0) = 0 (Timeout) <0.000122>
227   09:14:17.492435 poll([{fd=7, events=POLLIN}], 1, 0) = 0 (Timeout) <0.000120>
227   09:14:17.514429 poll([{fd=7, events=POLLIN}], 1, 0) = 0 (Timeout) <0.000125>
227   09:14:17.536381 poll([{fd=7, events=POLLIN}], 1, 0) = 0 (Timeout) <0.000123>
227   09:14:17.558323 poll([{fd=7, events=POLLIN}], 1, 0) = 0 (Timeout) <0.000119>
227   09:14:17.580306 poll([{fd=7, events=POLLIN}], 1, 0) = 0 (Timeout) <0.000122>
227   09:14:17.602323 poll([{fd=7, events=POLLIN}], 1, 0) = 0 (Timeout) <0.000123>
227   09:14:17.624478 poll([{fd=7, events=POLLIN}], 1, 0) = 0 (Timeout) <0.000123>
227   09:14:17.646807 poll([{fd=7, events=POLLIN}], 1, 0) = 0 (Timeout) <0.000123>
227   09:14:17.668687 poll([{fd=7, events=POLLIN}], 1, 0) = 0 (Timeout) <0.000124>
227   09:14:17.690601 poll([{fd=7, events=POLLIN}], 1, 0) = 0 (Timeout) <0.000125>
227   09:14:17.753395 poll([{fd=7, events=POLLIN}], 1, 0) = 0 (Timeout) <0.000124>
227   09:14:17.775443 poll([{fd=7, events=POLLIN}], 1, 0) = 0 (Timeout) <0.000120>
227   09:14:17.797324 poll([{fd=7, events=POLLIN}], 1, 0) = 0 (Timeout) <0.000116>
227   09:14:17.819199 poll([{fd=7, events=POLLIN}], 1, 0) = 0 (Timeout) <0.000122>
227   09:14:17.841247 poll([{fd=7, events=POLLIN}], 1, 0) = 0 (Timeout) <0.000121>
227   09:14:17.863203 poll([{fd=7, events=POLLIN}], 1, 0) = 0 (Timeout) <0.000122>
227   09:14:17.885262 poll([{fd=7, events=POLLIN}], 1, 0) = 0 (Timeout) <0.000122>
227   09:14:17.907280 poll([{fd=7, events=POLLIN}], 1, 0) = 0 (Timeout) <0.000120>
227   09:14:17.929226 poll([{fd=7, events=POLLIN}], 1, 0) = 0 (Timeout) <0.000191>
227   09:14:18.778844 poll([{fd=7, events=POLLIN}], 1, 0) = 0 (Timeout) <0.000122>
227   09:14:18.800832 poll([{fd=7, events=POLLIN}], 1, 0) = 0 (Timeout) <0.002500>
227   09:14:18.868555 poll([{fd=7, events=POLLIN}], 1, 0) = 0 (Timeout) <0.000124>
227   09:14:18.895319 poll([{fd=7, events=POLLIN}], 1, 0) = 0 (Timeout) <0.000128>
227   09:14:18.920690 poll([{fd=7, events=POLLIN}], 1, 0) = 0 (Timeout) <0.000127>
227   09:14:18.945709 poll([{fd=7, events=POLLIN}], 1, 0) = 0 (Timeout) <0.000127>
227   09:14:18.972242 poll([{fd=7, events=POLLIN}], 1, 0) = 0 (Timeout) <0.000126>
227   09:14:18.994379 poll([{fd=7, events=POLLIN}], 1, 0) = 0 (Timeout) <0.000123>
227   09:14:19.016389 poll([{fd=7, events=POLLIN}], 1, 0) = 0 (Timeout) <0.000122>
227   09:14:19.038382 poll([{fd=7, events=POLLIN}], 1, 0) = 0 (Timeout) <0.000118>
227   09:14:19.060532 poll([{fd=7, events=POLLIN}], 1, 0) = 0 (Timeout) <0.000126>
227   09:14:19.083682 poll([{fd=7, events=POLLIN}], 1, 0) = 0 (Timeout) <0.000125>
227   09:14:19.149201 poll([{fd=7, events=POLLIN}], 1, 0) = 0 (Timeout) <0.000125>
227   09:14:19.171368 poll([{fd=7, events=POLLIN}], 1, 0) = 0 (Timeout) <0.000126>
227   09:14:19.193515 poll([{fd=7, events=POLLIN}], 1, 0) = 0 (Timeout) <0.000123>
227   09:14:19.215637 poll([{fd=7, events=POLLIN}], 1, 0) = 0 (Timeout) <0.000125>
227   09:14:19.237612 poll([{fd=7, events=POLLIN}], 1, 0) = 0 (Timeout) <0.000122>
227   09:14:19.259617 poll([{fd=7, events=POLLIN}], 1, 0) = 0 (Timeout) <0.000120>
227   09:14:19.281671 poll([{fd=7, events=POLLIN}], 1, 0) = 0 (Timeout) <0.000121>
227   09:14:19.303784 poll([{fd=7, events=POLLIN}], 1, 0) = 0 (Timeout) <0.000135>
227   09:14:19.326030 poll([{fd=7, events=POLLIN}], 1, 0) = 0 (Timeout) <0.000122>
227   09:14:20.179686 poll([{fd=7, events=POLLIN}], 1, 0) = 0 (Timeout) <0.000126>
227   09:14:20.201695 poll([{fd=7, events=POLLIN}], 1, 0) = 0 (Timeout) <0.000122>
227   09:14:20.266466 poll([{fd=7, events=POLLIN}], 1, 0) = 0 (Timeout) <0.000120>
227   09:14:20.288311 poll([{fd=7, events=POLLIN}], 1, 0) = 0 (Timeout) <0.000125>
227   09:14:20.323310 poll([{fd=7, events=POLLIN}], 1, 0) = 0 (Timeout) <0.000125>
227   09:14:20.345337 poll([{fd=7, events=POLLIN}], 1, 0) = 0 (Timeout) <0.000121>
227   09:14:20.367288 poll([{fd=7, events=POLLIN}], 1, 0) = 0 (Timeout) <0.000123>
227   09:14:20.389340 poll([{fd=7, events=POLLIN}], 1, 0) = 0 (Timeout) <0.000121>
227   09:14:20.411368 poll([{fd=7, events=POLLIN}], 1, 0) = 0 (Timeout) <0.000124>
227   09:14:20.433446 poll([{fd=7, events=POLLIN}], 1, 0) = 0 (Timeout) <0.000119>
227   09:14:20.455509 poll([{fd=7, events=POLLIN}], 1, 0) = 0 (Timeout) <0.000122>
227   09:14:20.477456 poll([{fd=7, events=POLLIN}], 1, 0) = 0 (Timeout) <0.000118>
227   09:14:20.499599 poll([{fd=7, events=POLLIN}], 1, 0) = 0 (Timeout) <0.000348>
227   09:14:20.562790 poll([{fd=7, events=POLLIN}], 1, 0) = 0 (Timeout) <0.000122>
227   09:14:20.584762 poll([{fd=7, events=POLLIN}], 1, 0) = 0 (Timeout) <0.000121>
227   09:14:20.606681 poll([{fd=7, events=POLLIN}], 1, 0) = 0 (Timeout) <0.000125>
227   09:14:20.630268 poll([{fd=7, events=POLLIN}], 1, 0) = 0 (Timeout) <0.000126>
227   09:14:20.652336 poll([{fd=7, events=POLLIN}], 1, 0) = 0 (Timeout) <0.000126>
227   09:14:20.674722 poll([{fd=7, events=POLLIN}], 1, 0) = 0 (Timeout) <0.000123>
227   09:14:20.696580 poll([{fd=7, events=POLLIN}], 1, 0) = 0 (Timeout) <0.000121>
227   09:14:20.718515 poll([{fd=7, events=POLLIN}], 1, 0) = 0 (Timeout) <0.000120>
227   09:14:20.740585 poll([{fd=7, events=POLLIN}], 1, 0) = 0 (Timeout) <0.000220>
227   09:14:21.593013 poll([{fd=7, events=POLLIN}], 1, 0) = 0 (Timeout) <0.000123>
227   09:14:21.656293 poll([{fd=7, events=POLLIN}], 1, 0) = 0 (Timeout) <0.000122>
227   09:14:21.678179 poll([{fd=7, events=POLLIN}], 1, 0) = 0 (Timeout) <0.000120>
227   09:14:21.699937 poll([{fd=7, events=POLLIN}], 1, 0) = 0 (Timeout) <0.000122>
227   09:14:21.721811 poll([{fd=7, events=POLLIN}], 1, 0) = 0 (Timeout) <0.000123>
227   09:14:21.743695 poll([{fd=7, events=POLLIN}], 1, 0) = 0 (Timeout) <0.000116>
227   09:14:21.765552 poll([{fd=7, events=POLLIN}], 1, 0) = 0 (Timeout) <0.000123>
227   09:14:21.787821 poll([{fd=7, events=POLLIN}], 1, 0) = 0 (Timeout) <0.000124>
227   09:14:21.809949 poll([{fd=7, events=POLLIN}], 1, 0) = 0 (Timeout) <0.000119>
227   09:14:21.832108 poll([{fd=7, events=POLLIN}], 1, 0) = 0 (Timeout) <0.000124>
227   09:14:21.854154 poll([{fd=7, events=POLLIN}], 1, 0) = 0 (Timeout) <0.000124>
227   09:14:21.915570 poll([{fd=7, events=POLLIN}], 1, 0) = 0 (Timeout) <0.000123>
227   09:14:21.938366 poll([{fd=7, events=POLLIN}], 1, 0) = 0 (Timeout) <0.000122>
227   09:14:21.960370 poll([{fd=7, events=POLLIN}], 1, 0) = 0 (Timeout) <0.000127>
227   09:14:21.982495 poll([{fd=7, events=POLLIN}], 1, 0) = 0 (Timeout) <0.000119>
227   09:14:22.004589 poll([{fd=7, events=POLLIN}], 1, 0) = 0 (Timeout) <0.000123>
227   09:14:22.026566 poll([{fd=7, events=POLLIN}], 1, 0) = 0 (Timeout) <0.000124>
227   09:14:22.048579 poll([{fd=7, events=POLLIN}], 1, 0) = 0 (Timeout) <0.000115>
227   09:14:22.070700 poll([{fd=7, events=POLLIN}], 1, 0) = 0 (Timeout) <0.000123>
227   09:14:22.093386 poll([{fd=7, events=POLLIN}], 1, 0) = 0 (Timeout) <0.000126>
227   09:14:22.949970 poll([{fd=7, events=POLLIN}], 1, 0) = 0 (Timeout) <0.000174>
227   09:14:22.972090 poll([{fd=7, events=POLLIN}], 1, 0) = 0 (Timeout) <0.000119>
227   09:14:23.035814 poll([{fd=7, events=POLLIN}], 1, 0) = 0 (Timeout) <0.000116>
227   09:14:23.057680 poll([{fd=7, events=POLLIN}], 1, 0) = 0 (Timeout) <0.000123>
227   09:14:23.079601 poll([{fd=7, events=POLLIN}], 1, 0) = 0 (Timeout) <0.000120>
227   09:14:23.101519 poll([{fd=7, events=POLLIN}], 1, 0) = 0 (Timeout) <0.000120>
227   09:14:23.123640 poll([{fd=7, events=POLLIN}], 1, 0) = 0 (Timeout) <0.000125>
227   09:14:23.145621 poll([{fd=7, events=POLLIN}], 1, 0) = 0 (Timeout) <0.000122>
227   09:14:23.167538 poll([{fd=7, events=POLLIN}], 1, 0) = 0 (Timeout) <0.000123>
227   09:14:23.189581 poll([{fd=7, events=POLLIN}], 1, 0) = 0 (Timeout) <0.000120>
227   09:14:23.211551 poll([{fd=7, events=POLLIN}], 1, 0) = 0 (Timeout) <0.000124>
227   09:14:23.234048 poll([{fd=7, events=POLLIN}], 1, 0) = 0 (Timeout) <0.000121>
227   09:14:23.256032 poll([{fd=7, events=POLLIN}], 1, 0) = 0 (Timeout) <0.000125>
227   09:14:23.317867 poll([{fd=7, events=POLLIN}], 1, 0) = 0 (Timeout) <0.000126>
227   09:14:23.339868 poll([{fd=7, events=POLLIN}], 1, 0) = 0 (Timeout) <0.000125>
227   09:14:23.361949 poll([{fd=7, events=POLLIN}], 1, 0) = 0 (Timeout) <0.000124>
227   09:14:23.383902 poll([{fd=7, events=POLLIN}], 1, 0) = 0 (Timeout) <0.000125>
227   09:14:23.405972 poll([{fd=7, events=POLLIN}], 1, 0) = 0 (Timeout) <0.000123>
227   09:14:23.428091 poll([{fd=7, events=POLLIN}], 1, 0) = 0 (Timeout) <0.000122>
227   09:14:23.450172 poll([{fd=7, events=POLLIN}], 1, 0) = 0 (Timeout) <0.000120>
227   09:14:23.472612 poll([{fd=7, events=POLLIN}], 1, 0) = 0 (Timeout) <0.000121>
227   09:14:23.494764 poll([{fd=7, events=POLLIN}], 1, 0) = 0 (Timeout) <0.000216>
227   09:14:24.350260 poll([{fd=7, events=POLLIN}], 1, 0) = 0 (Timeout) <0.000127>
227   09:14:24.413598 poll([{fd=7, events=POLLIN}], 1, 0) = 0 (Timeout) <0.000122>
227   09:14:24.436029 poll([{fd=7, events=POLLIN}], 1, 0) = 0 (Timeout) <0.000123>
227   09:14:24.457873 poll([{fd=7, events=POLLIN}], 1, 0) = 0 (Timeout) <0.000121>
227   09:14:24.479739 poll([{fd=7, events=POLLIN}], 1, 0) = 0 (Timeout) <0.000120>
227   09:14:24.501848 poll([{fd=7, events=POLLIN}], 1, 0) = 0 (Timeout) <0.000123>
227   09:14:24.523748 poll([{fd=7, events=POLLIN}], 1, 0) = 0 (Timeout) <0.000125>
227   09:14:24.545716 poll([{fd=7, events=POLLIN}], 1, 0) = 0 (Timeout) <0.000123>
227   09:14:24.567611 poll([{fd=7, events=POLLIN}], 1, 0) = 0 (Timeout) <0.000118>
227   09:14:24.589516 poll([{fd=7, events=POLLIN}], 1, 0) = 0 (Timeout) <0.000119>
227   09:14:24.611458 poll([{fd=7, events=POLLIN}], 1, 0) = 0 (Timeout) <0.000124>
227   09:14:24.633581 poll([{fd=7, events=POLLIN}], 1, 0) = 0 (Timeout) <0.000125>
227   09:14:24.695625 poll([{fd=7, events=POLLIN}], 1, 0) = 0 (Timeout) <0.000123>
227   09:14:24.717497 poll([{fd=7, events=POLLIN}], 1, 0) = 0 (Timeout) <0.000125>
227   09:14:24.740208 poll([{fd=7, events=POLLIN}], 1, 0) = 0 (Timeout) <0.000121>
227   09:14:24.762267 poll([{fd=7, events=POLLIN}], 1, 0) = 0 (Timeout) <0.000122>
227   09:14:24.784396 poll([{fd=7, events=POLLIN}], 1, 0) = 0 (Timeout) <0.000123>
227   09:14:24.806448 poll([{fd=7, events=POLLIN}], 1, 0) = 0 (Timeout) <0.000114>
227   09:14:24.828384 poll([{fd=7, events=POLLIN}], 1, 0) = 0 (Timeout) <0.000120>
227   09:14:24.850442 poll([{fd=7, events=POLLIN}], 1, 0) = 0 (Timeout) <0.000126>
227   09:14:24.872609 poll([{fd=7, events=POLLIN}], 1, 0) = 0 (Timeout) <0.000222>
227   09:14:25.729411 poll([{fd=7, events=POLLIN}], 1, 0) = 0 (Timeout) <0.000121>
227   09:14:25.751346 poll([{fd=7, events=POLLIN}], 1, 0) = 0 (Timeout) <0.000125>
227   09:14:25.815542 poll([{fd=7, events=POLLIN}], 1, 0) = 0 (Timeout) <0.000121>
227   09:14:25.837439 poll([{fd=7, events=POLLIN}], 1, 0) = 0 (Timeout) <0.000123>
227   09:14:25.859456 poll([{fd=7, events=POLLIN}], 1, 0) = 0 (Timeout) <0.000120>
227   09:14:25.881801 poll([{fd=7, events=POLLIN}], 1, 0) = 0 (Timeout) <0.000120>
227   09:14:25.903791 poll([{fd=7, events=POLLIN}], 1, 0) = 0 (Timeout) <0.000120>
227   09:14:25.925752 poll([{fd=7, events=POLLIN}], 1, 0) = 0 (Timeout) <0.000124>
227   09:14:25.947789 poll([{fd=7, events=POLLIN}], 1, 0) = 0 (Timeout) <0.000122>
227   09:14:25.969729 poll([{fd=7, events=POLLIN}], 1, 0) = 0 (Timeout) <0.000122>
227   09:14:25.991757 poll([{fd=7, events=POLLIN}], 1, 0) = 0 (Timeout) <0.000125>
227   09:14:26.013703 poll([{fd=7, events=POLLIN}], 1, 0) = 0 (Timeout) <0.000119>
227   09:14:26.076006 poll([{fd=7, events=POLLIN}], 1, 0) = 0 (Timeout) <0.000125>
227   09:14:26.097997 poll([{fd=7, events=POLLIN}], 1, 0) = 0 (Timeout) <0.000118>
227   09:14:26.120213 poll([{fd=7, events=POLLIN}], 1, 0) = 0 (Timeout) <0.000123>
227   09:14:26.142312 poll([{fd=7, events=POLLIN}], 1, 0) = 0 (Timeout) <0.000127>
227   09:14:26.164381 poll([{fd=7, events=POLLIN}], 1, 0) = 0 (Timeout) <0.000122>
227   09:14:26.186334 poll([{fd=7, events=POLLIN}], 1, 0) = 0 (Timeout) <0.000126>
227   09:14:26.208682 poll([{fd=7, events=POLLIN}], 1, 0) = 0 (Timeout) <0.000121>
227   09:14:26.230712 poll([{fd=7, events=POLLIN}], 1, 0) = 0 (Timeout) <0.000124>
227   09:14:26.252913 poll([{fd=7, events=POLLIN}], 1, 0) = 0 (Timeout) <0.000125>
227   09:14:27.110175 poll([{fd=7, events=POLLIN}], 1, 0) = 0 (Timeout) <0.000135>
227   09:14:27.132260 poll([{fd=7, events=POLLIN}], 1, 0) = 0 (Timeout) <0.000124>
227   09:14:27.196107 poll([{fd=7, events=POLLIN}], 1, 0) = 0 (Timeout) <0.000122>
227   09:14:27.218046 poll([{fd=7, events=POLLIN}], 1, 0) = 0 (Timeout) <0.000125>
227   09:14:27.239957 poll([{fd=7, events=POLLIN}], 1, 0) = 0 (Timeout) <0.000123>
227   09:14:27.262055 poll([{fd=7, events=POLLIN}], 1, 0) = 0 (Timeout) <0.000121>
227   09:14:27.284169 poll([{fd=7, events=POLLIN}], 1, 0) = 0 (Timeout) <0.000126>
227   09:14:27.306256 poll([{fd=7, events=POLLIN}], 1, 0) = 0 (Timeout) <0.000120>
227   09:14:27.330421 poll([{fd=7, events=POLLIN}], 1, 0) = 0 (Timeout) <0.000125>
227   09:14:27.352957 poll([{fd=7, events=POLLIN}], 1, 0) = 0 (Timeout) <0.000123>
227   09:14:27.374952 poll([{fd=7, events=POLLIN}], 1, 0) = 0 (Timeout) <0.000116>
227   09:14:27.396910 poll([{fd=7, events=POLLIN}], 1, 0) = 0 (Timeout) <0.000123>
227   09:14:27.418764 poll([{fd=7, events=POLLIN}], 1, 0) = 0 (Timeout) <0.000118>
227   09:14:27.483379 poll([{fd=7, events=POLLIN}], 1, 0) = 0 (Timeout) <0.000121>
227   09:14:27.505476 poll([{fd=7, events=POLLIN}], 1, 0) = 0 (Timeout) <0.000121>
227   09:14:27.527420 poll([{fd=7, events=POLLIN}], 1, 0) = 0 (Timeout) <0.000117>
227   09:14:27.560470 poll([{fd=7, events=POLLIN}], 1, 0) = 0 (Timeout) <0.000117>
227   09:14:27.582400 poll([{fd=7, events=POLLIN}], 1, 0) = 0 (Timeout) <0.000123>
227   09:14:27.604297 poll([{fd=7, events=POLLIN}], 1, 0) = 0 (Timeout) <0.000246>
227   09:14:27.638735 poll([{fd=7, events=POLLIN}], 1, 0) = 0 (Timeout) <0.000134>
227   09:14:27.660708 poll([{fd=7, events=POLLIN}], 1, 0) = 0 (Timeout) <0.000128>
227   09:14:27.695855 poll([{fd=7, events=POLLIN}], 1, 0) = 0 (Timeout) <0.000122>
227   09:14:27.717865 poll([{fd=7, events=POLLIN}], 1, 0) = 0 (Timeout) <0.000120>
227   09:14:27.739854 poll([{fd=7, events=POLLIN}], 1, 0) = 0 (Timeout) <0.000124>
227   09:14:27.825520 poll([{fd=7, events=POLLIN}], 1, 0) = 0 (Timeout) <0.000123>
227   09:14:27.847459 poll([{fd=7, events=POLLIN}], 1, 0) = 0 (Timeout) <0.000120>
227   09:14:27.877863 poll([{fd=7, events=POLLIN}], 1, 0) = 0 (Timeout) <0.000119>
227   09:14:27.899832 poll([{fd=7, events=POLLIN}], 1, 0) = 0 (Timeout) <0.000119>
227   09:14:27.921742 poll([{fd=7, events=POLLIN}], 1, 0) = 0 (Timeout) <0.000120>
227   09:14:27.959406 poll([{fd=7, events=POLLIN}], 1, 0) = 0 (Timeout) <0.000125>
227   09:14:27.981432 poll([{fd=7, events=POLLIN}], 1, 0) = 0 (Timeout) <0.000124>
227   09:14:28.003475 poll([{fd=7, events=POLLIN}], 1, 0) = 0 (Timeout) <0.000122>
227   09:14:28.039162 poll([{fd=7, events=POLLIN}], 1, 0) = 0 (Timeout) <0.000124>
227   09:14:28.061283 poll([{fd=7, events=POLLIN}], 1, 0) = 0 (Timeout) <0.000123>
227   09:14:28.092416 poll([{fd=7, events=POLLIN}], 1, 0) = 0 (Timeout) <0.000127>
227   09:14:28.155811 poll([{fd=7, events=POLLIN}], 1, 0) = 0 (Timeout) <0.000121>
227   09:14:28.177688 poll([{fd=7, events=POLLIN}], 1, 0) = 0 (Timeout) <0.000121>
227   09:14:28.212117 poll([{fd=7, events=POLLIN}], 1, 0) = 0 (Timeout) <0.000122>
227   09:14:28.234240 poll([{fd=7, events=POLLIN}], 1, 0) = 0 (Timeout) <0.000120>
227   09:14:28.269968 poll([{fd=7, events=POLLIN}], 1, 0) = 0 (Timeout) <0.000126>
227   09:14:28.292060 poll([{fd=7, events=POLLIN}], 1, 0) = 0 (Timeout) <0.000170>
227   09:14:28.314170 poll([{fd=7, events=POLLIN}], 1, 0) = 0 (Timeout) <0.000125>
227   09:14:28.345006 poll([{fd=7, events=POLLIN}], 1, 0) = 0 (Timeout) <0.000123>
227   09:14:28.366951 poll([{fd=7, events=POLLIN}], 1, 0) = 0 (Timeout) <0.000121>
227   09:14:28.388821 poll([{fd=7, events=POLLIN}], 1, 0) = 0 (Timeout) <0.000125>
227   09:14:28.423371 poll([{fd=7, events=POLLIN}], 1, 0) = 0 (Timeout) <0.000129>
227   09:14:28.494996 poll([{fd=7, events=POLLIN}], 1, 0) = 0 (Timeout) <0.000119>
227   09:14:28.530810 poll([{fd=7, events=POLLIN}], 1, 0) = 0 (Timeout) <0.000119>
227   09:14:28.552727 poll([{fd=7, events=POLLIN}], 1, 0) = 0 (Timeout) <0.000125>
227   09:14:28.574704 poll([{fd=7, events=POLLIN}], 1, 0) = 0 (Timeout) <0.000124>
227   09:14:28.605041 poll([{fd=7, events=POLLIN}], 1, 0) = 0 (Timeout) <0.000122>
227   09:14:28.626942 poll([{fd=7, events=POLLIN}], 1, 0) = 0 (Timeout) <0.000124>
227   09:14:28.661630 poll([{fd=7, events=POLLIN}], 1, 0) = 0 (Timeout) <0.000123>
227   09:14:28.683676 poll([{fd=7, events=POLLIN}], 1, 0) = 0 (Timeout) <0.000119>
227   09:14:28.705702 poll([{fd=7, events=POLLIN}], 1, 0) = 0 (Timeout) <0.000119>
227   09:14:28.741541 poll([{fd=7, events=POLLIN}], 1, 0) = 0 (Timeout) <0.000124>
227   09:14:28.763561 poll([{fd=7, events=POLLIN}], 1, 0) = 0 (Timeout) <0.000119>
227   09:14:28.825468 poll([{fd=7, events=POLLIN}], 1, 0) = 0 (Timeout) <0.000122>
227   09:14:28.856169 poll([{fd=7, events=POLLIN}], 1, 0) = 0 (Timeout) <0.000120>
227   09:14:28.878331 poll([{fd=7, events=POLLIN}], 1, 0) = 0 (Timeout) <0.000120>
227   09:14:28.913109 poll([{fd=7, events=POLLIN}], 1, 0) = 0 (Timeout) <0.000126>
227   09:14:28.935167 poll([{fd=7, events=POLLIN}], 1, 0) = 0 (Timeout) <0.000125>
227   09:14:28.957073 poll([{fd=7, events=POLLIN}], 1, 0) = 0 (Timeout) <0.000127>
227   09:14:28.993153 poll([{fd=7, events=POLLIN}], 1, 0) = 0 (Timeout) <0.000123>
227   09:14:29.015139 poll([{fd=7, events=POLLIN}], 1, 0) = 0 (Timeout) <0.000124>
227   09:14:29.045539 poll([{fd=7, events=POLLIN}], 1, 0) = 0 (Timeout) <0.000123>
227   09:14:29.067366 poll([{fd=7, events=POLLIN}], 1, 0) = 0 (Timeout) <0.000124>
227   09:14:29.089211 poll([{fd=7, events=POLLIN}], 1, 0) = 0 (Timeout) <0.000121>
227   09:14:29.173054 poll([{fd=7, events=POLLIN}], 1, 0) = 0 (Timeout) <0.000124>
227   09:14:29.195059 poll([{fd=7, events=POLLIN}], 1, 0) = 0 (Timeout) <0.000120>
227   09:14:29.216943 poll([{fd=7, events=POLLIN}], 1, 0) = 0 (Timeout) <0.000127>
227   09:14:29.253415 poll([{fd=7, events=POLLIN}], 1, 0) = 0 (Timeout) <0.000125>
227   09:14:29.275429 poll([{fd=7, events=POLLIN}], 1, 0) = 0 (Timeout) <0.000125>
227   09:14:29.306189 poll([{fd=7, events=POLLIN}], 1, 0) = 0 (Timeout) <0.000125>
227   09:14:29.328075 poll([{fd=7, events=POLLIN}], 1, 0) = 0 (Timeout) <0.000124>
227   09:14:29.350228 poll([{fd=7, events=POLLIN}], 1, 0) = 0 (Timeout) <0.000120>
227   09:14:29.388478 poll([{fd=7, events=POLLIN}], 1, 0) = 0 (Timeout) <0.000125>
227   09:14:29.414264 poll([{fd=7, events=POLLIN}], 1, 0) = 0 (Timeout) <0.000123>
227   09:14:29.455701 poll([{fd=7, events=POLLIN}], 1, 0) = 0 (Timeout) <0.000123>
227   09:14:29.517280 poll([{fd=7, events=POLLIN}], 1, 0) = 0 (Timeout) <0.000120>
227   09:14:29.539322 poll([{fd=7, events=POLLIN}], 1, 0) = 0 (Timeout) <0.000121>
227   09:14:29.570529 poll([{fd=7, events=POLLIN}], 1, 0) = 0 (Timeout) <0.000123>
227   09:14:29.593624 poll([{fd=7, events=POLLIN}], 1, 0) = 0 (Timeout) <0.000124>
227   09:14:29.628689 poll([{fd=7, events=POLLIN}], 1, 0) = 0 (Timeout) <0.000125>
227   09:14:29.650685 poll([{fd=7, events=POLLIN}], 1, 0) = 0 (Timeout) <0.000123>
227   09:14:29.672709 poll([{fd=7, events=POLLIN}], 1, 0) = 0 (Timeout) <0.000124>
227   09:14:29.708589 poll([{fd=7, events=POLLIN}], 1, 0) = 0 (Timeout) <0.000135>
227   09:14:29.730597 poll([{fd=7, events=POLLIN}], 1, 0) = 0 (Timeout) <0.000126>
227   09:14:29.752683 poll([{fd=7, events=POLLIN}], 1, 0) = 0 (Timeout) <0.000122>
227   09:14:29.783044 poll([{fd=7, events=POLLIN}], 1, 0) = 0 (Timeout) <0.000126>
227   09:14:29.854033 poll([{fd=7, events=POLLIN}], 1, 0) = 0 (Timeout) <0.000122>
227   09:14:29.888624 poll([{fd=7, events=POLLIN}], 1, 0) = 0 (Timeout) <0.000123>
227   09:14:29.910584 poll([{fd=7, events=POLLIN}], 1, 0) = 0 (Timeout) <0.000123>
227   09:14:29.932702 poll([{fd=7, events=POLLIN}], 1, 0) = 0 (Timeout) <0.000123>
227   09:14:29.968715 poll([{fd=7, events=POLLIN}], 1, 0) = 0 (Timeout) <0.000123>
227   09:14:30.004463 poll([{fd=7, events=POLLIN}], 1, 0) = 0 (Timeout) <0.000126>
227   09:14:30.041193 poll([{fd=7, events=POLLIN}], 1, 0) = 0 (Timeout) <0.000125>
227   09:14:30.063211 poll([{fd=7, events=POLLIN}], 1, 0) = 0 (Timeout) <0.000125>
227   09:14:30.085182 poll([{fd=7, events=POLLIN}], 1, 0) = 0 (Timeout) <0.000124>
227   09:14:30.120320 poll([{fd=7, events=POLLIN}], 1, 0) = 0 (Timeout) <0.000124>
227   09:14:30.142335 poll([{fd=7, events=POLLIN}], 1, 0) = 0 (Timeout) <0.000123>
227   09:14:30.204097 poll([{fd=7, events=POLLIN}], 1, 0) = 0 (Timeout) <0.000123>
227   09:14:30.239624 poll([{fd=7, events=POLLIN}], 1, 0) = 0 (Timeout) <0.000121>
227   09:14:30.261613 poll([{fd=7, events=POLLIN}], 1, 0) = 0 (Timeout) <0.000120>
227   09:14:30.292109 poll([{fd=7, events=POLLIN}], 1, 0) = 0 (Timeout) <0.000123>
227   09:14:30.314163 poll([{fd=7, events=POLLIN}], 1, 0) = 0 (Timeout) <0.000122>
227   09:14:30.336234 poll([{fd=7, events=POLLIN}], 1, 0) = 0 (Timeout) <0.000124>
227   09:14:30.371123 poll([{fd=7, events=POLLIN}], 1, 0) = 0 (Timeout) <0.000125>
227   09:14:30.393794 poll([{fd=7, events=POLLIN}], 1, 0) = 0 (Timeout) <0.000124>
227   09:14:30.429223 poll([{fd=7, events=POLLIN}], 1, 0) = 0 (Timeout) <0.000125>
227   09:14:30.451172 poll([{fd=7, events=POLLIN}], 1, 0) = 0 (Timeout) <0.000120>
227   09:14:30.473039 poll([{fd=7, events=POLLIN}], 1, 0) = 0 (Timeout) <0.000124>
227   09:14:30.551601 poll([{fd=7, events=POLLIN}], 1, 0) = 0 (Timeout) <0.000124>
227   09:14:30.573493 poll([{fd=7, events=POLLIN}], 1, 0) = 0 (Timeout) <0.000121>
227   09:14:30.595419 poll([{fd=7, events=POLLIN}], 1, 0) = 0 (Timeout) <0.000125>
227   09:14:30.629810 poll([{fd=7, events=POLLIN}], 1, 0) = 0 (Timeout) <0.000120>
227   09:14:30.651699 poll([{fd=7, events=POLLIN}], 1, 0) = 0 (Timeout) <0.000121>
227   09:14:30.687017 poll([{fd=7, events=POLLIN}], 1, 0) = 0 (Timeout) <0.000124>
227   09:14:30.708839 poll([{fd=7, events=POLLIN}], 1, 0) = 0 (Timeout) <0.000120>
227   09:14:30.730714 poll([{fd=7, events=POLLIN}], 1, 0) = 0 (Timeout) <0.000125>
227   09:14:30.761352 poll([{fd=7, events=POLLIN}], 1, 0) = 0 (Timeout) <0.000126>
227   09:14:30.783419 poll([{fd=7, events=POLLIN}], 1, 0) = 0 (Timeout) <0.000123>
227   09:14:30.818088 poll([{fd=7, events=POLLIN}], 1, 0) = 0 (Timeout) <0.000122>
227   09:14:30.879471 poll([{fd=7, events=POLLIN}], 1, 0) = 0 (Timeout) <0.000124>
227   09:14:30.901444 poll([{fd=7, events=POLLIN}], 1, 0) = 0 (Timeout) <0.000125>
227   09:14:30.937374 poll([{fd=7, events=POLLIN}], 1, 0) = 0 (Timeout) <0.000122>
227   09:14:30.959417 poll([{fd=7, events=POLLIN}], 1, 0) = 0 (Timeout) <0.000124>
227   09:14:30.981463 poll([{fd=7, events=POLLIN}], 1, 0) = 0 (Timeout) <0.000125>
227   09:14:31.012068 poll([{fd=7, events=POLLIN}], 1, 0) = 0 (Timeout) <0.000119>
227   09:14:31.034165 poll([{fd=7, events=POLLIN}], 1, 0) = 0 (Timeout) <0.000122>
227   09:14:31.068620 poll([{fd=7, events=POLLIN}], 1, 0) = 0 (Timeout) <0.000122>
227   09:14:31.090561 poll([{fd=7, events=POLLIN}], 1, 0) = 0 (Timeout) <0.001378>
227   09:14:31.115192 poll([{fd=7, events=POLLIN}], 1, 0) = 0 (Timeout) <0.000124>
227   09:14:31.150993 poll([{fd=7, events=POLLIN}], 1, 0) = 0 (Timeout) <0.000119>
227   09:14:31.173075 poll([{fd=7, events=POLLIN}], 1, 0) = 0 (Timeout) <0.000124>
227   09:14:31.251640 poll([{fd=7, events=POLLIN}], 1, 0) = 0 (Timeout) <0.000121>
227   09:14:31.273577 poll([{fd=7, events=POLLIN}], 1, 0) = 0 (Timeout) <0.000122>
227   09:14:31.295543 poll([{fd=7, events=POLLIN}], 1, 0) = 0 (Timeout) <0.000123>
227   09:14:31.330499 poll([{fd=7, events=POLLIN}], 1, 0) = 0 (Timeout) <0.000199>
227   09:14:31.352617 poll([{fd=7, events=POLLIN}], 1, 0) = 0 (Timeout) <0.000125>
227   09:14:31.374676 poll([{fd=7, events=POLLIN}], 1, 0) = 0 (Timeout) <0.000123>
227   09:14:31.413081 poll([{fd=7, events=POLLIN}], 1, 0) = 0 (Timeout) <0.000942>
227   09:14:31.441060 poll([{fd=7, events=POLLIN}], 1, 0) = 0 (Timeout) <0.000122>
227   09:14:31.476689 poll([{fd=7, events=POLLIN}], 1, 0) = 0 (Timeout) <0.000120>
227   09:14:31.505119 poll([{fd=7, events=POLLIN}], 1, 0) = 0 (Timeout) <0.000125>
227   09:14:31.527558 poll([{fd=7, events=POLLIN}], 1, 0) = 0 (Timeout) <0.000126>
227   09:14:31.601633 poll([{fd=7, events=POLLIN}], 1, 0) = 0 (Timeout) <0.000125>
227   09:14:31.626986 poll([{fd=7, events=POLLIN}], 1, 0) = 0 (Timeout) <0.000120>
227   09:14:31.664664 poll([{fd=7, events=POLLIN}], 1, 0) = 0 (Timeout) <0.000167>
227   09:14:31.688577 poll([{fd=7, events=POLLIN}], 1, 0) = 0 (Timeout) <0.000122>
227   09:14:31.712379 poll([{fd=7, events=POLLIN}], 1, 0) = 0 (Timeout) <0.000120>
227   09:14:31.743363 poll([{fd=7, events=POLLIN}], 1, 0) = 0 (Timeout) <0.000122>
227   09:14:31.765448 poll([{fd=7, events=POLLIN}], 1, 0) = 0 (Timeout) <0.000121>
227   09:14:31.787238 poll([{fd=7, events=POLLIN}], 1, 0) = 0 (Timeout) <0.000136>
227   09:14:31.821950 poll([{fd=7, events=POLLIN}], 1, 0) = 0 (Timeout) <0.000124>
227   09:14:31.843941 poll([{fd=7, events=POLLIN}], 1, 0) = 0 (Timeout) <0.000121>
227   09:14:31.879448 poll([{fd=7, events=POLLIN}], 1, 0) = 0 (Timeout) <0.000123>
227   09:14:31.950875 poll([{fd=7, events=POLLIN}], 1, 0) = 0 (Timeout) <0.000120>
227   09:14:31.972793 poll([{fd=7, events=POLLIN}], 1, 0) = 0 (Timeout) <0.000120>
227   09:14:32.003055 poll([{fd=7, events=POLLIN}], 1, 0) = 0 (Timeout) <0.000122>
227   09:14:32.025063 poll([{fd=7, events=POLLIN}], 1, 0) = 0 (Timeout) <0.000122>
227   09:14:32.059613 poll([{fd=7, events=POLLIN}], 1, 0) = 0 (Timeout) <0.000123>
227   09:14:32.081438 poll([{fd=7, events=POLLIN}], 1, 0) = 0 (Timeout) <0.000125>
227   09:14:32.103282 poll([{fd=7, events=POLLIN}], 1, 0) = 0 (Timeout) <0.000117>
227   09:14:32.139010 poll([{fd=7, events=POLLIN}], 1, 0) = 0 (Timeout) <0.000122>
227   09:14:32.160994 poll([{fd=7, events=POLLIN}], 1, 0) = 0 (Timeout) <0.000125>
227   09:14:32.182882 poll([{fd=7, events=POLLIN}], 1, 0) = 0 (Timeout) <0.000116>
227   09:14:32.215959 poll([{fd=7, events=POLLIN}], 1, 0) = 0 (Timeout) <0.000120>
227   09:14:32.277344 poll([{fd=7, events=POLLIN}], 1, 0) = 0 (Timeout) <0.000120>
227   09:14:32.312441 poll([{fd=7, events=POLLIN}], 1, 0) = 0 (Timeout) <0.000123>
227   09:14:32.334528 poll([{fd=7, events=POLLIN}], 1, 0) = 0 (Timeout) <0.000122>
227   09:14:32.356460 poll([{fd=7, events=POLLIN}], 1, 0) = 0 (Timeout) <0.000123>
227   09:14:32.392051 poll([{fd=7, events=POLLIN}], 1, 0) = 0 (Timeout) <0.000119>
227   09:14:32.414037 poll([{fd=7, events=POLLIN}], 1, 0) = 0 (Timeout) <0.000123>
227   09:14:32.444710 poll([{fd=7, events=POLLIN}], 1, 0) = 0 (Timeout) <0.000122>
227   09:14:32.466591 poll([{fd=7, events=POLLIN}], 1, 0) = 0 (Timeout) <0.000124>
227   09:14:32.490334 poll([{fd=7, events=POLLIN}], 1, 0) = 0 (Timeout) <0.000304>
227   09:14:32.528127 poll([{fd=7, events=POLLIN}], 1, 0) = 0 (Timeout) <0.000250>
227   09:14:32.556711 poll([{fd=7, events=POLLIN}], 1, 0) = 0 (Timeout) <0.000134>
227   09:14:32.624363 poll([{fd=7, events=POLLIN}], 1, 0) = 0 (Timeout) <0.000133>
227   09:14:32.647378 poll([{fd=7, events=POLLIN}], 1, 0) = 0 (Timeout) <0.000118>
227   09:14:32.670280 poll([{fd=7, events=POLLIN}], 1, 0) = 0 (Timeout) <0.000123>
227   09:14:32.694051 poll([{fd=7, events=POLLIN}], 1, 0) = 0 (Timeout) <0.000122>
227   09:14:32.716080 poll([{fd=7, events=POLLIN}], 1, 0) = 0 (Timeout) <0.000117>
227   09:14:32.738008 poll([{fd=7, events=POLLIN}], 1, 0) = 0 (Timeout) <0.000124>
227   09:14:32.759985 poll([{fd=7, events=POLLIN}], 1, 0) = 0 (Timeout) <0.000122>
227   09:14:32.782078 poll([{fd=7, events=POLLIN}], 1, 0) = 0 (Timeout) <0.000125>
227   09:14:32.804176 poll([{fd=7, events=POLLIN}], 1, 0) = 0 (Timeout) <0.000123>
227   09:14:32.826051 poll([{fd=7, events=POLLIN}], 1, 0) = 0 (Timeout) <0.000122>
227   09:14:32.848032 poll([{fd=7, events=POLLIN}], 1, 0) = 0 (Timeout) <0.000118>
227   09:14:32.907323 poll([{fd=7, events=POLLIN}], 1, 0) = 0 (Timeout) <0.000124>
227   09:14:32.929390 poll([{fd=7, events=POLLIN}], 1, 0) = 0 (Timeout) <0.000121>
227   09:14:32.951423 poll([{fd=7, events=POLLIN}], 1, 0) = 0 (Timeout) <0.000122>
227   09:14:32.973523 poll([{fd=7, events=POLLIN}], 1, 0) = 0 (Timeout) <0.000124>
227   09:14:32.995932 poll([{fd=7, events=POLLIN}], 1, 0) = 0 (Timeout) <0.000121>
227   09:14:33.017950 poll([{fd=7, events=POLLIN}], 1, 0) = 0 (Timeout) <0.000125>
227   09:14:33.040043 poll([{fd=7, events=POLLIN}], 1, 0) = 0 (Timeout) <0.000123>
227   09:14:33.895247 poll([{fd=7, events=POLLIN}], 1, 0) = 0 (Timeout) <0.000138>
227   09:14:33.917322 poll([{fd=7, events=POLLIN}], 1, 0) = 0 (Timeout) <0.000125>
227   09:14:33.939381 poll([{fd=7, events=POLLIN}], 1, 0) = 0 (Timeout) <0.000121>
227   09:14:33.961402 poll([{fd=7, events=POLLIN}], 1, 0) = 0 (Timeout) <0.000121>
227   09:14:34.021350 poll([{fd=7, events=POLLIN}], 1, 0) = 0 (Timeout) <0.000125>
227   09:14:34.043385 poll([{fd=7, events=POLLIN}], 1, 0) = 0 (Timeout) <0.000119>
227   09:14:34.065385 poll([{fd=7, events=POLLIN}], 1, 0) = 0 (Timeout) <0.000123>
227   09:14:34.087330 poll([{fd=7, events=POLLIN}], 1, 0) = 0 (Timeout) <0.000121>
227   09:14:34.109447 poll([{fd=7, events=POLLIN}], 1, 0) = 0 (Timeout) <0.000118>
227   09:14:34.132856 poll([{fd=7, events=POLLIN}], 1, 0) = 0 (Timeout) <0.000125>
227   09:14:34.154840 poll([{fd=7, events=POLLIN}], 1, 0) = 0 (Timeout) <0.000121>
227   09:14:34.176718 poll([{fd=7, events=POLLIN}], 1, 0) = 0 (Timeout) <0.000124>
227   09:14:34.198592 poll([{fd=7, events=POLLIN}], 1, 0) = 0 (Timeout) <0.000126>
227   09:14:34.220481 poll([{fd=7, events=POLLIN}], 1, 0) = 0 (Timeout) <0.000122>
227   09:14:34.277366 poll([{fd=7, events=POLLIN}], 1, 0) = 0 (Timeout) <0.000120>
227   09:14:34.299362 poll([{fd=7, events=POLLIN}], 1, 0) = 0 (Timeout) <0.000122>
227   09:14:34.321404 poll([{fd=7, events=POLLIN}], 1, 0) = 0 (Timeout) <0.000123>
227   09:14:34.343416 poll([{fd=7, events=POLLIN}], 1, 0) = 0 (Timeout) <0.000124>
227   09:14:34.365450 poll([{fd=7, events=POLLIN}], 1, 0) = 0 (Timeout) <0.000118>
227   09:14:34.387456 poll([{fd=7, events=POLLIN}], 1, 0) = 0 (Timeout) <0.000122>
227   09:14:34.409459 poll([{fd=7, events=POLLIN}], 1, 0) = 0 (Timeout) <0.000122>
227   09:14:34.431480 poll([{fd=7, events=POLLIN}], 1, 0) = 0 (Timeout) <0.000126>
227   09:14:34.454156 poll([{fd=7, events=POLLIN}], 1, 0) = 0 (Timeout) <0.000122>
227   09:14:35.309835 poll([{fd=7, events=POLLIN}], 1, 0) = 0 (Timeout) <0.000135>
227   09:14:35.331617 poll([{fd=7, events=POLLIN}], 1, 0) = 0 (Timeout) <0.000118>
227   09:14:35.391036 poll([{fd=7, events=POLLIN}], 1, 0) = 0 (Timeout) <0.000124>
227   09:14:35.412988 poll([{fd=7, events=POLLIN}], 1, 0) = 0 (Timeout) <0.000126>
227   09:14:35.434893 poll([{fd=7, events=POLLIN}], 1, 0) = 0 (Timeout) <0.000125>
227   09:14:35.456900 poll([{fd=7, events=POLLIN}], 1, 0) = 0 (Timeout) <0.000120>
227   09:14:35.478818 poll([{fd=7, events=POLLIN}], 1, 0) = 0 (Timeout) <0.000119>
227   09:14:35.500731 poll([{fd=7, events=POLLIN}], 1, 0) = 0 (Timeout) <0.000121>
227   09:14:35.522799 poll([{fd=7, events=POLLIN}], 1, 0) = 0 (Timeout) <0.000118>
227   09:14:35.544801 poll([{fd=7, events=POLLIN}], 1, 0) = 0 (Timeout) <0.000124>
227   09:14:35.566769 poll([{fd=7, events=POLLIN}], 1, 0) = 0 (Timeout) <0.000124>
227   09:14:35.591525 poll([{fd=7, events=POLLIN}], 1, 0) = 0 (Timeout) <0.000124>
227   09:14:35.613655 poll([{fd=7, events=POLLIN}], 1, 0) = 0 (Timeout) <0.000119>
227   09:14:35.673300 poll([{fd=7, events=POLLIN}], 1, 0) = 0 (Timeout) <0.000124>
227   09:14:35.697617 poll([{fd=7, events=POLLIN}], 1, 0) = 0 (Timeout) <0.000125>
227   09:14:35.722427 poll([{fd=7, events=POLLIN}], 1, 0) = 0 (Timeout) <0.000124>
227   09:14:35.744587 poll([{fd=7, events=POLLIN}], 1, 0) = 0 (Timeout) <0.000123>
227   09:14:35.766558 poll([{fd=7, events=POLLIN}], 1, 0) = 0 (Timeout) <0.000124>
227   09:14:35.788569 poll([{fd=7, events=POLLIN}], 1, 0) = 0 (Timeout) <0.000125>
227   09:14:35.814459 poll([{fd=7, events=POLLIN}], 1, 0) = 0 (Timeout) <0.000124>
227   09:14:35.836552 poll([{fd=7, events=POLLIN}], 1, 0) = 0 (Timeout) <0.000122>
227   09:14:35.858609 poll([{fd=7, events=POLLIN}], 1, 0) = 0 (Timeout) <0.000228>
227   09:14:36.715627 poll([{fd=7, events=POLLIN}], 1, 0) = 0 (Timeout) <0.000123>
227   09:14:36.775490 poll([{fd=7, events=POLLIN}], 1, 0) = 0 (Timeout) <0.000123>
227   09:14:36.797342 poll([{fd=7, events=POLLIN}], 1, 0) = 0 (Timeout) <0.000116>
227   09:14:36.819299 poll([{fd=7, events=POLLIN}], 1, 0) = 0 (Timeout) <0.000120>
227   09:14:36.841423 poll([{fd=7, events=POLLIN}], 1, 0) = 0 (Timeout) <0.000125>
227   09:14:36.863508 poll([{fd=7, events=POLLIN}], 1, 0) = 0 (Timeout) <0.000124>
227   09:14:36.885646 poll([{fd=7, events=POLLIN}], 1, 0) = 0 (Timeout) <0.000121>
227   09:14:36.907398 poll([{fd=7, events=POLLIN}], 1, 0) = 0 (Timeout) <0.000123>
227   09:14:36.929439 poll([{fd=7, events=POLLIN}], 1, 0) = 0 (Timeout) <0.000121>
227   09:14:36.951478 poll([{fd=7, events=POLLIN}], 1, 0) = 0 (Timeout) <0.000119>
227   09:14:36.973464 poll([{fd=7, events=POLLIN}], 1, 0) = 0 (Timeout) <0.000122>
227   09:14:36.995513 poll([{fd=7, events=POLLIN}], 1, 0) = 0 (Timeout) <0.000122>
227   09:14:37.049892 poll([{fd=7, events=POLLIN}], 1, 0) = 0 (Timeout) <0.000123>
227   09:14:37.071950 poll([{fd=7, events=POLLIN}], 1, 0) = 0 (Timeout) <0.000124>
227   09:14:37.094473 poll([{fd=7, events=POLLIN}], 1, 0) = 0 (Timeout) <0.000127>
227   09:14:37.118220 poll([{fd=7, events=POLLIN}], 1, 0) = 0 (Timeout) <0.000126>
227   09:14:37.140426 poll([{fd=7, events=POLLIN}], 1, 0) = 0 (Timeout) <0.000192>
227   09:14:37.162543 poll([{fd=7, events=POLLIN}], 1, 0) = 0 (Timeout) <0.000123>
227   09:14:37.184597 poll([{fd=7, events=POLLIN}], 1, 0) = 0 (Timeout) <0.000124>
227   09:14:37.206555 poll([{fd=7, events=POLLIN}], 1, 0) = 0 (Timeout) <0.000120>
227   09:14:37.228464 poll([{fd=7, events=POLLIN}], 1, 0) = 0 (Timeout) <0.000243>
227   09:14:38.085271 poll([{fd=7, events=POLLIN}], 1, 0) = 0 (Timeout) <0.000123>
227   09:14:38.107146 poll([{fd=7, events=POLLIN}], 1, 0) = 0 (Timeout) <0.000125>
227   09:14:38.167425 poll([{fd=7, events=POLLIN}], 1, 0) = 0 (Timeout) <0.000122>
227   09:14:38.189393 poll([{fd=7, events=POLLIN}], 1, 0) = 0 (Timeout) <0.000122>
227   09:14:38.211338 poll([{fd=7, events=POLLIN}], 1, 0) = 0 (Timeout) <0.000125>
227   09:14:38.234655 poll([{fd=7, events=POLLIN}], 1, 0) = 0 (Timeout) <0.000122>
227   09:14:38.256583 poll([{fd=7, events=POLLIN}], 1, 0) = 0 (Timeout) <0.000123>
227   09:14:38.278549 poll([{fd=7, events=POLLIN}], 1, 0) = 0 (Timeout) <0.000120>
227   09:14:38.300619 poll([{fd=7, events=POLLIN}], 1, 0) = 0 (Timeout) <0.000127>
227   09:14:38.322748 poll([{fd=7, events=POLLIN}], 1, 0) = 0 (Timeout) <0.000122>
227   09:14:38.344952 poll([{fd=7, events=POLLIN}], 1, 0) = 0 (Timeout) <0.000121>
227   09:14:38.366972 poll([{fd=7, events=POLLIN}], 1, 0) = 0 (Timeout) <0.000122>
227   09:14:38.421319 poll([{fd=7, events=POLLIN}], 1, 0) = 0 (Timeout) <0.000124>
227   09:14:38.443530 poll([{fd=7, events=POLLIN}], 1, 0) = 0 (Timeout) <0.000125>
227   09:14:38.465631 poll([{fd=7, events=POLLIN}], 1, 0) = 0 (Timeout) <0.000119>
227   09:14:38.487607 poll([{fd=7, events=POLLIN}], 1, 0) = 0 (Timeout) <0.000123>
227   09:14:38.509609 poll([{fd=7, events=POLLIN}], 1, 0) = 0 (Timeout) <0.000120>
227   09:14:38.532112 poll([{fd=7, events=POLLIN}], 1, 0) = 0 (Timeout) <0.000116>
227   09:14:38.554426 poll([{fd=7, events=POLLIN}], 1, 0) = 0 (Timeout) <0.000124>
227   09:14:38.576452 poll([{fd=7, events=POLLIN}], 1, 0) = 0 (Timeout) <0.000124>
227   09:14:38.598450 poll([{fd=7, events=POLLIN}], 1, 0) = 0 (Timeout) <0.000216>
227   09:14:39.456225 poll([{fd=7, events=POLLIN}], 1, 0) = 0 (Timeout) <0.000124>
227   09:14:39.478101 poll([{fd=7, events=POLLIN}], 1, 0) = 0 (Timeout) <0.000123>
227   09:14:39.540440 poll([{fd=7, events=POLLIN}], 1, 0) = 0 (Timeout) <0.000123>
227   09:14:39.562667 poll([{fd=7, events=POLLIN}], 1, 0) = 0 (Timeout) <0.000122>
227   09:14:39.584646 poll([{fd=7, events=POLLIN}], 1, 0) = 0 (Timeout) <0.000123>
227   09:14:39.606695 poll([{fd=7, events=POLLIN}], 1, 0) = 0 (Timeout) <0.000121>
227   09:14:39.628531 poll([{fd=7, events=POLLIN}], 1, 0) = 0 (Timeout) <0.000123>
227   09:14:39.650569 poll([{fd=7, events=POLLIN}], 1, 0) = 0 (Timeout) <0.000195>
227   09:14:39.672592 poll([{fd=7, events=POLLIN}], 1, 0) = 0 (Timeout) <0.000123>
227   09:14:39.703611 poll([{fd=7, events=POLLIN}], 1, 0) = 0 (Timeout) <0.000125>
227   09:14:39.725703 poll([{fd=7, events=POLLIN}], 1, 0) = 0 (Timeout) <0.000125>
227   09:14:39.747704 poll([{fd=7, events=POLLIN}], 1, 0) = 0 (Timeout) <0.000126>
227   09:14:39.769714 poll([{fd=7, events=POLLIN}], 1, 0) = 0 (Timeout) <0.000127>
227   09:14:39.827692 poll([{fd=7, events=POLLIN}], 1, 0) = 0 (Timeout) <0.000125>
227   09:14:39.849845 poll([{fd=7, events=POLLIN}], 1, 0) = 0 (Timeout) <0.000122>
227   09:14:39.871861 poll([{fd=7, events=POLLIN}], 1, 0) = 0 (Timeout) <0.000123>
227   09:14:39.893807 poll([{fd=7, events=POLLIN}], 1, 0) = 0 (Timeout) <0.000115>
227   09:14:39.915961 poll([{fd=7, events=POLLIN}], 1, 0) = 0 (Timeout) <0.000120>
227   09:14:39.937968 poll([{fd=7, events=POLLIN}], 1, 0) = 0 (Timeout) <0.000122>
227   09:14:39.960047 poll([{fd=7, events=POLLIN}], 1, 0) = 0 (Timeout) <0.000123>
227   09:14:39.982146 poll([{fd=7, events=POLLIN}], 1, 0) = 0 (Timeout) <0.000125>
227   09:14:40.840143 poll([{fd=7, events=POLLIN}], 1, 0) = 0 (Timeout) <0.000138>
227   09:14:40.861976 poll([{fd=7, events=POLLIN}], 1, 0) = 0 (Timeout) <0.000124>
227   09:14:40.920975 poll([{fd=7, events=POLLIN}], 1, 0) = 0 (Timeout) <0.000121>
227   09:14:40.942941 poll([{fd=7, events=POLLIN}], 1, 0) = 0 (Timeout) <0.000125>
227   09:14:40.964840 poll([{fd=7, events=POLLIN}], 1, 0) = 0 (Timeout) <0.000201>
227   09:14:40.986601 poll([{fd=7, events=POLLIN}], 1, 0) = 0 (Timeout) <0.000123>
227   09:14:41.008423 poll([{fd=7, events=POLLIN}], 1, 0) = 0 (Timeout) <0.000121>
227   09:14:41.030380 poll([{fd=7, events=POLLIN}], 1, 0) = 0 (Timeout) <0.000124>
227   09:14:41.052564 poll([{fd=7, events=POLLIN}], 1, 0) = 0 (Timeout) <0.000128>
227   09:14:41.074568 poll([{fd=7, events=POLLIN}], 1, 0) = 0 (Timeout) <0.000121>
227   09:14:41.096472 poll([{fd=7, events=POLLIN}], 1, 0) = 0 (Timeout) <0.000122>
227   09:14:41.118672 poll([{fd=7, events=POLLIN}], 1, 0) = 0 (Timeout) <0.000121>
227   09:14:41.141476 poll([{fd=7, events=POLLIN}], 1, 0) = 0 (Timeout) <0.000123>
227   09:14:41.196213 poll([{fd=7, events=POLLIN}], 1, 0) = 0 (Timeout) <0.000121>
227   09:14:41.218163 poll([{fd=7, events=POLLIN}], 1, 0) = 0 (Timeout) <0.000122>
227   09:14:41.240240 poll([{fd=7, events=POLLIN}], 1, 0) = 0 (Timeout) <0.000122>
227   09:14:41.262361 poll([{fd=7, events=POLLIN}], 1, 0) = 0 (Timeout) <0.000123>
227   09:14:41.284449 poll([{fd=7, events=POLLIN}], 1, 0) = 0 (Timeout) <0.000122>
227   09:14:41.306493 poll([{fd=7, events=POLLIN}], 1, 0) = 0 (Timeout) <0.000119>
227   09:14:41.328449 poll([{fd=7, events=POLLIN}], 1, 0) = 0 (Timeout) <0.000123>
227   09:14:41.350504 poll([{fd=7, events=POLLIN}], 1, 0) = 0 (Timeout) <0.000194>
227   09:14:41.372608 poll([{fd=7, events=POLLIN}], 1, 0) = 0 (Timeout) <0.000252>
227   09:14:42.238231 poll([{fd=7, events=POLLIN}], 1, 0) = 0 (Timeout) <0.000122>
227   09:14:43.131111 poll([{fd=7, events=POLLIN}], 1, 0) = 0 (Timeout) <0.000145>
227   09:14:43.153183 poll([{fd=7, events=POLLIN}], 1, 0) = 0 (Timeout) <0.000126>
227   09:14:43.175600 poll([{fd=7, events=POLLIN}], 1, 0) = 0 (Timeout) <0.000124>
227   09:14:43.197570 poll([{fd=7, events=POLLIN}], 1, 0) = 0 (Timeout) <0.000121>
227   09:14:43.219532 poll([{fd=7, events=POLLIN}], 1, 0) = 0 (Timeout) <0.000123>
227   09:14:43.241496 poll([{fd=7, events=POLLIN}], 1, 0) = 0 (Timeout) <0.000123>
227   09:14:43.263515 poll([{fd=7, events=POLLIN}], 1, 0) = 0 (Timeout) <0.000123>
227   09:14:43.285502 poll([{fd=7, events=POLLIN}], 1, 0) = 0 (Timeout) <0.000123>
227   09:14:43.307502 poll([{fd=7, events=POLLIN}], 1, 0) = 0 (Timeout) <0.000121>
227   09:14:43.329536 poll([{fd=7, events=POLLIN}], 1, 0) = 0 (Timeout) <0.000118>
227   09:14:43.351526 poll([{fd=7, events=POLLIN}], 1, 0) = 0 (Timeout) <0.000122>
227   09:14:43.406117 poll([{fd=7, events=POLLIN}], 1, 0) = 0 (Timeout) <0.000121>
227   09:14:43.428091 poll([{fd=7, events=POLLIN}], 1, 0) = 0 (Timeout) <0.000120>
227   09:14:43.450292 poll([{fd=7, events=POLLIN}], 1, 0) = 0 (Timeout) <0.000126>
227   09:14:43.472698 poll([{fd=7, events=POLLIN}], 1, 0) = 0 (Timeout) <0.000122>
227   09:14:43.494710 poll([{fd=7, events=POLLIN}], 1, 0) = 0 (Timeout) <0.000123>
227   09:14:43.516682 poll([{fd=7, events=POLLIN}], 1, 0) = 0 (Timeout) <0.000115>
227   09:14:43.538611 poll([{fd=7, events=POLLIN}], 1, 0) = 0 (Timeout) <0.000121>
227   09:14:43.560624 poll([{fd=7, events=POLLIN}], 1, 0) = 0 (Timeout) <0.000128>
227   09:14:43.582932 poll([{fd=7, events=POLLIN}], 1, 0) = 0 (Timeout) <0.000122>
227   09:14:44.442445 poll([{fd=7, events=POLLIN}], 1, 0) = 0 (Timeout) <0.000126>
227   09:14:44.464466 poll([{fd=7, events=POLLIN}], 1, 0) = 0 (Timeout) <0.000125>
227   09:14:44.523750 poll([{fd=7, events=POLLIN}], 1, 0) = 0 (Timeout) <0.000122>
227   09:14:44.545921 poll([{fd=7, events=POLLIN}], 1, 0) = 0 (Timeout) <0.000122>
227   09:14:44.567829 poll([{fd=7, events=POLLIN}], 1, 0) = 0 (Timeout) <0.000121>
227   09:14:44.589758 poll([{fd=7, events=POLLIN}], 1, 0) = 0 (Timeout) <0.000120>
227   09:14:44.612220 poll([{fd=7, events=POLLIN}], 1, 0) = 0 (Timeout) <0.000123>
227   09:14:44.634186 poll([{fd=7, events=POLLIN}], 1, 0) = 0 (Timeout) <0.000124>
227   09:14:44.656090 poll([{fd=7, events=POLLIN}], 1, 0) = 0 (Timeout) <0.000120>
227   09:14:44.678004 poll([{fd=7, events=POLLIN}], 1, 0) = 0 (Timeout) <0.000121>
227   09:14:44.699868 poll([{fd=7, events=POLLIN}], 1, 0) = 0 (Timeout) <0.000120>
227   09:14:44.721827 poll([{fd=7, events=POLLIN}], 1, 0) = 0 (Timeout) <0.000122>
227   09:14:44.775468 poll([{fd=7, events=POLLIN}], 1, 0) = 0 (Timeout) <0.000118>
227   09:14:44.797378 poll([{fd=7, events=POLLIN}], 1, 0) = 0 (Timeout) <0.000123>
227   09:14:44.819340 poll([{fd=7, events=POLLIN}], 1, 0) = 0 (Timeout) <0.000121>
227   09:14:44.841348 poll([{fd=7, events=POLLIN}], 1, 0) = 0 (Timeout) <0.000121>
227   09:14:44.863476 poll([{fd=7, events=POLLIN}], 1, 0) = 0 (Timeout) <0.000122>
227   09:14:44.885531 poll([{fd=7, events=POLLIN}], 1, 0) = 0 (Timeout) <0.000119>
227   09:14:44.907466 poll([{fd=7, events=POLLIN}], 1, 0) = 0 (Timeout) <0.000124>
227   09:14:44.930238 poll([{fd=7, events=POLLIN}], 1, 0) = 0 (Timeout) <0.000118>
227   09:14:44.952427 poll([{fd=7, events=POLLIN}], 1, 0) = 0 (Timeout) <0.000125>
227   09:14:45.807615 poll([{fd=7, events=POLLIN}], 1, 0) = 0 (Timeout) <0.000137>
227   09:14:45.829597 poll([{fd=7, events=POLLIN}], 1, 0) = 0 (Timeout) <0.000122>
227   09:14:45.888803 poll([{fd=7, events=POLLIN}], 1, 0) = 0 (Timeout) <0.000121>
227   09:14:45.911671 poll([{fd=7, events=POLLIN}], 1, 0) = 0 (Timeout) <0.000122>
227   09:14:45.933747 poll([{fd=7, events=POLLIN}], 1, 0) = 0 (Timeout) <0.000118>
227   09:14:45.955832 poll([{fd=7, events=POLLIN}], 1, 0) = 0 (Timeout) <0.000121>
227   09:14:45.978052 poll([{fd=7, events=POLLIN}], 1, 0) = 0 (Timeout) <0.000124>
227   09:14:46.000022 poll([{fd=7, events=POLLIN}], 1, 0) = 0 (Timeout) <0.000120>
227   09:14:46.022400 poll([{fd=7, events=POLLIN}], 1, 0) = 0 (Timeout) <0.000121>
227   09:14:46.049581 poll([{fd=7, events=POLLIN}], 1, 0) = 0 (Timeout) <0.000127>
227   09:14:46.072178 poll([{fd=7, events=POLLIN}], 1, 0) = 0 (Timeout) <0.000123>
227   09:14:46.094185 poll([{fd=7, events=POLLIN}], 1, 0) = 0 (Timeout) <0.000123>
227   09:14:46.118012 poll([{fd=7, events=POLLIN}], 1, 0) = 0 (Timeout) <0.000199>
227   09:14:46.172677 poll([{fd=7, events=POLLIN}], 1, 0) = 0 (Timeout) <0.000125>
227   09:14:46.195059 poll([{fd=7, events=POLLIN}], 1, 0) = 0 (Timeout) <0.000123>
227   09:14:46.217046 poll([{fd=7, events=POLLIN}], 1, 0) = 0 (Timeout) <0.000120>
227   09:14:46.239037 poll([{fd=7, events=POLLIN}], 1, 0) = 0 (Timeout) <0.000115>
227   09:14:46.261158 poll([{fd=7, events=POLLIN}], 1, 0) = 0 (Timeout) <0.000119>
227   09:14:46.283189 poll([{fd=7, events=POLLIN}], 1, 0) = 0 (Timeout) <0.000122>
227   09:14:46.305307 poll([{fd=7, events=POLLIN}], 1, 0) = 0 (Timeout) <0.000121>
227   09:14:46.327304 poll([{fd=7, events=POLLIN}], 1, 0) = 0 (Timeout) <0.000122>
227   09:14:46.354906 poll([{fd=7, events=POLLIN}], 1, 0) = 0 (Timeout) <0.000223>
227   09:14:47.214615 poll([{fd=7, events=POLLIN}], 1, 0) = 0 (Timeout) <0.000126>
227   09:14:47.274191 poll([{fd=7, events=POLLIN}], 1, 0) = 0 (Timeout) <0.000125>
227   09:14:47.296202 poll([{fd=7, events=POLLIN}], 1, 0) = 0 (Timeout) <0.000123>
227   09:14:47.318181 poll([{fd=7, events=POLLIN}], 1, 0) = 0 (Timeout) <0.000120>
227   09:14:47.340160 poll([{fd=7, events=POLLIN}], 1, 0) = 0 (Timeout) <0.000128>
227   09:14:47.362189 poll([{fd=7, events=POLLIN}], 1, 0) = 0 (Timeout) <0.000119>
227   09:14:47.384182 poll([{fd=7, events=POLLIN}], 1, 0) = 0 (Timeout) <0.000121>
227   09:14:47.406153 poll([{fd=7, events=POLLIN}], 1, 0) = 0 (Timeout) <0.000124>
227   09:14:47.428081 poll([{fd=7, events=POLLIN}], 1, 0) = 0 (Timeout) <0.000121>
227   09:14:47.450222 poll([{fd=7, events=POLLIN}], 1, 0) = 0 (Timeout) <0.000125>
227   09:14:47.472263 poll([{fd=7, events=POLLIN}], 1, 0) = 0 (Timeout) <0.000121>
227   09:14:47.494385 poll([{fd=7, events=POLLIN}], 1, 0) = 0 (Timeout) <0.000122>
227   09:14:47.548830 poll([{fd=7, events=POLLIN}], 1, 0) = 0 (Timeout) <0.000122>
227   09:14:47.571288 poll([{fd=7, events=POLLIN}], 1, 0) = 0 (Timeout) <0.000123>
227   09:14:47.593341 poll([{fd=7, events=POLLIN}], 1, 0) = 0 (Timeout) <0.000124>
227   09:14:47.615370 poll([{fd=7, events=POLLIN}], 1, 0) = 0 (Timeout) <0.000122>
227   09:14:47.637249 poll([{fd=7, events=POLLIN}], 1, 0) = 0 (Timeout) <0.000121>
227   09:14:47.659107 poll([{fd=7, events=POLLIN}], 1, 0) = 0 (Timeout) <0.000121>
227   09:14:47.681185 poll([{fd=7, events=POLLIN}], 1, 0) = 0 (Timeout) <0.000122>
227   09:14:47.703178 poll([{fd=7, events=POLLIN}], 1, 0) = 0 (Timeout) <0.000121>
227   09:14:47.725208 poll([{fd=7, events=POLLIN}], 1, 0) = 0 (Timeout) <0.000121>
227   09:14:48.585972 poll([{fd=7, events=POLLIN}], 1, 0) = 0 (Timeout) <0.000131>
227   09:14:48.607865 poll([{fd=7, events=POLLIN}], 1, 0) = 0 (Timeout) <0.000124>
227   09:14:48.667454 poll([{fd=7, events=POLLIN}], 1, 0) = 0 (Timeout) <0.000122>
227   09:14:48.689621 poll([{fd=7, events=POLLIN}], 1, 0) = 0 (Timeout) <0.000126>
227   09:14:48.712205 poll([{fd=7, events=POLLIN}], 1, 0) = 0 (Timeout) <0.000125>
227   09:14:48.734293 poll([{fd=7, events=POLLIN}], 1, 0) = 0 (Timeout) <0.000117>
227   09:14:48.756220 poll([{fd=7, events=POLLIN}], 1, 0) = 0 (Timeout) <0.000117>
227   09:14:48.778105 poll([{fd=7, events=POLLIN}], 1, 0) = 0 (Timeout) <0.000122>
227   09:14:48.800146 poll([{fd=7, events=POLLIN}], 1, 0) = 0 (Timeout) <0.000122>
227   09:14:48.822206 poll([{fd=7, events=POLLIN}], 1, 0) = 0 (Timeout) <0.000121>
227   09:14:48.844218 poll([{fd=7, events=POLLIN}], 1, 0) = 0 (Timeout) <0.000122>
227   09:14:48.866234 poll([{fd=7, events=POLLIN}], 1, 0) = 0 (Timeout) <0.000122>
227   09:14:48.920744 poll([{fd=7, events=POLLIN}], 1, 0) = 0 (Timeout) <0.000124>
227   09:14:48.942774 poll([{fd=7, events=POLLIN}], 1, 0) = 0 (Timeout) <0.000124>
227   09:14:48.964831 poll([{fd=7, events=POLLIN}], 1, 0) = 0 (Timeout) <0.000120>
227   09:14:48.986810 poll([{fd=7, events=POLLIN}], 1, 0) = 0 (Timeout) <0.000125>
227   09:14:49.009207 poll([{fd=7, events=POLLIN}], 1, 0) = 0 (Timeout) <0.000121>
227   09:14:49.031527 poll([{fd=7, events=POLLIN}], 1, 0) = 0 (Timeout) <0.000125>
227   09:14:49.053570 poll([{fd=7, events=POLLIN}], 1, 0) = 0 (Timeout) <0.000123>
227   09:14:49.075946 poll([{fd=7, events=POLLIN}], 1, 0) = 0 (Timeout) <0.000123>
227   09:14:49.098026 poll([{fd=7, events=POLLIN}], 1, 0) = 0 (Timeout) <0.000126>
227   09:14:49.961183 poll([{fd=7, events=POLLIN}], 1, 0) = 0 (Timeout) <0.000126>
227   09:14:49.983328 poll([{fd=7, events=POLLIN}], 1, 0) = 0 (Timeout) <0.000125>
227   09:14:50.042935 poll([{fd=7, events=POLLIN}], 1, 0) = 0 (Timeout) <0.000126>
227   09:14:50.064940 poll([{fd=7, events=POLLIN}], 1, 0) = 0 (Timeout) <0.000120>
227   09:14:50.086860 poll([{fd=7, events=POLLIN}], 1, 0) = 0 (Timeout) <0.000123>
227   09:14:50.108943 poll([{fd=7, events=POLLIN}], 1, 0) = 0 (Timeout) <0.000121>
227   09:14:50.134332 poll([{fd=7, events=POLLIN}], 1, 0) = 0 (Timeout) <0.000127>
227   09:14:50.158870 poll([{fd=7, events=POLLIN}], 1, 0) = 0 (Timeout) <0.000126>
227   09:14:50.187859 poll([{fd=7, events=POLLIN}], 1, 0) = 0 (Timeout) <0.000125>
227   09:14:50.213552 poll([{fd=7, events=POLLIN}], 1, 0) = 0 (Timeout) <0.000131>
227   09:14:50.239444 poll([{fd=7, events=POLLIN}], 1, 0) = 0 (Timeout) <0.000124>
227   09:14:50.261496 poll([{fd=7, events=POLLIN}], 1, 0) = 0 (Timeout) <0.000123>
227   09:14:50.283640 poll([{fd=7, events=POLLIN}], 1, 0) = 0 (Timeout) <0.000125>
227   09:14:50.338658 poll([{fd=7, events=POLLIN}], 1, 0) = 0 (Timeout) <0.000120>
227   09:14:50.362899 poll([{fd=7, events=POLLIN}], 1, 0) = 0 (Timeout) <0.000125>
227   09:14:50.385179 poll([{fd=7, events=POLLIN}], 1, 0) = 0 (Timeout) <0.000116>
227   09:14:50.408152 poll([{fd=7, events=POLLIN}], 1, 0) = 0 (Timeout) <0.000130>
227   09:14:50.435687 poll([{fd=7, events=POLLIN}], 1, 0) = 0 (Timeout) <0.000125>
227   09:14:50.461044 poll([{fd=7, events=POLLIN}], 1, 0) = 0 (Timeout) <0.000124>
227   09:14:50.483079 poll([{fd=7, events=POLLIN}], 1, 0) = 0 (Timeout) <0.000122>
227   09:14:50.505492 poll([{fd=7, events=POLLIN}], 1, 0) = 0 (Timeout) <0.000133>
227   09:14:51.364904 poll([{fd=7, events=POLLIN}], 1, 0) = 0 (Timeout) <0.000132>
227   09:14:51.386800 poll([{fd=7, events=POLLIN}], 1, 0) = 0 (Timeout) <0.000124>
227   09:14:51.446551 poll([{fd=7, events=POLLIN}], 1, 0) = 0 (Timeout) <0.000119>
227   09:14:51.468436 poll([{fd=7, events=POLLIN}], 1, 0) = 0 (Timeout) <0.000122>
227   09:14:51.490392 poll([{fd=7, events=POLLIN}], 1, 0) = 0 (Timeout) <0.000122>
227   09:14:51.512525 poll([{fd=7, events=POLLIN}], 1, 0) = 0 (Timeout) <0.000118>
227   09:14:51.534585 poll([{fd=7, events=POLLIN}], 1, 0) = 0 (Timeout) <0.000124>
227   09:14:51.556504 poll([{fd=7, events=POLLIN}], 1, 0) = 0 (Timeout) <0.000120>
227   09:14:51.578379 poll([{fd=7, events=POLLIN}], 1, 0) = 0 (Timeout) <0.000122>
227   09:14:51.600396 poll([{fd=7, events=POLLIN}], 1, 0) = 0 (Timeout) <0.000121>
227   09:14:51.622299 poll([{fd=7, events=POLLIN}], 1, 0) = 0 (Timeout) <0.000124>
227   09:14:51.645036 poll([{fd=7, events=POLLIN}], 1, 0) = 0 (Timeout) <0.000122>
227   09:14:51.667089 poll([{fd=7, events=POLLIN}], 1, 0) = 0 (Timeout) <0.000123>
227   09:14:51.723202 poll([{fd=7, events=POLLIN}], 1, 0) = 0 (Timeout) <0.000124>
227   09:14:51.745215 poll([{fd=7, events=POLLIN}], 1, 0) = 0 (Timeout) <0.000125>
227   09:14:51.767273 poll([{fd=7, events=POLLIN}], 1, 0) = 0 (Timeout) <0.000121>
227   09:14:51.789339 poll([{fd=7, events=POLLIN}], 1, 0) = 0 (Timeout) <0.000204>
227   09:14:51.812669 poll([{fd=7, events=POLLIN}], 1, 0) = 0 (Timeout) <0.000125>
227   09:14:51.834800 poll([{fd=7, events=POLLIN}], 1, 0) = 0 (Timeout) <0.000119>
227   09:14:51.856863 poll([{fd=7, events=POLLIN}], 1, 0) = 0 (Timeout) <0.000122>
227   09:14:51.878875 poll([{fd=7, events=POLLIN}], 1, 0) = 0 (Timeout) <0.000121>
227   09:14:51.902297 poll([{fd=7, events=POLLIN}], 1, 0) = 0 (Timeout) <0.000230>
227   09:14:52.757196 poll([{fd=7, events=POLLIN}], 1, 0) = 0 (Timeout) <0.000125>
227   09:14:52.816868 poll([{fd=7, events=POLLIN}], 1, 0) = 0 (Timeout) <0.000124>
227   09:14:52.839214 poll([{fd=7, events=POLLIN}], 1, 0) = 0 (Timeout) <0.000118>
227   09:14:52.861348 poll([{fd=7, events=POLLIN}], 1, 0) = 0 (Timeout) <0.000123>
227   09:14:52.883419 poll([{fd=7, events=POLLIN}], 1, 0) = 0 (Timeout) <0.000124>
227   09:14:52.905476 poll([{fd=7, events=POLLIN}], 1, 0) = 0 (Timeout) <0.000122>
227   09:14:52.927410 poll([{fd=7, events=POLLIN}], 1, 0) = 0 (Timeout) <0.000124>
227   09:14:52.949396 poll([{fd=7, events=POLLIN}], 1, 0) = 0 (Timeout) <0.000121>
227   09:14:52.971443 poll([{fd=7, events=POLLIN}], 1, 0) = 0 (Timeout) <0.000121>
227   09:14:52.993514 poll([{fd=7, events=POLLIN}], 1, 0) = 0 (Timeout) <0.000122>
227   09:14:53.015686 poll([{fd=7, events=POLLIN}], 1, 0) = 0 (Timeout) <0.000119>
227   09:14:53.037710 poll([{fd=7, events=POLLIN}], 1, 0) = 0 (Timeout) <0.000128>
227   09:14:53.093233 poll([{fd=7, events=POLLIN}], 1, 0) = 0 (Timeout) <0.000126>
227   09:14:53.115366 poll([{fd=7, events=POLLIN}], 1, 0) = 0 (Timeout) <0.000120>
227   09:14:53.150530 poll([{fd=7, events=POLLIN}], 1, 0) = 0 (Timeout) <0.000213>
227   09:14:53.172615 poll([{fd=7, events=POLLIN}], 1, 0) = 0 (Timeout) <0.000122>
227   09:14:53.194682 poll([{fd=7, events=POLLIN}], 1, 0) = 0 (Timeout) <0.000119>
227   09:14:53.216641 poll([{fd=7, events=POLLIN}], 1, 0) = 0 (Timeout) <0.000121>
227   09:14:53.238626 poll([{fd=7, events=POLLIN}], 1, 0) = 0 (Timeout) <0.000122>
227   09:14:53.260735 poll([{fd=7, events=POLLIN}], 1, 0) = 0 (Timeout) <0.000119>
227   09:14:53.282857 poll([{fd=7, events=POLLIN}], 1, 0) = 0 (Timeout) <0.000180>
227   09:14:54.134980 poll([{fd=7, events=POLLIN}], 1, 0) = 0 (Timeout) <0.000125>
227   09:14:54.156903 poll([{fd=7, events=POLLIN}], 1, 0) = 0 (Timeout) <0.000122>
227   09:14:54.215755 poll([{fd=7, events=POLLIN}], 1, 0) = 0 (Timeout) <0.000123>
227   09:14:54.237712 poll([{fd=7, events=POLLIN}], 1, 0) = 0 (Timeout) <0.000123>
227   09:14:54.259621 poll([{fd=7, events=POLLIN}], 1, 0) = 0 (Timeout) <0.000115>
227   09:14:54.282629 poll([{fd=7, events=POLLIN}], 1, 0) = 0 (Timeout) <0.000118>
227   09:14:54.306886 poll([{fd=7, events=POLLIN}], 1, 0) = 0 (Timeout) <0.000123>
227   09:14:54.334557 poll([{fd=7, events=POLLIN}], 1, 0) = 0 (Timeout) <0.000121>
227   09:14:54.360298 poll([{fd=7, events=POLLIN}], 1, 0) = 0 (Timeout) <0.000125>
227   09:14:54.386812 poll([{fd=7, events=POLLIN}], 1, 0) = 0 (Timeout) <0.000120>
227   09:14:54.411024 poll([{fd=7, events=POLLIN}], 1, 0) = 0 (Timeout) <0.000124>
227   09:14:54.433095 poll([{fd=7, events=POLLIN}], 1, 0) = 0 (Timeout) <0.000123>
227   09:14:54.487073 poll([{fd=7, events=POLLIN}], 1, 0) = 0 (Timeout) <0.000124>
227   09:14:54.510761 poll([{fd=7, events=POLLIN}], 1, 0) = 0 (Timeout) <0.000124>
227   09:14:54.533604 poll([{fd=7, events=POLLIN}], 1, 0) = 0 (Timeout) <0.000123>
227   09:14:54.555774 poll([{fd=7, events=POLLIN}], 1, 0) = 0 (Timeout) <0.000126>
227   09:14:54.577662 poll([{fd=7, events=POLLIN}], 1, 0) = 0 (Timeout) <0.000122>
227   09:14:54.599625 poll([{fd=7, events=POLLIN}], 1, 0) = 0 (Timeout) <0.000121>
227   09:14:54.622352 poll([{fd=7, events=POLLIN}], 1, 0) = 0 (Timeout) <0.000121>
227   09:14:54.644446 poll([{fd=7, events=POLLIN}], 1, 0) = 0 (Timeout) <0.000121>
227   09:14:54.666423 poll([{fd=7, events=POLLIN}], 1, 0) = 0 (Timeout) <0.000136>
227   09:14:55.522926 poll([{fd=7, events=POLLIN}], 1, 0) = 0 (Timeout) <0.000125>
227   09:14:55.544690 poll([{fd=7, events=POLLIN}], 1, 0) = 0 (Timeout) <0.000127>
227   09:14:55.603302 poll([{fd=7, events=POLLIN}], 1, 0) = 0 (Timeout) <0.000121>
227   09:14:55.625345 poll([{fd=7, events=POLLIN}], 1, 0) = 0 (Timeout) <0.000123>
227   09:14:55.647276 poll([{fd=7, events=POLLIN}], 1, 0) = 0 (Timeout) <0.000120>
227   09:14:55.669309 poll([{fd=7, events=POLLIN}], 1, 0) = 0 (Timeout) <0.000124>
227   09:14:55.691382 poll([{fd=7, events=POLLIN}], 1, 0) = 0 (Timeout) <0.000123>
227   09:14:55.713480 poll([{fd=7, events=POLLIN}], 1, 0) = 0 (Timeout) <0.000119>
227   09:14:55.735542 poll([{fd=7, events=POLLIN}], 1, 0) = 0 (Timeout) <0.000124>
227   09:14:55.757870 poll([{fd=7, events=POLLIN}], 1, 0) = 0 (Timeout) <0.000123>
227   09:14:55.779877 poll([{fd=7, events=POLLIN}], 1, 0) = 0 (Timeout) <0.000119>
227   09:14:55.802044 poll([{fd=7, events=POLLIN}], 1, 0) = 0 (Timeout) <0.000122>
227   09:14:55.824078 poll([{fd=7, events=POLLIN}], 1, 0) = 0 (Timeout) <0.000124>
227   09:14:55.878403 poll([{fd=7, events=POLLIN}], 1, 0) = 0 (Timeout) <0.000125>
227   09:14:55.900439 poll([{fd=7, events=POLLIN}], 1, 0) = 0 (Timeout) <0.000192>
227   09:14:55.922575 poll([{fd=7, events=POLLIN}], 1, 0) = 0 (Timeout) <0.000123>
227   09:14:55.944639 poll([{fd=7, events=POLLIN}], 1, 0) = 0 (Timeout) <0.000121>
227   09:14:55.966648 poll([{fd=7, events=POLLIN}], 1, 0) = 0 (Timeout) <0.000123>
227   09:14:55.988650 poll([{fd=7, events=POLLIN}], 1, 0) = 0 (Timeout) <0.000121>
227   09:14:56.010780 poll([{fd=7, events=POLLIN}], 1, 0) = 0 (Timeout) <0.000126>
227   09:14:56.032838 poll([{fd=7, events=POLLIN}], 1, 0) = 0 (Timeout) <0.000121>
227   09:14:56.888123 poll([{fd=7, events=POLLIN}], 1, 0) = 0 (Timeout) <0.000135>
227   09:14:56.910313 poll([{fd=7, events=POLLIN}], 1, 0) = 0 (Timeout) <0.000123>
227   09:14:56.969394 poll([{fd=7, events=POLLIN}], 1, 0) = 0 (Timeout) <0.000121>
227   09:14:56.991428 poll([{fd=7, events=POLLIN}], 1, 0) = 0 (Timeout) <0.000125>
227   09:14:57.013422 poll([{fd=7, events=POLLIN}], 1, 0) = 0 (Timeout) <0.000122>
227   09:14:57.035625 poll([{fd=7, events=POLLIN}], 1, 0) = 0 (Timeout) <0.000123>
227   09:14:57.057721 poll([{fd=7, events=POLLIN}], 1, 0) = 0 (Timeout) <0.000119>
227   09:14:57.079696 poll([{fd=7, events=POLLIN}], 1, 0) = 0 (Timeout) <0.000119>
227   09:14:57.101610 poll([{fd=7, events=POLLIN}], 1, 0) = 0 (Timeout) <0.000122>
227   09:14:57.123581 poll([{fd=7, events=POLLIN}], 1, 0) = 0 (Timeout) <0.000122>
227   09:14:57.145755 poll([{fd=7, events=POLLIN}], 1, 0) = 0 (Timeout) <0.000121>
227   09:14:57.167708 poll([{fd=7, events=POLLIN}], 1, 0) = 0 (Timeout) <0.000127>
227   09:14:57.189698 poll([{fd=7, events=POLLIN}], 1, 0) = 0 (Timeout) <0.000126>
227   09:14:57.244413 poll([{fd=7, events=POLLIN}], 1, 0) = 0 (Timeout) <0.000117>
227   09:14:57.266355 poll([{fd=7, events=POLLIN}], 1, 0) = 0 (Timeout) <0.000124>
227   09:14:57.288347 poll([{fd=7, events=POLLIN}], 1, 0) = 0 (Timeout) <0.000119>
227   09:14:57.310369 poll([{fd=7, events=POLLIN}], 1, 0) = 0 (Timeout) <0.000121>
227   09:14:57.332353 poll([{fd=7, events=POLLIN}], 1, 0) = 0 (Timeout) <0.000122>
227   09:14:57.354457 poll([{fd=7, events=POLLIN}], 1, 0) = 0 (Timeout) <0.000122>
227   09:14:57.376469 poll([{fd=7, events=POLLIN}], 1, 0) = 0 (Timeout) <0.000122>
227   09:14:57.398428 poll([{fd=7, events=POLLIN}], 1, 0) = 0 (Timeout) <0.000119>
227   09:14:57.420447 poll([{fd=7, events=POLLIN}], 1, 0) = 0 (Timeout) <0.000227>
227   09:14:58.276739 poll([{fd=7, events=POLLIN}], 1, 0) = 0 (Timeout) <0.000122>
227   09:14:58.298410 poll([{fd=7, events=POLLIN}], 1, 0) = 0 (Timeout) <0.000125>
227   09:14:58.357278 poll([{fd=7, events=POLLIN}], 1, 0) = 0 (Timeout) <0.000123>
227   09:14:58.379850 poll([{fd=7, events=POLLIN}], 1, 0) = 0 (Timeout) <0.000123>
227   09:14:58.401799 poll([{fd=7, events=POLLIN}], 1, 0) = 0 (Timeout) <0.000117>
227   09:14:58.423795 poll([{fd=7, events=POLLIN}], 1, 0) = 0 (Timeout) <0.000122>
227   09:14:58.445813 poll([{fd=7, events=POLLIN}], 1, 0) = 0 (Timeout) <0.000124>
227   09:14:58.467759 poll([{fd=7, events=POLLIN}], 1, 0) = 0 (Timeout) <0.000120>
227   09:14:58.489824 poll([{fd=7, events=POLLIN}], 1, 0) = 0 (Timeout) <0.000122>
227   09:14:58.512083 poll([{fd=7, events=POLLIN}], 1, 0) = 0 (Timeout) <0.000361>
227   09:14:58.539378 poll([{fd=7, events=POLLIN}], 1, 0) = 0 (Timeout) <0.000124>
227   09:14:58.561437 poll([{fd=7, events=POLLIN}], 1, 0) = 0 (Timeout) <0.000122>
227   09:14:58.616740 poll([{fd=7, events=POLLIN}], 1, 0) = 0 (Timeout) <0.000125>
227   09:14:58.638929 poll([{fd=7, events=POLLIN}], 1, 0) = 0 (Timeout) <0.000128>
227   09:14:58.661132 poll([{fd=7, events=POLLIN}], 1, 0) = 0 (Timeout) <0.000125>
227   09:14:58.683567 poll([{fd=7, events=POLLIN}], 1, 0) = 0 (Timeout) <0.000123>
227   09:14:58.705674 poll([{fd=7, events=POLLIN}], 1, 0) = 0 (Timeout) <0.000122>
227   09:14:58.727831 poll([{fd=7, events=POLLIN}], 1, 0) = 0 (Timeout) <0.000122>
227   09:14:58.749814 poll([{fd=7, events=POLLIN}], 1, 0) = 0 (Timeout) <0.000122>
227   09:14:58.771836 poll([{fd=7, events=POLLIN}], 1, 0) = 0 (Timeout) <0.000123>
227   09:14:58.793919 poll([{fd=7, events=POLLIN}], 1, 0) = 0 (Timeout) <0.000123>
227   09:14:59.647678 poll([{fd=7, events=POLLIN}], 1, 0) = 0 (Timeout) <0.000134>
227   09:14:59.669632 poll([{fd=7, events=POLLIN}], 1, 0) = 0 (Timeout) <0.000142>
227   09:14:59.728674 poll([{fd=7, events=POLLIN}], 1, 0) = 0 (Timeout) <0.000120>
227   09:14:59.750670 poll([{fd=7, events=POLLIN}], 1, 0) = 0 (Timeout) <0.000123>
227   09:14:59.772667 poll([{fd=7, events=POLLIN}], 1, 0) = 0 (Timeout) <0.000124>
227   09:14:59.794627 poll([{fd=7, events=POLLIN}], 1, 0) = 0 (Timeout) <0.000122>
227   09:14:59.816610 poll([{fd=7, events=POLLIN}], 1, 0) = 0 (Timeout) <0.000123>
227   09:14:59.838913 poll([{fd=7, events=POLLIN}], 1, 0) = 0 (Timeout) <0.000124>
227   09:14:59.861067 poll([{fd=7, events=POLLIN}], 1, 0) = 0 (Timeout) <0.000120>
227   09:14:59.883059 poll([{fd=7, events=POLLIN}], 1, 0) = 0 (Timeout) <0.000122>
227   09:14:59.905089 poll([{fd=7, events=POLLIN}], 1, 0) = 0 (Timeout) <0.000119>
227   09:14:59.927055 poll([{fd=7, events=POLLIN}], 1, 0) = 0 (Timeout) <0.000120>
227   09:14:59.948985 poll([{fd=7, events=POLLIN}], 1, 0) = 0 (Timeout) <0.000125>
227   09:15:00.003575 poll([{fd=7, events=POLLIN}], 1, 0) = 0 (Timeout) <0.000124>
227   09:15:00.025549 poll([{fd=7, events=POLLIN}], 1, 0) = 0 (Timeout) <0.000122>
227   09:15:00.047580 poll([{fd=7, events=POLLIN}], 1, 0) = 0 (Timeout) <0.000119>
227   09:15:00.069602 poll([{fd=7, events=POLLIN}], 1, 0) = 0 (Timeout) <0.000119>
227   09:15:00.091615 poll([{fd=7, events=POLLIN}], 1, 0) = 0 (Timeout) <0.000124>
227   09:15:00.113689 poll([{fd=7, events=POLLIN}], 1, 0) = 0 (Timeout) <0.000124>
227   09:15:00.136084 poll([{fd=7, events=POLLIN}], 1, 0) = 0 (Timeout) <0.000115>
227   09:15:00.158194 poll([{fd=7, events=POLLIN}], 1, 0) = 0 (Timeout) <0.000119>
227   09:15:01.026610 poll([{fd=7, events=POLLIN}], 1, 0) = 0 (Timeout) <0.000138>
227   09:15:01.048580 poll([{fd=7, events=POLLIN}], 1, 0) = 0 (Timeout) <0.000121>
227   09:15:01.108523 poll([{fd=7, events=POLLIN}], 1, 0) = 0 (Timeout) <0.000121>
227   09:15:01.130772 poll([{fd=7, events=POLLIN}], 1, 0) = 0 (Timeout) <0.000123>
227   09:15:01.152727 poll([{fd=7, events=POLLIN}], 1, 0) = 0 (Timeout) <0.000123>
227   09:15:01.174565 poll([{fd=7, events=POLLIN}], 1, 0) = 0 (Timeout) <0.000117>
227   09:15:01.196365 poll([{fd=7, events=POLLIN}], 1, 0) = 0 (Timeout) <0.000120>
227   09:15:01.218209 poll([{fd=7, events=POLLIN}], 1, 0) = 0 (Timeout) <0.000122>
227   09:15:01.240132 poll([{fd=7, events=POLLIN}], 1, 0) = 0 (Timeout) <0.000123>
227   09:15:01.262330 poll([{fd=7, events=POLLIN}], 1, 0) = 0 (Timeout) <0.000125>
227   09:15:01.284801 poll([{fd=7, events=POLLIN}], 1, 0) = 0 (Timeout) <0.000122>
227   09:15:01.307513 poll([{fd=7, events=POLLIN}], 1, 0) = 0 (Timeout) <0.000118>
227   09:15:01.329576 poll([{fd=7, events=POLLIN}], 1, 0) = 0 (Timeout) <0.000123>
227   09:15:01.385195 poll([{fd=7, events=POLLIN}], 1, 0) = 0 (Timeout) <0.000121>
227   09:15:01.407134 poll([{fd=7, events=POLLIN}], 1, 0) = 0 (Timeout) <0.000126>
227   09:15:01.429123 poll([{fd=7, events=POLLIN}], 1, 0) = 0 (Timeout) <0.000118>
227   09:15:01.451210 poll([{fd=7, events=POLLIN}], 1, 0) = 0 (Timeout) <0.000126>
227   09:15:01.473214 poll([{fd=7, events=POLLIN}], 1, 0) = 0 (Timeout) <0.000124>
227   09:15:01.495360 poll([{fd=7, events=POLLIN}], 1, 0) = 0 (Timeout) <0.000126>
227   09:15:01.517562 poll([{fd=7, events=POLLIN}], 1, 0) = 0 (Timeout) <0.000121>
227   09:15:01.539616 poll([{fd=7, events=POLLIN}], 1, 0) = 0 (Timeout) <0.000123>
227   09:15:01.561815 poll([{fd=7, events=POLLIN}], 1, 0) = 0 (Timeout) <0.000187>
227   09:15:02.420495 poll([{fd=7, events=POLLIN}], 1, 0) = 0 (Timeout) <0.000125>
227   09:15:02.480441 poll([{fd=7, events=POLLIN}], 1, 0) = 0 (Timeout) <0.000122>
227   09:15:02.502508 poll([{fd=7, events=POLLIN}], 1, 0) = 0 (Timeout) <0.000121>
227   09:15:02.524556 poll([{fd=7, events=POLLIN}], 1, 0) = 0 (Timeout) <0.000116>
227   09:15:02.548756 poll([{fd=7, events=POLLIN}], 1, 0) = 0 (Timeout) <0.000121>
227   09:15:02.571137 poll([{fd=7, events=POLLIN}], 1, 0) = 0 (Timeout) <0.000123>
227   09:15:02.594173 poll([{fd=7, events=POLLIN}], 1, 0) = 0 (Timeout) <0.000123>
227   09:15:02.617034 poll([{fd=7, events=POLLIN}], 1, 0) = 0 (Timeout) <0.000122>
227   09:15:02.639128 poll([{fd=7, events=POLLIN}], 1, 0) = 0 (Timeout) <0.000125>
227   09:15:02.662447 poll([{fd=7, events=POLLIN}], 1, 0) = 0 (Timeout) <0.000124>
227   09:15:02.688272 poll([{fd=7, events=POLLIN}], 1, 0) = 0 (Timeout) <0.000121>
227   09:15:02.713004 poll([{fd=7, events=POLLIN}], 1, 0) = 0 (Timeout) <0.000125>
227   09:15:02.770356 poll([{fd=7, events=POLLIN}], 1, 0) = 0 (Timeout) <0.000122>
227   09:15:02.792823 poll([{fd=7, events=POLLIN}], 1, 0) = 0 (Timeout) <0.000124>
227   09:15:02.814892 poll([{fd=7, events=POLLIN}], 1, 0) = 0 (Timeout) <0.000122>
227   09:15:02.836862 poll([{fd=7, events=POLLIN}], 1, 0) = 0 (Timeout) <0.000119>
227   09:15:02.858949 poll([{fd=7, events=POLLIN}], 1, 0) = 0 (Timeout) <0.000127>
227   09:15:02.885071 poll([{fd=7, events=POLLIN}], 1, 0) = 0 (Timeout) <0.000121>
227   09:15:02.908130 poll([{fd=7, events=POLLIN}], 1, 0) = 0 (Timeout) <0.000119>
227   09:15:02.931451 poll([{fd=7, events=POLLIN}], 1, 0) = 0 (Timeout) <0.000146>
227   09:15:02.955878 poll([{fd=7, events=POLLIN}], 1, 0) = 0 (Timeout) <0.000126>
227   09:15:03.818416 poll([{fd=7, events=POLLIN}], 1, 0) = 0 (Timeout) <0.000138>
227   09:15:03.841192 poll([{fd=7, events=POLLIN}], 1, 0) = 0 (Timeout) <0.000134>
227   09:15:03.901890 poll([{fd=7, events=POLLIN}], 1, 0) = 0 (Timeout) <0.000124>
227   09:15:03.924083 poll([{fd=7, events=POLLIN}], 1, 0) = 0 (Timeout) <0.000121>
227   09:15:03.947771 poll([{fd=7, events=POLLIN}], 1, 0) = 0 (Timeout) <0.000121>
227   09:15:03.969720 poll([{fd=7, events=POLLIN}], 1, 0) = 0 (Timeout) <0.000122>
227   09:15:03.991598 poll([{fd=7, events=POLLIN}], 1, 0) = 0 (Timeout) <0.000125>
227   09:15:04.013574 poll([{fd=7, events=POLLIN}], 1, 0) = 0 (Timeout) <0.000124>
227   09:15:04.035479 poll([{fd=7, events=POLLIN}], 1, 0) = 0 (Timeout) <0.000122>
227   09:15:04.057278 poll([{fd=7, events=POLLIN}], 1, 0) = 0 (Timeout) <0.000120>
227   09:15:04.079184 poll([{fd=7, events=POLLIN}], 1, 0) = 0 (Timeout) <0.000122>
227   09:15:04.101583 poll([{fd=7, events=POLLIN}], 1, 0) = 0 (Timeout) <0.000126>
227   09:15:04.157720 poll([{fd=7, events=POLLIN}], 1, 0) = 0 (Timeout) <0.000121>
227   09:15:04.179763 poll([{fd=7, events=POLLIN}], 1, 0) = 0 (Timeout) <0.000123>
227   09:15:04.201698 poll([{fd=7, events=POLLIN}], 1, 0) = 0 (Timeout) <0.000210>
227   09:15:04.223689 poll([{fd=7, events=POLLIN}], 1, 0) = 0 (Timeout) <0.000126>
227   09:15:04.245638 poll([{fd=7, events=POLLIN}], 1, 0) = 0 (Timeout) <0.000127>
227   09:15:04.268158 poll([{fd=7, events=POLLIN}], 1, 0) = 0 (Timeout) <0.000124>
227   09:15:04.290400 poll([{fd=7, events=POLLIN}], 1, 0) = 0 (Timeout) <0.000121>
227   09:15:04.312439 poll([{fd=7, events=POLLIN}], 1, 0) = 0 (Timeout) <0.000123>
227   09:15:04.334772 poll([{fd=7, events=POLLIN}], 1, 0) = 0 (Timeout) <0.000118>
227   09:15:05.190585 poll([{fd=7, events=POLLIN}], 1, 0) = 0 (Timeout) <0.000200>
227   09:15:05.212539 poll([{fd=7, events=POLLIN}], 1, 0) = 0 (Timeout) <0.000121>
227   09:15:05.272049 poll([{fd=7, events=POLLIN}], 1, 0) = 0 (Timeout) <0.000127>
227   09:15:05.294173 poll([{fd=7, events=POLLIN}], 1, 0) = 0 (Timeout) <0.000125>
227   09:15:05.316047 poll([{fd=7, events=POLLIN}], 1, 0) = 0 (Timeout) <0.000119>
227   09:15:05.337966 poll([{fd=7, events=POLLIN}], 1, 0) = 0 (Timeout) <0.000119>
227   09:15:05.359914 poll([{fd=7, events=POLLIN}], 1, 0) = 0 (Timeout) <0.000119>
227   09:15:05.381909 poll([{fd=7, events=POLLIN}], 1, 0) = 0 (Timeout) <0.000126>
227   09:15:05.404334 poll([{fd=7, events=POLLIN}], 1, 0) = 0 (Timeout) <0.000123>
227   09:15:05.426216 poll([{fd=7, events=POLLIN}], 1, 0) = 0 (Timeout) <0.000126>
227   09:15:05.448187 poll([{fd=7, events=POLLIN}], 1, 0) = 0 (Timeout) <0.000125>
227   09:15:05.470156 poll([{fd=7, events=POLLIN}], 1, 0) = 0 (Timeout) <0.000123>
227   09:15:05.492189 poll([{fd=7, events=POLLIN}], 1, 0) = 0 (Timeout) <0.000123>
227   09:15:05.547947 poll([{fd=7, events=POLLIN}], 1, 0) = 0 (Timeout) <0.000122>
227   09:15:05.569872 poll([{fd=7, events=POLLIN}], 1, 0) = 0 (Timeout) <0.000123>
227   09:15:05.591813 poll([{fd=7, events=POLLIN}], 1, 0) = 0 (Timeout) <0.000124>
227   09:15:06.209378 poll([{fd=7, events=POLLIN}], 1, 0) = 0 (Timeout) <0.000119>
227   09:15:06.231424 poll([{fd=7, events=POLLIN}], 1, 0) = 0 (Timeout) <0.000123>
227   09:15:06.253462 poll([{fd=7, events=POLLIN}], 1, 0) = 0 (Timeout) <0.000127>
227   09:15:06.275572 poll([{fd=7, events=POLLIN}], 1, 0) = 0 (Timeout) <0.000121>
227   09:15:06.311503 poll([{fd=7, events=POLLIN}], 1, 0) = 0 (Timeout) <0.000120>
227   09:15:06.333620 poll([{fd=7, events=POLLIN}], 1, 0) = 0 (Timeout) <0.000121>
227   09:15:06.355698 poll([{fd=7, events=POLLIN}], 1, 0) = 0 (Timeout) <0.000123>
227   09:15:06.377693 poll([{fd=7, events=POLLIN}], 1, 0) = 0 (Timeout) <0.000121>
227   09:15:06.448960 poll([{fd=7, events=POLLIN}], 1, 0) = 0 (Timeout) <0.000119>
227   09:15:06.471143 poll([{fd=7, events=POLLIN}], 1, 0) = 0 (Timeout) <0.000125>
227   09:15:06.493200 poll([{fd=7, events=POLLIN}], 1, 0) = 0 (Timeout) <0.000125>
227   09:15:06.515940 poll([{fd=7, events=POLLIN}], 1, 0) = 0 (Timeout) <0.000119>
227   09:15:06.537942 poll([{fd=7, events=POLLIN}], 1, 0) = 0 (Timeout) <0.000122>
227   09:15:06.559933 poll([{fd=7, events=POLLIN}], 1, 0) = 0 (Timeout) <0.000122>
227   09:15:06.582093 poll([{fd=7, events=POLLIN}], 1, 0) = 0 (Timeout) <0.000120>
227   09:15:06.604191 poll([{fd=7, events=POLLIN}], 1, 0) = 0 (Timeout) <0.000122>
227   09:15:07.464733 poll([{fd=7, events=POLLIN}], 1, 0) = 0 (Timeout) <0.000124>
227   09:15:07.487419 poll([{fd=7, events=POLLIN}], 1, 0) = 0 (Timeout) <0.000124>
227   09:15:07.541217 poll([{fd=7, events=POLLIN}], 1, 0) = 0 (Timeout) <0.000123>
227   09:15:07.563193 poll([{fd=7, events=POLLIN}], 1, 0) = 0 (Timeout) <0.000123>
227   09:15:07.585195 poll([{fd=7, events=POLLIN}], 1, 0) = 0 (Timeout) <0.000122>
227   09:15:07.607055 poll([{fd=7, events=POLLIN}], 1, 0) = 0 (Timeout) <0.000122>
227   09:15:07.629119 poll([{fd=7, events=POLLIN}], 1, 0) = 0 (Timeout) <0.000122>
227   09:15:07.651089 poll([{fd=7, events=POLLIN}], 1, 0) = 0 (Timeout) <0.000122>
227   09:15:07.673079 poll([{fd=7, events=POLLIN}], 1, 0) = 0 (Timeout) <0.000115>
227   09:15:07.694927 poll([{fd=7, events=POLLIN}], 1, 0) = 0 (Timeout) <0.000122>
227   09:15:07.716823 poll([{fd=7, events=POLLIN}], 1, 0) = 0 (Timeout) <0.000122>
227   09:15:07.738687 poll([{fd=7, events=POLLIN}], 1, 0) = 0 (Timeout) <0.000122>
227   09:15:07.760705 poll([{fd=7, events=POLLIN}], 1, 0) = 0 (Timeout) <0.000128>
227   09:15:07.829327 poll([{fd=7, events=POLLIN}], 1, 0) = 0 (Timeout) <0.000124>
227   09:15:07.851318 poll([{fd=7, events=POLLIN}], 1, 0) = 0 (Timeout) <0.000123>
227   09:15:07.873469 poll([{fd=7, events=POLLIN}], 1, 0) = 0 (Timeout) <0.000125>
227   09:15:07.895493 poll([{fd=7, events=POLLIN}], 1, 0) = 0 (Timeout) <0.000122>
227   09:15:07.917434 poll([{fd=7, events=POLLIN}], 1, 0) = 0 (Timeout) <0.000121>
227   09:15:07.939536 poll([{fd=7, events=POLLIN}], 1, 0) = 0 (Timeout) <0.000123>
227   09:15:07.961640 poll([{fd=7, events=POLLIN}], 1, 0) = 0 (Timeout) <0.000117>
227   09:15:07.983618 poll([{fd=7, events=POLLIN}], 1, 0) = 0 (Timeout) <0.000119>
227   09:15:08.005677 poll([{fd=7, events=POLLIN}], 1, 0) = 0 (Timeout) <0.000183>
227   09:15:08.868363 poll([{fd=7, events=POLLIN}], 1, 0) = 0 (Timeout) <0.000127>
227   09:15:08.924759 poll([{fd=7, events=POLLIN}], 1, 0) = 0 (Timeout) <0.000126>
227   09:15:08.949277 poll([{fd=7, events=POLLIN}], 1, 0) = 0 (Timeout) <0.000118>
227   09:15:08.974089 poll([{fd=7, events=POLLIN}], 1, 0) = 0 (Timeout) <0.000122>
227   09:15:08.997711 poll([{fd=7, events=POLLIN}], 1, 0) = 0 (Timeout) <0.000126>
227   09:15:09.019771 poll([{fd=7, events=POLLIN}], 1, 0) = 0 (Timeout) <0.000120>
227   09:15:09.041767 poll([{fd=7, events=POLLIN}], 1, 0) = 0 (Timeout) <0.000127>
227   09:15:09.063724 poll([{fd=7, events=POLLIN}], 1, 0) = 0 (Timeout) <0.000127>
227   09:15:09.085810 poll([{fd=7, events=POLLIN}], 1, 0) = 0 (Timeout) <0.000120>
227   09:15:09.107811 poll([{fd=7, events=POLLIN}], 1, 0) = 0 (Timeout) <0.000121>
227   09:15:09.129795 poll([{fd=7, events=POLLIN}], 1, 0) = 0 (Timeout) <0.000120>
227   09:15:09.151750 poll([{fd=7, events=POLLIN}], 1, 0) = 0 (Timeout) <0.000123>
227   09:15:09.221921 poll([{fd=7, events=POLLIN}], 1, 0) = 0 (Timeout) <0.000125>
227   09:15:09.246560 poll([{fd=7, events=POLLIN}], 1, 0) = 0 (Timeout) <0.000133>
227   09:15:09.270651 poll([{fd=7, events=POLLIN}], 1, 0) = 0 (Timeout) <0.000124>
227   09:15:09.292820 poll([{fd=7, events=POLLIN}], 1, 0) = 0 (Timeout) <0.000126>
227   09:15:09.315160 poll([{fd=7, events=POLLIN}], 1, 0) = 0 (Timeout) <0.000119>
227   09:15:09.337112 poll([{fd=7, events=POLLIN}], 1, 0) = 0 (Timeout) <0.000123>
227   09:15:09.359038 poll([{fd=7, events=POLLIN}], 1, 0) = 0 (Timeout) <0.000123>
227   09:15:09.381247 poll([{fd=7, events=POLLIN}], 1, 0) = 0 (Timeout) <0.000125>
227   09:15:09.403405 poll([{fd=7, events=POLLIN}], 1, 0) = 0 (Timeout) <0.000121>
227   09:15:10.262569 poll([{fd=7, events=POLLIN}], 1, 0) = 0 (Timeout) <0.000136>
227   09:15:10.284558 poll([{fd=7, events=POLLIN}], 1, 0) = 0 (Timeout) <0.000124>
227   09:15:10.337730 poll([{fd=7, events=POLLIN}], 1, 0) = 0 (Timeout) <0.000121>
227   09:15:10.359620 poll([{fd=7, events=POLLIN}], 1, 0) = 0 (Timeout) <0.000218>
227   09:15:10.381651 poll([{fd=7, events=POLLIN}], 1, 0) = 0 (Timeout) <0.000127>
227   09:15:10.403550 poll([{fd=7, events=POLLIN}], 1, 0) = 0 (Timeout) <0.000122>
227   09:15:10.425566 poll([{fd=7, events=POLLIN}], 1, 0) = 0 (Timeout) <0.000124>
227   09:15:10.447916 poll([{fd=7, events=POLLIN}], 1, 0) = 0 (Timeout) <0.000122>
227   09:15:10.469894 poll([{fd=7, events=POLLIN}], 1, 0) = 0 (Timeout) <0.000122>
227   09:15:10.491802 poll([{fd=7, events=POLLIN}], 1, 0) = 0 (Timeout) <0.000122>
227   09:15:10.513711 poll([{fd=7, events=POLLIN}], 1, 0) = 0 (Timeout) <0.000122>
227   09:15:10.535863 poll([{fd=7, events=POLLIN}], 1, 0) = 0 (Timeout) <0.000125>
227   09:15:10.604612 poll([{fd=7, events=POLLIN}], 1, 0) = 0 (Timeout) <0.000123>
227   09:15:10.626568 poll([{fd=7, events=POLLIN}], 1, 0) = 0 (Timeout) <0.000122>
227   09:15:10.648494 poll([{fd=7, events=POLLIN}], 1, 0) = 0 (Timeout) <0.000124>
227   09:15:10.670574 poll([{fd=7, events=POLLIN}], 1, 0) = 0 (Timeout) <0.000210>
227   09:15:10.692569 poll([{fd=7, events=POLLIN}], 1, 0) = 0 (Timeout) <0.000124>
227   09:15:10.714689 poll([{fd=7, events=POLLIN}], 1, 0) = 0 (Timeout) <0.000122>
227   09:15:10.736644 poll([{fd=7, events=POLLIN}], 1, 0) = 0 (Timeout) <0.000123>
227   09:15:10.761416 poll([{fd=7, events=POLLIN}], 1, 0) = 0 (Timeout) <0.000126>
227   09:15:10.783663 poll([{fd=7, events=POLLIN}], 1, 0) = 0 (Timeout) <0.000124>
227   09:15:11.635448 poll([{fd=7, events=POLLIN}], 1, 0) = 0 (Timeout) <0.000177>
227   09:15:11.657432 poll([{fd=7, events=POLLIN}], 1, 0) = 0 (Timeout) <0.000124>
227   09:15:11.710948 poll([{fd=7, events=POLLIN}], 1, 0) = 0 (Timeout) <0.000120>
227   09:15:11.732908 poll([{fd=7, events=POLLIN}], 1, 0) = 0 (Timeout) <0.000122>
227   09:15:11.754856 poll([{fd=7, events=POLLIN}], 1, 0) = 0 (Timeout) <0.000118>
227   09:15:11.776794 poll([{fd=7, events=POLLIN}], 1, 0) = 0 (Timeout) <0.000121>
227   09:15:11.798687 poll([{fd=7, events=POLLIN}], 1, 0) = 0 (Timeout) <0.000122>
227   09:15:11.820640 poll([{fd=7, events=POLLIN}], 1, 0) = 0 (Timeout) <0.000120>
227   09:15:11.842659 poll([{fd=7, events=POLLIN}], 1, 0) = 0 (Timeout) <0.000123>
227   09:15:11.864717 poll([{fd=7, events=POLLIN}], 1, 0) = 0 (Timeout) <0.000121>
227   09:15:11.886713 poll([{fd=7, events=POLLIN}], 1, 0) = 0 (Timeout) <0.000124>
227   09:15:11.909092 poll([{fd=7, events=POLLIN}], 1, 0) = 0 (Timeout) <0.000119>
227   09:15:11.931141 poll([{fd=7, events=POLLIN}], 1, 0) = 0 (Timeout) <0.000124>
227   09:15:12.000214 poll([{fd=7, events=POLLIN}], 1, 0) = 0 (Timeout) <0.000124>
227   09:15:12.022372 poll([{fd=7, events=POLLIN}], 1, 0) = 0 (Timeout) <0.000124>
227   09:15:12.044614 poll([{fd=7, events=POLLIN}], 1, 0) = 0 (Timeout) <0.000287>
227   09:15:12.066982 poll([{fd=7, events=POLLIN}], 1, 0) = 0 (Timeout) <0.000124>
227   09:15:12.089036 poll([{fd=7, events=POLLIN}], 1, 0) = 0 (Timeout) <0.000122>
227   09:15:12.111134 poll([{fd=7, events=POLLIN}], 1, 0) = 0 (Timeout) <0.000124>
227   09:15:12.133196 poll([{fd=7, events=POLLIN}], 1, 0) = 0 (Timeout) <0.000121>
227   09:15:12.155244 poll([{fd=7, events=POLLIN}], 1, 0) = 0 (Timeout) <0.000123>
227   09:15:12.177337 poll([{fd=7, events=POLLIN}], 1, 0) = 0 (Timeout) <0.000189>
227   09:15:13.028986 poll([{fd=7, events=POLLIN}], 1, 0) = 0 (Timeout) <0.000124>
227   09:15:13.084346 poll([{fd=7, events=POLLIN}], 1, 0) = 0 (Timeout) <0.000124>
227   09:15:13.106381 poll([{fd=7, events=POLLIN}], 1, 0) = 0 (Timeout) <0.000124>
227   09:15:13.128417 poll([{fd=7, events=POLLIN}], 1, 0) = 0 (Timeout) <0.000122>
227   09:15:13.150426 poll([{fd=7, events=POLLIN}], 1, 0) = 0 (Timeout) <0.000196>
227   09:15:13.172532 poll([{fd=7, events=POLLIN}], 1, 0) = 0 (Timeout) <0.000123>
227   09:15:13.194501 poll([{fd=7, events=POLLIN}], 1, 0) = 0 (Timeout) <0.000123>
227   09:15:13.216463 poll([{fd=7, events=POLLIN}], 1, 0) = 0 (Timeout) <0.000124>
227   09:15:13.238421 poll([{fd=7, events=POLLIN}], 1, 0) = 0 (Timeout) <0.000120>
227   09:15:13.260409 poll([{fd=7, events=POLLIN}], 1, 0) = 0 (Timeout) <0.000123>
227   09:15:13.282509 poll([{fd=7, events=POLLIN}], 1, 0) = 0 (Timeout) <0.000122>
227   09:15:13.304676 poll([{fd=7, events=POLLIN}], 1, 0) = 0 (Timeout) <0.000122>
227   09:15:13.373008 poll([{fd=7, events=POLLIN}], 1, 0) = 0 (Timeout) <0.000251>
227   09:15:13.400021 poll([{fd=7, events=POLLIN}], 1, 0) = 0 (Timeout) <0.000134>
227   09:15:13.422062 poll([{fd=7, events=POLLIN}], 1, 0) = 0 (Timeout) <0.000120>
227   09:15:13.443903 poll([{fd=7, events=POLLIN}], 1, 0) = 0 (Timeout) <0.000122>
227   09:15:13.465910 poll([{fd=7, events=POLLIN}], 1, 0) = 0 (Timeout) <0.000126>
227   09:15:13.488118 poll([{fd=7, events=POLLIN}], 1, 0) = 0 (Timeout) <0.000124>
227   09:15:13.510332 poll([{fd=7, events=POLLIN}], 1, 0) = 0 (Timeout) <0.000120>
227   09:15:13.532674 poll([{fd=7, events=POLLIN}], 1, 0) = 0 (Timeout) <0.000127>
227   09:15:13.554709 poll([{fd=7, events=POLLIN}], 1, 0) = 0 (Timeout) <0.000226>
227   09:15:14.411858 poll([{fd=7, events=POLLIN}], 1, 0) = 0 (Timeout) <0.000122>
227   09:15:14.433600 poll([{fd=7, events=POLLIN}], 1, 0) = 0 (Timeout) <0.000124>
227   09:15:14.487689 poll([{fd=7, events=POLLIN}], 1, 0) = 0 (Timeout) <0.000121>
227   09:15:14.509631 poll([{fd=7, events=POLLIN}], 1, 0) = 0 (Timeout) <0.000125>
227   09:15:14.531437 poll([{fd=7, events=POLLIN}], 1, 0) = 0 (Timeout) <0.000127>
227   09:15:14.554023 poll([{fd=7, events=POLLIN}], 1, 0) = 0 (Timeout) <0.000125>
227   09:15:14.576032 poll([{fd=7, events=POLLIN}], 1, 0) = 0 (Timeout) <0.000122>
227   09:15:14.597990 poll([{fd=7, events=POLLIN}], 1, 0) = 0 (Timeout) <0.000122>
227   09:15:14.619961 poll([{fd=7, events=POLLIN}], 1, 0) = 0 (Timeout) <0.000121>
227   09:15:14.642006 poll([{fd=7, events=POLLIN}], 1, 0) = 0 (Timeout) <0.000120>
227   09:15:14.664026 poll([{fd=7, events=POLLIN}], 1, 0) = 0 (Timeout) <0.000120>
227   09:15:14.685972 poll([{fd=7, events=POLLIN}], 1, 0) = 0 (Timeout) <0.000120>
227   09:15:14.754160 poll([{fd=7, events=POLLIN}], 1, 0) = 0 (Timeout) <0.000126>
227   09:15:14.776107 poll([{fd=7, events=POLLIN}], 1, 0) = 0 (Timeout) <0.000119>
227   09:15:14.798062 poll([{fd=7, events=POLLIN}], 1, 0) = 0 (Timeout) <0.000123>
227   09:15:14.820251 poll([{fd=7, events=POLLIN}], 1, 0) = 0 (Timeout) <0.000121>
227   09:15:14.842331 poll([{fd=7, events=POLLIN}], 1, 0) = 0 (Timeout) <0.000122>
227   09:15:14.864847 poll([{fd=7, events=POLLIN}], 1, 0) = 0 (Timeout) <0.000117>
227   09:15:14.886899 poll([{fd=7, events=POLLIN}], 1, 0) = 0 (Timeout) <0.000122>
227   09:15:14.908858 poll([{fd=7, events=POLLIN}], 1, 0) = 0 (Timeout) <0.000123>
227   09:15:14.930916 poll([{fd=7, events=POLLIN}], 1, 0) = 0 (Timeout) <0.000122>
227   09:15:15.786678 poll([{fd=7, events=POLLIN}], 1, 0) = 0 (Timeout) <0.000131>
227   09:15:15.808525 poll([{fd=7, events=POLLIN}], 1, 0) = 0 (Timeout) <0.000301>
227   09:15:15.862907 poll([{fd=7, events=POLLIN}], 1, 0) = 0 (Timeout) <0.000121>
227   09:15:15.884842 poll([{fd=7, events=POLLIN}], 1, 0) = 0 (Timeout) <0.000121>
227   09:15:15.906797 poll([{fd=7, events=POLLIN}], 1, 0) = 0 (Timeout) <0.000120>
227   09:15:15.928698 poll([{fd=7, events=POLLIN}], 1, 0) = 0 (Timeout) <0.000118>
227   09:15:15.950692 poll([{fd=7, events=POLLIN}], 1, 0) = 0 (Timeout) <0.000124>
227   09:15:15.972776 poll([{fd=7, events=POLLIN}], 1, 0) = 0 (Timeout) <0.000121>
227   09:15:15.995327 poll([{fd=7, events=POLLIN}], 1, 0) = 0 (Timeout) <0.000119>
227   09:15:16.017301 poll([{fd=7, events=POLLIN}], 1, 0) = 0 (Timeout) <0.000124>
227   09:15:16.039423 poll([{fd=7, events=POLLIN}], 1, 0) = 0 (Timeout) <0.000124>
227   09:15:16.061454 poll([{fd=7, events=POLLIN}], 1, 0) = 0 (Timeout) <0.000123>
227   09:15:16.083522 poll([{fd=7, events=POLLIN}], 1, 0) = 0 (Timeout) <0.000126>
227   09:15:16.152327 poll([{fd=7, events=POLLIN}], 1, 0) = 0 (Timeout) <0.000123>
227   09:15:16.174479 poll([{fd=7, events=POLLIN}], 1, 0) = 0 (Timeout) <0.000122>
227   09:15:16.196459 poll([{fd=7, events=POLLIN}], 1, 0) = 0 (Timeout) <0.000116>
227   09:15:16.220412 poll([{fd=7, events=POLLIN}], 1, 0) = 0 (Timeout) <0.000120>
227   09:15:16.243545 poll([{fd=7, events=POLLIN}], 1, 0) = 0 (Timeout) <0.000342>
227   09:15:16.279489 poll([{fd=7, events=POLLIN}], 1, 0) = 0 (Timeout) <0.000129>
227   09:15:16.302469 poll([{fd=7, events=POLLIN}], 1, 0) = 0 (Timeout) <0.000135>
227   09:15:16.325875 poll([{fd=7, events=POLLIN}], 1, 0) = 0 (Timeout) <0.000124>
227   09:15:16.348129 poll([{fd=7, events=POLLIN}], 1, 0) = 0 (Timeout) <0.000120>
227   09:15:16.370534 poll([{fd=7, events=POLLIN}], 1, 0) = 0 (Timeout) <0.000187>
227   09:15:16.438512 poll([{fd=7, events=POLLIN}], 1, 0) = 0 (Timeout) <0.000124>
227   09:15:16.460504 poll([{fd=7, events=POLLIN}], 1, 0) = 0 (Timeout) <0.000197>
227   09:15:16.482586 poll([{fd=7, events=POLLIN}], 1, 0) = 0 (Timeout) <0.000123>
227   09:15:16.504577 poll([{fd=7, events=POLLIN}], 1, 0) = 0 (Timeout) <0.000124>
227   09:15:16.526465 poll([{fd=7, events=POLLIN}], 1, 0) = 0 (Timeout) <0.000124>
227   09:15:16.548380 poll([{fd=7, events=POLLIN}], 1, 0) = 0 (Timeout) <0.000121>
227   09:15:16.570550 poll([{fd=7, events=POLLIN}], 1, 0) = 0 (Timeout) <0.000123>
227   09:15:16.592620 poll([{fd=7, events=POLLIN}], 1, 0) = 0 (Timeout) <0.000122>
227   09:15:17.452775 poll([{fd=7, events=POLLIN}], 1, 0) = 0 (Timeout) <0.000123>
227   09:15:17.474812 poll([{fd=7, events=POLLIN}], 1, 0) = 0 (Timeout) <0.000123>
227   09:15:17.497215 poll([{fd=7, events=POLLIN}], 1, 0) = 0 (Timeout) <0.000189>
227   09:15:17.561432 poll([{fd=7, events=POLLIN}], 1, 0) = 0 (Timeout) <0.000135>
227   09:15:17.583486 poll([{fd=7, events=POLLIN}], 1, 0) = 0 (Timeout) <0.000125>
227   09:15:17.605496 poll([{fd=7, events=POLLIN}], 1, 0) = 0 (Timeout) <0.000121>
227   09:15:17.627393 poll([{fd=7, events=POLLIN}], 1, 0) = 0 (Timeout) <0.000124>
227   09:15:17.649212 poll([{fd=7, events=POLLIN}], 1, 0) = 0 (Timeout) <0.000121>
227   09:15:17.671465 poll([{fd=7, events=POLLIN}], 1, 0) = 0 (Timeout) <0.000122>
227   09:15:17.693515 poll([{fd=7, events=POLLIN}], 1, 0) = 0 (Timeout) <0.000121>
227   09:15:17.715501 poll([{fd=7, events=POLLIN}], 1, 0) = 0 (Timeout) <0.000119>
227   09:15:17.737443 poll([{fd=7, events=POLLIN}], 1, 0) = 0 (Timeout) <0.000123>
227   09:15:17.759612 poll([{fd=7, events=POLLIN}], 1, 0) = 0 (Timeout) <0.000119>
227   09:15:17.781669 poll([{fd=7, events=POLLIN}], 1, 0) = 0 (Timeout) <0.000122>
227   09:15:17.848809 poll([{fd=7, events=POLLIN}], 1, 0) = 0 (Timeout) <0.000122>
227   09:15:17.870869 poll([{fd=7, events=POLLIN}], 1, 0) = 0 (Timeout) <0.000125>
227   09:15:17.892879 poll([{fd=7, events=POLLIN}], 1, 0) = 0 (Timeout) <0.000123>
227   09:15:17.915063 poll([{fd=7, events=POLLIN}], 1, 0) = 0 (Timeout) <0.000118>
227   09:15:17.937055 poll([{fd=7, events=POLLIN}], 1, 0) = 0 (Timeout) <0.000121>
227   09:15:17.959019 poll([{fd=7, events=POLLIN}], 1, 0) = 0 (Timeout) <0.000119>
227   09:15:17.981130 poll([{fd=7, events=POLLIN}], 1, 0) = 0 (Timeout) <0.000137>
227   09:15:18.005676 poll([{fd=7, events=POLLIN}], 1, 0) = 0 (Timeout) <0.000165>
227   09:15:18.028008 poll([{fd=7, events=POLLIN}], 1, 0) = 0 (Timeout) <0.000197>
227   09:15:18.893341 poll([{fd=7, events=POLLIN}], 1, 0) = 0 (Timeout) <0.000125>
227   09:15:18.957108 poll([{fd=7, events=POLLIN}], 1, 0) = 0 (Timeout) <0.000123>
227   09:15:18.979226 poll([{fd=7, events=POLLIN}], 1, 0) = 0 (Timeout) <0.000125>
227   09:15:19.001242 poll([{fd=7, events=POLLIN}], 1, 0) = 0 (Timeout) <0.000125>
227   09:15:19.032340 poll([{fd=7, events=POLLIN}], 1, 0) = 0 (Timeout) <0.000121>
227   09:15:19.054353 poll([{fd=7, events=POLLIN}], 1, 0) = 0 (Timeout) <0.000119>
227   09:15:19.076312 poll([{fd=7, events=POLLIN}], 1, 0) = 0 (Timeout) <0.000120>
227   09:15:19.098202 poll([{fd=7, events=POLLIN}], 1, 0) = 0 (Timeout) <0.000123>
227   09:15:19.122206 poll([{fd=7, events=POLLIN}], 1, 0) = 0 (Timeout) <0.000119>
227   09:15:19.145367 poll([{fd=7, events=POLLIN}], 1, 0) = 0 (Timeout) <0.000125>
227   09:15:19.167354 poll([{fd=7, events=POLLIN}], 1, 0) = 0 (Timeout) <0.000123>
227   09:15:19.189429 poll([{fd=7, events=POLLIN}], 1, 0) = 0 (Timeout) <0.000118>
227   09:15:19.254023 poll([{fd=7, events=POLLIN}], 1, 0) = 0 (Timeout) <0.000122>
227   09:15:19.276028 poll([{fd=7, events=POLLIN}], 1, 0) = 0 (Timeout) <0.000125>
227   09:15:19.297994 poll([{fd=7, events=POLLIN}], 1, 0) = 0 (Timeout) <0.000125>
227   09:15:19.322255 poll([{fd=7, events=POLLIN}], 1, 0) = 0 (Timeout) <0.000118>
227   09:15:19.350356 poll([{fd=7, events=POLLIN}], 1, 0) = 0 (Timeout) <0.000123>
227   09:15:19.374638 poll([{fd=7, events=POLLIN}], 1, 0) = 0 (Timeout) <0.000121>
227   09:15:19.405565 poll([{fd=7, events=POLLIN}], 1, 0) = 0 (Timeout) <0.000150>
227   09:15:19.428961 poll([{fd=7, events=POLLIN}], 1, 0) = 0 (Timeout) <0.000124>
227   09:15:19.451068 poll([{fd=7, events=POLLIN}], 1, 0) = 0 (Timeout) <0.000125>
227   09:15:20.315561 poll([{fd=7, events=POLLIN}], 1, 0) = 0 (Timeout) <0.000133>
227   09:15:20.337226 poll([{fd=7, events=POLLIN}], 1, 0) = 0 (Timeout) <0.000227>
227   09:15:21.280542 poll([{fd=7, events=POLLIN}], 1, 0) = 0 (Timeout) <0.000200>
227   09:15:21.303662 poll([{fd=7, events=POLLIN}], 1, 0) = 0 (Timeout) <0.000126>
227   09:15:21.326656 poll([{fd=7, events=POLLIN}], 1, 0) = 0 (Timeout) <0.000125>
227   09:15:21.348754 poll([{fd=7, events=POLLIN}], 1, 0) = 0 (Timeout) <0.000123>
227   09:15:21.373443 poll([{fd=7, events=POLLIN}], 1, 0) = 0 (Timeout) <0.000124>
227   09:15:21.400120 poll([{fd=7, events=POLLIN}], 1, 0) = 0 (Timeout) <0.000117>
227   09:15:21.425523 poll([{fd=7, events=POLLIN}], 1, 0) = 0 (Timeout) <0.000124>
227   09:15:21.447599 poll([{fd=7, events=POLLIN}], 1, 0) = 0 (Timeout) <0.000122>
227   09:15:21.469706 poll([{fd=7, events=POLLIN}], 1, 0) = 0 (Timeout) <0.000121>
227   09:15:21.491755 poll([{fd=7, events=POLLIN}], 1, 0) = 0 (Timeout) <0.000126>
227   09:15:21.555530 poll([{fd=7, events=POLLIN}], 1, 0) = 0 (Timeout) <0.000123>
227   09:15:21.577484 poll([{fd=7, events=POLLIN}], 1, 0) = 0 (Timeout) <0.000123>
227   09:15:21.601764 poll([{fd=7, events=POLLIN}], 1, 0) = 0 (Timeout) <0.000125>
227   09:15:21.624555 poll([{fd=7, events=POLLIN}], 1, 0) = 0 (Timeout) <0.000125>
227   09:15:21.650408 poll([{fd=7, events=POLLIN}], 1, 0) = 0 (Timeout) <0.000189>
227   09:15:21.672779 poll([{fd=7, events=POLLIN}], 1, 0) = 0 (Timeout) <0.000117>
227   09:15:21.699379 poll([{fd=7, events=POLLIN}], 1, 0) = 0 (Timeout) <0.000983>
227   09:15:21.725300 poll([{fd=7, events=POLLIN}], 1, 0) = 0 (Timeout) <0.000126>
227   09:15:21.747831 poll([{fd=7, events=POLLIN}], 1, 0) = 0 (Timeout) <0.000222>
227   09:15:22.615226 poll([{fd=7, events=POLLIN}], 1, 0) = 0 (Timeout) <0.000139>
227   09:15:22.673751 poll([{fd=7, events=POLLIN}], 1, 0) = 0 (Timeout) <0.000140>
227   09:15:22.736576 poll([{fd=7, events=POLLIN}], 1, 0) = 0 (Timeout) <0.000125>
227   09:15:22.758464 poll([{fd=7, events=POLLIN}], 1, 0) = 0 (Timeout) <0.000122>
227   09:15:22.780479 poll([{fd=7, events=POLLIN}], 1, 0) = 0 (Timeout) <0.000190>
227   09:15:22.802537 poll([{fd=7, events=POLLIN}], 1, 0) = 0 (Timeout) <0.000121>
227   09:15:22.824550 poll([{fd=7, events=POLLIN}], 1, 0) = 0 (Timeout) <0.000121>
227   09:15:22.846522 poll([{fd=7, events=POLLIN}], 1, 0) = 0 (Timeout) <0.000123>
227   09:15:22.868562 poll([{fd=7, events=POLLIN}], 1, 0) = 0 (Timeout) <0.000120>
227   09:15:22.890567 poll([{fd=7, events=POLLIN}], 1, 0) = 0 (Timeout) <0.000193>
227   09:15:22.912639 poll([{fd=7, events=POLLIN}], 1, 0) = 0 (Timeout) <0.000123>
227   09:15:22.935017 poll([{fd=7, events=POLLIN}], 1, 0) = 0 (Timeout) <0.000121>
227   09:15:23.000703 poll([{fd=7, events=POLLIN}], 1, 0) = 0 (Timeout) <0.000117>
227   09:15:23.022806 poll([{fd=7, events=POLLIN}], 1, 0) = 0 (Timeout) <0.000125>
227   09:15:23.045666 poll([{fd=7, events=POLLIN}], 1, 0) = 0 (Timeout) <0.000126>
227   09:15:23.067942 poll([{fd=7, events=POLLIN}], 1, 0) = 0 (Timeout) <0.000122>
227   09:15:23.092782 poll([{fd=7, events=POLLIN}], 1, 0) = 0 (Timeout) <0.000123>
227   09:15:23.116707 poll([{fd=7, events=POLLIN}], 1, 0) = 0 (Timeout) <0.000123>
227   09:15:23.140418 poll([{fd=7, events=POLLIN}], 1, 0) = 0 (Timeout) <0.000207>
227   09:15:23.162657 poll([{fd=7, events=POLLIN}], 1, 0) = 0 (Timeout) <0.000119>
227   09:15:23.190348 poll([{fd=7, events=POLLIN}], 1, 0) = 0 (Timeout) <0.000122>
227   09:15:24.054301 poll([{fd=7, events=POLLIN}], 1, 0) = 0 (Timeout) <0.000130>
227   09:15:24.117716 poll([{fd=7, events=POLLIN}], 1, 0) = 0 (Timeout) <0.000123>
227   09:15:24.139521 poll([{fd=7, events=POLLIN}], 1, 0) = 0 (Timeout) <0.000121>
227   09:15:24.161665 poll([{fd=7, events=POLLIN}], 1, 0) = 0 (Timeout) <0.000128>
227   09:15:24.184850 poll([{fd=7, events=POLLIN}], 1, 0) = 0 (Timeout) <0.000121>
227   09:15:24.206805 poll([{fd=7, events=POLLIN}], 1, 0) = 0 (Timeout) <0.000120>
227   09:15:24.228840 poll([{fd=7, events=POLLIN}], 1, 0) = 0 (Timeout) <0.000119>
227   09:15:24.255961 poll([{fd=7, events=POLLIN}], 1, 0) = 0 (Timeout) <0.000127>
227   09:15:24.278214 poll([{fd=7, events=POLLIN}], 1, 0) = 0 (Timeout) <0.000122>
227   09:15:24.299994 poll([{fd=7, events=POLLIN}], 1, 0) = 0 (Timeout) <0.000124>
227   09:15:24.321959 poll([{fd=7, events=POLLIN}], 1, 0) = 0 (Timeout) <0.000123>
227   09:15:24.343844 poll([{fd=7, events=POLLIN}], 1, 0) = 0 (Timeout) <0.000121>
227   09:15:24.407106 poll([{fd=7, events=POLLIN}], 1, 0) = 0 (Timeout) <0.000123>
227   09:15:24.428980 poll([{fd=7, events=POLLIN}], 1, 0) = 0 (Timeout) <0.000116>
227   09:15:24.450857 poll([{fd=7, events=POLLIN}], 1, 0) = 0 (Timeout) <0.000127>
227   09:15:24.474317 poll([{fd=7, events=POLLIN}], 1, 0) = 0 (Timeout) <0.000125>
227   09:15:24.496370 poll([{fd=7, events=POLLIN}], 1, 0) = 0 (Timeout) <0.000118>
227   09:15:24.518418 poll([{fd=7, events=POLLIN}], 1, 0) = 0 (Timeout) <0.000122>
227   09:15:24.540475 poll([{fd=7, events=POLLIN}], 1, 0) = 0 (Timeout) <0.000197>
227   09:15:24.562577 poll([{fd=7, events=POLLIN}], 1, 0) = 0 (Timeout) <0.000126>
227   09:15:24.584699 poll([{fd=7, events=POLLIN}], 1, 0) = 0 (Timeout) <0.000186>
227   09:15:25.466000 poll([{fd=7, events=POLLIN}], 1, 0) = 0 (Timeout) <0.000117>
227   09:15:25.487865 poll([{fd=7, events=POLLIN}], 1, 0) = 0 (Timeout) <0.000124>
227   09:15:25.550751 poll([{fd=7, events=POLLIN}], 1, 0) = 0 (Timeout) <0.000120>
227   09:15:25.572969 poll([{fd=7, events=POLLIN}], 1, 0) = 0 (Timeout) <0.000124>
227   09:15:25.594926 poll([{fd=7, events=POLLIN}], 1, 0) = 0 (Timeout) <0.000121>
227   09:15:25.616813 poll([{fd=7, events=POLLIN}], 1, 0) = 0 (Timeout) <0.000124>
227   09:15:25.639242 poll([{fd=7, events=POLLIN}], 1, 0) = 0 (Timeout) <0.000123>
227   09:15:25.661252 poll([{fd=7, events=POLLIN}], 1, 0) = 0 (Timeout) <0.000122>
227   09:15:25.683377 poll([{fd=7, events=POLLIN}], 1, 0) = 0 (Timeout) <0.000123>
227   09:15:25.705393 poll([{fd=7, events=POLLIN}], 1, 0) = 0 (Timeout) <0.000120>
227   09:15:25.727438 poll([{fd=7, events=POLLIN}], 1, 0) = 0 (Timeout) <0.000120>
227   09:15:25.749503 poll([{fd=7, events=POLLIN}], 1, 0) = 0 (Timeout) <0.000121>
227   09:15:25.813622 poll([{fd=7, events=POLLIN}], 1, 0) = 0 (Timeout) <0.000123>
227   09:15:25.835744 poll([{fd=7, events=POLLIN}], 1, 0) = 0 (Timeout) <0.000121>
227   09:15:25.859792 poll([{fd=7, events=POLLIN}], 1, 0) = 0 (Timeout) <0.000126>
227   09:15:25.882843 poll([{fd=7, events=POLLIN}], 1, 0) = 0 (Timeout) <0.000124>
227   09:15:25.904881 poll([{fd=7, events=POLLIN}], 1, 0) = 0 (Timeout) <0.000123>
227   09:15:25.926863 poll([{fd=7, events=POLLIN}], 1, 0) = 0 (Timeout) <0.000122>
227   09:15:25.948830 poll([{fd=7, events=POLLIN}], 1, 0) = 0 (Timeout) <0.000122>
227   09:15:25.971382 poll([{fd=7, events=POLLIN}], 1, 0) = 0 (Timeout) <0.000124>
227   09:15:25.993548 poll([{fd=7, events=POLLIN}], 1, 0) = 0 (Timeout) <0.000118>
227   09:15:26.853209 poll([{fd=7, events=POLLIN}], 1, 0) = 0 (Timeout) <0.000132>
227   09:15:26.875117 poll([{fd=7, events=POLLIN}], 1, 0) = 0 (Timeout) <0.000127>
227   09:15:26.939102 poll([{fd=7, events=POLLIN}], 1, 0) = 0 (Timeout) <0.000123>
227   09:15:26.961726 poll([{fd=7, events=POLLIN}], 1, 0) = 0 (Timeout) <0.000122>
227   09:15:26.983738 poll([{fd=7, events=POLLIN}], 1, 0) = 0 (Timeout) <0.000120>
227   09:15:27.005695 poll([{fd=7, events=POLLIN}], 1, 0) = 0 (Timeout) <0.000120>
227   09:15:27.027679 poll([{fd=7, events=POLLIN}], 1, 0) = 0 (Timeout) <0.000124>
227   09:15:27.049657 poll([{fd=7, events=POLLIN}], 1, 0) = 0 (Timeout) <0.000121>
227   09:15:27.071583 poll([{fd=7, events=POLLIN}], 1, 0) = 0 (Timeout) <0.000123>
227   09:15:27.093644 poll([{fd=7, events=POLLIN}], 1, 0) = 0 (Timeout) <0.000127>
227   09:15:27.116104 poll([{fd=7, events=POLLIN}], 1, 0) = 0 (Timeout) <0.000117>
227   09:15:27.138051 poll([{fd=7, events=POLLIN}], 1, 0) = 0 (Timeout) <0.000124>
227   09:15:27.160018 poll([{fd=7, events=POLLIN}], 1, 0) = 0 (Timeout) <0.000120>
227   09:15:27.224180 poll([{fd=7, events=POLLIN}], 1, 0) = 0 (Timeout) <0.000124>
227   09:15:27.246056 poll([{fd=7, events=POLLIN}], 1, 0) = 0 (Timeout) <0.000123>
227   09:15:27.267908 poll([{fd=7, events=POLLIN}], 1, 0) = 0 (Timeout) <0.000120>
227   09:15:27.289847 poll([{fd=7, events=POLLIN}], 1, 0) = 0 (Timeout) <0.000120>
227   09:15:27.311742 poll([{fd=7, events=POLLIN}], 1, 0) = 0 (Timeout) <0.000122>
227   09:15:27.333720 poll([{fd=7, events=POLLIN}], 1, 0) = 0 (Timeout) <0.000122>
227   09:15:27.355743 poll([{fd=7, events=POLLIN}], 1, 0) = 0 (Timeout) <0.000121>
227   09:15:27.377778 poll([{fd=7, events=POLLIN}], 1, 0) = 0 (Timeout) <0.000121>
227   09:15:27.399745 poll([{fd=7, events=POLLIN}], 1, 0) = 0 (Timeout) <0.000228>
227   09:15:28.263804 poll([{fd=7, events=POLLIN}], 1, 0) = 0 (Timeout) <0.000156>
227   09:15:28.328291 poll([{fd=7, events=POLLIN}], 1, 0) = 0 (Timeout) <0.000122>
227   09:15:28.350256 poll([{fd=7, events=POLLIN}], 1, 0) = 0 (Timeout) <0.000123>
227   09:15:28.372260 poll([{fd=7, events=POLLIN}], 1, 0) = 0 (Timeout) <0.000120>
227   09:15:28.394264 poll([{fd=7, events=POLLIN}], 1, 0) = 0 (Timeout) <0.000124>
227   09:15:28.416236 poll([{fd=7, events=POLLIN}], 1, 0) = 0 (Timeout) <0.000122>
227   09:15:28.438213 poll([{fd=7, events=POLLIN}], 1, 0) = 0 (Timeout) <0.000122>
227   09:15:28.460220 poll([{fd=7, events=POLLIN}], 1, 0) = 0 (Timeout) <0.000119>
227   09:15:28.482436 poll([{fd=7, events=POLLIN}], 1, 0) = 0 (Timeout) <0.000123>
227   09:15:28.504488 poll([{fd=7, events=POLLIN}], 1, 0) = 0 (Timeout) <0.000121>
227   09:15:28.526513 poll([{fd=7, events=POLLIN}], 1, 0) = 0 (Timeout) <0.000122>
227   09:15:28.548474 poll([{fd=7, events=POLLIN}], 1, 0) = 0 (Timeout) <0.000121>
227   09:15:28.613537 poll([{fd=7, events=POLLIN}], 1, 0) = 0 (Timeout) <0.000119>
227   09:15:28.636007 poll([{fd=7, events=POLLIN}], 1, 0) = 0 (Timeout) <0.000123>
227   09:15:28.659685 poll([{fd=7, events=POLLIN}], 1, 0) = 0 (Timeout) <0.000122>
227   09:15:28.682885 poll([{fd=7, events=POLLIN}], 1, 0) = 0 (Timeout) <0.000125>
227   09:15:28.705919 poll([{fd=7, events=POLLIN}], 1, 0) = 0 (Timeout) <0.000291>
227   09:15:28.740875 poll([{fd=7, events=POLLIN}], 1, 0) = 0 (Timeout) <0.000164>
227   09:15:28.764774 poll([{fd=7, events=POLLIN}], 1, 0) = 0 (Timeout) <0.000126>
227   09:15:28.786937 poll([{fd=7, events=POLLIN}], 1, 0) = 0 (Timeout) <0.000124>
227   09:15:28.808949 poll([{fd=7, events=POLLIN}], 1, 0) = 0 (Timeout) <0.000226>
227   09:15:29.669145 poll([{fd=7, events=POLLIN}], 1, 0) = 0 (Timeout) <0.000120>
227   09:15:29.733012 poll([{fd=7, events=POLLIN}], 1, 0) = 0 (Timeout) <0.000125>
227   09:15:29.758898 poll([{fd=7, events=POLLIN}], 1, 0) = 0 (Timeout) <0.000122>
227   09:15:29.781000 poll([{fd=7, events=POLLIN}], 1, 0) = 0 (Timeout) <0.000125>
227   09:15:29.803440 poll([{fd=7, events=POLLIN}], 1, 0) = 0 (Timeout) <0.000118>
227   09:15:29.825457 poll([{fd=7, events=POLLIN}], 1, 0) = 0 (Timeout) <0.000124>
227   09:15:29.847367 poll([{fd=7, events=POLLIN}], 1, 0) = 0 (Timeout) <0.000119>
227   09:15:29.869383 poll([{fd=7, events=POLLIN}], 1, 0) = 0 (Timeout) <0.000122>
227   09:15:29.891332 poll([{fd=7, events=POLLIN}], 1, 0) = 0 (Timeout) <0.000122>
227   09:15:29.913573 poll([{fd=7, events=POLLIN}], 1, 0) = 0 (Timeout) <0.000123>
227   09:15:29.936079 poll([{fd=7, events=POLLIN}], 1, 0) = 0 (Timeout) <0.000123>
227   09:15:29.958186 poll([{fd=7, events=POLLIN}], 1, 0) = 0 (Timeout) <0.000140>
227   09:15:30.024535 poll([{fd=7, events=POLLIN}], 1, 0) = 0 (Timeout) <0.000133>
227   09:15:30.046789 poll([{fd=7, events=POLLIN}], 1, 0) = 0 (Timeout) <0.000119>
227   09:15:30.068742 poll([{fd=7, events=POLLIN}], 1, 0) = 0 (Timeout) <0.000124>
227   09:15:30.090794 poll([{fd=7, events=POLLIN}], 1, 0) = 0 (Timeout) <0.000121>
227   09:15:30.113225 poll([{fd=7, events=POLLIN}], 1, 0) = 0 (Timeout) <0.000124>
227   09:15:30.135243 poll([{fd=7, events=POLLIN}], 1, 0) = 0 (Timeout) <0.000125>
227   09:15:30.157187 poll([{fd=7, events=POLLIN}], 1, 0) = 0 (Timeout) <0.000122>
227   09:15:30.179174 poll([{fd=7, events=POLLIN}], 1, 0) = 0 (Timeout) <0.000120>
227   09:15:30.201300 poll([{fd=7, events=POLLIN}], 1, 0) = 0 (Timeout) <0.000274>
227   09:15:31.052617 poll([{fd=7, events=POLLIN}], 1, 0) = 0 (Timeout) <0.000126>
227   09:15:31.074558 poll([{fd=7, events=POLLIN}], 1, 0) = 0 (Timeout) <0.000124>
227   09:15:31.137934 poll([{fd=7, events=POLLIN}], 1, 0) = 0 (Timeout) <0.000124>
227   09:15:31.159893 poll([{fd=7, events=POLLIN}], 1, 0) = 0 (Timeout) <0.000122>
227   09:15:31.181846 poll([{fd=7, events=POLLIN}], 1, 0) = 0 (Timeout) <0.000119>
227   09:15:31.203728 poll([{fd=7, events=POLLIN}], 1, 0) = 0 (Timeout) <0.000124>
227   09:15:31.225499 poll([{fd=7, events=POLLIN}], 1, 0) = 0 (Timeout) <0.000122>
227   09:15:31.247417 poll([{fd=7, events=POLLIN}], 1, 0) = 0 (Timeout) <0.000126>
227   09:15:31.270003 poll([{fd=7, events=POLLIN}], 1, 0) = 0 (Timeout) <0.000124>
227   09:15:31.291991 poll([{fd=7, events=POLLIN}], 1, 0) = 0 (Timeout) <0.000123>
227   09:15:31.314038 poll([{fd=7, events=POLLIN}], 1, 0) = 0 (Timeout) <0.000123>
227   09:15:31.336100 poll([{fd=7, events=POLLIN}], 1, 0) = 0 (Timeout) <0.000118>
227   09:15:31.401585 poll([{fd=7, events=POLLIN}], 1, 0) = 0 (Timeout) <0.000118>
227   09:15:31.423534 poll([{fd=7, events=POLLIN}], 1, 0) = 0 (Timeout) <0.000120>
227   09:15:31.445514 poll([{fd=7, events=POLLIN}], 1, 0) = 0 (Timeout) <0.000123>
227   09:15:31.467488 poll([{fd=7, events=POLLIN}], 1, 0) = 0 (Timeout) <0.000121>
227   09:15:31.489570 poll([{fd=7, events=POLLIN}], 1, 0) = 0 (Timeout) <0.000121>
227   09:15:31.511585 poll([{fd=7, events=POLLIN}], 1, 0) = 0 (Timeout) <0.000124>
227   09:15:31.533586 poll([{fd=7, events=POLLIN}], 1, 0) = 0 (Timeout) <0.000123>
227   09:15:31.555982 poll([{fd=7, events=POLLIN}], 1, 0) = 0 (Timeout) <0.000117>
227   09:15:31.578435 poll([{fd=7, events=POLLIN}], 1, 0) = 0 (Timeout) <0.000121>
227   09:15:32.430085 poll([{fd=7, events=POLLIN}], 1, 0) = 0 (Timeout) <0.000136>
227   09:15:32.451969 poll([{fd=7, events=POLLIN}], 1, 0) = 0 (Timeout) <0.000280>
227   09:15:32.516223 poll([{fd=7, events=POLLIN}], 1, 0) = 0 (Timeout) <0.000125>
227   09:15:32.538091 poll([{fd=7, events=POLLIN}], 1, 0) = 0 (Timeout) <0.000122>
227   09:15:32.559983 poll([{fd=7, events=POLLIN}], 1, 0) = 0 (Timeout) <0.000116>
227   09:15:32.582069 poll([{fd=7, events=POLLIN}], 1, 0) = 0 (Timeout) <0.000123>
227   09:15:32.604158 poll([{fd=7, events=POLLIN}], 1, 0) = 0 (Timeout) <0.000123>
227   09:15:32.626125 poll([{fd=7, events=POLLIN}], 1, 0) = 0 (Timeout) <0.000120>
227   09:15:32.648080 poll([{fd=7, events=POLLIN}], 1, 0) = 0 (Timeout) <0.000121>
227   09:15:32.670015 poll([{fd=7, events=POLLIN}], 1, 0) = 0 (Timeout) <0.000122>
227   09:15:32.692057 poll([{fd=7, events=POLLIN}], 1, 0) = 0 (Timeout) <0.000124>
227   09:15:32.727203 poll([{fd=7, events=POLLIN}], 1, 0) = 0 (Timeout) <0.000123>
227   09:15:32.749206 poll([{fd=7, events=POLLIN}], 1, 0) = 0 (Timeout) <0.000128>
227   09:15:32.813368 poll([{fd=7, events=POLLIN}], 1, 0) = 0 (Timeout) <0.000126>
227   09:15:32.835427 poll([{fd=7, events=POLLIN}], 1, 0) = 0 (Timeout) <0.000124>
227   09:15:32.857340 poll([{fd=7, events=POLLIN}], 1, 0) = 0 (Timeout) <0.000120>
227   09:15:32.879438 poll([{fd=7, events=POLLIN}], 1, 0) = 0 (Timeout) <0.000122>
227   09:15:32.901510 poll([{fd=7, events=POLLIN}], 1, 0) = 0 (Timeout) <0.000123>
227   09:15:32.923536 poll([{fd=7, events=POLLIN}], 1, 0) = 0 (Timeout) <0.000122>
227   09:15:32.945659 poll([{fd=7, events=POLLIN}], 1, 0) = 0 (Timeout) <0.000121>
227   09:15:32.967985 poll([{fd=7, events=POLLIN}], 1, 0) = 0 (Timeout) <0.000116>
227   09:15:32.990247 poll([{fd=7, events=POLLIN}], 1, 0) = 0 (Timeout) <0.000188>
227   09:15:33.848275 poll([{fd=7, events=POLLIN}], 1, 0) = 0 (Timeout) <0.000121>
227   09:15:33.911440 poll([{fd=7, events=POLLIN}], 1, 0) = 0 (Timeout) <0.000138>
227   09:15:33.934592 poll([{fd=7, events=POLLIN}], 1, 0) = 0 (Timeout) <0.000124>
227   09:15:33.956432 poll([{fd=7, events=POLLIN}], 1, 0) = 0 (Timeout) <0.000121>
227   09:15:33.978300 poll([{fd=7, events=POLLIN}], 1, 0) = 0 (Timeout) <0.000122>
227   09:15:34.000228 poll([{fd=7, events=POLLIN}], 1, 0) = 0 (Timeout) <0.000126>
227   09:15:34.024586 poll([{fd=7, events=POLLIN}], 1, 0) = 0 (Timeout) <0.000123>
227   09:15:34.051671 poll([{fd=7, events=POLLIN}], 1, 0) = 0 (Timeout) <0.000121>
227   09:15:34.081076 poll([{fd=7, events=POLLIN}], 1, 0) = 0 (Timeout) <0.000126>
227   09:15:34.106169 poll([{fd=7, events=POLLIN}], 1, 0) = 0 (Timeout) <0.000119>
227   09:15:34.130304 poll([{fd=7, events=POLLIN}], 1, 0) = 0 (Timeout) <0.000123>
227   09:15:34.152331 poll([{fd=7, events=POLLIN}], 1, 0) = 0 (Timeout) <0.000138>
227   09:15:34.216773 poll([{fd=7, events=POLLIN}], 1, 0) = 0 (Timeout) <0.000122>
227   09:15:34.238705 poll([{fd=7, events=POLLIN}], 1, 0) = 0 (Timeout) <0.000124>
227   09:15:34.261320 poll([{fd=7, events=POLLIN}], 1, 0) = 0 (Timeout) <0.000120>
227   09:15:34.283432 poll([{fd=7, events=POLLIN}], 1, 0) = 0 (Timeout) <0.000123>
227   09:15:34.305462 poll([{fd=7, events=POLLIN}], 1, 0) = 0 (Timeout) <0.000125>
227   09:15:34.327459 poll([{fd=7, events=POLLIN}], 1, 0) = 0 (Timeout) <0.000121>
227   09:15:34.349577 poll([{fd=7, events=POLLIN}], 1, 0) = 0 (Timeout) <0.000121>
227   09:15:34.371574 poll([{fd=7, events=POLLIN}], 1, 0) = 0 (Timeout) <0.000124>
227   09:15:34.393734 poll([{fd=7, events=POLLIN}], 1, 0) = 0 (Timeout) <0.000231>
227   09:15:35.262331 poll([{fd=7, events=POLLIN}], 1, 0) = 0 (Timeout) <0.000128>
227   09:15:35.325798 poll([{fd=7, events=POLLIN}], 1, 0) = 0 (Timeout) <0.000130>
227   09:15:35.348839 poll([{fd=7, events=POLLIN}], 1, 0) = 0 (Timeout) <0.000129>
227   09:15:35.370984 poll([{fd=7, events=POLLIN}], 1, 0) = 0 (Timeout) <0.000123>
227   09:15:35.392862 poll([{fd=7, events=POLLIN}], 1, 0) = 0 (Timeout) <0.000124>
227   09:15:35.415238 poll([{fd=7, events=POLLIN}], 1, 0) = 0 (Timeout) <0.000122>
227   09:15:35.437334 poll([{fd=7, events=POLLIN}], 1, 0) = 0 (Timeout) <0.000122>
227   09:15:35.459169 poll([{fd=7, events=POLLIN}], 1, 0) = 0 (Timeout) <0.000122>
227   09:15:35.481215 poll([{fd=7, events=POLLIN}], 1, 0) = 0 (Timeout) <0.000121>
227   09:15:35.503246 poll([{fd=7, events=POLLIN}], 1, 0) = 0 (Timeout) <0.000120>
227   09:15:35.525244 poll([{fd=7, events=POLLIN}], 1, 0) = 0 (Timeout) <0.000122>
227   09:15:35.547313 poll([{fd=7, events=POLLIN}], 1, 0) = 0 (Timeout) <0.000116>
227   09:15:35.609847 poll([{fd=7, events=POLLIN}], 1, 0) = 0 (Timeout) <0.000126>
227   09:15:35.631889 poll([{fd=7, events=POLLIN}], 1, 0) = 0 (Timeout) <0.000126>
227   09:15:35.653894 poll([{fd=7, events=POLLIN}], 1, 0) = 0 (Timeout) <0.000122>
227   09:15:35.675988 poll([{fd=7, events=POLLIN}], 1, 0) = 0 (Timeout) <0.000123>
227   09:15:35.698064 poll([{fd=7, events=POLLIN}], 1, 0) = 0 (Timeout) <0.000124>
227   09:15:35.720122 poll([{fd=7, events=POLLIN}], 1, 0) = 0 (Timeout) <0.000210>
227   09:15:35.743579 poll([{fd=7, events=POLLIN}], 1, 0) = 0 (Timeout) <0.000120>
227   09:15:35.765601 poll([{fd=7, events=POLLIN}], 1, 0) = 0 (Timeout) <0.000123>
227   09:15:36.622493 poll([{fd=7, events=POLLIN}], 1, 0) = 0 (Timeout) <0.000133>
227   09:15:36.644554 poll([{fd=7, events=POLLIN}], 1, 0) = 0 (Timeout) <0.000123>
227   09:15:36.707553 poll([{fd=7, events=POLLIN}], 1, 0) = 0 (Timeout) <0.000121>
227   09:15:36.729591 poll([{fd=7, events=POLLIN}], 1, 0) = 0 (Timeout) <0.000122>
227   09:15:36.751587 poll([{fd=7, events=POLLIN}], 1, 0) = 0 (Timeout) <0.000123>
227   09:15:36.773517 poll([{fd=7, events=POLLIN}], 1, 0) = 0 (Timeout) <0.000121>
227   09:15:36.795568 poll([{fd=7, events=POLLIN}], 1, 0) = 0 (Timeout) <0.000118>
227   09:15:36.817563 poll([{fd=7, events=POLLIN}], 1, 0) = 0 (Timeout) <0.000119>
227   09:15:36.839553 poll([{fd=7, events=POLLIN}], 1, 0) = 0 (Timeout) <0.000122>
227   09:15:36.861485 poll([{fd=7, events=POLLIN}], 1, 0) = 0 (Timeout) <0.000124>
227   09:15:36.883914 poll([{fd=7, events=POLLIN}], 1, 0) = 0 (Timeout) <0.000122>
227   09:15:36.906057 poll([{fd=7, events=POLLIN}], 1, 0) = 0 (Timeout) <0.000121>
227   09:15:36.927967 poll([{fd=7, events=POLLIN}], 1, 0) = 0 (Timeout) <0.000123>
227   09:15:36.992055 poll([{fd=7, events=POLLIN}], 1, 0) = 0 (Timeout) <0.000123>
227   09:15:37.013922 poll([{fd=7, events=POLLIN}], 1, 0) = 0 (Timeout) <0.000122>
227   09:15:37.035891 poll([{fd=7, events=POLLIN}], 1, 0) = 0 (Timeout) <0.000124>
227   09:15:37.057854 poll([{fd=7, events=POLLIN}], 1, 0) = 0 (Timeout) <0.000122>
227   09:15:37.079779 poll([{fd=7, events=POLLIN}], 1, 0) = 0 (Timeout) <0.000123>
227   09:15:37.101753 poll([{fd=7, events=POLLIN}], 1, 0) = 0 (Timeout) <0.000119>
227   09:15:37.124948 poll([{fd=7, events=POLLIN}], 1, 0) = 0 (Timeout) <0.000128>
227   09:15:37.147884 poll([{fd=7, events=POLLIN}], 1, 0) = 0 (Timeout) <0.000121>
227   09:15:37.169814 poll([{fd=7, events=POLLIN}], 1, 0) = 0 (Timeout) <0.000118>
227   09:15:38.027631 poll([{fd=7, events=POLLIN}], 1, 0) = 0 (Timeout) <0.000122>
227   09:15:38.049625 poll([{fd=7, events=POLLIN}], 1, 0) = 0 (Timeout) <0.000126>
227   09:15:38.113042 poll([{fd=7, events=POLLIN}], 1, 0) = 0 (Timeout) <0.000122>
227   09:15:38.134986 poll([{fd=7, events=POLLIN}], 1, 0) = 0 (Timeout) <0.000123>
227   09:15:38.156947 poll([{fd=7, events=POLLIN}], 1, 0) = 0 (Timeout) <0.000118>
227   09:15:38.178809 poll([{fd=7, events=POLLIN}], 1, 0) = 0 (Timeout) <0.000123>
227   09:15:38.200755 poll([{fd=7, events=POLLIN}], 1, 0) = 0 (Timeout) <0.000125>
227   09:15:38.222732 poll([{fd=7, events=POLLIN}], 1, 0) = 0 (Timeout) <0.000123>
227   09:15:38.244707 poll([{fd=7, events=POLLIN}], 1, 0) = 0 (Timeout) <0.000121>
227   09:15:38.266599 poll([{fd=7, events=POLLIN}], 1, 0) = 0 (Timeout) <0.000121>
227   09:15:38.288603 poll([{fd=7, events=POLLIN}], 1, 0) = 0 (Timeout) <0.000122>
227   09:15:38.310696 poll([{fd=7, events=POLLIN}], 1, 0) = 0 (Timeout) <0.000125>
227   09:15:38.374660 poll([{fd=7, events=POLLIN}], 1, 0) = 0 (Timeout) <0.000127>
227   09:15:38.397289 poll([{fd=7, events=POLLIN}], 1, 0) = 0 (Timeout) <0.000124>
227   09:15:38.421577 poll([{fd=7, events=POLLIN}], 1, 0) = 0 (Timeout) <0.000125>
227   09:15:38.445041 poll([{fd=7, events=POLLIN}], 1, 0) = 0 (Timeout) <0.000122>
227   09:15:38.470818 poll([{fd=7, events=POLLIN}], 1, 0) = 0 (Timeout) <0.000125>
227   09:15:38.496712 poll([{fd=7, events=POLLIN}], 1, 0) = 0 (Timeout) <0.000125>
227   09:15:38.526030 poll([{fd=7, events=POLLIN}], 1, 0) = 0 (Timeout) <0.000122>
227   09:15:38.548235 poll([{fd=7, events=POLLIN}], 1, 0) = 0 (Timeout) <0.000119>
227   09:15:38.570261 poll([{fd=7, events=POLLIN}], 1, 0) = 0 (Timeout) <0.000122>
227   09:15:39.437274 poll([{fd=7, events=POLLIN}], 1, 0) = 0 (Timeout) <0.000126>
227   09:15:39.459378 poll([{fd=7, events=POLLIN}], 1, 0) = 0 (Timeout) <0.000121>
227   09:15:39.522916 poll([{fd=7, events=POLLIN}], 1, 0) = 0 (Timeout) <0.000126>
227   09:15:39.544847 poll([{fd=7, events=POLLIN}], 1, 0) = 0 (Timeout) <0.000124>
227   09:15:39.567168 poll([{fd=7, events=POLLIN}], 1, 0) = 0 (Timeout) <0.000121>
227   09:15:39.589358 poll([{fd=7, events=POLLIN}], 1, 0) = 0 (Timeout) <0.000121>
227   09:15:39.611377 poll([{fd=7, events=POLLIN}], 1, 0) = 0 (Timeout) <0.000123>
227   09:15:39.633418 poll([{fd=7, events=POLLIN}], 1, 0) = 0 (Timeout) <0.000121>
227   09:15:39.655429 poll([{fd=7, events=POLLIN}], 1, 0) = 0 (Timeout) <0.000123>
227   09:15:39.677486 poll([{fd=7, events=POLLIN}], 1, 0) = 0 (Timeout) <0.000120>
227   09:15:39.699572 poll([{fd=7, events=POLLIN}], 1, 0) = 0 (Timeout) <0.000125>
227   09:15:39.721553 poll([{fd=7, events=POLLIN}], 1, 0) = 0 (Timeout) <0.000118>
227   09:15:39.743690 poll([{fd=7, events=POLLIN}], 1, 0) = 0 (Timeout) <0.000125>
227   09:15:39.808187 poll([{fd=7, events=POLLIN}], 1, 0) = 0 (Timeout) <0.000123>
227   09:15:39.830216 poll([{fd=7, events=POLLIN}], 1, 0) = 0 (Timeout) <0.000123>
227   09:15:39.852196 poll([{fd=7, events=POLLIN}], 1, 0) = 0 (Timeout) <0.000126>
227   09:15:39.874679 poll([{fd=7, events=POLLIN}], 1, 0) = 0 (Timeout) <0.000117>
227   09:15:39.896601 poll([{fd=7, events=POLLIN}], 1, 0) = 0 (Timeout) <0.000164>
227   09:15:39.918570 poll([{fd=7, events=POLLIN}], 1, 0) = 0 (Timeout) <0.000123>
227   09:15:39.940571 poll([{fd=7, events=POLLIN}], 1, 0) = 0 (Timeout) <0.000122>
227   09:15:39.962786 poll([{fd=7, events=POLLIN}], 1, 0) = 0 (Timeout) <0.000124>
227   09:15:39.986514 poll([{fd=7, events=POLLIN}], 1, 0) = 0 (Timeout) <0.000228>
227   09:15:40.848622 poll([{fd=7, events=POLLIN}], 1, 0) = 0 (Timeout) <0.000122>
227   09:15:40.911833 poll([{fd=7, events=POLLIN}], 1, 0) = 0 (Timeout) <0.000117>
227   09:15:40.933661 poll([{fd=7, events=POLLIN}], 1, 0) = 0 (Timeout) <0.000121>
227   09:15:40.955499 poll([{fd=7, events=POLLIN}], 1, 0) = 0 (Timeout) <0.000124>
227   09:15:40.977331 poll([{fd=7, events=POLLIN}], 1, 0) = 0 (Timeout) <0.000122>
227   09:15:40.999310 poll([{fd=7, events=POLLIN}], 1, 0) = 0 (Timeout) <0.000121>
227   09:15:41.021317 poll([{fd=7, events=POLLIN}], 1, 0) = 0 (Timeout) <0.000125>
227   09:15:41.043932 poll([{fd=7, events=POLLIN}], 1, 0) = 0 (Timeout) <0.000123>
227   09:15:41.065947 poll([{fd=7, events=POLLIN}], 1, 0) = 0 (Timeout) <0.000119>
227   09:15:41.087928 poll([{fd=7, events=POLLIN}], 1, 0) = 0 (Timeout) <0.000126>
227   09:15:41.111622 poll([{fd=7, events=POLLIN}], 1, 0) = 0 (Timeout) <0.000126>
227   09:15:41.138967 poll([{fd=7, events=POLLIN}], 1, 0) = 0 (Timeout) <0.000139>
227   09:15:41.208389 poll([{fd=7, events=POLLIN}], 1, 0) = 0 (Timeout) <0.000121>
227   09:15:41.230391 poll([{fd=7, events=POLLIN}], 1, 0) = 0 (Timeout) <0.000119>
227   09:15:41.252404 poll([{fd=7, events=POLLIN}], 1, 0) = 0 (Timeout) <0.000117>
227   09:15:41.276420 poll([{fd=7, events=POLLIN}], 1, 0) = 0 (Timeout) <0.000120>
227   09:15:41.299451 poll([{fd=7, events=POLLIN}], 1, 0) = 0 (Timeout) <0.001161>
227   09:15:41.323702 poll([{fd=7, events=POLLIN}], 1, 0) = 0 (Timeout) <0.000123>
227   09:15:41.345694 poll([{fd=7, events=POLLIN}], 1, 0) = 0 (Timeout) <0.000125>
227   09:15:41.368079 poll([{fd=7, events=POLLIN}], 1, 0) = 0 (Timeout) <0.000143>
227   09:15:41.393891 poll([{fd=7, events=POLLIN}], 1, 0) = 0 (Timeout) <0.000229>
227   09:15:42.254983 poll([{fd=7, events=POLLIN}], 1, 0) = 0 (Timeout) <0.000123>
227   09:15:42.318636 poll([{fd=7, events=POLLIN}], 1, 0) = 0 (Timeout) <0.000160>
227   09:15:42.340742 poll([{fd=7, events=POLLIN}], 1, 0) = 0 (Timeout) <0.000118>
227   09:15:42.362777 poll([{fd=7, events=POLLIN}], 1, 0) = 0 (Timeout) <0.000124>
227   09:15:42.384787 poll([{fd=7, events=POLLIN}], 1, 0) = 0 (Timeout) <0.000122>
227   09:15:42.406979 poll([{fd=7, events=POLLIN}], 1, 0) = 0 (Timeout) <0.000124>
227   09:15:42.429049 poll([{fd=7, events=POLLIN}], 1, 0) = 0 (Timeout) <0.000122>
227   09:15:42.450998 poll([{fd=7, events=POLLIN}], 1, 0) = 0 (Timeout) <0.000121>
227   09:15:42.472957 poll([{fd=7, events=POLLIN}], 1, 0) = 0 (Timeout) <0.000122>
227   09:15:42.499996 poll([{fd=7, events=POLLIN}], 1, 0) = 0 (Timeout) <0.000128>
227   09:15:42.523651 poll([{fd=7, events=POLLIN}], 1, 0) = 0 (Timeout) <0.000122>
227   09:15:42.545725 poll([{fd=7, events=POLLIN}], 1, 0) = 0 (Timeout) <0.000118>
227   09:15:42.609838 poll([{fd=7, events=POLLIN}], 1, 0) = 0 (Timeout) <0.000121>
227   09:15:42.631804 poll([{fd=7, events=POLLIN}], 1, 0) = 0 (Timeout) <0.000123>
227   09:15:42.653731 poll([{fd=7, events=POLLIN}], 1, 0) = 0 (Timeout) <0.000121>
227   09:15:42.675872 poll([{fd=7, events=POLLIN}], 1, 0) = 0 (Timeout) <0.000120>
227   09:15:42.697901 poll([{fd=7, events=POLLIN}], 1, 0) = 0 (Timeout) <0.000119>
227   09:15:42.719892 poll([{fd=7, events=POLLIN}], 1, 0) = 0 (Timeout) <0.000121>
227   09:15:42.741975 poll([{fd=7, events=POLLIN}], 1, 0) = 0 (Timeout) <0.000122>
227   09:15:42.764077 poll([{fd=7, events=POLLIN}], 1, 0) = 0 (Timeout) <0.000121>
227   09:15:42.786187 poll([{fd=7, events=POLLIN}], 1, 0) = 0 (Timeout) <0.000122>
227   09:15:43.645572 poll([{fd=7, events=POLLIN}], 1, 0) = 0 (Timeout) <0.000134>
227   09:15:43.668015 poll([{fd=7, events=POLLIN}], 1, 0) = 0 (Timeout) <0.000139>
227   09:15:43.732164 poll([{fd=7, events=POLLIN}], 1, 0) = 0 (Timeout) <0.000125>
227   09:15:43.754232 poll([{fd=7, events=POLLIN}], 1, 0) = 0 (Timeout) <0.000115>
227   09:15:43.776243 poll([{fd=7, events=POLLIN}], 1, 0) = 0 (Timeout) <0.000123>
227   09:15:43.798196 poll([{fd=7, events=POLLIN}], 1, 0) = 0 (Timeout) <0.000122>
227   09:15:43.820248 poll([{fd=7, events=POLLIN}], 1, 0) = 0 (Timeout) <0.000200>
227   09:15:43.842361 poll([{fd=7, events=POLLIN}], 1, 0) = 0 (Timeout) <0.000123>
227   09:15:43.864449 poll([{fd=7, events=POLLIN}], 1, 0) = 0 (Timeout) <0.000118>
227   09:15:43.886439 poll([{fd=7, events=POLLIN}], 1, 0) = 0 (Timeout) <0.000143>
227   09:15:43.908423 poll([{fd=7, events=POLLIN}], 1, 0) = 0 (Timeout) <0.000121>
227   09:15:43.930591 poll([{fd=7, events=POLLIN}], 1, 0) = 0 (Timeout) <0.000120>
227   09:15:43.995379 poll([{fd=7, events=POLLIN}], 1, 0) = 0 (Timeout) <0.000136>
227   09:15:44.017678 poll([{fd=7, events=POLLIN}], 1, 0) = 0 (Timeout) <0.000139>
227   09:15:44.040696 poll([{fd=7, events=POLLIN}], 1, 0) = 0 (Timeout) <0.000140>
227   09:15:44.063163 poll([{fd=7, events=POLLIN}], 1, 0) = 0 (Timeout) <0.000137>
227   09:15:44.085420 poll([{fd=7, events=POLLIN}], 1, 0) = 0 (Timeout) <0.000121>
227   09:15:44.107354 poll([{fd=7, events=POLLIN}], 1, 0) = 0 (Timeout) <0.000141>
227   09:15:44.129632 poll([{fd=7, events=POLLIN}], 1, 0) = 0 (Timeout) <0.000127>
227   09:15:44.151851 poll([{fd=7, events=POLLIN}], 1, 0) = 0 (Timeout) <0.000121>
227   09:15:44.174192 poll([{fd=7, events=POLLIN}], 1, 0) = 0 (Timeout) <0.000119>
227   09:15:45.034404 poll([{fd=7, events=POLLIN}], 1, 0) = 0 (Timeout) <0.000137>
227   09:15:45.056600 poll([{fd=7, events=POLLIN}], 1, 0) = 0 (Timeout) <0.000127>
227   09:15:45.121197 poll([{fd=7, events=POLLIN}], 1, 0) = 0 (Timeout) <0.000125>
227   09:15:45.143360 poll([{fd=7, events=POLLIN}], 1, 0) = 0 (Timeout) <0.000123>
227   09:15:45.165501 poll([{fd=7, events=POLLIN}], 1, 0) = 0 (Timeout) <0.000137>
227   09:15:45.195044 poll([{fd=7, events=POLLIN}], 1, 0) = 0 (Timeout) <0.000137>
227   09:15:45.217255 poll([{fd=7, events=POLLIN}], 1, 0) = 0 (Timeout) <0.000145>
227   09:15:45.239524 poll([{fd=7, events=POLLIN}], 1, 0) = 0 (Timeout) <0.000142>
227   09:15:45.261680 poll([{fd=7, events=POLLIN}], 1, 0) = 0 (Timeout) <0.000144>
227   09:15:45.283806 poll([{fd=7, events=POLLIN}], 1, 0) = 0 (Timeout) <0.000140>
227   09:15:45.306051 poll([{fd=7, events=POLLIN}], 1, 0) = 0 (Timeout) <0.000125>
227   09:15:45.328184 poll([{fd=7, events=POLLIN}], 1, 0) = 0 (Timeout) <0.000122>
227   09:15:45.350401 poll([{fd=7, events=POLLIN}], 1, 0) = 0 (Timeout) <0.000125>
227   09:15:45.414560 poll([{fd=7, events=POLLIN}], 1, 0) = 0 (Timeout) <0.000125>
227   09:15:45.436596 poll([{fd=7, events=POLLIN}], 1, 0) = 0 (Timeout) <0.000117>
227   09:15:45.458699 poll([{fd=7, events=POLLIN}], 1, 0) = 0 (Timeout) <0.000123>
227   09:15:45.480815 poll([{fd=7, events=POLLIN}], 1, 0) = 0 (Timeout) <0.000121>
227   09:15:45.503016 poll([{fd=7, events=POLLIN}], 1, 0) = 0 (Timeout) <0.000127>
227   09:15:45.539084 poll([{fd=7, events=POLLIN}], 1, 0) = 0 (Timeout) <0.000129>
227   09:15:45.567524 poll([{fd=7, events=POLLIN}], 1, 0) = 0 (Timeout) <0.000156>
227   09:15:45.589796 poll([{fd=7, events=POLLIN}], 1, 0) = 0 (Timeout) <0.000139>
227   09:15:45.611970 poll([{fd=7, events=POLLIN}], 1, 0) = 0 (Timeout) <0.000222>
227   09:15:46.471565 poll([{fd=7, events=POLLIN}], 1, 0) = 0 (Timeout) <0.000122>
227   09:15:46.497005 poll([{fd=7, events=POLLIN}], 1, 0) = 0 (Timeout) <0.000157>
227   09:15:46.559602 poll([{fd=7, events=POLLIN}], 1, 0) = 0 (Timeout) <0.000142>
227   09:15:46.581715 poll([{fd=7, events=POLLIN}], 1, 0) = 0 (Timeout) <0.000124>
227   09:15:46.603811 poll([{fd=7, events=POLLIN}], 1, 0) = 0 (Timeout) <0.000124>
227   09:15:46.625939 poll([{fd=7, events=POLLIN}], 1, 0) = 0 (Timeout) <0.000122>
227   09:15:46.648075 poll([{fd=7, events=POLLIN}], 1, 0) = 0 (Timeout) <0.000121>
227   09:15:46.675440 poll([{fd=7, events=POLLIN}], 1, 0) = 0 (Timeout) <0.000146>
227   09:15:46.698459 poll([{fd=7, events=POLLIN}], 1, 0) = 0 (Timeout) <0.000138>
227   09:15:46.720942 poll([{fd=7, events=POLLIN}], 1, 0) = 0 (Timeout) <0.000141>
227   09:15:46.743193 poll([{fd=7, events=POLLIN}], 1, 0) = 0 (Timeout) <0.000139>
227   09:15:46.765433 poll([{fd=7, events=POLLIN}], 1, 0) = 0 (Timeout) <0.000124>
227   09:15:46.829744 poll([{fd=7, events=POLLIN}], 1, 0) = 0 (Timeout) <0.000123>
227   09:15:46.851945 poll([{fd=7, events=POLLIN}], 1, 0) = 0 (Timeout) <0.000122>
227   09:15:46.873942 poll([{fd=7, events=POLLIN}], 1, 0) = 0 (Timeout) <0.000145>
227   09:15:46.895976 poll([{fd=7, events=POLLIN}], 1, 0) = 0 (Timeout) <0.000122>
227   09:15:46.918056 poll([{fd=7, events=POLLIN}], 1, 0) = 0 (Timeout) <0.000117>
227   09:15:46.940200 poll([{fd=7, events=POLLIN}], 1, 0) = 0 (Timeout) <0.000120>
227   09:15:46.962340 poll([{fd=7, events=POLLIN}], 1, 0) = 0 (Timeout) <0.000123>
227   09:15:46.984506 poll([{fd=7, events=POLLIN}], 1, 0) = 0 (Timeout) <0.000120>
227   09:15:47.007144 poll([{fd=7, events=POLLIN}], 1, 0) = 0 (Timeout) <0.000226>
227   09:15:47.854068 poll([{fd=7, events=POLLIN}], 1, 0) = 0 (Timeout) <0.000120>
227   09:15:47.876009 poll([{fd=7, events=POLLIN}], 1, 0) = 0 (Timeout) <0.000120>
227   09:15:47.939133 poll([{fd=7, events=POLLIN}], 1, 0) = 0 (Timeout) <0.000121>
227   09:15:47.961184 poll([{fd=7, events=POLLIN}], 1, 0) = 0 (Timeout) <0.000125>
227   09:15:47.983369 poll([{fd=7, events=POLLIN}], 1, 0) = 0 (Timeout) <0.000125>
227   09:15:48.005486 poll([{fd=7, events=POLLIN}], 1, 0) = 0 (Timeout) <0.000119>
227   09:15:48.027400 poll([{fd=7, events=POLLIN}], 1, 0) = 0 (Timeout) <0.000122>
227   09:15:48.049584 poll([{fd=7, events=POLLIN}], 1, 0) = 0 (Timeout) <0.000124>
227   09:15:48.071547 poll([{fd=7, events=POLLIN}], 1, 0) = 0 (Timeout) <0.000124>
227   09:15:48.093772 poll([{fd=7, events=POLLIN}], 1, 0) = 0 (Timeout) <0.000126>
227   09:15:48.115816 poll([{fd=7, events=POLLIN}], 1, 0) = 0 (Timeout) <0.000123>
227   09:15:48.137823 poll([{fd=7, events=POLLIN}], 1, 0) = 0 (Timeout) <0.000123>
227   09:15:48.202269 poll([{fd=7, events=POLLIN}], 1, 0) = 0 (Timeout) <0.000126>
227   09:15:48.224373 poll([{fd=7, events=POLLIN}], 1, 0) = 0 (Timeout) <0.000126>
227   09:15:48.246321 poll([{fd=7, events=POLLIN}], 1, 0) = 0 (Timeout) <0.000123>
227   09:15:48.268217 poll([{fd=7, events=POLLIN}], 1, 0) = 0 (Timeout) <0.000122>
227   09:15:48.290314 poll([{fd=7, events=POLLIN}], 1, 0) = 0 (Timeout) <0.000122>
227   09:15:48.312404 poll([{fd=7, events=POLLIN}], 1, 0) = 0 (Timeout) <0.000120>
227   09:15:48.334438 poll([{fd=7, events=POLLIN}], 1, 0) = 0 (Timeout) <0.000123>
227   09:15:48.356413 poll([{fd=7, events=POLLIN}], 1, 0) = 0 (Timeout) <0.000122>
227   09:15:48.378397 poll([{fd=7, events=POLLIN}], 1, 0) = 0 (Timeout) <0.000121>
227   09:15:49.230493 poll([{fd=7, events=POLLIN}], 1, 0) = 0 (Timeout) <0.000192>
227   09:15:49.252548 poll([{fd=7, events=POLLIN}], 1, 0) = 0 (Timeout) <0.000125>
227   09:15:49.316974 poll([{fd=7, events=POLLIN}], 1, 0) = 0 (Timeout) <0.000125>
227   09:15:49.339196 poll([{fd=7, events=POLLIN}], 1, 0) = 0 (Timeout) <0.000122>
227   09:15:49.361214 poll([{fd=7, events=POLLIN}], 1, 0) = 0 (Timeout) <0.000122>
227   09:15:49.383080 poll([{fd=7, events=POLLIN}], 1, 0) = 0 (Timeout) <0.000123>
227   09:15:49.405102 poll([{fd=7, events=POLLIN}], 1, 0) = 0 (Timeout) <0.000120>
227   09:15:49.426996 poll([{fd=7, events=POLLIN}], 1, 0) = 0 (Timeout) <0.000123>
227   09:15:49.448926 poll([{fd=7, events=POLLIN}], 1, 0) = 0 (Timeout) <0.000120>
227   09:15:49.470864 poll([{fd=7, events=POLLIN}], 1, 0) = 0 (Timeout) <0.000126>
227   09:15:49.492957 poll([{fd=7, events=POLLIN}], 1, 0) = 0 (Timeout) <0.000122>
227   09:15:49.514981 poll([{fd=7, events=POLLIN}], 1, 0) = 0 (Timeout) <0.000120>
227   09:15:49.578059 poll([{fd=7, events=POLLIN}], 1, 0) = 0 (Timeout) <0.000123>
227   09:15:49.600187 poll([{fd=7, events=POLLIN}], 1, 0) = 0 (Timeout) <0.000122>
227   09:15:49.622579 poll([{fd=7, events=POLLIN}], 1, 0) = 0 (Timeout) <0.000114>
227   09:15:49.645066 poll([{fd=7, events=POLLIN}], 1, 0) = 0 (Timeout) <0.000121>
227   09:15:49.669198 poll([{fd=7, events=POLLIN}], 1, 0) = 0 (Timeout) <0.000124>
227   09:15:49.691122 poll([{fd=7, events=POLLIN}], 1, 0) = 0 (Timeout) <0.000119>
227   09:15:49.713042 poll([{fd=7, events=POLLIN}], 1, 0) = 0 (Timeout) <0.000122>
227   09:15:49.742400 poll([{fd=7, events=POLLIN}], 1, 0) = 0 (Timeout) <0.000123>
227   09:15:49.764334 poll([{fd=7, events=POLLIN}], 1, 0) = 0 (Timeout) <0.000123>
227   09:15:49.786039 poll([{fd=7, events=POLLIN}], 1, 0) = 0 (Timeout) <0.000125>
227   09:15:49.816257 poll([{fd=7, events=POLLIN}], 1, 0) = 0 (Timeout) <0.000122>
227   09:15:49.891403 poll([{fd=7, events=POLLIN}], 1, 0) = 0 (Timeout) <0.000122>
227   09:15:49.925983 poll([{fd=7, events=POLLIN}], 1, 0) = 0 (Timeout) <0.000122>
227   09:15:49.947862 poll([{fd=7, events=POLLIN}], 1, 0) = 0 (Timeout) <0.000122>
227   09:15:49.969654 poll([{fd=7, events=POLLIN}], 1, 0) = 0 (Timeout) <0.000120>
227   09:15:50.005208 poll([{fd=7, events=POLLIN}], 1, 0) = 0 (Timeout) <0.000124>
227   09:15:50.027673 poll([{fd=7, events=POLLIN}], 1, 0) = 0 (Timeout) <0.000121>
227   09:15:50.058183 poll([{fd=7, events=POLLIN}], 1, 0) = 0 (Timeout) <0.000123>
227   09:15:50.080128 poll([{fd=7, events=POLLIN}], 1, 0) = 0 (Timeout) <0.000123>
227   09:15:50.102212 poll([{fd=7, events=POLLIN}], 1, 0) = 0 (Timeout) <0.000124>
227   09:15:50.137022 poll([{fd=7, events=POLLIN}], 1, 0) = 0 (Timeout) <0.000122>
227   09:15:50.158894 poll([{fd=7, events=POLLIN}], 1, 0) = 0 (Timeout) <0.000120>
227   09:15:50.222067 poll([{fd=7, events=POLLIN}], 1, 0) = 0 (Timeout) <0.000119>
227   09:15:50.256950 poll([{fd=7, events=POLLIN}], 1, 0) = 0 (Timeout) <0.000121>
227   09:15:50.278828 poll([{fd=7, events=POLLIN}], 1, 0) = 0 (Timeout) <0.000121>
227   09:15:50.309198 poll([{fd=7, events=POLLIN}], 1, 0) = 0 (Timeout) <0.000121>
227   09:15:50.331308 poll([{fd=7, events=POLLIN}], 1, 0) = 0 (Timeout) <0.000124>
227   09:15:50.353302 poll([{fd=7, events=POLLIN}], 1, 0) = 0 (Timeout) <0.000127>
227   09:15:50.387793 poll([{fd=7, events=POLLIN}], 1, 0) = 0 (Timeout) <0.000119>
227   09:15:50.409741 poll([{fd=7, events=POLLIN}], 1, 0) = 0 (Timeout) <0.000125>
227   09:15:50.444895 poll([{fd=7, events=POLLIN}], 1, 0) = 0 (Timeout) <0.000124>
227   09:15:50.466793 poll([{fd=7, events=POLLIN}], 1, 0) = 0 (Timeout) <0.000120>
227   09:15:50.488711 poll([{fd=7, events=POLLIN}], 1, 0) = 0 (Timeout) <0.000120>
227   09:15:50.519680 poll([{fd=7, events=POLLIN}], 1, 0) = 0 (Timeout) <0.000127>
227   09:15:50.594604 poll([{fd=7, events=POLLIN}], 1, 0) = 0 (Timeout) <0.000124>
227   09:15:50.621369 poll([{fd=7, events=POLLIN}], 1, 0) = 0 (Timeout) <0.000123>
227   09:15:50.657514 poll([{fd=7, events=POLLIN}], 1, 0) = 0 (Timeout) <0.000124>
227   09:15:50.681700 poll([{fd=7, events=POLLIN}], 1, 0) = 0 (Timeout) <0.000124>
227   09:15:50.720556 poll([{fd=7, events=POLLIN}], 1, 0) = 0 (Timeout) <0.000191>
227   09:15:50.742590 poll([{fd=7, events=POLLIN}], 1, 0) = 0 (Timeout) <0.000122>
227   09:15:50.768026 poll([{fd=7, events=POLLIN}], 1, 0) = 0 (Timeout) <0.000119>
227   09:15:50.801347 poll([{fd=7, events=POLLIN}], 1, 0) = 0 (Timeout) <0.000123>
227   09:15:50.823417 poll([{fd=7, events=POLLIN}], 1, 0) = 0 (Timeout) <0.000137>
227   09:15:50.858208 poll([{fd=7, events=POLLIN}], 1, 0) = 0 (Timeout) <0.000125>
227   09:15:50.880232 poll([{fd=7, events=POLLIN}], 1, 0) = 0 (Timeout) <0.000123>
227   09:15:50.944181 poll([{fd=7, events=POLLIN}], 1, 0) = 0 (Timeout) <0.000121>
227   09:15:50.979604 poll([{fd=7, events=POLLIN}], 1, 0) = 0 (Timeout) <0.000124>
227   09:15:51.001678 poll([{fd=7, events=POLLIN}], 1, 0) = 0 (Timeout) <0.000123>
227   09:15:51.023687 poll([{fd=7, events=POLLIN}], 1, 0) = 0 (Timeout) <0.000182>
227   09:15:51.054327 poll([{fd=7, events=POLLIN}], 1, 0) = 0 (Timeout) <0.000119>
227   09:15:51.076166 poll([{fd=7, events=POLLIN}], 1, 0) = 0 (Timeout) <0.000122>
227   09:15:51.110679 poll([{fd=7, events=POLLIN}], 1, 0) = 0 (Timeout) <0.000127>
227   09:15:51.132724 poll([{fd=7, events=POLLIN}], 1, 0) = 0 (Timeout) <0.000126>
227   09:15:51.155052 poll([{fd=7, events=POLLIN}], 1, 0) = 0 (Timeout) <0.000121>
227   09:15:51.190117 poll([{fd=7, events=POLLIN}], 1, 0) = 0 (Timeout) <0.000123>
227   09:15:51.211996 poll([{fd=7, events=POLLIN}], 1, 0) = 0 (Timeout) <0.000123>
227   09:15:51.294174 poll([{fd=7, events=POLLIN}], 1, 0) = 0 (Timeout) <0.000122>
227   09:15:51.315999 poll([{fd=7, events=POLLIN}], 1, 0) = 0 (Timeout) <0.000121>
227   09:15:51.337821 poll([{fd=7, events=POLLIN}], 1, 0) = 0 (Timeout) <0.000122>
227   09:15:51.372612 poll([{fd=7, events=POLLIN}], 1, 0) = 0 (Timeout) <0.000121>
227   09:15:51.394505 poll([{fd=7, events=POLLIN}], 1, 0) = 0 (Timeout) <0.000124>
227   09:15:51.416314 poll([{fd=7, events=POLLIN}], 1, 0) = 0 (Timeout) <0.000125>
227   09:15:51.451354 poll([{fd=7, events=POLLIN}], 1, 0) = 0 (Timeout) <0.000120>
227   09:15:51.473260 poll([{fd=7, events=POLLIN}], 1, 0) = 0 (Timeout) <0.000123>
227   09:15:51.503713 poll([{fd=7, events=POLLIN}], 1, 0) = 0 (Timeout) <0.000126>
227   09:15:51.526308 poll([{fd=7, events=POLLIN}], 1, 0) = 0 (Timeout) <0.000116>
227   09:15:51.548288 poll([{fd=7, events=POLLIN}], 1, 0) = 0 (Timeout) <0.000191>
227   09:15:51.623682 poll([{fd=7, events=POLLIN}], 1, 0) = 0 (Timeout) <0.000124>
227   09:15:51.645663 poll([{fd=7, events=POLLIN}], 1, 0) = 0 (Timeout) <0.000115>
227   09:15:51.683523 poll([{fd=7, events=POLLIN}], 1, 0) = 0 (Timeout) <0.000121>
227   09:15:51.705546 poll([{fd=7, events=POLLIN}], 1, 0) = 0 (Timeout) <0.000121>
227   09:15:51.727480 poll([{fd=7, events=POLLIN}], 1, 0) = 0 (Timeout) <0.000122>
227   09:15:51.758182 poll([{fd=7, events=POLLIN}], 1, 0) = 0 (Timeout) <0.000124>
227   09:15:51.780218 poll([{fd=7, events=POLLIN}], 1, 0) = 0 (Timeout) <0.000126>
227   09:15:51.802423 poll([{fd=7, events=POLLIN}], 1, 0) = 0 (Timeout) <0.000124>
227   09:15:51.837099 poll([{fd=7, events=POLLIN}], 1, 0) = 0 (Timeout) <0.000125>
227   09:15:51.859106 poll([{fd=7, events=POLLIN}], 1, 0) = 0 (Timeout) <0.000120>
227   09:15:51.894887 poll([{fd=7, events=POLLIN}], 1, 0) = 0 (Timeout) <0.000124>
227   09:15:51.968560 poll([{fd=7, events=POLLIN}], 1, 0) = 0 (Timeout) <0.000113>
227   09:15:51.990543 poll([{fd=7, events=POLLIN}], 1, 0) = 0 (Timeout) <0.000125>
227   09:15:52.020832 poll([{fd=7, events=POLLIN}], 1, 0) = 0 (Timeout) <0.000117>
227   09:15:52.042792 poll([{fd=7, events=POLLIN}], 1, 0) = 0 (Timeout) <0.000125>
227   09:15:52.077328 poll([{fd=7, events=POLLIN}], 1, 0) = 0 (Timeout) <0.000122>
227   09:15:52.099394 poll([{fd=7, events=POLLIN}], 1, 0) = 0 (Timeout) <0.000123>
227   09:15:52.121482 poll([{fd=7, events=POLLIN}], 1, 0) = 0 (Timeout) <0.000207>
227   09:15:52.157293 poll([{fd=7, events=POLLIN}], 1, 0) = 0 (Timeout) <0.000120>
227   09:15:52.179368 poll([{fd=7, events=POLLIN}], 1, 0) = 0 (Timeout) <0.000124>
227   09:15:52.201496 poll([{fd=7, events=POLLIN}], 1, 0) = 0 (Timeout) <0.000149>
227   09:15:52.232101 poll([{fd=7, events=POLLIN}], 1, 0) = 0 (Timeout) <0.000143>
227   09:15:52.254179 poll([{fd=7, events=POLLIN}], 1, 0) = 0 (Timeout) <0.000127>
227   09:15:52.331703 poll([{fd=7, events=POLLIN}], 1, 0) = 0 (Timeout) <0.000123>
227   09:15:52.353802 poll([{fd=7, events=POLLIN}], 1, 0) = 0 (Timeout) <0.000123>
227   09:15:52.375821 poll([{fd=7, events=POLLIN}], 1, 0) = 0 (Timeout) <0.000121>
227   09:15:52.413065 poll([{fd=7, events=POLLIN}], 1, 0) = 0 (Timeout) <0.000125>
227   09:15:52.435115 poll([{fd=7, events=POLLIN}], 1, 0) = 0 (Timeout) <0.000126>
227   09:15:52.465720 poll([{fd=7, events=POLLIN}], 1, 0) = 0 (Timeout) <0.000123>
227   09:15:52.487756 poll([{fd=7, events=POLLIN}], 1, 0) = 0 (Timeout) <0.000125>
227   09:15:52.509838 poll([{fd=7, events=POLLIN}], 1, 0) = 0 (Timeout) <0.000142>
227   09:15:52.547630 poll([{fd=7, events=POLLIN}], 1, 0) = 0 (Timeout) <0.000217>
227   09:15:52.574456 poll([{fd=7, events=POLLIN}], 1, 0) = 0 (Timeout) <0.001182>
227   09:15:52.601662 poll([{fd=7, events=POLLIN}], 1, 0) = 0 (Timeout) <0.000134>
227   09:15:52.688766 poll([{fd=7, events=POLLIN}], 1, 0) = 0 (Timeout) <0.000144>
227   09:15:52.711384 poll([{fd=7, events=POLLIN}], 1, 0) = 0 (Timeout) <0.000126>
227   09:15:52.742409 poll([{fd=7, events=POLLIN}], 1, 0) = 0 (Timeout) <0.000151>
227   09:15:52.768240 poll([{fd=7, events=POLLIN}], 1, 0) = 0 (Timeout) <0.000142>
227   09:15:52.795871 poll([{fd=7, events=POLLIN}], 1, 0) = 0 (Timeout) <0.000127>
227   09:15:52.830568 poll([{fd=7, events=POLLIN}], 1, 0) = 0 (Timeout) <0.000209>
227   09:15:52.852590 poll([{fd=7, events=POLLIN}], 1, 0) = 0 (Timeout) <0.000121>
227   09:15:52.888000 poll([{fd=7, events=POLLIN}], 1, 0) = 0 (Timeout) <0.000118>
227   09:15:52.915202 poll([{fd=7, events=POLLIN}], 1, 0) = 0 (Timeout) <0.000135>
227   09:15:52.937103 poll([{fd=7, events=POLLIN}], 1, 0) = 0 (Timeout) <0.000122>
227   09:15:52.972393 poll([{fd=7, events=POLLIN}], 1, 0) = 0 (Timeout) <0.000126>
227   09:15:53.035932 poll([{fd=7, events=POLLIN}], 1, 0) = 0 (Timeout) <0.000142>
227   09:15:53.057922 poll([{fd=7, events=POLLIN}], 1, 0) = 0 (Timeout) <0.000125>
227   09:15:53.093100 poll([{fd=7, events=POLLIN}], 1, 0) = 0 (Timeout) <0.000119>
227   09:15:53.115161 poll([{fd=7, events=POLLIN}], 1, 0) = 0 (Timeout) <0.000121>
227   09:15:53.150618 poll([{fd=7, events=POLLIN}], 1, 0) = 0 (Timeout) <0.002934>
227   09:15:53.175648 poll([{fd=7, events=POLLIN}], 1, 0) = 0 (Timeout) <0.000139>
227   09:15:53.197920 poll([{fd=7, events=POLLIN}], 1, 0) = 0 (Timeout) <0.000144>
227   09:15:53.228254 poll([{fd=7, events=POLLIN}], 1, 0) = 0 (Timeout) <0.000144>
227   09:15:53.250425 poll([{fd=7, events=POLLIN}], 1, 0) = 0 (Timeout) <0.000124>
227   09:15:53.336551 poll([{fd=7, events=POLLIN}], 1, 0) = 0 (Timeout) <0.000131>
227   09:15:53.361691 poll([{fd=7, events=POLLIN}], 1, 0) = 0 (Timeout) <0.000150>
227   09:15:53.383898 poll([{fd=7, events=POLLIN}], 1, 0) = 0 (Timeout) <0.000124>
227   09:15:53.419565 poll([{fd=7, events=POLLIN}], 1, 0) = 0 (Timeout) <0.000125>
227   09:15:53.441550 poll([{fd=7, events=POLLIN}], 1, 0) = 0 (Timeout) <0.000143>
227   09:15:53.463715 poll([{fd=7, events=POLLIN}], 1, 0) = 0 (Timeout) <0.000125>
227   09:15:53.494835 poll([{fd=7, events=POLLIN}], 1, 0) = 0 (Timeout) <0.000122>
227   09:15:53.516767 poll([{fd=7, events=POLLIN}], 1, 0) = 0 (Timeout) <0.000117>
227   09:15:53.551606 poll([{fd=7, events=POLLIN}], 1, 0) = 0 (Timeout) <0.000118>
227   09:15:53.573494 poll([{fd=7, events=POLLIN}], 1, 0) = 0 (Timeout) <0.000123>
227   09:15:53.595445 poll([{fd=7, events=POLLIN}], 1, 0) = 0 (Timeout) <0.000122>
227   09:15:53.679257 poll([{fd=7, events=POLLIN}], 1, 0) = 0 (Timeout) <0.000121>
227   09:15:53.708917 poll([{fd=7, events=POLLIN}], 1, 0) = 0 (Timeout) <0.000136>
227   09:15:53.740592 poll([{fd=7, events=POLLIN}], 1, 0) = 0 (Timeout) <0.000138>
227   09:15:53.762797 poll([{fd=7, events=POLLIN}], 1, 0) = 0 (Timeout) <0.000122>
227   09:15:53.784736 poll([{fd=7, events=POLLIN}], 1, 0) = 0 (Timeout) <0.000122>
227   09:15:53.819633 poll([{fd=7, events=POLLIN}], 1, 0) = 0 (Timeout) <0.000121>
227   09:15:53.841742 poll([{fd=7, events=POLLIN}], 1, 0) = 0 (Timeout) <0.000127>
227   09:15:53.888209 poll([{fd=7, events=POLLIN}], 1, 0) = 0 (Timeout) <0.000144>
227   09:15:53.910455 poll([{fd=7, events=POLLIN}], 1, 0) = 0 (Timeout) <0.000224>
227   09:15:53.932738 poll([{fd=7, events=POLLIN}], 1, 0) = 0 (Timeout) <0.000125>
227   09:15:53.966851 poll([{fd=7, events=POLLIN}], 1, 0) = 0 (Timeout) <0.000134>
227   09:15:54.040719 poll([{fd=7, events=POLLIN}], 1, 0) = 0 (Timeout) <0.000125>
227   09:15:54.062907 poll([{fd=7, events=POLLIN}], 1, 0) = 0 (Timeout) <0.000125>
227   09:15:54.097635 poll([{fd=7, events=POLLIN}], 1, 0) = 0 (Timeout) <0.000125>
227   09:15:54.119775 poll([{fd=7, events=POLLIN}], 1, 0) = 0 (Timeout) <0.000122>
227   09:15:54.155171 poll([{fd=7, events=POLLIN}], 1, 0) = 0 (Timeout) <0.000122>
227   09:15:54.177166 poll([{fd=7, events=POLLIN}], 1, 0) = 0 (Timeout) <0.000123>
227   09:15:54.199168 poll([{fd=7, events=POLLIN}], 1, 0) = 0 (Timeout) <0.000125>
227   09:15:54.233628 poll([{fd=7, events=POLLIN}], 1, 0) = 0 (Timeout) <0.000122>
227   09:15:54.256625 poll([{fd=7, events=POLLIN}], 1, 0) = 0 (Timeout) <0.000121>
227   09:15:54.297358 poll([{fd=7, events=POLLIN}], 1, 0) = 0 (Timeout) <0.000124>
227   09:15:54.319696 poll([{fd=7, events=POLLIN}], 1, 0) = 0 (Timeout) <0.000124>
227   09:15:56.086371 poll([{fd=7, events=POLLIN}], 1, 0) = 0 (Timeout) <0.000130>
227   09:15:56.122342 poll([{fd=7, events=POLLIN}], 1, 0) = 0 (Timeout) <0.000163>
227   09:15:56.144683 poll([{fd=7, events=POLLIN}], 1, 0) = 0 (Timeout) <0.000121>
227   09:15:56.166751 poll([{fd=7, events=POLLIN}], 1, 0) = 0 (Timeout) <0.000126>
227   09:15:56.197211 poll([{fd=7, events=POLLIN}], 1, 0) = 0 (Timeout) <0.000134>
227   09:15:56.219317 poll([{fd=7, events=POLLIN}], 1, 0) = 0 (Timeout) <0.000224>
227   09:15:56.255892 poll([{fd=7, events=POLLIN}], 1, 0) = 0 (Timeout) <0.000154>
227   09:15:56.278491 poll([{fd=7, events=POLLIN}], 1, 0) = 0 (Timeout) <0.000135>
227   09:15:56.300716 poll([{fd=7, events=POLLIN}], 1, 0) = 0 (Timeout) <0.000141>
227   09:15:56.336401 poll([{fd=7, events=POLLIN}], 1, 0) = 0 (Timeout) <0.000128>
227   09:15:56.359248 poll([{fd=7, events=POLLIN}], 1, 0) = 0 (Timeout) <0.000125>
227   09:15:56.436762 poll([{fd=7, events=POLLIN}], 1, 0) = 0 (Timeout) <0.000137>
227   09:15:56.458903 poll([{fd=7, events=POLLIN}], 1, 0) = 0 (Timeout) <0.000124>
227   09:15:56.481529 poll([{fd=7, events=POLLIN}], 1, 0) = 0 (Timeout) <0.000137>
227   09:15:56.516834 poll([{fd=7, events=POLLIN}], 1, 0) = 0 (Timeout) <0.000136>
227   09:15:56.539014 poll([{fd=7, events=POLLIN}], 1, 0) = 0 (Timeout) <0.000140>
227   09:15:56.561338 poll([{fd=7, events=POLLIN}], 1, 0) = 0 (Timeout) <0.000125>
227   09:15:56.583868 poll([{fd=7, events=POLLIN}], 1, 0) = 0 (Timeout) <0.000140>
227   09:15:56.606132 poll([{fd=7, events=POLLIN}], 1, 0) = 0 (Timeout) <0.000135>
227   09:15:56.628368 poll([{fd=7, events=POLLIN}], 1, 0) = 0 (Timeout) <0.000126>
227   09:15:56.650674 poll([{fd=7, events=POLLIN}], 1, 0) = 0 (Timeout) <0.000141>
227   09:15:56.672875 poll([{fd=7, events=POLLIN}], 1, 0) = 0 (Timeout) <0.000137>
227   09:15:56.727182 poll([{fd=7, events=POLLIN}], 1, 0) = 0 (Timeout) <0.000125>
227   09:15:56.749650 poll([{fd=7, events=POLLIN}], 1, 0) = 0 (Timeout) <0.000133>
227   09:15:56.771928 poll([{fd=7, events=POLLIN}], 1, 0) = 0 (Timeout) <0.000138>
227   09:15:56.794209 poll([{fd=7, events=POLLIN}], 1, 0) = 0 (Timeout) <0.000123>
227   09:15:56.818038 poll([{fd=7, events=POLLIN}], 1, 0) = 0 (Timeout) <0.000117>
227   09:15:56.840509 poll([{fd=7, events=POLLIN}], 1, 0) = 0 (Timeout) <0.000137>
227   09:15:56.862837 poll([{fd=7, events=POLLIN}], 1, 0) = 0 (Timeout) <0.000125>
227   09:15:56.888916 poll([{fd=7, events=POLLIN}], 1, 0) = 0 (Timeout) <0.000123>
227   09:15:56.913336 poll([{fd=7, events=POLLIN}], 1, 0) = 0 (Timeout) <0.000224>
227   09:15:57.769791 poll([{fd=7, events=POLLIN}], 1, 0) = 0 (Timeout) <0.000134>
227   09:15:57.792008 poll([{fd=7, events=POLLIN}], 1, 0) = 0 (Timeout) <0.000143>
227   09:15:57.850623 poll([{fd=7, events=POLLIN}], 1, 0) = 0 (Timeout) <0.000138>
227   09:15:57.873522 poll([{fd=7, events=POLLIN}], 1, 0) = 0 (Timeout) <0.000138>
227   09:15:57.895729 poll([{fd=7, events=POLLIN}], 1, 0) = 0 (Timeout) <0.000157>
227   09:15:57.917930 poll([{fd=7, events=POLLIN}], 1, 0) = 0 (Timeout) <0.000126>
227   09:15:57.940481 poll([{fd=7, events=POLLIN}], 1, 0) = 0 (Timeout) <0.000217>
227   09:15:57.962748 poll([{fd=7, events=POLLIN}], 1, 0) = 0 (Timeout) <0.000139>
227   09:15:57.984987 poll([{fd=7, events=POLLIN}], 1, 0) = 0 (Timeout) <0.000130>
227   09:15:58.009008 poll([{fd=7, events=POLLIN}], 1, 0) = 0 (Timeout) <0.000119>
227   09:15:58.031311 poll([{fd=7, events=POLLIN}], 1, 0) = 0 (Timeout) <0.000125>
227   09:15:58.053688 poll([{fd=7, events=POLLIN}], 1, 0) = 0 (Timeout) <0.000127>
227   09:15:58.110185 poll([{fd=7, events=POLLIN}], 1, 0) = 0 (Timeout) <0.000129>
227   09:15:58.134216 poll([{fd=7, events=POLLIN}], 1, 0) = 0 (Timeout) <0.000160>
227   09:15:58.156517 poll([{fd=7, events=POLLIN}], 1, 0) = 0 (Timeout) <0.000136>
227   09:15:58.178922 poll([{fd=7, events=POLLIN}], 1, 0) = 0 (Timeout) <0.000122>
227   09:15:58.202049 poll([{fd=7, events=POLLIN}], 1, 0) = 0 (Timeout) <0.000138>
227   09:15:58.224331 poll([{fd=7, events=POLLIN}], 1, 0) = 0 (Timeout) <0.000135>
227   09:15:58.246723 poll([{fd=7, events=POLLIN}], 1, 0) = 0 (Timeout) <0.000131>
227   09:15:58.268793 poll([{fd=7, events=POLLIN}], 1, 0) = 0 (Timeout) <0.000137>
227   09:15:58.291067 poll([{fd=7, events=POLLIN}], 1, 0) = 0 (Timeout) <0.000130>
227   09:15:59.150959 poll([{fd=7, events=POLLIN}], 1, 0) = 0 (Timeout) <0.000137>
227   09:15:59.172925 poll([{fd=7, events=POLLIN}], 1, 0) = 0 (Timeout) <0.000124>
227   09:15:59.232308 poll([{fd=7, events=POLLIN}], 1, 0) = 0 (Timeout) <0.000118>
227   09:15:59.254199 poll([{fd=7, events=POLLIN}], 1, 0) = 0 (Timeout) <0.000122>
227   09:15:59.275970 poll([{fd=7, events=POLLIN}], 1, 0) = 0 (Timeout) <0.000122>
227   09:15:59.297787 poll([{fd=7, events=POLLIN}], 1, 0) = 0 (Timeout) <0.000123>
227   09:15:59.319809 poll([{fd=7, events=POLLIN}], 1, 0) = 0 (Timeout) <0.000125>
227   09:15:59.342498 poll([{fd=7, events=POLLIN}], 1, 0) = 0 (Timeout) <0.000122>
227   09:15:59.364617 poll([{fd=7, events=POLLIN}], 1, 0) = 0 (Timeout) <0.000122>
227   09:15:59.386562 poll([{fd=7, events=POLLIN}], 1, 0) = 0 (Timeout) <0.000119>
227   09:15:59.408509 poll([{fd=7, events=POLLIN}], 1, 0) = 0 (Timeout) <0.000122>
227   09:15:59.430572 poll([{fd=7, events=POLLIN}], 1, 0) = 0 (Timeout) <0.000192>
227   09:15:59.452649 poll([{fd=7, events=POLLIN}], 1, 0) = 0 (Timeout) <0.000125>
227   09:15:59.506569 poll([{fd=7, events=POLLIN}], 1, 0) = 0 (Timeout) <0.000120>
227   09:15:59.528571 poll([{fd=7, events=POLLIN}], 1, 0) = 0 (Timeout) <0.000123>
227   09:15:59.553793 poll([{fd=7, events=POLLIN}], 1, 0) = 0 (Timeout) <0.000123>
227   09:15:59.576536 poll([{fd=7, events=POLLIN}], 1, 0) = 0 (Timeout) <0.000123>
227   09:15:59.598570 poll([{fd=7, events=POLLIN}], 1, 0) = 0 (Timeout) <0.000121>
227   09:15:59.620810 poll([{fd=7, events=POLLIN}], 1, 0) = 0 (Timeout) <0.000120>
227   09:15:59.643427 poll([{fd=7, events=POLLIN}], 1, 0) = 0 (Timeout) <0.000125>
227   09:15:59.668652 poll([{fd=7, events=POLLIN}], 1, 0) = 0 (Timeout) <0.000120>
227   09:16:00.531098 poll([{fd=7, events=POLLIN}], 1, 0) = 0 (Timeout) <0.000128>
227   09:16:00.553295 poll([{fd=7, events=POLLIN}], 1, 0) = 0 (Timeout) <0.000125>
227   09:16:00.612592 poll([{fd=7, events=POLLIN}], 1, 0) = 0 (Timeout) <0.000122>
227   09:16:00.634581 poll([{fd=7, events=POLLIN}], 1, 0) = 0 (Timeout) <0.000123>
227   09:16:00.656456 poll([{fd=7, events=POLLIN}], 1, 0) = 0 (Timeout) <0.000120>
227   09:16:00.678352 poll([{fd=7, events=POLLIN}], 1, 0) = 0 (Timeout) <0.000116>
227   09:16:00.700431 poll([{fd=7, events=POLLIN}], 1, 0) = 0 (Timeout) <0.000211>
227   09:16:00.724353 poll([{fd=7, events=POLLIN}], 1, 0) = 0 (Timeout) <0.000117>
227   09:16:00.759178 poll([{fd=7, events=POLLIN}], 1, 0) = 0 (Timeout) <0.000121>
227   09:16:00.782539 poll([{fd=7, events=POLLIN}], 1, 0) = 0 (Timeout) <0.000131>
227   09:16:00.805235 poll([{fd=7, events=POLLIN}], 1, 0) = 0 (Timeout) <0.000125>
227   09:16:00.827614 poll([{fd=7, events=POLLIN}], 1, 0) = 0 (Timeout) <0.000119>
227   09:16:00.853909 poll([{fd=7, events=POLLIN}], 1, 0) = 0 (Timeout) <0.000126>
227   09:16:00.909347 poll([{fd=7, events=POLLIN}], 1, 0) = 0 (Timeout) <0.000124>
227   09:16:00.931476 poll([{fd=7, events=POLLIN}], 1, 0) = 0 (Timeout) <0.000122>
227   09:16:00.953817 poll([{fd=7, events=POLLIN}], 1, 0) = 0 (Timeout) <0.000121>
227   09:16:00.975933 poll([{fd=7, events=POLLIN}], 1, 0) = 0 (Timeout) <0.000123>
227   09:16:00.998076 poll([{fd=7, events=POLLIN}], 1, 0) = 0 (Timeout) <0.000123>
227   09:16:01.020229 poll([{fd=7, events=POLLIN}], 1, 0) = 0 (Timeout) <0.000118>
227   09:16:01.042404 poll([{fd=7, events=POLLIN}], 1, 0) = 0 (Timeout) <0.000123>
227   09:16:01.064590 poll([{fd=7, events=POLLIN}], 1, 0) = 0 (Timeout) <0.000121>
227   09:16:01.086591 poll([{fd=7, events=POLLIN}], 1, 0) = 0 (Timeout) <0.000225>
227   09:16:01.946965 poll([{fd=7, events=POLLIN}], 1, 0) = 0 (Timeout) <0.000122>
227   09:16:01.969040 poll([{fd=7, events=POLLIN}], 1, 0) = 0 (Timeout) <0.000122>
227   09:16:02.027803 poll([{fd=7, events=POLLIN}], 1, 0) = 0 (Timeout) <0.000123>
227   09:16:02.050206 poll([{fd=7, events=POLLIN}], 1, 0) = 0 (Timeout) <0.000124>
227   09:16:02.072186 poll([{fd=7, events=POLLIN}], 1, 0) = 0 (Timeout) <0.000122>
227   09:16:02.094143 poll([{fd=7, events=POLLIN}], 1, 0) = 0 (Timeout) <0.000121>
227   09:16:02.115983 poll([{fd=7, events=POLLIN}], 1, 0) = 0 (Timeout) <0.000124>
227   09:16:02.137946 poll([{fd=7, events=POLLIN}], 1, 0) = 0 (Timeout) <0.000120>
227   09:16:02.159928 poll([{fd=7, events=POLLIN}], 1, 0) = 0 (Timeout) <0.000118>
227   09:16:02.181929 poll([{fd=7, events=POLLIN}], 1, 0) = 0 (Timeout) <0.000125>
227   09:16:02.203843 poll([{fd=7, events=POLLIN}], 1, 0) = 0 (Timeout) <0.000122>
227   09:16:02.225845 poll([{fd=7, events=POLLIN}], 1, 0) = 0 (Timeout) <0.000124>
227   09:16:02.280353 poll([{fd=7, events=POLLIN}], 1, 0) = 0 (Timeout) <0.000124>
227   09:16:02.303047 poll([{fd=7, events=POLLIN}], 1, 0) = 0 (Timeout) <0.000123>
227   09:16:02.325101 poll([{fd=7, events=POLLIN}], 1, 0) = 0 (Timeout) <0.000118>
227   09:16:02.347149 poll([{fd=7, events=POLLIN}], 1, 0) = 0 (Timeout) <0.000120>
227   09:16:02.369191 poll([{fd=7, events=POLLIN}], 1, 0) = 0 (Timeout) <0.000124>
227   09:16:02.391278 poll([{fd=7, events=POLLIN}], 1, 0) = 0 (Timeout) <0.000123>
227   09:16:02.413391 poll([{fd=7, events=POLLIN}], 1, 0) = 0 (Timeout) <0.000119>
227   09:16:02.435435 poll([{fd=7, events=POLLIN}], 1, 0) = 0 (Timeout) <0.000122>
227   09:16:02.457425 poll([{fd=7, events=POLLIN}], 1, 0) = 0 (Timeout) <0.000123>
227   09:16:03.310087 poll([{fd=7, events=POLLIN}], 1, 0) = 0 (Timeout) <0.000135>
227   09:16:03.332330 poll([{fd=7, events=POLLIN}], 1, 0) = 0 (Timeout) <0.000128>
227   09:16:03.391665 poll([{fd=7, events=POLLIN}], 1, 0) = 0 (Timeout) <0.000124>
227   09:16:03.413652 poll([{fd=7, events=POLLIN}], 1, 0) = 0 (Timeout) <0.000124>
227   09:16:03.435770 poll([{fd=7, events=POLLIN}], 1, 0) = 0 (Timeout) <0.000123>
227   09:16:03.458086 poll([{fd=7, events=POLLIN}], 1, 0) = 0 (Timeout) <0.000122>
227   09:16:03.480147 poll([{fd=7, events=POLLIN}], 1, 0) = 0 (Timeout) <0.000118>
227   09:16:03.502222 poll([{fd=7, events=POLLIN}], 1, 0) = 0 (Timeout) <0.000123>
227   09:16:03.524288 poll([{fd=7, events=POLLIN}], 1, 0) = 0 (Timeout) <0.000123>
227   09:16:03.546190 poll([{fd=7, events=POLLIN}], 1, 0) = 0 (Timeout) <0.000121>
227   09:16:03.568127 poll([{fd=7, events=POLLIN}], 1, 0) = 0 (Timeout) <0.000120>
227   09:16:03.592415 poll([{fd=7, events=POLLIN}], 1, 0) = 0 (Timeout) <0.000123>
227   09:16:03.614710 poll([{fd=7, events=POLLIN}], 1, 0) = 0 (Timeout) <0.000124>
227   09:16:03.669126 poll([{fd=7, events=POLLIN}], 1, 0) = 0 (Timeout) <0.000122>
227   09:16:03.691186 poll([{fd=7, events=POLLIN}], 1, 0) = 0 (Timeout) <0.000121>
227   09:16:03.713182 poll([{fd=7, events=POLLIN}], 1, 0) = 0 (Timeout) <0.000123>
227   09:16:03.735243 poll([{fd=7, events=POLLIN}], 1, 0) = 0 (Timeout) <0.000126>
227   09:16:03.757630 poll([{fd=7, events=POLLIN}], 1, 0) = 0 (Timeout) <0.000116>
227   09:16:03.779640 poll([{fd=7, events=POLLIN}], 1, 0) = 0 (Timeout) <0.000123>
227   09:16:03.801798 poll([{fd=7, events=POLLIN}], 1, 0) = 0 (Timeout) <0.000125>
227   09:16:03.824849 poll([{fd=7, events=POLLIN}], 1, 0) = 0 (Timeout) <0.000123>
227   09:16:04.677934 poll([{fd=7, events=POLLIN}], 1, 0) = 0 (Timeout) <0.000135>
227   09:16:04.699872 poll([{fd=7, events=POLLIN}], 1, 0) = 0 (Timeout) <0.000123>
227   09:16:04.759027 poll([{fd=7, events=POLLIN}], 1, 0) = 0 (Timeout) <0.000120>
227   09:16:04.781037 poll([{fd=7, events=POLLIN}], 1, 0) = 0 (Timeout) <0.000123>
227   09:16:04.803024 poll([{fd=7, events=POLLIN}], 1, 0) = 0 (Timeout) <0.000123>
227   09:16:04.824975 poll([{fd=7, events=POLLIN}], 1, 0) = 0 (Timeout) <0.000123>
227   09:16:04.846887 poll([{fd=7, events=POLLIN}], 1, 0) = 0 (Timeout) <0.000118>
227   09:16:04.868926 poll([{fd=7, events=POLLIN}], 1, 0) = 0 (Timeout) <0.000124>
227   09:16:04.891357 poll([{fd=7, events=POLLIN}], 1, 0) = 0 (Timeout) <0.000124>
227   09:16:04.913350 poll([{fd=7, events=POLLIN}], 1, 0) = 0 (Timeout) <0.000121>
227   09:16:04.935339 poll([{fd=7, events=POLLIN}], 1, 0) = 0 (Timeout) <0.000122>
227   09:16:04.957182 poll([{fd=7, events=POLLIN}], 1, 0) = 0 (Timeout) <0.000118>
227   09:16:04.979002 poll([{fd=7, events=POLLIN}], 1, 0) = 0 (Timeout) <0.000124>
227   09:16:05.033663 poll([{fd=7, events=POLLIN}], 1, 0) = 0 (Timeout) <0.000120>
227   09:16:05.055902 poll([{fd=7, events=POLLIN}], 1, 0) = 0 (Timeout) <0.000123>
227   09:16:05.077971 poll([{fd=7, events=POLLIN}], 1, 0) = 0 (Timeout) <0.000121>
227   09:16:05.103190 poll([{fd=7, events=POLLIN}], 1, 0) = 0 (Timeout) <0.000125>
227   09:16:05.127060 poll([{fd=7, events=POLLIN}], 1, 0) = 0 (Timeout) <0.000126>
227   09:16:05.149185 poll([{fd=7, events=POLLIN}], 1, 0) = 0 (Timeout) <0.000123>
227   09:16:05.172520 poll([{fd=7, events=POLLIN}], 1, 0) = 0 (Timeout) <0.000122>
227   09:16:05.194608 poll([{fd=7, events=POLLIN}], 1, 0) = 0 (Timeout) <0.000127>
227   09:16:06.054950 poll([{fd=7, events=POLLIN}], 1, 0) = 0 (Timeout) <0.000130>
227   09:16:06.076866 poll([{fd=7, events=POLLIN}], 1, 0) = 0 (Timeout) <0.000123>
227   09:16:06.136697 poll([{fd=7, events=POLLIN}], 1, 0) = 0 (Timeout) <0.000120>
227   09:16:06.158629 poll([{fd=7, events=POLLIN}], 1, 0) = 0 (Timeout) <0.000122>
227   09:16:06.180682 poll([{fd=7, events=POLLIN}], 1, 0) = 0 (Timeout) <0.000131>
227   09:16:06.202950 poll([{fd=7, events=POLLIN}], 1, 0) = 0 (Timeout) <0.000123>
227   09:16:06.224949 poll([{fd=7, events=POLLIN}], 1, 0) = 0 (Timeout) <0.000115>
227   09:16:06.246906 poll([{fd=7, events=POLLIN}], 1, 0) = 0 (Timeout) <0.000124>
227   09:16:06.269900 poll([{fd=7, events=POLLIN}], 1, 0) = 0 (Timeout) <0.000125>
227   09:16:06.301540 poll([{fd=7, events=POLLIN}], 1, 0) = 0 (Timeout) <0.000126>
227   09:16:06.324813 poll([{fd=7, events=POLLIN}], 1, 0) = 0 (Timeout) <0.000136>
227   09:16:06.348056 poll([{fd=7, events=POLLIN}], 1, 0) = 0 (Timeout) <0.000125>
227   09:16:06.370540 poll([{fd=7, events=POLLIN}], 1, 0) = 0 (Timeout) <0.000202>
227   09:16:06.426927 poll([{fd=7, events=POLLIN}], 1, 0) = 0 (Timeout) <0.000120>
227   09:16:06.450243 poll([{fd=7, events=POLLIN}], 1, 0) = 0 (Timeout) <0.000124>
227   09:16:06.473047 poll([{fd=7, events=POLLIN}], 1, 0) = 0 (Timeout) <0.000127>
227   09:16:06.496360 poll([{fd=7, events=POLLIN}], 1, 0) = 0 (Timeout) <0.000118>
227   09:16:06.518398 poll([{fd=7, events=POLLIN}], 1, 0) = 0 (Timeout) <0.000120>
227   09:16:06.540460 poll([{fd=7, events=POLLIN}], 1, 0) = 0 (Timeout) <0.000194>
227   09:16:06.562610 poll([{fd=7, events=POLLIN}], 1, 0) = 0 (Timeout) <0.000124>
227   09:16:06.584688 poll([{fd=7, events=POLLIN}], 1, 0) = 0 (Timeout) <0.000121>
227   09:16:06.606778 poll([{fd=7, events=POLLIN}], 1, 0) = 0 (Timeout) <0.000122>
227   09:16:07.460273 poll([{fd=7, events=POLLIN}], 1, 0) = 0 (Timeout) <0.000127>
227   09:16:07.482391 poll([{fd=7, events=POLLIN}], 1, 0) = 0 (Timeout) <0.000124>
227   09:16:07.555829 poll([{fd=7, events=POLLIN}], 1, 0) = 0 (Timeout) <0.000123>
227   09:16:07.577712 poll([{fd=7, events=POLLIN}], 1, 0) = 0 (Timeout) <0.000121>
227   09:16:07.599630 poll([{fd=7, events=POLLIN}], 1, 0) = 0 (Timeout) <0.000120>
227   09:16:07.621689 poll([{fd=7, events=POLLIN}], 1, 0) = 0 (Timeout) <0.000122>
227   09:16:07.643685 poll([{fd=7, events=POLLIN}], 1, 0) = 0 (Timeout) <0.000124>
227   09:16:07.665693 poll([{fd=7, events=POLLIN}], 1, 0) = 0 (Timeout) <0.000124>
227   09:16:07.687635 poll([{fd=7, events=POLLIN}], 1, 0) = 0 (Timeout) <0.000116>
227   09:16:07.709713 poll([{fd=7, events=POLLIN}], 1, 0) = 0 (Timeout) <0.000123>
227   09:16:07.731706 poll([{fd=7, events=POLLIN}], 1, 0) = 0 (Timeout) <0.000122>
227   09:16:07.753721 poll([{fd=7, events=POLLIN}], 1, 0) = 0 (Timeout) <0.000122>
227   09:16:07.775717 poll([{fd=7, events=POLLIN}], 1, 0) = 0 (Timeout) <0.000116>
227   09:16:07.829616 poll([{fd=7, events=POLLIN}], 1, 0) = 0 (Timeout) <0.000124>
227   09:16:07.851628 poll([{fd=7, events=POLLIN}], 1, 0) = 0 (Timeout) <0.000124>
227   09:16:07.874453 poll([{fd=7, events=POLLIN}], 1, 0) = 0 (Timeout) <0.000117>
227   09:16:07.896386 poll([{fd=7, events=POLLIN}], 1, 0) = 0 (Timeout) <0.000124>
227   09:16:07.918318 poll([{fd=7, events=POLLIN}], 1, 0) = 0 (Timeout) <0.000122>
227   09:16:07.940335 poll([{fd=7, events=POLLIN}], 1, 0) = 0 (Timeout) <0.000121>
227   09:16:07.962452 poll([{fd=7, events=POLLIN}], 1, 0) = 0 (Timeout) <0.000121>
227   09:16:07.984451 poll([{fd=7, events=POLLIN}], 1, 0) = 0 (Timeout) <0.000120>
227   09:16:08.006336 poll([{fd=7, events=POLLIN}], 1, 0) = 0 (Timeout) <0.000181>
227   09:16:08.866876 poll([{fd=7, events=POLLIN}], 1, 0) = 0 (Timeout) <0.000124>
227   09:16:08.925885 poll([{fd=7, events=POLLIN}], 1, 0) = 0 (Timeout) <0.000121>
227   09:16:08.947714 poll([{fd=7, events=POLLIN}], 1, 0) = 0 (Timeout) <0.000120>
227   09:16:08.969574 poll([{fd=7, events=POLLIN}], 1, 0) = 0 (Timeout) <0.000122>
227   09:16:08.991451 poll([{fd=7, events=POLLIN}], 1, 0) = 0 (Timeout) <0.000124>
227   09:16:09.013887 poll([{fd=7, events=POLLIN}], 1, 0) = 0 (Timeout) <0.000121>
227   09:16:09.035841 poll([{fd=7, events=POLLIN}], 1, 0) = 0 (Timeout) <0.000121>
227   09:16:09.057854 poll([{fd=7, events=POLLIN}], 1, 0) = 0 (Timeout) <0.000123>
227   09:16:09.079852 poll([{fd=7, events=POLLIN}], 1, 0) = 0 (Timeout) <0.000124>
227   09:16:09.102024 poll([{fd=7, events=POLLIN}], 1, 0) = 0 (Timeout) <0.000119>
227   09:16:09.123939 poll([{fd=7, events=POLLIN}], 1, 0) = 0 (Timeout) <0.000122>
227   09:16:09.145970 poll([{fd=7, events=POLLIN}], 1, 0) = 0 (Timeout) <0.000124>
227   09:16:09.199444 poll([{fd=7, events=POLLIN}], 1, 0) = 0 (Timeout) <0.000126>
227   09:16:09.221479 poll([{fd=7, events=POLLIN}], 1, 0) = 0 (Timeout) <0.000124>
227   09:16:09.243479 poll([{fd=7, events=POLLIN}], 1, 0) = 0 (Timeout) <0.000121>
227   09:16:09.265548 poll([{fd=7, events=POLLIN}], 1, 0) = 0 (Timeout) <0.000124>
227   09:16:09.287594 poll([{fd=7, events=POLLIN}], 1, 0) = 0 (Timeout) <0.000120>
227   09:16:09.310211 poll([{fd=7, events=POLLIN}], 1, 0) = 0 (Timeout) <0.000124>
227   09:16:09.332453 poll([{fd=7, events=POLLIN}], 1, 0) = 0 (Timeout) <0.000123>
227   09:16:09.354792 poll([{fd=7, events=POLLIN}], 1, 0) = 0 (Timeout) <0.000120>
227   09:16:09.380394 poll([{fd=7, events=POLLIN}], 1, 0) = 0 (Timeout) <0.000229>
227   09:16:10.237932 poll([{fd=7, events=POLLIN}], 1, 0) = 0 (Timeout) <0.000122>
227   09:16:10.296335 poll([{fd=7, events=POLLIN}], 1, 0) = 0 (Timeout) <0.000121>
227   09:16:10.318203 poll([{fd=7, events=POLLIN}], 1, 0) = 0 (Timeout) <0.000121>
227   09:16:10.340193 poll([{fd=7, events=POLLIN}], 1, 0) = 0 (Timeout) <0.000123>
227   09:16:10.362235 poll([{fd=7, events=POLLIN}], 1, 0) = 0 (Timeout) <0.000122>
227   09:16:10.384181 poll([{fd=7, events=POLLIN}], 1, 0) = 0 (Timeout) <0.000121>
227   09:16:10.406063 poll([{fd=7, events=POLLIN}], 1, 0) = 0 (Timeout) <0.000121>
227   09:16:10.428125 poll([{fd=7, events=POLLIN}], 1, 0) = 0 (Timeout) <0.000124>
227   09:16:10.450164 poll([{fd=7, events=POLLIN}], 1, 0) = 0 (Timeout) <0.000202>
227   09:16:10.472649 poll([{fd=7, events=POLLIN}], 1, 0) = 0 (Timeout) <0.000122>
227   09:16:10.494611 poll([{fd=7, events=POLLIN}], 1, 0) = 0 (Timeout) <0.000118>
227   09:16:10.516503 poll([{fd=7, events=POLLIN}], 1, 0) = 0 (Timeout) <0.000121>
227   09:16:10.571262 poll([{fd=7, events=POLLIN}], 1, 0) = 0 (Timeout) <0.000127>
227   09:16:10.593340 poll([{fd=7, events=POLLIN}], 1, 0) = 0 (Timeout) <0.000122>
227   09:16:10.615602 poll([{fd=7, events=POLLIN}], 1, 0) = 0 (Timeout) <0.000123>
227   09:16:10.637711 poll([{fd=7, events=POLLIN}], 1, 0) = 0 (Timeout) <0.000122>
227   09:16:10.659719 poll([{fd=7, events=POLLIN}], 1, 0) = 0 (Timeout) <0.000120>
227   09:16:10.681757 poll([{fd=7, events=POLLIN}], 1, 0) = 0 (Timeout) <0.000120>
227   09:16:10.703720 poll([{fd=7, events=POLLIN}], 1, 0) = 0 (Timeout) <0.000125>
227   09:16:10.725878 poll([{fd=7, events=POLLIN}], 1, 0) = 0 (Timeout) <0.000121>
227   09:16:10.747845 poll([{fd=7, events=POLLIN}], 1, 0) = 0 (Timeout) <0.000215>
227   09:16:11.605018 poll([{fd=7, events=POLLIN}], 1, 0) = 0 (Timeout) <0.000123>
227   09:16:11.626777 poll([{fd=7, events=POLLIN}], 1, 0) = 0 (Timeout) <0.000137>
227   09:16:11.685682 poll([{fd=7, events=POLLIN}], 1, 0) = 0 (Timeout) <0.000127>
227   09:16:11.710084 poll([{fd=7, events=POLLIN}], 1, 0) = 0 (Timeout) <0.000125>
227   09:16:11.733199 poll([{fd=7, events=POLLIN}], 1, 0) = 0 (Timeout) <0.000215>
227   09:16:11.760617 poll([{fd=7, events=POLLIN}], 1, 0) = 0 (Timeout) <0.000116>
227   09:16:11.785765 poll([{fd=7, events=POLLIN}], 1, 0) = 0 (Timeout) <0.000119>
227   09:16:11.810240 poll([{fd=7, events=POLLIN}], 1, 0) = 0 (Timeout) <0.000126>
227   09:16:11.834483 poll([{fd=7, events=POLLIN}], 1, 0) = 0 (Timeout) <0.000124>
227   09:16:11.856470 poll([{fd=7, events=POLLIN}], 1, 0) = 0 (Timeout) <0.000122>
227   09:16:11.878335 poll([{fd=7, events=POLLIN}], 1, 0) = 0 (Timeout) <0.000124>
227   09:16:11.900332 poll([{fd=7, events=POLLIN}], 1, 0) = 0 (Timeout) <0.000123>
227   09:16:11.955744 poll([{fd=7, events=POLLIN}], 1, 0) = 0 (Timeout) <0.000122>
227   09:16:11.977762 poll([{fd=7, events=POLLIN}], 1, 0) = 0 (Timeout) <0.000122>
227   09:16:11.999746 poll([{fd=7, events=POLLIN}], 1, 0) = 0 (Timeout) <0.000122>
227   09:16:12.021796 poll([{fd=7, events=POLLIN}], 1, 0) = 0 (Timeout) <0.000122>
227   09:16:12.043775 poll([{fd=7, events=POLLIN}], 1, 0) = 0 (Timeout) <0.000120>
227   09:16:12.065870 poll([{fd=7, events=POLLIN}], 1, 0) = 0 (Timeout) <0.000122>
227   09:16:12.087882 poll([{fd=7, events=POLLIN}], 1, 0) = 0 (Timeout) <0.000123>
227   09:16:12.109961 poll([{fd=7, events=POLLIN}], 1, 0) = 0 (Timeout) <0.000118>
227   09:16:12.132088 poll([{fd=7, events=POLLIN}], 1, 0) = 0 (Timeout) <0.000124>
227   09:16:12.998518 poll([{fd=7, events=POLLIN}], 1, 0) = 0 (Timeout) <0.000131>
227   09:16:13.020604 poll([{fd=7, events=POLLIN}], 1, 0) = 0 (Timeout) <0.000121>
227   09:16:13.080497 poll([{fd=7, events=POLLIN}], 1, 0) = 0 (Timeout) <0.000182>
227   09:16:13.102489 poll([{fd=7, events=POLLIN}], 1, 0) = 0 (Timeout) <0.000123>
227   09:16:13.124938 poll([{fd=7, events=POLLIN}], 1, 0) = 0 (Timeout) <0.000126>
227   09:16:13.147028 poll([{fd=7, events=POLLIN}], 1, 0) = 0 (Timeout) <0.000213>
227   09:16:13.169084 poll([{fd=7, events=POLLIN}], 1, 0) = 0 (Timeout) <0.000119>
227   09:16:13.191109 poll([{fd=7, events=POLLIN}], 1, 0) = 0 (Timeout) <0.000124>
227   09:16:13.213286 poll([{fd=7, events=POLLIN}], 1, 0) = 0 (Timeout) <0.000125>
227   09:16:13.235397 poll([{fd=7, events=POLLIN}], 1, 0) = 0 (Timeout) <0.000122>
227   09:16:13.257383 poll([{fd=7, events=POLLIN}], 1, 0) = 0 (Timeout) <0.000121>
227   09:16:13.279429 poll([{fd=7, events=POLLIN}], 1, 0) = 0 (Timeout) <0.000122>
227   09:16:13.301425 poll([{fd=7, events=POLLIN}], 1, 0) = 0 (Timeout) <0.000120>
227   09:16:13.356409 poll([{fd=7, events=POLLIN}], 1, 0) = 0 (Timeout) <0.000122>
227   09:16:13.378381 poll([{fd=7, events=POLLIN}], 1, 0) = 0 (Timeout) <0.000124>
227   09:16:13.400402 poll([{fd=7, events=POLLIN}], 1, 0) = 0 (Timeout) <0.000123>
227   09:16:13.423028 poll([{fd=7, events=POLLIN}], 1, 0) = 0 (Timeout) <0.000121>
227   09:16:13.445014 poll([{fd=7, events=POLLIN}], 1, 0) = 0 (Timeout) <0.000125>
227   09:16:13.467075 poll([{fd=7, events=POLLIN}], 1, 0) = 0 (Timeout) <0.000123>
227   09:16:13.489163 poll([{fd=7, events=POLLIN}], 1, 0) = 0 (Timeout) <0.000118>
227   09:16:13.511433 poll([{fd=7, events=POLLIN}], 1, 0) = 0 (Timeout) <0.000126>
227   09:16:13.533771 poll([{fd=7, events=POLLIN}], 1, 0) = 0 (Timeout) <0.000217>
227   09:16:14.394575 poll([{fd=7, events=POLLIN}], 1, 0) = 0 (Timeout) <0.000122>
227   09:16:14.454028 poll([{fd=7, events=POLLIN}], 1, 0) = 0 (Timeout) <0.000121>
227   09:16:14.476002 poll([{fd=7, events=POLLIN}], 1, 0) = 0 (Timeout) <0.000119>
227   09:16:14.497966 poll([{fd=7, events=POLLIN}], 1, 0) = 0 (Timeout) <0.000121>
227   09:16:14.519972 poll([{fd=7, events=POLLIN}], 1, 0) = 0 (Timeout) <0.000123>
227   09:16:14.541996 poll([{fd=7, events=POLLIN}], 1, 0) = 0 (Timeout) <0.000203>
227   09:16:14.564382 poll([{fd=7, events=POLLIN}], 1, 0) = 0 (Timeout) <0.000120>
227   09:16:14.586232 poll([{fd=7, events=POLLIN}], 1, 0) = 0 (Timeout) <0.000121>
227   09:16:14.608082 poll([{fd=7, events=POLLIN}], 1, 0) = 0 (Timeout) <0.000121>
227   09:16:14.629972 poll([{fd=7, events=POLLIN}], 1, 0) = 0 (Timeout) <0.000122>
227   09:16:14.652059 poll([{fd=7, events=POLLIN}], 1, 0) = 0 (Timeout) <0.000121>
227   09:16:14.674022 poll([{fd=7, events=POLLIN}], 1, 0) = 0 (Timeout) <0.000121>
227   09:16:14.728337 poll([{fd=7, events=POLLIN}], 1, 0) = 0 (Timeout) <0.000121>
227   09:16:14.750213 poll([{fd=7, events=POLLIN}], 1, 0) = 0 (Timeout) <0.000122>
227   09:16:14.772158 poll([{fd=7, events=POLLIN}], 1, 0) = 0 (Timeout) <0.000121>
227   09:16:14.794163 poll([{fd=7, events=POLLIN}], 1, 0) = 0 (Timeout) <0.000116>
227   09:16:14.816336 poll([{fd=7, events=POLLIN}], 1, 0) = 0 (Timeout) <0.000123>
227   09:16:14.838309 poll([{fd=7, events=POLLIN}], 1, 0) = 0 (Timeout) <0.000122>
227   09:16:14.860352 poll([{fd=7, events=POLLIN}], 1, 0) = 0 (Timeout) <0.000127>
227   09:16:14.882954 poll([{fd=7, events=POLLIN}], 1, 0) = 0 (Timeout) <0.000117>
227   09:16:14.905020 poll([{fd=7, events=POLLIN}], 1, 0) = 0 (Timeout) <0.000178>
227   09:16:15.765395 poll([{fd=7, events=POLLIN}], 1, 0) = 0 (Timeout) <0.000122>
227   09:16:15.787215 poll([{fd=7, events=POLLIN}], 1, 0) = 0 (Timeout) <0.000136>
227   09:16:15.847316 poll([{fd=7, events=POLLIN}], 1, 0) = 0 (Timeout) <0.000120>
227   09:16:15.869197 poll([{fd=7, events=POLLIN}], 1, 0) = 0 (Timeout) <0.000117>
227   09:16:15.891167 poll([{fd=7, events=POLLIN}], 1, 0) = 0 (Timeout) <0.000123>
227   09:16:15.913100 poll([{fd=7, events=POLLIN}], 1, 0) = 0 (Timeout) <0.000124>
227   09:16:15.935300 poll([{fd=7, events=POLLIN}], 1, 0) = 0 (Timeout) <0.000124>
227   09:16:15.957590 poll([{fd=7, events=POLLIN}], 1, 0) = 0 (Timeout) <0.000128>
227   09:16:15.984972 poll([{fd=7, events=POLLIN}], 1, 0) = 0 (Timeout) <0.000118>
227   09:16:16.011315 poll([{fd=7, events=POLLIN}], 1, 0) = 0 (Timeout) <0.000124>
227   09:16:16.037944 poll([{fd=7, events=POLLIN}], 1, 0) = 0 (Timeout) <0.000238>
227   09:16:16.061165 poll([{fd=7, events=POLLIN}], 1, 0) = 0 (Timeout) <0.000123>
227   09:16:16.118666 poll([{fd=7, events=POLLIN}], 1, 0) = 0 (Timeout) <0.000127>
227   09:16:16.141610 poll([{fd=7, events=POLLIN}], 1, 0) = 0 (Timeout) <0.000120>
227   09:16:16.163599 poll([{fd=7, events=POLLIN}], 1, 0) = 0 (Timeout) <0.000121>
227   09:16:16.185666 poll([{fd=7, events=POLLIN}], 1, 0) = 0 (Timeout) <0.000122>
227   09:16:16.207658 poll([{fd=7, events=POLLIN}], 1, 0) = 0 (Timeout) <0.000126>
227   09:16:16.229905 poll([{fd=7, events=POLLIN}], 1, 0) = 0 (Timeout) <0.000126>
227   09:16:16.252062 poll([{fd=7, events=POLLIN}], 1, 0) = 0 (Timeout) <0.000122>
227   09:16:16.274343 poll([{fd=7, events=POLLIN}], 1, 0) = 0 (Timeout) <0.000121>
227   09:16:16.296420 poll([{fd=7, events=POLLIN}], 1, 0) = 0 (Timeout) <0.000124>
227   09:16:17.155213 poll([{fd=7, events=POLLIN}], 1, 0) = 0 (Timeout) <0.000127>
227   09:16:17.177637 poll([{fd=7, events=POLLIN}], 1, 0) = 0 (Timeout) <0.000121>
227   09:16:17.237862 poll([{fd=7, events=POLLIN}], 1, 0) = 0 (Timeout) <0.000125>
227   09:16:17.259853 poll([{fd=7, events=POLLIN}], 1, 0) = 0 (Timeout) <0.000123>
227   09:16:17.281801 poll([{fd=7, events=POLLIN}], 1, 0) = 0 (Timeout) <0.000121>
227   09:16:17.303800 poll([{fd=7, events=POLLIN}], 1, 0) = 0 (Timeout) <0.000123>
227   09:16:17.325809 poll([{fd=7, events=POLLIN}], 1, 0) = 0 (Timeout) <0.000122>
227   09:16:17.347749 poll([{fd=7, events=POLLIN}], 1, 0) = 0 (Timeout) <0.000123>
227   09:16:17.369737 poll([{fd=7, events=POLLIN}], 1, 0) = 0 (Timeout) <0.000122>
227   09:16:17.391598 poll([{fd=7, events=POLLIN}], 1, 0) = 0 (Timeout) <0.000120>
227   09:16:17.413608 poll([{fd=7, events=POLLIN}], 1, 0) = 0 (Timeout) <0.000123>
227   09:16:17.435750 poll([{fd=7, events=POLLIN}], 1, 0) = 0 (Timeout) <0.000119>
227   09:16:17.457838 poll([{fd=7, events=POLLIN}], 1, 0) = 0 (Timeout) <0.000122>
227   09:16:17.513903 poll([{fd=7, events=POLLIN}], 1, 0) = 0 (Timeout) <0.000123>
227   09:16:17.536356 poll([{fd=7, events=POLLIN}], 1, 0) = 0 (Timeout) <0.000118>
227   09:16:17.558198 poll([{fd=7, events=POLLIN}], 1, 0) = 0 (Timeout) <0.000120>
227   09:16:17.580176 poll([{fd=7, events=POLLIN}], 1, 0) = 0 (Timeout) <0.000119>
227   09:16:17.602267 poll([{fd=7, events=POLLIN}], 1, 0) = 0 (Timeout) <0.000122>
227   09:16:17.625127 poll([{fd=7, events=POLLIN}], 1, 0) = 0 (Timeout) <0.000121>
227   09:16:17.647189 poll([{fd=7, events=POLLIN}], 1, 0) = 0 (Timeout) <0.000124>
227   09:16:17.672246 poll([{fd=7, events=POLLIN}], 1, 0